indice_janela,tempo_centro_s,aceleracao_x_g_mean,aceleracao_x_g_rms,aceleracao_x_g_std,aceleracao_x_g_variance,aceleracao_x_g_peak,aceleracao_x_g_peak_to_peak,aceleracao_x_g_sra,aceleracao_x_g_skewness,aceleracao_x_g_kurtosis,aceleracao_x_g_crest_factor,aceleracao_x_g_shape_factor,aceleracao_x_g_impulse_factor,aceleracao_x_g_clearance_factor,aceleracao_x_g_rms_espectral,aceleracao_x_g_energia_espectral,aceleracao_y_g_mean,aceleracao_y_g_rms,aceleracao_y_g_std,aceleracao_y_g_variance,aceleracao_y_g_peak,aceleracao_y_g_peak_to_peak,aceleracao_y_g_sra,aceleracao_y_g_skewness,aceleracao_y_g_kurtosis,aceleracao_y_g_crest_factor,aceleracao_y_g_shape_factor,aceleracao_y_g_impulse_factor,aceleracao_y_g_clearance_factor,aceleracao_y_g_rms_espectral,aceleracao_y_g_energia_espectral,aceleracao_z_g_mean,aceleracao_z_g_rms,aceleracao_z_g_std,aceleracao_z_g_variance,aceleracao_z_g_peak,aceleracao_z_g_peak_to_peak,aceleracao_z_g_sra,aceleracao_z_g_skewness,aceleracao_z_g_kurtosis,aceleracao_z_g_crest_factor,aceleracao_z_g_shape_factor,aceleracao_z_g_impulse_factor,aceleracao_z_g_clearance_factor,aceleracao_z_g_rms_espectral,aceleracao_z_g_energia_espectral
0,110.5,-0.0072586009777889995,0.030366102550966074,0.029485808382695378,0.000869412895981029,0.2014804,0.22389999900000002,0.0050584600252933,-5.40903939898371,29.10289275718616,6.635043126191052,3.232626803659153,21.448618253159612,39.83038296093241,0.029485808382695378,0.0008694128959810289,-0.0093673987622,0.04150686853764926,0.04043602324946943,0.0016350719762316323,0.2864384,0.315000001,0.005924485113165175,-5.45393360258155,29.374698497700138,6.90098795914182,3.485275430616379,24.05184378097645,48.348235252290024,0.04043602324946943,0.0016350719762316323,0.0066827891246399995,0.06429643293004664,0.06394819479112432,0.004089371617043579,0.45200621,0.509299999,0.02128956090190404,-5.401457156057931,29.08363315683281,7.0300355618759545,2.228286041470083,15.66493011356648,21.231354281223087,0.0639481947911243,0.004089371617043578
1,111.2,-0.008187197895044001,0.13844767620856763,0.13820538642968938,0.01910072883817977,1.5490804,2.966,0.013908202986272844,0.03868254578347015,49.400233059257474,11.188923082149483,3.4752708831410652,38.88453860109908,111.37890362463904,0.13820538642968938,0.019100728838179766,-0.012225498858939997,0.20037106834057175,0.19999775550138593,0.03999910220559214,2.6555616,5.246,0.014999549802650577,0.1515143820276928,97.03763481276341,13.253218750554986,4.339248148214626,57.509004921229085,177.04275361189403,0.19999775550138593,0.03999910220559214,0.010252329220982001,0.14870566593637075,0.148351827852319,0.02200826482712409,2.3243938,3.00246001,0.02914052204184175,7.448607892967213,112.93902370423878,15.630835485411689,3.0466072454263924,47.62101664192322,79.76500203608202,0.148351827852319,0.022008264827124095
2,111.9,-0.007906677817560001,0.17179733002007352,0.1716152879201482,0.029451807047915366,1.5490804,2.966,0.07396209113176518,0.11939438513760717,19.7234018882859,9.016906140619293,1.675993673470844,15.11227764595834,20.944248280382954,0.17161528792014819,0.029451807047915363,-0.013558699135579999,0.21006203740347718,0.20962399966571257,0.04394222123585066,2.6555616,5.246,0.05157091372989226,0.14631572389678077,79.96142407358644,12.641796836899776,2.562633587261642,32.39629317757735,51.49339827308016,0.20962399966571255,0.04394222123585065,0.0098933292724818,0.15776960609997034,0.15745910784977177,0.024793370644846057,2.3243938,3.00246001,0.049099664436726954,6.189538724149631,88.61775808211908,14.732836428121354,2.236081576073105,32.94382410022086,47.34031946379932,0.15745910784977177,0.024793370644846057
3,112.6,-0.002069628630141999,0.13665984470728165,0.13664417218729685,0.01867162979275163,0.6633804,1.1975,0.07899354254571447,-0.32660030266410833,2.206465645732421,4.854245235101259,1.3809902550842168,6.703665365463832,8.397906697450543,0.13664417218729685,0.018671629792751634,-0.006684599245179999,0.12057911636968756,0.12039368520576979,0.014494639437425991,0.6724384,1.2194,0.06345988957576638,-0.44769102244118536,3.8286400933565785,5.5767401540607455,1.4666417531616216,8.179079956478464,10.596274347391647,0.12039368520576979,0.014494639437425993,0.01722788921056,0.07656388640032562,0.0746004593422228,0.005565228534070636,0.43139379,0.8208,0.0458172439785592,-0.7208087709637007,5.058934469698816,5.63442910596771,1.3674955360985046,7.705056650874332,9.415533378696383,0.0746004593422228,0.005565228534070637
4,113.3,-0.0041889240870800004,0.24470049206201197,0.24466463522622853,0.05986078373038346,1.1649804,1.9139,0.14836522209740843,-0.6616835904319672,1.5030643748379777,4.760842081612042,1.3405218598647604,6.382012881764991,7.852112398922828,0.24466463522622853,0.05986078373038347,-0.010254399594779999,0.2483803419481563,0.24816857487448654,0.061587641555233635,1.0234384,1.9434,0.1499907136030142,-0.2861842928752001,1.245070065518882,4.1204484701676565,1.3432226489740497,5.53467970905967,6.823345095275506,0.24816857487448657,0.06158764155523364,0.012380429370299999,0.12389263170675109,0.123272499608922,0.015196109159831677,0.69366621,1.13306,0.07332527166579363,-0.7094346015747593,2.843407369804143,5.598930303150555,1.3698197236775964,7.669525160751815,9.460124650633876,0.12327249960892202,0.01519610915983168
5,114.0,-0.006143899022019999,0.3122043406320148,0.31214388159033063,0.09743380281427835,1.1649804,1.7742999999999998,0.2076315816539465,-0.7338343507689598,0.45763606155789915,3.7314676587828894,1.271307581075125,4.743843123147335,5.610805402145608,0.31214388159033063,0.09743380281427835,-0.012113599750119997,0.30630109926260324,0.30606147113051163,0.093673624110573,1.0234384,1.9434,0.20909105559250626,-0.40542766844331996,0.1476498677354101,3.34128216471913,1.2541687357143347,4.190531628190647,4.894701961783389,0.30606147113051163,0.093673624110573,0.00879192952026,0.1472583017623093,0.1469956101835362,0.021607709413230133,0.69366621,1.02706,0.09939989984633975,-0.6164983203554925,0.7932849623337388,4.710540605850879,1.2585754651759058,5.928570834238762,6.97854033125108,0.14699561018353619,0.02160770941323013
6,114.7,-0.0021590338240399997,0.3115297784489402,0.31152229684790206,0.09704614143339242,1.1691804,1.9510999999999998,0.20635722231402687,-0.6178433004497963,0.6164161388452185,3.753029343843702,1.2744641258966949,4.78310126216641,5.665807994937943,0.3115222968479021,0.09704614143339244,-0.008333219812039999,0.3818943445756215,0.3818034152105082,0.1457738478664077,1.1554384,2.28364,0.26819778405788364,-0.07014349054279521,-0.29291761159587315,3.0255446733152755,1.2270272346180526,3.712425713711422,4.308157891978064,0.38180341521050826,0.14577384786640776,0.0183879895199226,0.14060990361998188,0.13940239179237854,0.019433026837435804,0.39770621,0.7931,0.09792115099417582,-0.224350089539183,-0.13386322763418912,2.8284366873250777,1.2332950621456196,3.488297000069532,4.061494436719344,0.13940239179237854,0.019433026837435804
7,115.4,-0.007024660615060004,0.28375408393514556,0.2836671188085021,0.08046703429311686,1.2132804,2.0822,0.17702284644648092,-0.42997576725678865,1.7260578058549374,4.275816521031309,1.3300134741454477,5.686893585945352,6.8538068636627045,0.2836671188085021,0.08046703429311686,-0.011305799829419996,0.3956149157050889,0.39545333532360266,0.15638334041856172,1.1282016,2.0006399999999998,0.28191968695953623,0.46760448520016745,-0.3291225346953657,2.851767097783082,1.216876174436129,3.4702474363330986,4.001854613870687,0.3954533353236026,0.15638334041856167,0.010368089586342,0.1606401519740991,0.16030521246856336,0.025697761144591238,0.59920621,1.0316,0.11301842966516917,-0.47047946341773245,-0.10708787428165634,3.7301148102537485,1.2248139965995137,4.56869682852193,5.3018451218550915,0.16030521246856336,0.025697761144591238
8,116.1,-0.007388811914019998,0.27652931449250645,0.2764305830261818,0.07641386723219477,1.2178804,2.0868,0.1725104095592934,-0.4723748937719302,1.657985193974394,4.404163812560288,1.3250188043271542,5.835599868979553,7.059750209342605,0.27643058302618173,0.07641386723219476,-0.01129704582782,0.3837380102767449,0.38357168467800035,0.1471272372867193,1.1648616,2.1553,0.2704436689540822,0.5102219528186566,-0.08777934385099506,3.0355648093341676,1.227673005240638,3.7266809720780016,4.307224511873407,0.3835716846780004,0.14712723728671936,0.00663125954488,0.1612508041685525,0.16111439489335924,0.025957848241853303,0.69323621,1.12463,0.1075804458108864,-0.7487594108601762,0.6326570937866052,4.299117846726351,1.2678579629270001,5.450670795533584,6.443886756322117,0.16111439489335924,0.025957848241853303
9,116.8,-0.00514228853712,0.26862639161084245,0.2685771679396122,0.07213369513846268,1.1397804,2.0317,0.16224913772420618,-0.38581904612956863,1.719900507737374,4.2429948642246345,1.3521105715245518,5.7369982108425095,7.02487801160101,0.2685771679396122,0.07213369513846268,-0.00858792581132,0.3654902488980754,0.3653893397046996,0.1335093695698364,1.1648616,1.8873000000000002,0.2551762831967201,0.6440507398242232,0.09421020735243513,3.1871208698781075,1.2340556580142485,3.933084542248372,4.564928940131896,0.3653893397046996,0.1335093695698364,0.011070489540379999,0.14976633284826735,0.14935661591022453,0.02230739871615434,0.52250621,0.8898999999999999,0.10412759814583773,-0.6666849495613777,0.06165245898143956,3.488809534579219,1.2361619630217262,4.312733642874362,5.01794163414962,0.1493566159102246,0.02230739871615435
10,117.5,-0.00487380364006,0.2604162652917449,0.26037065362013934,0.06779287726657858,1.0154804,1.8054000000000001,0.15728258681090443,-0.4621817687272488,1.6821473435731624,3.8994507461442747,1.3521703902459874,5.272721837158911,6.4564070351975955,0.2603706536201394,0.0677928772665786,-0.00599128979074,0.3498572132148321,0.3498059091626267,0.12236417408509186,1.1462216,2.0736600000000003,0.24122616093173677,0.6348813634244487,0.03968534739567131,3.2762554456642152,1.2417088627847135,4.068155423627937,4.751647149599014,0.3498059091626267,0.12236417408509184,0.0139142895193438,0.14283953588304052,0.1421602108835461,0.0202095255584543,0.43710621,0.7965,0.10087725731178054,-0.6926726197939002,0.018974336473164488,3.0601206262523153,1.2255346276353634,3.7502837922134256,4.333050101164421,0.1421602108835461,0.0202095255584543
11,118.2,-0.0016032913180200005,0.2556968919465122,0.2556918653537024,0.06537833000805589,1.1286804,1.8626,0.16417528425651837,-0.5495895161307789,1.4746610796278734,4.414134217306413,1.3027928083433178,5.750702313368954,6.874849677351402,0.2556918653537024,0.06537833000805589,-0.0038435197844199987,0.3372287381424432,0.3372068344277905,0.11370844918481131,1.0609416,1.7313800000000001,0.2323650692990357,0.6781312322323818,0.1014152765773475,3.146059276691494,1.2425782621438228,3.9092248686327684,4.565839449106918,0.33720683442779054,0.11370844918481132,0.0184931954812638,0.14037663999833425,0.13915316301871727,0.019363602778113703,0.70373921,1.035133,0.09543429918860837,-0.9417069956155093,1.4614270434929697,5.013221644344463,1.2573254782823622,6.303251301710892,7.374070077354355,0.13915316301871725,0.019363602778113696
12,118.9,-0.0029276414440600014,0.25819397193780164,0.25817737325449985,0.06665555606059333,1.1286804,1.8856,0.16230694709568383,-0.4925197253284522,1.4615190526382147,4.371443653502091,1.3231665106021229,5.784147845298158,6.953986999303337,0.25817737325449985,0.06665555606059333,-0.006548569781760002,0.3366928343500642,0.33662914451439463,0.11331918093649318,1.0683316,1.85277,0.232910816127982,0.6151555453962015,0.11494999528508965,3.173015553070075,1.2391006244670473,3.931685553252783,4.586869848985301,0.33662914451439463,0.11331918093649317,0.014253949500723999,0.13945787108481786,0.13872751252415824,0.019245322731140484,0.66147621,1.01887,0.09723935986327918,-0.8020260884608913,0.7147683154499638,4.7431973889640995,1.237592005135598,5.870143167362012,6.80255619668878,0.13872751252415824,0.01924532273114048
13,119.6,-0.004440698428090001,0.25760917109522186,0.25757089359987484,0.06634276522983805,1.1331804,1.8631000000000002,0.16358468985419397,-0.5437564136205326,1.3938493889433845,4.398835628336907,1.3162730486640755,5.790068783083175,6.9271788271263315,0.25757089359987484,0.06634276522983804,-0.00734497979118,0.3396913645874829,0.33961194685578033,0.11533627444717338,1.0239116,1.80235,0.237702937526488,0.5768783493262961,0.006530314879995558,3.014240886704394,1.2318464000541993,3.7130817851829847,4.307526068691946,0.3396119468557804,0.1153362744471734,0.012942389518182001,0.13826627512625067,0.13765920743215,0.018950057390847697,0.51360621,0.849,0.09639686737892869,-0.679221139674857,0.13234564722107844,3.714616666508352,1.2332444321096083,4.581030321392979,5.328038389266877,0.13765920743214996,0.018950057390847694
14,120.3,-0.003086169419069999,0.2551405523252315,0.255121886554527,0.06508717699914095,1.1331804,1.9341,0.1638063245715223,-0.5049568060340325,1.5688218007281796,4.441396672041057,1.309916995151727,5.817860982916901,6.917806152870628,0.25512188655452706,0.06508717699914097,-0.006699939780079999,0.3286261758583944,0.32855787049811425,0.10795027426625563,1.1162616,1.8367,0.2297408559229379,0.5760995042475878,0.01782151497263662,3.3967519388382477,1.2328889429109393,4.187817907204971,4.858785763270719,0.32855787049811425,0.10795027426625563,0.014268789514419998,0.13697474125654224,0.13622951731577806,0.018558481388089874,0.51360621,0.9169999999999999,0.09480471019151894,-0.6993149789151673,0.31850393084608397,3.7496417608707757,1.2390770120123322,4.646094909176421,5.417517852883498,0.13622951731577806,0.018558481388089874
15,121.0,-0.0025814694110599997,0.2544065384214952,0.254393440967505,0.06471602280728746,0.9636804,1.7186,0.16377173118383062,-0.5171644779277388,1.1339014551605784,3.787954531276218,1.3044931499840535,4.941360738500883,5.884290243706878,0.254393440967505,0.06471602280728746,-0.005244869776599998,0.3234980071873786,0.3234554868837933,0.10462345199523175,1.0475616,1.746,0.22708531574366345,0.5375783726136488,-0.008820179470761857,3.2382320036773047,1.2285601925697995,3.978362934023477,4.613075031159213,0.3234554868837933,0.10462345199523175,0.0161418894838418,0.13419922200494072,0.13322488727945245,0.01774887059062281,0.49370621,0.8491,0.09144178286317851,-0.7178538624581635,0.4552748367509847,3.6789051577498975,1.2511077058712756,4.6027065920304775,5.399131497017257,0.13322488727945245,0.01774887059062281
16,121.7,-0.00407443130904,0.25260068680026615,0.25256782451744336,0.06379050598147407,1.0508804,1.7678,0.16625084868872433,-0.466511997856098,1.0350737100265377,4.160243637147913,1.286657270659561,5.352807723451538,6.321052844473534,0.25256782451744336,0.06379050598147405,-0.007931499785520001,0.3215683059285748,0.32147047561000963,0.1033432666889258,0.9707616,1.8262,0.22413028189228143,0.598934822682288,0.09249239792282848,3.0188348232789486,1.2378075978598946,3.7367366809387144,4.33123802729412,0.32147047561000963,0.10334326668892578,0.012547489474221801,0.13470233223715342,0.13411666122455762,0.01798727881802276,0.56110621,0.8905000000000001,0.08926424362340234,-0.7079378666775941,0.4912895578052412,4.1655270601561005,1.2683556718654199,5.283369873057878,6.285901131557846,0.13411666122455762,0.017987278818022756
17,122.4,-0.0029753343380819995,0.25074630487783744,0.25072865172426156,0.06286485679546605,1.0841804,1.8840999999999999,0.15897341248266103,-0.4659789627325808,1.5628343418046882,4.323814065887065,1.3098350688337066,5.663483294615332,6.819885055422395,0.2507286517242615,0.06286485679546604,-0.005956429757479997,0.31236760650751105,0.3123108107955527,0.0975380425397755,0.9960316,1.69847,0.20970468852508575,0.7152396679823767,0.32088762371302915,3.1886520216879464,1.2613545146609995,4.022020623239014,4.749686842985633,0.3123108107955527,0.0975380425397755,0.014110289462720001,0.1351466892626666,0.1344080628159562,0.01806552734993802,0.57370621,0.9031,0.09009851519484818,-0.8001780294817555,0.9012049258534462,4.245062998805422,1.270021256318492,5.3913202428940075,6.367543446851435,0.13440806281595616,0.018065527349938017
18,123.1,-0.00421005735308,0.2500675610213156,0.2500321189212162,0.06251606049223318,1.0838804,1.8838,0.15442871336550856,-0.4388026125334061,1.8365606717198686,4.334350267476759,1.3326379008951892,5.776119442194729,7.018645537987647,0.2500321189212162,0.06251606049223318,-0.008323099760279997,0.30979459692983047,0.3096827704236975,0.09590341829729655,0.9966916,1.69513,0.21029388856443287,0.6862458246836262,0.27700080132298055,3.2172659235427337,1.2539383576127379,4.034253148170604,4.739517666461426,0.3096827704236975,0.09590341829729654,0.01121168948718,0.13903022844065574,0.13857742398783424,0.01920370243910398,0.69160621,1.035,0.09251567134392782,-0.9390781513049805,1.382097952011753,4.974502435599523,1.273789580678762,6.336469371527797,7.475557383450722,0.13857742398783426,0.019203702439103982
19,123.8,-0.00667487135706,0.2462073882328933,0.24611689115708685,0.06057352411282933,0.9465804,1.7235,0.15279193908201036,-0.39850651360535144,1.4910850101101385,3.8446466078613675,1.3314651225292284,5.119012866817719,6.195224732974475,0.24611689115708685,0.06057352411282934,-0.01110479977382,0.3150508803568345,0.31485511054388143,0.09913374063559979,0.9657616,1.7302,0.2192492965262151,0.596882093266312,0.1212132752146764,3.0654147003371466,1.237063770583101,3.7921134675999366,4.404856094416368,0.3148551105438815,0.09913374063559983,0.0061771094943800006,0.14452438681445057,0.14439231870978242,0.02084914170238738,0.69160621,1.065,0.09661632893488224,-1.008664433623845,1.5978873976463195,4.785394529214832,1.275841871938555,6.105406714117972,7.158274565225209,0.14439231870978242,0.02084914170238738
20,124.5,-0.0024374173570800004,0.2457363271153933,0.24572423865136095,0.06038040146079099,0.8866804,1.6286,0.15330073042893616,-0.4196887447954108,1.2159607095493836,3.6082593502084492,1.3250378344001443,4.781080155354275,5.783928083832765,0.24572423865136095,0.060380401460790996,-0.004975389791000001,0.31138708809787463,0.3113473367968661,0.09693716413050117,1.0189716,1.76541,0.22117943862946898,0.5490052961470334,0.04632772744071234,3.2723630457012356,1.2268416031577103,4.014671125102152,4.606990624056302,0.3113473367968661,0.09693716413050117,0.018083209481182003,0.12996440196930029,0.12870020712530944,0.016563743314097552,0.68258621,1.07098,0.08985490654417379,-0.7694106588431769,1.3749000193327374,5.2521013420370135,1.244173139717626,6.53452341683735,7.596537977193623,0.12870020712530947,0.01656374331409756
21,125.2,-0.004171185339059999,0.25054894885139056,0.25051422511187654,0.06275737698340395,0.9813804,1.6953,0.1609748199495002,-0.5266583997115755,1.0620438269517365,3.916920843208532,1.3027404183191669,5.102731097804547,6.096483911632088,0.25051422511187654,0.06275737698340395,-0.0060148897738599985,0.3048426417677328,0.30478329570522494,0.09289285734093859,1.0189716,1.78341,0.21494279429026236,0.5219356292984472,-0.017993572430471616,3.3426150426041112,1.229641844114424,4.110219325152333,4.740664153756016,0.30478329570522494,0.09289285734093859,0.014677589463142,0.13534054351603128,0.13454230222040287,0.018101631086766223,0.59670621,0.9851000000000001,0.08940668498351814,-0.9450942645206787,1.5631853355617364,4.4089242919976845,1.2789217010552618,5.638668955345545,6.674067046664363,0.13454230222040287,0.018101631086766223
22,125.9,-0.0065009932410400005,0.2463174729571457,0.2462316684971171,0.060630034570874174,1.0978804,1.8477999999999999,0.15549056087210586,-0.4973723451984669,1.5431093405906244,4.457176288874193,1.3192460051822452,5.8801120134903035,7.060752716063767,0.2462316684971171,0.06063003457087418,-0.0088893897551,0.3044717278301916,0.30434193236832185,0.0926240117976842,0.9907716,1.79321,0.2093615232419158,0.5808009432066112,0.10487517918423883,3.2540676504209545,1.2425845841266854,4.043454298118422,4.732348067869044,0.3043419323683218,0.09262401179768417,0.007273089465342,0.1378284763601971,0.13763644526578905,0.018943791065402543,0.59670621,0.9151,0.09122290278657781,-0.9697486688433639,1.3872667827080436,4.329339086942996,1.2803705407434771,5.543158227811075,6.541188580635663,0.13763644526578905,0.018943791065402543
23,126.6,-0.004344408165079999,0.2439812690907952,0.24394258706681418,0.05950798578485021,1.0978804,1.8927999999999998,0.15240318331628183,-0.4519101113198246,1.6160624278534126,4.499855272051375,1.328356437217562,5.977411717176828,7.2037891605031135,0.24394258706681418,0.05950798578485021,-0.00747769976348,0.29843549564633076,0.298341799062616,0.08900782906791835,0.9620616,1.7645,0.2049946720238691,0.571151366383676,0.11916602356485662,3.2236835565301445,1.2452028036538112,4.014139802684025,4.693105389041428,0.298341799062616,0.08900782906791835,0.012100369470420003,0.1321814623447538,0.13162644128850745,0.017325520046276896,0.69042621,1.01282,0.08937098621060413,-0.9357989081817975,1.557232470339624,5.22332101455528,1.2654766380184703,6.609990716790642,7.72539544738826,0.13162644128850742,0.017325520046276893
24,127.3,-0.0015025393580999995,0.24888038846882218,0.24887585286618144,0.0619391901398692,0.9935804,1.7685,0.15634369524873448,-0.36094205215518516,1.3877658546254352,3.9922004546552214,1.321261113506703,5.2747392180597235,6.35510372464503,0.24887585286618144,0.0619391901398692,-0.003499839757160002,0.2977886568681844,0.29776808976287483,0.08866583528103147,0.9998216,1.6222599999999998,0.2042604327972493,0.6949549970182323,0.16509851009221554,3.3574871874403502,1.2467897788635385,4.186080707965918,4.894837371623665,0.2977680897628749,0.0886658352810315,0.015303469458181798,0.1259814998929887,0.12504855911936616,0.015637142137829612,0.69042621,1.04182,0.085544137398527,-0.8566003305238251,1.4930504876511241,5.4803777585317075,1.2584569020719079,6.896819216185599,8.07099388685739,0.12504855911936616,0.015637142137829612
25,128.0,-0.0007850253590400003,0.24428272287056557,0.2442814614911316,0.05967343242824322,0.9601804,1.7721,0.15376742250368303,-0.349201777529345,1.305929455790472,3.9306111734670504,1.3210831085417412,5.192664027512753,6.2443681786823335,0.24428146149113159,0.05967343242824321,-0.0008683197506500007,0.29733303273328293,0.29733176482707346,0.08840617837518212,1.0106416,1.61508,0.20454067576638219,0.7562928518271198,0.2994650988648835,3.3990222704470825,1.2460442667211309,4.235332212548029,4.9410299257753145,0.29733176482707346,0.08840617837518212,0.018937489464613603,0.12006684656519048,0.11856398752102867,0.014057419136886642,0.35650621,0.6658999999999999,0.08394925225077855,-0.5516543805510683,0.012873019349946446,2.96923105918697,1.227827107457054,3.645702382773182,4.246687140643277,0.11856398752102869,0.014057419136886646
26,128.7,-0.005555266753039999,0.24191047709350835,0.24184668271223278,0.0584898179389114,1.1020804,1.7809,0.15296017883661595,-0.5378097184109472,1.381945768675183,4.5557365403979615,1.316254733586928,5.996509786273751,7.205015111659778,0.24184668271223278,0.05848981793891139,-0.00720561974645,0.3003487137766527,0.30026226687907226,0.09015742891135921,1.0106416,1.61508,0.20384522553888304,0.7865262603530452,0.4264644620297049,3.364894050292288,1.257470932463824,4.231256459063017,4.957887030850386,0.30026226687907226,0.09015742891135922,0.0102877894525318,0.13205420244850255,0.1316528532637651,0.017332473772490465,0.54950621,0.8699,0.08637852124873066,-0.9367008431061962,1.2990971755215517,4.161217135170629,1.2849753888876754,5.347061606511937,6.361607052957914,0.1316528532637651,0.017332473772490465
27,129.4,-0.005954589638142,0.2477510136643411,0.24767944531985261,0.06134510763394987,1.1020804,1.834,0.15671138076960794,-0.5946457771303781,1.357058142792475,4.448338611010183,1.3118657806831386,5.835623204675822,7.032548590840657,0.24767944531985264,0.061345107633949875,-0.008935299731779998,0.29929114725276657,0.29915773639098897,0.08949535124258044,0.9361616,1.5916000000000001,0.19945551582317403,0.6830910267776158,0.3275291603192607,3.127929471329682,1.2659574245794474,3.9598255377906764,4.693585916320048,0.2991577363909889,0.08949535124258043,0.009199489453680001,0.13692877414563082,0.13661939314320207,0.018664858582816805,0.56210621,0.8685,0.08867046159265622,-1.0545925566386931,1.7057986461491828,4.1050992642508515,1.298569462034227,5.33075654317533,6.339272401470776,0.13661939314320207,0.018664858582816808
28,130.1,-0.0019051728391920007,0.24205435454809965,0.24204685676982035,0.058586680872149924,0.8794804,1.6114000000000002,0.15392724719080686,-0.4743111911518392,0.9138725794475802,3.633400446944799,1.3045775909251682,4.740052801941675,5.713610917174423,0.24204685676982038,0.05858668087214994,-0.004020299759059999,0.2906686258846237,0.29064082174309697,0.08447208726350265,0.9269616,1.5824,0.20187088675604534,0.6029135554033614,0.12269333530550508,3.189066577718445,1.2407402736597084,3.9568033383574135,4.591853807628062,0.29064082174309697,0.08447208726350265,0.01582398945838,0.12423932005181773,0.12322747260476893,0.01518501000455908,0.61560621,0.9540000000000001,0.08362503904026831,-0.7367501529873619,0.9508739619602418,4.955003051716985,1.2589056784133679,6.237881478362079,7.361505800954719,0.12322747260476892,0.015185010004559076
29,130.8,-0.003412543330092002,0.24423243018536533,0.24420858810097074,0.05963783450226959,0.9694804,1.6089,0.1584579211468914,-0.5593344917218631,0.9731833486715993,3.969499051637788,1.2922650458249951,5.129644873866981,6.1182198591466195,0.24420858810097074,0.05963783450226958,-0.004695599744200001,0.2852527633315227,0.2852141131348727,0.08134709033131199,0.9157616,1.5062,0.1968407130267485,0.6074263129945643,0.16262084377800123,3.210351371550766,1.246102288026831,4.000426189459485,4.652297717878913,0.2852141131348727,0.08134709033131199,0.014248789438682,0.122218991438492,0.12138555872827002,0.014734453867774288,0.47710621,0.7935,0.08070888103361194,-0.7043090861694024,0.6805213742017484,3.9036994527982887,1.2707547006883175,4.9606444297178385,5.911446223635597,0.12138555872827002,0.014734453867774288
30,131.5,-0.0038299403270219998,0.24223338287344043,0.24220310348012106,0.058662343335402226,0.9707804,1.6293,0.16013082144787802,-0.5229436195562999,1.092069511711209,4.0076243351941425,1.2824338835692313,5.139513240069583,6.0624206584488505,0.24220310348012108,0.05866234333540224,-0.005880799740200002,0.2855639630787537,0.2855034031384906,0.08151219320365947,0.9047616,1.5772,0.19625503716731427,0.6768664548990803,0.23424339645973058,3.1683325523482884,1.2495684378708989,3.9590483580933684,4.610131862392196,0.28550340313849054,0.08151219320365945,0.013146059446303801,0.12429540322855756,0.12359825397142132,0.015276528384783966,0.65853621,0.96193,0.08385899985439191,-0.8641441801810994,1.3634721352723664,5.2981541786309405,1.2628835628271111,6.690951825516788,7.852898450296873,0.12359825397142131,0.015276528384783963
31,132.2,-0.003399047857,0.24224714047815063,0.24222329273525015,0.058672123543506684,0.9792804,1.7732,0.15449168405410535,-0.4189134210316591,1.4339588987320058,4.042484869241731,1.3103187377376755,5.296943671188478,6.3387256472461075,0.24222329273525015,0.05867212354350669,-0.00584265973876,0.28898147747382796,0.2889224076636037,0.08347615765013361,1.0106016,1.78704,0.1933781787287948,0.6808307153211464,0.4578797251008191,3.497115485858524,1.2662694347248793,4.428290449445695,5.226037429059297,0.28892240766360366,0.08347615765013358,0.012436559443721802,0.12446336723570639,0.12384046904325373,0.015336461772853084,0.65853621,0.96293,0.08523476856383742,-0.8633239581799262,1.244035467616735,5.291004290064533,1.252763919990176,6.628379275106082,7.72614534063975,0.12384046904325373,0.015336461772853084
32,132.9,-0.0039305678450299985,0.24444721315377302,0.2444156104979012,0.059738990655061754,0.9582804,1.7682,0.15329780327107023,-0.3234676883498229,1.4976500644324293,3.9201935977776112,1.3264872832831653,5.200086955460081,6.251103274490581,0.24441561049790123,0.05973899065506177,-0.0056178097521200005,0.2920969506375307,0.292042922847538,0.08528906878533306,1.0221616,1.8486,0.19840158082589557,0.7044545998478619,0.4470416923157092,3.4993915471182784,1.2550080075534382,4.3917644131982545,5.151983143203799,0.292042922847538,0.08528906878533304,0.013287989455262,0.1240175385108169,0.12330360576446578,0.015203779194518798,0.57070621,0.8751,0.08561566331212826,-0.7545529440307066,0.739034240331105,4.601818556092553,1.245174318027623,5.730066282269405,6.665908876035702,0.12330360576446579,0.015203779194518801
33,133.6,-0.0035567923480199996,0.24271317756536373,0.24268711501039533,0.05889703579206885,0.9105804,1.7155,0.1517444533388873,-0.4404348899911138,1.2451108186015363,3.7516726909266254,1.3251641755810404,4.971582248521685,6.00074915401634,0.24268711501039533,0.058897035792068855,-0.003990029754619998,0.2881135487615077,0.28808591885496054,0.0829934966425069,1.0221616,1.6256,0.19891034506075225,0.7254015307517728,0.3539625524358003,3.547773453882645,1.2442500227216384,4.414317200604707,5.13880562465369,0.28808591885496054,0.0829934966425069,0.015235589439841999,0.12387110015182189,0.12293057498947632,0.01511192626724326,0.56690621,0.8673,0.08221096291625485,-0.8757473057978337,1.4708019085055763,4.576581699082149,1.274072754808927,5.830898052957713,6.895749543494406,0.12293057498947632,0.01511192626724326
34,134.3,-0.003216140361039999,0.23627212133076114,0.23625023123653446,0.05581417175931601,0.8473804,1.4855,0.15103353445866674,-0.4990047542003343,0.8716989933847659,3.5864595248363584,1.3051094855345156,4.680722345349543,5.610544724634662,0.23625023123653446,0.05581417175931601,-0.004278399750199999,0.2873350205683745,0.2873031662557962,0.08254310934060567,0.9608616,1.5853,0.1982648433880566,0.5613562410173771,0.22431407962387517,3.3440462568723066,1.2446857166400955,4.162286611712736,4.8463539151988755,0.28730316625579616,0.08254310934060566,0.013913289427719999,0.12385782423948344,0.12307388432417037,0.015147181002639268,0.55000621,0.8664000000000001,0.07988742559106107,-0.9064772939543835,1.544194081878807,4.4406254782624295,1.2941510566520156,5.746840154889185,6.884765730409799,0.12307388432417037,0.015147181002639266
35,135.0,-0.0037692873440599993,0.23913853890480902,0.23910883141875952,0.05717303326244476,0.9515804,1.5408,0.15596339661141406,-0.5575113472979167,0.7949217012277519,3.979201363184644,1.2890434487235953,5.129363448365164,6.1013059517476504,0.23910883141875952,0.057173033262444765,-0.005000099730599999,0.2820564386844608,0.28201211606249305,0.07953083360604504,0.8962616,1.5847,0.1938504037051693,0.5563500330598509,0.22570563270049293,3.1775966688803594,1.2486167549522762,3.967600441244557,4.6234703816409946,0.28201211606249305,0.07953083360604506,0.014462889419259998,0.12482634834559618,0.1239856526818421,0.015372442070942379,0.55000621,0.8366,0.08072800317239964,-0.948304462529259,1.5576001071708978,4.406170790779237,1.2940261209814914,5.701700096774006,6.813078341915974,0.1239856526818421,0.015372442070942379
36,135.7,-0.004112335312079999,0.24022656804718945,0.24019136681823508,0.057691892694011954,1.0072804,1.6667999999999998,0.1597505210687858,-0.47471454545391745,0.8679510302864091,4.193043293205323,1.277497204147911,5.35660108394095,6.305334049998389,0.24019136681823508,0.057691892694011954,-0.005620399730340001,0.279223326453738,0.2791667550815496,0.0779340771427619,0.8630616,1.5935000000000001,0.18971052061505075,0.6272128504738905,0.3652835737327722,3.090936602472548,1.259514650716014,3.893079935248554,4.549360769249445,0.27916675508154964,0.07793407714276192,0.015422389409299998,0.12033621928142216,0.11934385436986032,0.014242955575854428,0.52170621,0.8401,0.08079623572156286,-0.8102366615068017,0.9983959291155813,4.335404694574299,1.267068855104606,5.493256262769392,6.4570608437487795,0.11934385436986032,0.014242955575854428
37,136.4,-0.004015534946060001,0.23985871877526796,0.2398251038811618,0.05751608045161005,0.9908804,1.6819,0.15436688102745677,-0.4861946981190079,1.3146925080114702,4.131100195396235,1.3014152287440568,5.376276705756209,6.418996052811063,0.2398251038811618,0.05751608045161005,-0.005856399729860001,0.2791622351241006,0.2791007991778019,0.07789725610168771,0.8760616,1.6065,0.18834412294343336,0.6261812130856453,0.35418606927569085,3.138180920533717,1.2629133855291927,3.9632506907543554,4.651388035415968,0.2791007991778019,0.07789725610168771,0.01498028942918,0.11926551719436042,0.11832098089627333,0.013999854520256276,0.52200621,0.8404,0.08178304628479852,-0.7579206391438249,0.8299677279457733,4.376841037374746,1.250455454419311,5.473044748311526,6.382816900487947,0.11832098089627331,0.013999854520256275
38,137.1,-0.0028574789520599978,0.23987253823907492,0.23985551779205538,0.05753066941529499,1.0017804,1.7727,0.150299932013917,-0.43104552658231843,1.8043201280305237,4.17630299555821,1.3248770178343805,5.533087858327951,6.665208603735364,0.23985551779205538,0.057530669415295,-0.0038349997386499996,0.2820711401680646,0.2820450689033873,0.07954942089271651,0.9543616,1.6258,0.19219005515095672,0.7194714102374757,0.3685946102604869,3.3834074603710573,1.2557913090797235,4.248853683809473,4.965717915270858,0.2820450689033873,0.07954942089271651,0.017379789443762,0.11849145496575995,0.11720993054683215,0.013738167818793216,0.52200621,0.8634,0.0829858214893504,-0.6261271642921443,0.5533628146778344,4.405433371974732,1.2327975059479828,5.431007273590462,6.2903059900056455,0.11720993054683215,0.013738167818793216
39,137.8,-0.005055841370082,0.23656019496143835,0.2365061612479351,0.05593516430823429,0.9808804,1.7458,0.14950842814758283,-0.3732036741269831,1.5401847394256736,4.146430468405275,1.3211067748478666,5.477877383245822,6.560703046330959,0.2365061612479351,0.05593516430823428,-0.006402509737840001,0.28228152270056545,0.28220890476242366,0.0796418659272067,1.0023516,1.6827899999999998,0.19072495903237177,0.6718113674019663,0.46288097553168317,3.5508934145266746,1.2616068103799025,4.479831314699999,5.255482056912491,0.28220890476242366,0.07964186592720672,0.0120154894313,0.12262850090952586,0.12203842529729685,0.014893377249043901,0.58310621,0.9244999999999999,0.0837565095444916,-0.7882569530294674,1.380879166745249,4.755062694847833,1.2569078823187556,5.976675782074105,6.961921087342507,0.12203842529729683,0.0148933772490439
40,138.5,-0.005376957957151999,0.2380280687674832,0.2379673293633072,0.05662844984430473,0.8928804,1.6218,0.14948230929980325,-0.4649612531572901,1.1741034698640371,3.7511559230109404,1.3175267568293587,4.942248297605843,5.973150964701984,0.2379673293633072,0.05662844984430473,-0.007444599717560001,0.2730758501015245,0.2729743538204928,0.07451499784371558,0.9312616,1.6027,0.18505154482052322,0.6798809186919416,0.4583435066114605,3.4102671461199305,1.259745470970982,4.296068592125719,5.032444343564961,0.27297435382049273,0.07451499784371556,0.01209538942926,0.1269173966584078,0.12633972902100973,0.01596172712910217,0.58310621,0.8765,0.08279735262940416,-1.0065748514910924,1.7704441596259688,4.59437575425064,1.2879479424178706,5.917316799381664,7.042570704041075,0.12633972902100973,0.01596172712910217
41,139.2,-0.0058025469562220005,0.2367954870740203,0.23672438224112732,0.056038433147443355,0.8952804,1.5196,0.1489688211516885,-0.56240869514009,0.9175059423499605,3.780816987108132,1.310307799356516,4.954033986147389,6.009850874018629,0.23672438224112732,0.056038433147443355,-0.007534599704239998,0.2729103762464532,0.272806347562291,0.0744233032702775,0.9083616,1.5457999999999998,0.1837121711351463,0.6259120846683974,0.3014297442179932,3.3284245637465215,1.26124185569043,4.197948373305272,4.944482417181666,0.272806347562291,0.0744233032702775,0.0111121894378,0.13002503984729896,0.12954933513218095,0.01678303023319013,0.57400621,0.8627,0.08110439772496869,-1.056918830681062,1.8171853562741225,4.4145820733768755,1.3182710308727932,5.819615660743087,7.07737466896061,0.12954933513218092,0.016783030233190128
42,139.9,-0.00540360813609,0.23623882377570307,0.2361770159817404,0.05577958287803926,0.9763804,1.5446,0.1579305371380285,-0.5606867899556199,0.725825325003004,4.13302260989508,1.2730705467871204,5.26162935386266,6.182340779013883,0.2361770159817404,0.05577958287803927,-0.008648199708620002,0.2692663447350959,0.2691274290160691,0.07242957304879934,0.8975616,1.504,0.1821908996988432,0.62212312007522,0.28871388930355835,3.3333597664536225,1.2575396930750373,4.191832217614767,4.926489750496023,0.2691274290160691,0.07242957304879932,0.009124689418879998,0.13129930466154435,0.13098185923101727,0.01715624744761402,0.63361621,0.9174100000000001,0.08066839428461867,-1.2652481721307276,2.963984383805,4.825739265210115,1.3414026621828825,6.4732594973533155,7.854578185409771,0.13098185923101724,0.017156247447614018
43,140.6,-0.0042597933230599985,0.23486966889534464,0.23483103612566553,0.05514561552785363,0.9763804,1.57,0.1589886723129906,-0.5234608840451384,0.9028682563159411,4.157115751012808,1.2673120651495293,5.268362947481678,6.14119475177366,0.23483103612566555,0.05514561552785364,-0.009683999725360002,0.27230065695813693,0.2721284033855198,0.0740538679291522,0.7966616,1.4031,0.1869441826546866,0.6081467404610712,0.15925651170655408,2.9256690339989793,1.246611043330336,3.6471713269127233,4.261494466888821,0.2721284033855198,0.0740538679291522,0.00884887942638,0.12648526579347114,0.126175353360878,0.015920219795742433,0.63361621,0.9174100000000001,0.08049014727840378,-1.025175067733198,1.9547772460222603,5.009407269891714,1.3094698309238424,6.559667690733769,7.871972302503226,0.126175353360878,0.01592021979574243
44,141.3,-0.0020445718891599985,0.3025363706233821,0.30252946183100665,0.0915240752757585,1.1590804,2.0989999999999998,0.19049491942492755,-0.6360751785551038,1.2407258979669331,3.831210104132908,1.3160720743695886,5.0421486290919235,6.084573822226181,0.3025294618310066,0.09152407527575848,-0.004517899777600002,0.3309886792177758,0.3309578437685489,0.10953309435192723,1.0414384,1.9459,0.22436574991610805,0.10309261994639272,0.07082002017798716,3.1464471910677645,1.2544794643789805,3.9471533869474373,4.641699548123549,0.3309578437685489,0.10953309435192723,0.01556488947676,0.13755801273702722,0.13667458097150467,0.018679941083736388,0.59310621,1.0895,0.09039161023588424,-0.3348974045371541,0.8085377376327383,4.3116805644310565,1.2783369468163719,5.511780568382288,6.56151835831048,0.13667458097150467,0.018679941083736388
45,142.0,-0.0017807243670899964,0.39654910584220004,0.39654510760438944,0.1572480223649768,1.1590804,2.1879999999999997,0.2803706035525002,-0.1564967703969612,-0.35050852232117213,2.9229176990282664,1.220498066993903,3.567415401646266,4.1341010266896925,0.3965451076043894,0.15724802236497676,-0.004778689792620002,0.40955889733408185,0.40953101776223844,0.16771565450937487,1.1714384,2.22461,0.27683282198220505,-0.26635133640157005,-0.265565176271668,2.8602440518938215,1.2500465634436115,3.5754382476799025,4.2315733792407775,0.40953101776223844,0.16771565450937487,0.01296258954426,0.15299514045777915,0.15244502050248349,0.023239484276002614,0.57350621,1.0699,0.10456526260739239,0.020377131523410457,-0.11199503978541037,3.7485256609066346,1.2439219381481603,4.662873305313095,5.484672401706905,0.15244502050248349,0.02323948427600261
46,142.7,-0.005095107660050003,0.40494103771098366,0.40490898224215877,0.16395128390038083,1.1404804,2.1794000000000002,0.29268234981173424,0.13068343652539943,-0.5523656555787508,2.816411017383693,1.2035819606727571,3.38978149436302,3.8966490488189858,0.4049089822421587,0.1639512839003808,-0.0089235997647,0.3962513737795589,0.39615088109131746,0.15693552058942714,1.2084384,2.0393,0.25479830196627534,-0.4426691877174798,0.12417230351298159,3.0496762408003004,1.2886276237660044,3.9298970474381325,4.7427254839396324,0.39615088109131746,0.15693552058942717,0.013315419518259302,0.1501550991437069,0.14956354302405786,0.02236925340190921,0.67070621,1.0521,0.09941779620783868,-0.532907897094901,0.9984203945376535,4.466756132990837,1.2745873052335766,5.693270662684342,6.746339544661096,0.14956354302405786,0.02236925340190921
47,143.4,-0.0019375403149999983,0.46484660315230236,0.4648425651763851,0.21607861039976184,1.1301804,2.1301,0.3610011470906235,0.08924231151760838,-1.063338142295939,2.431297534145275,1.1517333842967676,2.800206537233523,3.1306836809476577,0.46484256517638517,0.2160786103997619,-0.0052045598065000006,0.40898139171666836,0.40894827463595385,0.1672386913277235,1.1314384,2.16567,0.2814615487659302,-0.11051305312988843,-0.34983943685313834,2.7664789227961526,1.2385278866003753,3.4263612935752015,4.0198684508089935,0.4089482746359539,0.16723869132772357,0.03587904958088,0.16221269129591764,0.1581949778552955,0.02502565101863743,0.61214621,1.06454,0.11208465244960897,-0.4253988137647621,0.7494796044350411,3.7737257492589653,1.244357552889749,4.695864138624921,5.461463247835905,0.15819497785529546,0.025025651018637424
48,144.1,0.000527173508979997,0.4793494768600339,0.479349186975507,0.22977564305407958,1.0489196,2.0964,0.37142343066352773,-0.15511554321969656,-0.9953963824634653,2.1882147590332637,1.1566748535087032,2.5310529858503825,2.8240533940633803,0.47934918697550705,0.22977564305407963,-0.005625769877399998,0.5331716063221547,0.5331419252895361,0.2842403125014332,1.4834384,2.7191,0.38818104210145155,-0.13075914944336925,-0.6698913608420551,2.782290696672381,1.1992970202460216,3.3367929419774134,3.821511715176193,0.5331419252895361,0.2842403125014332,0.02505794961726,0.19760630543992871,0.19601109945765124,0.03842035111059725,0.61214621,1.2205400000000002,0.13242984382357992,-0.09123264741818729,0.0071885563353442095,3.097807069653905,1.2594359119527796,3.901489471823333,4.622418877239541,0.1960110994576513,0.038420351110597266
49,144.8,-0.0015487198100200038,0.49127660219122504,0.49127416106233923,0.24135030132750523,1.2889196,2.3559,0.37405415260875186,0.22997430322111387,-0.919805608718637,2.623612836945773,1.1658149349837708,3.058647028926523,3.4458101614719054,0.4912741610623393,0.24135030132750526,-0.004565381878419997,0.6024058249948838,0.6023885251862545,0.36287193527607076,1.5274384,2.7631,0.4342633387870295,-0.12044098220047006,-0.7557069429145908,2.5355637954081414,1.2006157333158372,3.0442377855930327,3.5173091154007894,0.6023885251862545,0.36287193527607076,0.01366673968492,0.21177087595226765,0.2113294208764491,0.04466012412797536,0.68005621,1.28845,0.14990500961551173,0.031207902308634097,-0.4019774880411302,3.2112829818642394,1.2202461931054371,3.9185558336041146,4.536580943787417,0.2113294208764491,0.04466012412797536
50,145.5,-0.0055679941360600015,0.44604879774271006,0.4460140439594003,0.19892852740901787,1.1459196,2.2319,0.3299250114884938,0.37318360016972413,-0.7177806658757513,2.569045373060258,1.1851520141115393,3.0447092982262953,3.473272895649999,0.4460140439594003,0.19892852740901787,-0.006153099835900002,0.5140474451443225,0.514010617810386,0.2642069152218147,1.5024384,2.5711399999999998,0.34759833206974217,-0.2508109991536386,-0.22938944215821966,2.922762118928885,1.2498268885365915,3.6529466850335037,4.322340648339332,0.514010617810386,0.2642069152218148,0.01329518960742,0.169477365950926,0.16895506947992667,0.028545815502966844,0.58930621,1.1287,0.11845985133935341,-0.043329684094946266,-0.01758342661927248,3.4771971271410957,1.2322067501152911,4.284625771544756,4.974733661549238,0.16895506947992667,0.028545815502966847
51,146.2,-0.0008457249420000003,0.44488770865274097,0.44488690479672316,0.19792435805960862,1.1459196,2.2895000000000003,0.33158953676787783,0.3362795686009879,-0.7310982647318855,2.575750189795539,1.1819407257423,3.0443840486578067,3.4558376333876195,0.4448869047967231,0.19792435805960856,-0.003904039832219999,0.5092040522164849,0.5091890859657905,0.25927352526667713,1.4944384,2.5398300000000003,0.34769135156360526,-0.22038618379463656,-0.3905252817615894,2.934851742626449,1.2377118510391192,3.632500782891567,4.2981753594944205,0.5091890859657906,0.25927352526667724,0.020278389603921802,0.16415245158267322,0.16289510206164406,0.026534814275673432,0.46639379,0.8785,0.11694760062791343,0.01772152333320225,-0.5386844727162536,2.841223420687731,1.2132671159409616,3.447162945361717,3.9880577925142964,0.16289510206164406,0.026534814275673432
52,146.9,-0.002068652948059999,0.4346369807672698,0.43463205786673004,0.18890502572546855,1.1435804,2.1805000000000003,0.32342396686977354,0.3114881670326724,-0.7366229414812477,2.6311161972026036,1.1831357775396083,3.11296770777436,3.535855462623962,0.43463205786673004,0.18890502572546855,-0.007779999827100003,0.5011068582261604,0.5010464598856912,0.25104755496398357,1.4514384,2.4553599999999998,0.342090447397863,-0.2500637319084138,-0.36623019057749895,2.8964648481121653,1.241761936116788,3.5967197976859806,4.242849839977926,0.5010464598856913,0.2510475549639836,0.017594589576881803,0.16191850257146034,0.16095972133613146,0.025908031892605096,0.55810621,1.0065,0.11262634918355709,-0.04007515215891214,-0.3509221181210709,3.4468340624240152,1.23034867194506,4.240807711118383,4.955378683991658,0.16095972133613146,0.025908031892605096
53,147.6,-0.0034369334960199995,0.4361905788193616,0.43617703806930697,0.19025040853891365,1.0949196,2.1462000000000003,0.32583014329650883,0.30030873318648726,-0.7548973675226702,2.5101862652871194,1.1796699476954744,2.9611913002771546,3.3603999584642845,0.43617703806930697,0.19025040853891365,-0.0061531798436000006,0.4982366319030646,0.4981986348314517,0.24820187974792218,1.3954384,2.45704,0.3449655310393137,-0.2112603552034285,-0.45193317074915074,2.8007543216362545,1.2328482756291688,3.4529051358901985,4.04515313688245,0.4981986348314517,0.24820187974792216,0.014853638585461,0.16452443096892316,0.1638525489774891,0.026847657806420466,0.70195721,1.1503510000000001,0.11383633625334387,-0.10987334171174898,-0.036572150320461905,4.266583423908586,1.236216409323961,5.274420440385404,6.166372118984816,0.1638525489774891,0.026847657806420466
54,148.3,-0.0016321194770000018,0.43378723429725324,0.4337841638710119,0.18816870082527287,1.0949196,2.1271000000000004,0.3260262936252487,0.2730315908232076,-0.6989124363294659,2.5240936418375677,1.1797165034952306,2.977714925643158,3.3583782087789418,0.43378416387101193,0.18816870082527293,0.0001442601602799991,0.4996143387725961,0.4996143179455374,0.24961446669618453,1.4734384,2.53504,0.3436664013848167,-0.3003152486135843,-0.3142271298538408,2.9491515468106866,1.2384505696352024,3.6523784130882326,4.287408935126403,0.49961431794553746,0.2496144666961846,0.017828229584881002,0.16291781948030287,0.16193940266064133,0.02622437013408533,0.68486621,1.1072600000000001,0.11400714581099003,-0.10107045734068876,-0.17537663789434355,4.203752617022976,1.2277635215573557,5.161214116832079,6.00722178533813,0.16193940266064136,0.026224370134085333
55,149.0,-0.0030922226310200022,0.42050639941991735,0.4204950298306786,0.1768160701123033,1.0949196,2.0987999999999998,0.3146977365180608,0.2641968595403897,-0.7124277836279203,2.603811978867447,1.181657019669359,3.0768127027278833,3.47927383309019,0.42049502983067866,0.17681607011230333,-0.004046749826450001,0.4990797394076966,0.4990633327575735,0.2490642101030965,1.3804384,2.42882,0.3404726809855382,-0.2547708099430761,-0.3886692739733646,2.7659676220042355,1.2412463803715867,3.4332472990377623,4.054476253437306,0.49906333275757353,0.24906421010309654,0.0157950305971818,0.16421250397828316,0.16345110422157375,0.02671626347125176,0.71316521,1.135559,0.11640801324788903,-0.2094832951037417,-0.08407573260230894,4.3429409620007675,1.2204280825645033,5.3002471109454365,6.126427125607976,0.16345110422157375,0.02671626347125176
56,149.7,-0.0011284477320400025,0.41543099171504766,0.4154294590939165,0.17258163548306404,1.0949196,2.0797,0.3094656754413948,0.25516497139135735,-0.7278019809376457,2.6356232968555875,1.1832548185050122,3.1186139657684397,3.53809707147102,0.4154294590939165,0.17258163548306404,-0.00650327982546,0.48162920877179294,0.4815853009526506,0.23192440209365509,1.4414384,2.48982,0.3276290200968236,-0.301804600611802,-0.28641757229816234,2.992838419571407,1.2446372947813098,3.7249983142529266,4.399605381641756,0.4815853009526507,0.2319244020936551,0.018244430584840002,0.16030705668365164,0.1592654801744887,0.025365493175210446,0.71316521,1.151559,0.11181868291208348,-0.17676887716556794,0.0352765518446958,4.448744957044238,1.2303526178686988,5.47352500412955,6.377871670700327,0.1592654801744887,0.025365493175210453
57,150.4,-0.007634451178020003,0.41442925129734726,0.41435892591579365,0.17169331948609018,1.1173804,2.2123,0.31156991505997605,0.2829287490747444,-0.7091707127549562,2.6961909578102996,1.1776529792721386,3.1751773141519,3.5862910569684128,0.41435892591579365,0.17169331948609018,-0.008921689832019998,0.4779538634347762,0.47787058815412564,0.22836029902276997,1.4414384,2.4715,0.3256212088120792,-0.22909110348975106,-0.28492269197138587,3.015852596401714,1.2463443432978811,3.758790823745504,4.426733766079333,0.47787058815412564,0.22836029902276997,0.00796177961138,0.16984513788192296,0.1696584242752161,0.02878398092754924,0.65314621,1.09754,0.1173904414853473,-0.3822150594703344,0.07765690277833359,3.8455396377261613,1.235433784496155,4.750909588066004,5.563878981420525,0.16965842427521613,0.028783980927549243
58,151.1,-0.005613583365999999,0.41645510441628714,0.41641726870553003,0.1734033416761736,1.1173804,2.1353,0.3182749277111133,0.24479793076118267,-0.7948970959059829,2.683075289871031,1.168016522402673,3.1338762694197055,3.5107396238707373,0.41641726870553003,0.1734033416761736,-0.003832549841050002,0.5075125087981407,0.5074980375807365,0.2575542581482987,1.4544384,2.4844999999999997,0.3513558628928536,-0.26158002011499476,-0.3806787106389131,2.865817836577683,1.2327687617941647,3.532890705925502,4.1395022927041145,0.5074980375807366,0.25755425814829874,0.01064887964792,0.17751170181521805,0.17719200219981432,0.031397005643579,0.65314621,1.1245399999999999,0.12628385736060524,-0.21792019666353996,-0.2126460988123564,3.679454387068503,1.2165319272543416,4.4761737367448875,5.172048301747168,0.1771920021998143,0.031397005643578994
59,151.8,-0.0021130949200200005,0.41069987920890944,0.41069444312295217,0.16866992561207178,1.1183804,2.0863,0.30934981181613047,0.24507641736229638,-0.7541684066562406,2.7231086655156207,1.177795566297201,3.2072653127897857,3.6152612908804236,0.4106944431229522,0.16866992561207184,-0.0022735998379499983,0.5031942394748525,0.5031891030064662,0.25319927338445214,1.4074384,2.425,0.3492644398274946,-0.23705630217000292,-0.4045058485035793,2.797008172169939,1.2304420547759667,3.4415564825899505,4.029721435984576,0.5031891030064662,0.25319927338445214,0.0188828896263474,0.16761597667938655,0.1665489481129912,0.027738552117543835,0.46239379,0.914,0.1187313308869971,-0.07821454344995821,-0.38600325065543784,2.7586498564182835,1.2177162015136032,3.359252624463719,3.894454703283708,0.1665489481129912,0.027738552117543835
60,152.5,-0.0034618787350199983,0.41681578833505534,0.4168014117070594,0.17372341680099765,1.1461804,2.2011000000000003,0.3089594932937269,0.2730686778281448,-0.7017131635217893,2.7498488110979338,1.1860207205492381,3.261377668339837,3.7098080003333305,0.4168014117070594,0.17372341680099765,-0.007381919830280001,0.48959235995618444,0.48953670565861085,0.23964618618708539,1.4274384,2.44262,0.33603858484901433,-0.32045185873003923,-0.2925666047340414,2.9155651042588717,1.2369957478010893,3.6065416364054643,4.247840766980265,0.48953670565861085,0.23964618618708539,0.016102389582839997,0.1641110697235985,0.16331918520353406,0.026673156255546258,0.67070621,1.1661,0.1135745909175943,-0.13416411380981658,0.08821494659302109,4.086904138335253,1.2391956687734822,5.064473906917466,5.905424836499219,0.16331918520353406,0.026673156255546254
61,153.2,-0.003042730937039999,0.4276429127432311,0.4276320879073032,0.1828692026079595,1.1461804,2.2191,0.3203234019307738,0.28168074166587503,-0.7568187060892044,2.6802277457318677,1.1792441461082572,3.1606428793912356,3.578197512549224,0.4276320879073032,0.18286920260795952,-0.001441568807180003,0.4930599497899824,0.4930578424143299,0.2431060359662742,1.4234384,2.52774,0.3291080134428968,-0.2691161952306807,-0.2730469711300225,2.886947927136061,1.2528475542275799,3.6169056496947958,4.325140506634851,0.4930578424143299,0.2431060359662742,0.01669718959134,0.16126022622261452,0.16039346751385997,0.025726064421119656,0.51280621,1.0082,0.11311376507709445,-0.020393984499321508,-0.30888928995905696,3.1799918802798137,1.226181074520592,3.89924586072826,4.533543814499402,0.16039346751386,0.02572606442111966
62,153.9,-0.003159788819042,0.4243995698364505,0.42438780686063926,0.18010501061198325,1.0729196,2.1378000000000004,0.32102529017717124,0.298253562064613,-0.7207180091431584,2.528088330564208,1.1757643441811558,2.972436118017859,3.3421653459385223,0.42438780686063926,0.18010501061198325,-0.0013233498252200001,0.5011946187534362,0.5011928716698217,0.2511942946126424,1.5624384,2.66674,0.33949747831330984,-0.2997351251426321,-0.26411258759167344,3.1174285228482175,1.246014218903814,3.8843602658851917,4.602209146773346,0.5011928716698217,0.25119429461264237,0.012313399607421803,0.16865268029855773,0.16820257656170273,0.02829210676199547,0.69201621,1.16441,0.11659592813038284,-0.24072064474640317,0.24293533310098736,4.103203155591461,1.2394777892697035,5.085829176216976,5.935166185444797,0.16820257656170273,0.02829210676199547
63,154.6,-0.004106918531019996,0.4171187078501985,0.4170984891590939,0.17397114965879878,1.0648804,2.1158,0.3132939312297776,0.2673932902433259,-0.7517255769663889,2.552943274801366,1.178577474705562,3.0088414378819417,3.398981894797669,0.417098489159094,0.1739711496587988,-0.006889059836220001,0.48440624658045006,0.48435725717772904,0.23460195258073277,1.4694384,2.49384,0.3352389291836295,-0.2499192058322844,-0.34533917861553753,3.033483590216164,1.2347644561987294,3.745637715661031,4.38325705066044,0.48435725717772904,0.23460195258073277,0.013007659595261801,0.16833405486669123,0.1678307326436848,0.02816715481971601,0.69596621,1.11936,0.11582842316585325,-0.31485264371489763,0.2745110474995105,4.134435011092417,1.2417109063370584,5.13377304481523,6.008596085292941,0.1678307326436848,0.028167154819716014
64,155.3,-0.007290205840000001,0.4184735436040512,0.41841003763693596,0.17506695959534216,1.0559196,2.0842,0.3136772652259594,0.27435826115166656,-0.7426097231463724,2.5232648900717214,1.1800224217812298,2.9775091463779813,3.366261176879879,0.41841003763693596,0.1750669595953422,-0.01295186983586,0.47700759073660415,0.47683172156232906,0.22736849068809453,1.3834384,2.40784,0.3297243430649313,-0.2256351960844089,-0.4059662438426157,2.900243993735337,1.2336398789612188,3.5778566493896635,4.195742380257211,0.47683172156232906,0.22736849068809453,0.006271359608839999,0.17530232348827757,0.17519011007772478,0.030691574669045322,0.69596621,1.12036,0.12048648130966552,-0.5053354658086393,0.36798461845072783,3.970091189615859,1.2436543341846444,4.937421115074034,5.776301228444697,0.17519011007772478,0.030691574669045325
65,156.0,-0.0043528456510199985,0.41574969995259997,0.4157269124622741,0.17282886574541534,1.0769196,2.0689,0.3072575478763434,0.38286656427511795,-0.7131613641953636,2.5903075819965253,1.1891806417126658,3.0803436325918114,3.504941074493666,0.4157269124622741,0.17282886574541534,-0.005098966828599999,0.46790254480933585,0.4678747609952191,0.21890679197633336,1.2944384,2.377863,0.3214151185414323,-0.13991076876395567,-0.48504192835114246,2.766470100151874,1.2350823806663034,3.416818477337723,4.027310245622871,0.4678747609952191,0.2189067919763334,0.015820759553380002,0.15656880766184622,0.15576743915146815,0.024263495099806333,0.67283621,1.11123,0.10922488527473946,-0.18588758457889806,0.03668762650251001,4.297383495780185,1.2319100850742177,5.293990067883106,6.160099947073211,0.15576743915146815,0.024263495099806336
66,156.7,-0.0035934248910400005,0.388711379661775,0.3886947696793887,0.15108362397611302,1.0769196,2.1122,0.27410344798906106,0.2854132112064317,-0.5129904829642364,2.7704864234668096,1.2197124266971178,3.379196718698121,3.9288801651374263,0.3886947696793887,0.15108362397611302,-0.0019194897869400007,0.3999379262800878,0.3999333199874384,0.1599466604361748,1.0658016,2.12424,0.2729910822500796,-0.0027179255319677307,-0.40171253737596535,2.6649175533644915,1.2421661464962537,3.310270367992995,3.9041626972402286,0.39993331998743836,0.15994666043617478,0.015395989515264002,0.1474636935034353,0.14665777991133297,0.021508504408520982,0.59130621,1.0297,0.09851036626008328,-0.14774442480764544,0.37076660446808063,4.009842666705111,1.26543719861434,5.07420407103957,6.002477022964833,0.146657779911333,0.021508504408520986
67,157.4,0.00011634981100000097,0.39271906614940383,0.39271904891408216,0.15422825137998125,1.0297804,1.9907,0.2761257884381079,-0.08176434146189697,-0.55654447066222,2.6221808126021466,1.220097792236329,3.1993170203003425,3.7293887174570064,0.3927190489140822,0.1542282513799813,-0.002895919781119995,0.3717894579164532,0.37177817938447033,0.1382190146664314,1.1934384,2.20733,0.25792032632695727,0.018820420065877447,-0.38321034623183614,3.209984507597803,1.2327808261121682,3.957207353083681,4.627159158007255,0.37177817938447033,0.1382190146664314,0.020580889503062,0.14690456620644426,0.1454557615206985,0.021157378559566318,0.55739379,1.0817999999999999,0.09775196489283176,-0.07112194108548109,0.3183266082255374,3.7942577579018018,1.2666913481529418,4.806153474596391,5.7021236413108065,0.1454557615206985,0.021157378559566314
68,158.1,-0.004850335161020002,0.43530722720499976,0.43528020435775744,0.18946885630573107,1.1324804,2.2344,0.309727091313044,-0.1099001216345616,-0.6300823709661976,2.6015658119700356,1.2098262060163831,3.1474424959976397,3.6563814782846737,0.43528020435775744,0.18946885630573107,-0.004481021853019997,0.4841466019715087,0.48412586446471884,0.23437785264371133,1.4594384,2.8636,0.34113940816104527,0.018911022465859947,-0.2559771989576709,3.014455526604906,1.2249249573531296,3.69248180736942,4.278129014373583,0.48412586446471884,0.2343778526437113,0.021577089582839996,0.17794688527415897,0.17663386760162614,0.031199523183908787,0.70639379,1.2412,0.1200609561798605,-0.013056438238967424,0.2527662436401852,3.9696889828202058,1.2608451773789275,5.005163209683117,5.8836262218482425,0.1766338676016261,0.031199523183908784
69,158.8,-0.001347732126020001,0.48786249257471137,0.48786063099959887,0.23800799527932676,1.3130804,2.573,0.3540468794967838,0.07085391790698581,-0.6820727158626378,2.691496927894933,1.200120960084462,3.2301218771696467,3.7087755211013747,0.48786063099959887,0.23800799527932678,-0.006075364883419999,0.6476079926154985,0.6475794947657074,0.41935920204100885,2.0074384,3.5976,0.444675051267053,-0.0797927855732353,-0.24198469093475827,3.0997739726660036,1.2428386259057822,3.852518824806724,4.5143940373538465,0.6475794947657074,0.4193592020410089,0.01974279970334,0.2400430164193518,0.23922974646054151,0.05723087159157498,0.90420621,1.6106,0.16135736134063194,-0.2777703731906309,0.1787653328684855,3.7668507232068955,1.256593107176985,4.733398654546425,5.603749357868985,0.23922974646054154,0.057230871591574986
70,159.5,-0.0050033001471999974,0.5391723359014394,0.5391491211057027,0.29068177478905166,1.5150804,2.907,0.3757878492982248,-0.025038182980572064,-0.5694822002394289,2.810011380622756,1.2232867740853477,3.437449756945125,4.031743982221293,0.5391491211057027,0.2906817747890516,-0.009223838911,0.7499164305224936,0.7498597025866518,0.562289573563342,1.7571616,3.4196,0.5132721049203692,0.03069709874747438,-0.5137150244999482,2.343143220339529,1.2419760684869041,2.9101278046990315,3.42345041383578,0.7498597025866518,0.5622895735633419,0.0173586406293,0.2859284590559297,0.2854010534206229,0.08145376129360124,0.90420621,1.5486,0.19403110715945415,-0.3509090867474488,-0.07121088849508528,3.162351215354645,1.2477535679176537,3.9458350119674863,4.660109521804285,0.28540105342062294,0.08145376129360127
71,160.2,-0.0008433616441800007,0.5442286465178013,0.5442279930614881,0.29618410843173504,1.3919196,2.746,0.38140921126301547,-0.01210719084508369,-0.5750391677555613,2.5576007600960993,1.220982771114357,3.1227864634663214,3.6494126489256393,0.5442279930614881,0.29618410843173504,-0.0034405319055199994,0.7375422537309922,0.7375342288862249,0.5439567387787984,1.8373616,3.5637999999999996,0.5081728020121895,0.06341066286942344,-0.46753473365669285,2.4911950341900693,1.238446995482803,3.08521300525437,3.6156236475558705,0.737534228886225,0.5439567387787985,0.02019145542831,0.2803197896382009,0.27959164792692176,0.07817148959049178,0.93340621,1.6638000000000002,0.18702356967586467,-0.38602006986295156,0.08487170680025669,3.3297906337783543,1.2587641343497196,4.191421024693814,4.990848007113276,0.27959164792692176,0.07817148959049178
72,160.9,-0.0014781921459999996,0.530455953378907,0.5304538937769284,0.28138133342310484,1.3940804,2.674,0.3685369105790912,-0.04284724114474881,-0.5501106697285256,2.6280794684647497,1.2275201896361643,3.2260206075087594,3.782742949164703,0.5304538937769283,0.28138133342310473,-0.004698623884839998,0.7177393696794966,0.7177239899303283,0.5151277257215099,1.8373616,3.5637999999999996,0.4951039608541902,0.11588978565459764,-0.49543327466516285,2.559928683890457,1.2326969306640556,3.1556162313506415,3.7110622117222554,0.7177239899303283,0.51512772572151,0.0204390327499218,0.27073249112936154,0.26995986311553327,0.07287832769335745,0.90210621,1.6695,0.18865925335918834,-0.3098844372339883,-0.04302861518356815,3.332094371964225,1.2319286636050666,4.104902566659851,4.781669565300781,0.2699598631155332,0.07287832769335743
73,161.6,-0.00257051013812,0.5217016169996264,0.52169528429693,0.27216596965765466,1.3660804,2.723,0.36639266059869224,0.004235281807792598,-0.5767249032102626,2.6185090394323587,1.2205415147267815,3.1959989893145404,3.7284600563990553,0.52169528429693,0.27216596965765466,-0.005498092867920001,0.7076341538794301,0.7076127943384523,0.5007158667114727,1.8668616,3.6703,0.4782491215758795,0.06844586325977388,-0.44773702070512256,2.6381733976029715,1.2448434902508865,3.2841129801591227,3.903533777225771,0.7076127943384523,0.5007158667114727,0.0237065610235,0.26945169330440455,0.26840680689775726,0.07204221398904996,0.88520621,1.6526,0.18433319832861028,-0.2825884552956458,-0.050790310415475215,3.2852130159002795,1.2439589758901597,4.086670218840334,4.8022071879963,0.26840680689775726,0.07204221398904995
74,162.3,0.00036782905187999446,0.509975359934278,0.5099752272825465,0.26007473244188495,1.3569196,2.6436,0.35803514518021695,0.018719786707319004,-0.5490778655602155,2.6607552180067486,1.2226670048397783,3.2532176130121226,3.7899061538134604,0.5099752272825465,0.26007473244188495,-0.003945115871300001,0.6965768964144939,0.6965657245940332,0.4852038086792106,1.8668616,3.5603,0.4755392960450881,0.05843031664709262,-0.4595782876912242,2.6800509887843527,1.2390012093503806,3.3205864162244962,3.925777775940086,0.6965657245940332,0.4852038086792106,0.022391181726899998,0.2640329122588666,0.26308176245565046,0.0692120137367713,0.92660621,1.619,0.17902397469520243,-0.3299125361151957,-0.02807653203157079,3.509434494634232,1.2485191539503784,4.381596186085005,5.175877764850183,0.26308176245565046,0.0692120137367713
75,163.0,-0.0004862821470200007,0.5124853953713715,0.5124851646619876,0.2626410439986245,1.3459196,2.6326,0.3584557397301034,0.024076530491670033,-0.5175091528556282,2.626259425450909,1.2255608545473626,3.218640745718681,3.754772070363276,0.5124851646619876,0.2626410439986245,-0.0018808298888000014,0.6960257253921229,0.6960231841588039,0.4844482728865603,1.7456616,3.3451,0.4796062870372405,0.14865206738141254,-0.4452551884919358,2.5080417810944264,1.2349266080623593,3.0972475296056183,3.6397804765733874,0.6960231841588039,0.4844482728865603,0.024773159719359998,0.26117258863362713,0.2599950222814062,0.0675974116111089,0.92660621,1.619,0.17689271519558417,-0.3566395131193365,0.2756440929341393,3.547869303006538,1.2528897658315732,4.445089140244888,5.2382383806788395,0.2599950222814062,0.0675974116111089
76,163.7,-0.002056780145000002,0.5161582798213538,0.5161541818910064,0.2664151394835741,1.3190804,2.598,0.3585898509104198,-0.010420954085360928,-0.5087934570731316,2.555573457925626,1.230202196349153,3.143872080871705,3.678521287345421,0.5161541818910064,0.26641513948357404,-0.00600344888555,0.6950520097457942,0.695026082138754,0.4830612548531461,1.7137616,3.3852,0.47523760947546195,0.10287852246182516,-0.44071566156652375,2.465659513202163,1.2395971747086505,3.056424566358908,3.606115269141987,0.695026082138754,0.4830612548531461,0.023491505696802,0.2600917754719222,0.25902872587462944,0.06709588082823392,0.87420621,1.5586,0.17625914463881864,-0.2695799624572372,-0.02739500139065809,3.3611451512213373,1.2491160587617494,4.198460384219761,4.959777898567358,0.25902872587462944,0.06709588082823392
77,164.4,0.0009529398419999948,0.5135791777343044,0.5135782936494705,0.26376266370790175,1.2789196,2.5292000000000003,0.35908830538622083,-0.06547707504919889,-0.5375528960828899,2.490209213002085,1.22508852689501,3.0507267364171065,3.5615740775084443,0.5135782936494704,0.2637626637079017,-0.004348160373120001,0.6936931060848225,0.6936794785280723,0.4811912189309784,1.6731616,3.3296,0.4722193549484574,0.037423629031445686,-0.5297429353506002,2.411962271678409,1.2398513888221423,2.990474772327085,3.543187254962527,0.6936794785280724,0.48119121893097844,0.02273665711334,0.2634301353514871,0.2624471006405162,0.06887848063461324,0.90390621,1.5363,0.17868184195632242,-0.28750601846969015,0.025095297299258856,3.4312938752961744,1.2501849115557022,4.289751830008771,5.058746877150247,0.26244710064051624,0.06887848063461326
78,165.1,6.3859609799985506e-06,0.5168010049843812,0.5168010049449264,0.2670832787120858,1.2579196,2.5082,0.36414537122208857,-0.025037842096654907,-0.6006864155637439,2.434050220235189,1.2179358958229938,2.9645171354602997,3.4544434706896427,0.5168010049449263,0.26708327871208576,-0.003693290884199999,0.6788503572117328,0.6788403104478563,0.46082416708894197,1.6777616,3.2022,0.46438761390794053,0.062090273035278594,-0.47873872445448873,2.471474872446311,1.238829526394354,3.0617360457282103,3.6128474355317253,0.6788403104478564,0.460824167088942,0.025728199704921798,0.25944761803188465,0.25816879409092486,0.06665112624236236,0.85090621,1.5243,0.17499020790917494,-0.29450822622314254,0.1036656648997023,3.2796840320015135,1.2541212757025146,4.113121522114905,4.862593285457694,0.25816879409092486,0.06665112624236236
79,165.8,-0.00031374633799999876,0.5193994054675355,0.5193993107073447,0.2697756439632648,1.2919196,2.5566,0.36309013300852294,-0.056587687777983835,-0.5369470246988928,2.4873336134011996,1.2257171901198298,3.048767567508722,3.5581236793611084,0.5193993107073447,0.2697756439632648,-0.0013713168921999958,0.6825983500931369,0.682596972627226,0.46593862703985384,1.9006616,3.4981,0.47127288164190634,0.13304715741421722,-0.43514352818473556,2.7844509142758183,1.2361641572446547,3.4420384178348753,4.033038339439623,0.682596972627226,0.46593862703985384,0.027674009708880003,0.2552297196503986,0.25372496719766047,0.06437635897945387,0.83660621,1.51,0.1727722161852986,-0.2989129092199999,0.06130194339009165,3.2778557730108506,1.2489587810809446,4.093906750818769,4.8422496884727,0.2537249671976604,0.06437635897945386
80,166.5,0.0015029688539799947,0.5152186255208498,0.515216433325081,0.26544797316821767,1.3129196,2.5776000000000003,0.360279646565555,-0.0479880144317285,-0.56949014639823,2.548276663470251,1.224379240566916,3.1200570459741006,3.644168113618671,0.515216433325081,0.26544797316821767,0.0008641535052599991,0.6874404611757047,0.6874399180293395,0.4725736409001849,1.9006616,3.5991,0.4748068227370839,0.11713381598889304,-0.4389578376502392,2.764838131217018,1.2360051341400888,3.4173541252505224,4.003020826540352,0.6874399180293395,0.47257364090018494,0.027206399710161797,0.2564670432746069,0.2550199131456797,0.06503515610083,0.88670621,1.5731000000000002,0.17497093125701313,-0.3027875679748918,0.025837787356417063,3.457388515414736,1.245301083260595,4.305489663498712,5.067734415252816,0.2550199131456797,0.06503515610083
81,167.2,0.0011149240519800023,0.5130247608933994,0.5130235493952379,0.26319316223408806,1.3739196,2.6164,0.35946846387582526,-0.04867782354599209,-0.5398740705051046,2.678076585635765,1.224244861694355,3.278621499188548,3.8220866030534646,0.5130235493952379,0.26319316223408806,-0.0026674348749800014,0.6861772651899423,0.6861720804978414,0.4708321240547361,1.7209616,3.3434,0.46647490608326536,0.06986348749571586,-0.4605820949491144,2.5080422906806987,1.2419796568913886,3.1149375036487066,3.6892908440669903,0.6861720804978414,0.47083212405473607,0.028309099698239998,0.2549777388598655,0.2534013460666002,0.06421224218836488,0.89780621,1.5462,0.1737943771793369,-0.31941748657272606,-0.10426086275673363,3.5211160551291494,1.2434398712663468,4.378296094303656,5.165910569555202,0.2534013460666002,0.06421224218836488
82,167.9,-0.0027443403430000004,0.503006338996311,0.5029988525499373,0.2530078456665535,1.2991804,2.5821,0.35315226889997614,-0.03287254528197599,-0.5699495105251149,2.582831068475915,1.2221702315764602,3.1566592450820843,3.678810854158688,0.5029988525499371,0.25300784566655343,-0.004847257883719999,0.680051961579908,0.6800346862768762,0.4624471745396894,1.7533616,3.2648,0.46879008657806653,0.11245979546608839,-0.4466147133720999,2.578275924572824,1.236062838820528,3.1869110585901064,3.740184893410746,0.6800346862768762,0.4624471745396894,0.0204053097238018,0.25630070801773464,0.2554871352249811,0.06527367626546779,0.89780621,1.6412,0.17528691111541855,-0.34723482786904614,0.04476003125245942,3.5029408109862756,1.2435636002696824,4.356129686441694,5.121923846377982,0.2554871352249811,0.06527367626546779
83,168.6,-0.0019390471360200034,0.5108479856644493,0.5108443055899026,0.2609619045536298,1.2991804,2.5821,0.3581094081274087,-0.04424131778817654,-0.5241514923998585,2.5431839538530885,1.2243614723361083,3.113776450161132,3.627886814796487,0.5108443055899026,0.2609619045536298,-0.0024947098788199976,0.677462707956793,0.677458114642353,0.45894949709477145,1.7533616,3.3878000000000004,0.46882132707278945,0.1102203259193337,-0.45144060936544017,2.588130061487939,1.232629601582529,3.1902057265356443,3.7399356615185986,0.6774581146423531,0.45894949709477156,0.022314242710880002,0.2529745285706827,0.25198846536657005,0.06349818667779908,0.81930621,1.5627,0.17266137150895558,-0.29590356284357955,-0.0004686203171777592,3.2386905299482778,1.2465673324640256,4.037245814594126,4.745162179819152,0.2519884653665701,0.06349818667779909
84,169.3,-0.002096447549069996,0.5109753667284778,0.5109710660213319,0.26109143031097637,1.2741804,2.5291,0.35962552783698215,-0.10375383706737841,-0.5501130702088353,2.493623925861527,1.2217570769332682,3.0466026786314395,3.543075508748602,0.5109710660213319,0.26109143031097637,-0.0041984878741199985,0.6809919321908986,0.6809789896969394,0.46373238440866427,1.6328616,3.2583,0.46929671843234083,0.05508894330075164,-0.5068748339271352,2.3977693755441867,1.2332084674928072,2.9569494970160317,3.4793799655247577,0.6809789896969394,0.46373238440866427,0.02299720271046,0.25158050369523643,0.25052720113201854,0.06276387850704288,0.82260621,1.456,0.172313538611444,-0.3024694964079975,-0.025256412058269895,3.269753410608088,1.2434819079351234,4.065879209500322,4.7738919218351406,0.25052720113201854,0.06276387850704288
85,170.0,0.002206173858939997,0.5111001934649136,0.5110954319466927,0.26121854055677635,1.2569196,2.4612,0.36106823866923704,-0.09210218256056085,-0.584878917692635,2.459243052676101,1.2176467520038279,2.994489315479033,3.481113721418802,0.5110954319466927,0.2612185405567764,0.0007085801259000006,0.6741696362649539,0.6741692638913653,0.4545041963758254,1.7206616,3.3101,0.4628004732412499,0.06498931450968994,-0.4975324862232009,2.5522680160038633,1.2363577916207729,3.1555164478908675,3.717933968280643,0.6741692638913653,0.4545041963758254,0.02855054969596,0.25275931417172776,0.25114166721717185,0.06307213701262068,0.80697621,1.4993699999999999,0.1725581757190302,-0.2912711292389775,-0.056512755188566466,3.1926665596652573,1.2463569535910461,3.979202167136396,4.6765457889052335,0.25114166721717185,0.06307213701262068
86,170.7,-4.3772556070002185e-05,0.511048155295722,0.5110481534211074,0.2611702151151238,1.3240804,2.508,0.354748590808126,-0.16141715665691372,-0.5617338311531768,2.5909112209470955,1.2262233222768713,3.177035765074172,3.732447243789503,0.5110481534211074,0.2611702151151237,-0.0026050798568199997,0.6630693821110863,0.663064264647189,0.4396542190521175,1.7206616,3.3261,0.4510000496911905,0.11647141303678052,-0.4399195891301795,2.5949948020850275,1.2417856479772278,3.222427301804694,3.815213770327019,0.6630642646471889,0.43965421905211743,0.025641595708389996,0.2519559863526582,0.2506478159259887,0.06282432762846833,0.80697621,1.50937,0.17001423936983706,-0.30898638602953976,0.09012228887477436,3.2028459481430622,1.2525324732336316,4.011668556813945,4.746521308986129,0.2506478159259888,0.06282432762846835
87,171.4,-0.0072625671510419985,0.520894006039652,0.5208433743904338,0.2712778206464136,1.2619196,2.5178,0.3675312073709628,-0.10024535684822772,-0.6118576675134859,2.422603419060919,1.2188218856426525,2.9527220673841668,3.433503263646121,0.5208433743904338,0.27127782064641365,-0.008646982274400002,0.6697595693797082,0.6697037482896735,0.4485031104732384,1.7402616,3.3697,0.4605764821831922,0.1518774286742327,-0.43321647979923306,2.5983377909952488,1.237558130280091,3.215594058460182,3.77844216393971,0.6697037482896736,0.44850311047323843,0.01456385819992,0.25904271034530396,0.2586329828490049,0.06689101981737366,1.0351062,1.73849999,0.17032417955835505,-0.45699212067991063,0.39135756793453336,3.9958900932599235,1.2713539732931232,5.080190746908632,6.077271017444476,0.2586329828490049,0.06689101981737366
88,172.1,-0.004912861432999997,0.5273151622620105,0.527292275824282,0.27803714414395064,1.2619196,2.5178,0.3759275505318086,-0.07081960175409902,-0.6199188220022176,2.3931031957942865,1.2138220746475934,2.904801485964806,3.3568159561990503,0.527292275824282,0.2780371441439506,-0.007797555265319998,0.675881130035872,0.6758361488337625,0.45675450007045165,1.6992616,3.1597,0.4615792774388318,0.1304159494187038,-0.44993644492728846,2.5141426864659064,1.2412968506570348,3.1207973988125466,3.6814079033805522,0.6758361488337625,0.45675450007045165,0.01129282122142,0.2606263990414263,0.26038162774312984,0.06779859206616183,1.0351062,1.64449999,0.17376076335888538,-0.5482177125289808,0.506524925583737,3.971609183901094,1.263402729288341,5.017741882607282,5.9570767300445855,0.26038162774312984,0.06779859206616183
89,172.8,-0.0011950874390199973,0.5125671523062906,0.512565759087937,0.26272365738939313,1.2437804,2.4427,0.3591469498054107,-0.08077705763411694,-0.5981644742579744,2.426570634508323,1.222080376407217,2.965464354398631,3.4631517841760657,0.5125657590879371,0.2627236573893932,-0.005882417769440001,0.6704374387193757,0.6704116320573372,0.44945175639778245,1.7280616,3.1885,0.45256997524997244,0.14813467035758152,-0.4025377267813126,2.5775135757645433,1.2480330896106375,3.216822231474785,3.81833019091804,0.6704116320573371,0.4494517563977824,0.0223768697162218,0.2513739174807822,0.25037596148859487,0.06268812209133834,0.81790621,1.4843,0.16971932299751283,-0.3747375101736349,0.20767296809144753,3.2537433405855634,1.2532784022906542,4.077846255352931,4.819169647595083,0.25037596148859487,0.06268812209133835
90,173.5,0.0002649356479599989,0.5086444616012639,0.5086443926032627,0.25871911812674203,1.3339196,2.6391999999999998,0.356913529635454,-0.028282870567396947,-0.5973030982320462,2.6224990159151385,1.2203222725089165,3.200293958753959,3.7373747119153626,0.5086443926032627,0.25871911812674203,-0.0026298218747999994,0.6604635931568347,0.6604583574477225,0.4362052419225437,1.6328616,3.1683000000000003,0.4511024428090998,0.125634007809192,-0.4476208182493644,2.472296152154837,1.2414695245549738,3.0692803285747567,3.6197134953024497,0.6604583574477225,0.4362052419225436,0.024490855725279998,0.2480810858057456,0.24686924296153465,0.06094442312040123,1.0582062,1.70559999,0.16661503699939678,-0.38562589303246025,0.49531999130681426,4.265565819187865,1.259377950342478,5.371959538419746,6.351204663501238,0.24686924296153465,0.06094442312040122
91,174.2,-0.0032884436430819994,0.5085095197112436,0.5084988867002227,0.2585711177753659,1.3270804,2.561,0.35899097627378357,-0.05468038124470241,-0.611221756507812,2.6097454394827864,1.2174698885373796,3.177286489318043,3.6966957046516553,0.5084988867002227,0.2585711177753659,-0.0023628198775000006,0.6643737033068228,0.664369501653898,0.4413868347278487,1.7691616,3.4006,0.449957884319335,0.10664948969414198,-0.4148524238741036,2.662901302676878,1.2469319535510088,3.3204567234604054,3.9318382045383307,0.664369501653898,0.44138683472784873,0.017263925733122,0.2486391494100492,0.24803907653358573,0.061523383487634004,1.0582062,1.70559999,0.16653214034659225,-0.4706824545699793,0.4791187175625371,4.255991876222333,1.2590052747403873,5.358316221416154,6.354366176989175,0.24803907653358573,0.061523383487634004
92,174.9,-0.002249944148142001,0.5124885664808427,0.5124836275676711,0.2626394685249194,1.2749196,2.5468,0.35913146067783824,-0.04331267690006403,-0.5609995551302638,2.487703498937781,1.2227832871461006,3.041922261875996,3.5500081156734886,0.5124836275676711,0.26263946852491943,-0.005113848388720001,0.6688913830575498,0.6688718344221852,0.44738953088329914,1.7691616,3.3876,0.46179359927824515,0.08462013007639309,-0.47596646678520926,2.64491611764086,1.2345861086140437,3.2653766972887937,3.83106565956109,0.6688718344221852,0.44738953088329914,0.020752589717918605,0.24717163795562228,0.24629890099158977,0.060663148629664945,0.82680621,1.4162,0.17168463803509873,-0.27696422850852276,-0.13163742078126361,3.345069105980705,1.2325024446426476,4.122805850619815,4.81584269543656,0.24629890099158977,0.060663148629664945
93,175.6,-0.00020419215211999565,0.5134200689015035,0.5134200282969,0.26360012545638967,1.2543804,2.4893,0.3592998830977081,-0.09050436966457552,-0.5996301830700008,2.4431853680434243,1.22286759817452,2.987692222914393,3.4911795383436948,0.5134200282969,0.2636001254563896,-0.0029683478852200003,0.6681023535802362,0.668095759431448,0.4463519437702833,1.6815616,3.239,0.4592579270529286,0.06036124359694575,-0.4553085088911155,2.516922131749461,1.2383432966671581,3.1168136500851586,3.6614753952983006,0.668095759431448,0.4463519437702833,0.0216380187237618,0.2505401725238018,0.2496040348110713,0.06230217419396649,0.74229621,1.32869,0.17437679775868334,-0.24090014497975518,-0.2523831193557582,2.9627831837206884,1.2297935760345227,3.6436117265228134,4.256851940974678,0.24960403481107127,0.062302174193966484
94,176.3,-0.0012182251430200041,0.5189116056112735,0.5189101756234606,0.26926777036557076,1.4029196,2.6258,0.36295045465174464,-0.09538828443276995,-0.5672499277786813,2.7035810816899586,1.224472079833189,3.3104595500945666,3.8653198584531827,0.5189101756234605,0.2692677703655707,-0.0030339846704399995,0.6578758053864839,0.6578688093001023,0.43279137024993436,1.6051616,3.1946,0.450133072912607,0.08161473768978031,-0.4961104777624312,2.4399158425609095,1.23764641305721,3.01975309070697,3.565971257374463,0.6578688093001023,0.4327913702499343,0.020466726710419998,0.25259212390494623,0.25176158197106385,0.0633838941565727,0.82240621,1.4438,0.17088990893476017,-0.39557242687767447,0.1638415621391296,3.2558664034571496,1.2530556519091778,4.079781798713189,4.812491358480191,0.25176158197106385,0.0633838941565727
95,177.0,-0.0011394068519999991,0.5191789493870366,0.5191776990960346,0.2695454832386527,1.4029196,2.716,0.36107708658213783,-0.05907480606012362,-0.5153499897728393,2.7021889112729682,1.2274551115738146,3.3168155915800863,3.8853742099219684,0.5191776990960347,0.26954548323865274,0.00029885412878000015,0.6594213654171558,0.6594212976958174,0.4348364478548358,1.7286616,3.3181,0.44839936615306725,0.1395421195915324,-0.41419160731688054,2.621482546150796,1.2438697090887902,3.260782732061932,3.855182969660795,0.6594212976958174,0.43483644785483583,0.025040096718880002,0.24884455582876555,0.24758151490352576,0.06129660652192474,0.79452621,1.42992,0.17220721714683077,-0.3969075662957986,0.02321229545135406,3.1928615329914143,1.2365426970937734,3.948109611452163,4.613779974869201,0.24758151490352576,0.06129660652192474
96,177.7,-0.00048635574102000165,0.5136287221932981,0.5136284919277876,0.26381422772001334,1.2629196,2.5163,0.35949582496046895,-0.06039368978711232,-0.5761769872401885,2.458818102319276,1.2243341465344844,3.0104149627866117,3.513029950038707,0.5136284919277876,0.26381422772001334,0.00011133113389999849,0.664180136162125,0.6641801268313572,0.44113524087771766,1.7261616,3.3386,0.4505026567558641,0.12825746155955428,-0.4384187068166683,2.598935900092392,1.2441987067380338,3.2335926857900024,3.8316346732122373,0.6641801268313571,0.4411352408777176,0.022108789728879998,0.24975290414216786,0.24877241515925966,0.061887714544171045,1.1000062,1.75139999,0.17233284600308588,-0.386371236051283,0.27403984376677126,4.404378014254597,1.240458226913149,5.463446942217513,6.383032750357426,0.24877241515925969,0.06188771454417105
97,178.4,0.00026707954997999604,0.5047412875454284,0.5047412168839898,0.2547636960215308,1.3319196,2.5115,0.3523370154113522,-0.038447970229624935,-0.5828049322108537,2.638816425098022,1.2252779673703784,3.233283625607673,3.7802431812195167,0.5047412168839898,0.25476369602153076,-0.00456684586913,0.6607344578422519,0.6607186751552451,0.43654916769890223,1.7754616,3.3879,0.4450651098098057,0.10075763949266314,-0.39718202611335185,2.6871030849489697,1.2497875591520027,3.358308005728189,3.989217669205134,0.6607186751552451,0.4365491676989023,0.02115022969842,0.24845505249172475,0.2475531880068802,0.06128258089236978,0.91840621,1.5478,0.16969029721330953,-0.3106208482694448,0.0644580619113202,3.696468237572223,1.24644336230958,4.60743829871009,5.412249404251533,0.24755318800688023,0.061282580892369785
98,179.1,-0.0017170777440199982,0.49873800345681213,0.4987350476316138,0.2487366477361081,1.2789196,2.4791,0.34739819872792793,-0.07020922342349656,-0.5082439439475941,2.564311504508694,1.227827942863842,3.1485333194429925,3.681422657581516,0.4987350476316138,0.2487366477361081,-0.0015486779688300009,0.6540909564179519,0.6540891230285824,0.4278325808642999,1.7754616,3.2729,0.444511728866633,0.14051346244813914,-0.3949863641603062,2.714395578442325,1.2436286017384852,3.3756999777833556,3.994183920696258,0.6540891230285824,0.42783258086429987,0.02387416970184,0.24435700327725737,0.24318792953534787,0.05914036907168932,0.91840621,1.5058,0.16755647937785237,-0.3810380599688551,0.21397496197873522,3.758460767166714,1.2456253478630344,4.681634000531605,5.4811739504798584,0.2431879295353479,0.05914036907168933
99,179.8,-0.0021729891400399954,0.49862190946845797,0.4986171745138432,0.24861908672016836,1.3760804,2.6550000000000002,0.3482827209173854,-0.031775932741681924,-0.4277269783778661,2.759767218145172,1.2277804555101697,3.388388252196313,3.951044129824672,0.49861717451384324,0.2486190867201684,0.001036912029379999,0.6556111565119879,0.6556103365234791,0.4298249133564295,1.7984616,3.3359,0.4475150965902074,0.19163318986376737,-0.37574757333149744,2.7431833368551213,1.2423261113499926,3.4079282875953196,4.0187730284479395,0.6556103365234791,0.4298249133564295,0.0209814207122218,0.2457182638256935,0.24482084299015444,0.059937245162409857,0.83210621,1.4445000000000001,0.16641056710892635,-0.3568479219178469,0.2155903065313569,3.386423935464055,1.251672398028256,4.238693368042578,5.000320739579797,0.24482084299015444,0.05993724516240985
100,180.5,-0.0024475114430200003,0.5079965760212294,0.5079906799706357,0.25805453093702885,1.3760804,2.577,0.3557048293759675,-0.12004374451037163,-0.5034905278750617,2.7088379429204914,1.2248460942302266,3.317909574288805,3.868601959703874,0.5079906799706357,0.25805453093702885,-0.005098325870819999,0.6622656709755973,0.6622460464405001,0.43856982602607303,1.7984616,3.3479,0.4475611510503718,0.13473637939810912,-0.40791633613306066,2.715619544873357,1.2467146443658388,3.3856026551197087,4.018359492952479,0.6622460464405001,0.43856982602607303,0.01810349169988,0.24842581260640317,0.24776530822014636,0.06138764795742413,0.79005621,1.4114499999999999,0.16789568253479387,-0.23584703270221205,-0.0031667173251808123,3.180250078327152,1.2512743086744789,3.9793652181707646,4.705637441488543,0.2477653082201464,0.06138764795742414
101,181.2,-0.0008346004450399995,0.5058148489570543,0.5058141604063144,0.25584796486754474,1.2149196,2.4219999999999997,0.35545926511259684,-0.1129416074059026,-0.5816766572392567,2.401905761574729,1.2211843468791554,2.933169718713916,3.4178869964612026,0.5058141604063143,0.2558479648675447,-0.005012491365300005,0.6574319462138459,0.657412837441465,0.43219163883283807,1.6508616,3.2493,0.4412724238836457,0.10694153496135021,-0.4279394254417501,2.511076027727768,1.2503495114300018,3.139722684433005,3.7411392841427538,0.657412837441465,0.432191638832838,0.01988236071738,0.25060135269877737,0.24981138826474866,0.06240572970676101,0.84470621,1.4781,0.17134103212371826,-0.30850919387407494,0.01986540575598683,3.37071688122664,1.2439678119589337,4.193063303472544,4.929970361040388,0.24981138826474866,0.062405729706761004
102,181.9,-0.0012922452620200034,0.5059435293028325,0.5059418790193088,0.25597718494558885,1.2369804,2.4499,0.3521425296100227,-0.11125691449748422,-0.5580899032371534,2.444898152377803,1.2259763759659668,2.997387376458027,3.5127265126705476,0.5059418790193088,0.25597718494558885,0.0012815186277999992,0.6481404075784275,0.6481391406526354,0.4200843456459368,1.8029616,3.2554,0.4408741047567272,0.16546168847645568,-0.35781004569208097,2.781745404111122,1.245489938474258,3.464635912217411,4.089515760955994,0.6481391406526353,0.42008434564593666,0.01997996970282,0.25172637690068334,0.25093220127799315,0.06296696963821928,0.84470621,1.5571000000000002,0.17343443286802468,-0.3925227109733932,0.18014965656445758,3.3556523571356696,1.2455219903920967,4.17953880292355,4.870464278813545,0.2509322012779932,0.0629669696382193
103,182.6,-0.007697058657069999,0.5090396650497517,0.5089814690948906,0.25906213588199306,1.2070804,2.4130000000000003,0.3508248406465598,-0.11738292503222228,-0.5697363314102404,2.371289474823193,1.2303971218075396,2.917627744794969,3.440692505625846,0.5089814690948905,0.259062135881993,-0.008350284876499999,0.6478063446380252,0.6477525244225307,0.4195833328957612,1.8029616,3.4244,0.4428288652408546,0.18237301071927436,-0.3163628621587491,2.7831799038761202,1.2430398526285098,3.459603537552803,4.071463586772667,0.6477525244225307,0.4195833328957612,0.012372449711241799,0.2537803347193302,0.2534785607865053,0.06425138077839807,0.82460621,1.537,0.17529540909408756,-0.41533896417884425,0.04139178914519537,3.2492912065545894,1.2405363795352025,4.0308639494348,4.704094729357134,0.2534785607865053,0.06425138077839808
104,183.3,-0.003131636544019997,0.5066001904875214,0.5065905110190566,0.25663394585454896,1.3279196,2.5220000000000002,0.35337635081527663,-0.07652292348378104,-0.5882899597282663,2.621237861600665,1.2253185027716935,3.2118512519850024,3.757805515101248,0.5065905110190567,0.256633945854549,-0.005737047884099996,0.6568723639956295,0.6568473101587479,0.43144838886278236,1.6504384,3.2319,0.45236646407660047,0.11829063207260987,-0.4377417903416787,2.5125709201110205,1.2374536213952143,3.109189984103688,3.6484543640275837,0.6568473101587479,0.43144838886278225,0.0138447897093418,0.2528937350922727,0.2525144808656024,0.06376356304682469,0.89200621,1.5094,0.1720342823163402,-0.3878088666597232,0.11359999559142331,3.527197736529677,1.2497806011595007,4.40822330756849,5.18504915409686,0.2525144808656024,0.06376356304682469
105,184.0,-0.0012267561610099973,0.49591327380546296,0.49591175647061797,0.2459284702057735,1.2169196,2.411,0.34137392850657267,-0.1060998878663912,-0.5900073173707043,2.453896002141241,1.2306377272957836,3.0198569990953055,3.564770178331208,0.49591175647061797,0.2459284702057735,-0.002676513887719998,0.6531618524948439,0.6531563685886445,0.4266132418279052,1.5502616,3.0286999999999997,0.44762692553373123,0.1145451310563117,-0.4422439988741118,2.3734723546369967,1.2403901503024077,2.9440317307067945,3.4632894304817214,0.6531563685886445,0.42661324182790517,0.018887099709921997,0.24757549705450363,0.24685401395628956,0.060936904206332,0.96330621,1.6147,0.1677139595089145,-0.3388963972823889,0.15993035038860182,3.8909594102033798,1.2523180774947846,4.872718808196138,5.743744962081093,0.2468540139562896,0.06093690420633201
106,184.7,-0.004281925160019998,0.4950963577643054,0.49507784093857915,0.24510206858840508,1.2770804,2.5460000000000003,0.34431477514165104,-0.07342869685258191,-0.5368560136089786,2.579458281145272,1.2261176369465518,3.1627192922800558,3.7090490800884433,0.4950778409385792,0.2451020685884051,-0.0019058038834199997,0.6474969665308421,0.6474941618101281,0.41924868957820033,1.6629616,3.1094,0.44666607813063974,0.1906149116682593,-0.3920267532966677,2.5682924954997275,1.2376100065292122,3.1785444921243444,3.723053263770842,0.6474941618101281,0.4192486895782004,0.02073981971446,0.24462753778634447,0.24374677868973182,0.0594124921216211,0.96330621,1.7037,0.16741414088466802,-0.37121543572405197,0.3349332615478726,3.9378486114729374,1.2478345201069114,4.913783432351001,5.754031319634008,0.2437467786897318,0.059412492121621086
107,185.4,-0.004130779633040002,0.5024634787761485,0.5024464988070394,0.25245248416345223,1.3003804,2.4853,0.35368596870761776,-0.1354523587020083,-0.49845169701551884,2.5880097856412165,1.2229168230629015,3.1649207051120576,3.676652496992291,0.5024464988070394,0.25245248416345223,-0.002187495665100002,0.6481315988102964,0.6481279073139083,0.4200697842391062,1.6824616,3.2268999999999997,0.4412935259181852,0.1632905632896942,-0.37133281637928794,2.595864178028519,1.2441798499095993,3.229721903405228,3.8125680554668375,0.6481279073139083,0.4200697842391062,0.0160522297285,0.24856328568871847,0.2480444172181969,0.06152603291311493,0.80047621,1.54087,0.17212978267869627,-0.25356121877130827,-0.04176272018998217,3.220412088543337,1.2387185867432968,3.9891843110514316,4.6504224750820615,0.2480444172181969,0.06152603291311493
108,186.1,-0.002781926148020002,0.5094369755011711,0.5094293796932875,0.2595182928946877,1.3289196,2.6293,0.35537375042147173,-0.15515206421676425,-0.4706884656965089,2.6086045259919404,1.228295569632532,3.204137382199271,3.7394984813141297,0.5094293796932876,0.25951829289468775,-0.006439888253500002,0.6547255854241555,0.6546939132512886,0.4286241200482857,1.6824616,3.2629,0.44123237398637355,0.10755286413543798,-0.44216552661376873,2.5697202575488767,1.2471203900483006,3.2047505299093744,3.8130964525553126,0.6546939132512885,0.42862412004828565,0.016877269736,0.25267525930266477,0.2521109764169882,0.06355994442992718,0.80047621,1.43187,0.1769792299908958,-0.33856781097460725,-0.11900801107900971,3.1680039122514834,1.229957587355095,3.8965104486443365,4.522995212721732,0.25211097641698815,0.06355994442992717
109,186.8,-0.0014996800510399982,0.5030021382958879,0.5029999026739271,0.2530089020899801,1.3930804,2.7220000000000004,0.3505661873598663,-0.16871010336604308,-0.47148043318470645,2.7695317652517195,1.228218836308331,3.401591081836425,3.973801382533116,0.5029999026739271,0.2530089020899801,-0.0030981738639999997,0.6502424574239793,0.6502350765342362,0.422805654755484,1.6655616,3.165,0.4448718414496935,0.14564391806937518,-0.4289714295286622,2.5614470125471973,1.2406985263009696,3.1779835336653286,3.743913291010897,0.6502350765342361,0.4228056547554839,0.02233499772297,0.24639812714570328,0.24538375035365545,0.0602131849376251,0.77731621,1.38171,0.17213131584132804,-0.3262334768807924,-0.09265747809450575,3.1547163893025347,1.230321955093025,3.8813168358507033,4.51583261419169,0.24538375035365542,0.06021318493762509
110,187.5,-0.003444750987999997,0.4984638049778781,0.49845190195610123,0.24845429856365478,1.2670804,2.441,0.34343533005529087,-0.167462245114072,-0.5432367577416004,2.541970725549939,1.2320926331500988,3.1319434046332906,3.6894293892128345,0.49845190195610123,0.24845429856365475,-0.0032087628770400014,0.6471215054532309,0.6471135500519635,0.41875594666085497,1.6851616,3.2516,0.44240401544068436,0.1709599978179335,-0.3861747148360566,2.6040883911279487,1.2415854485726878,3.2331982532215227,3.8091010505892196,0.6471135500519634,0.41875594666085486,0.014289497707841999,0.24622138133389243,0.24580638494804738,0.06042077888122765,0.79157621,1.38497,0.17051865108882888,-0.342720113050832,-0.04315314055261288,3.2148963088082527,1.2363294144757555,3.9746708710691747,4.642167909172829,0.24580638494804735,0.06042077888122764
111,188.2,-0.00253925505406,0.503584853658327,0.5035784517012707,0.25359125701784907,1.2670804,2.503,0.35048223962713193,-0.11605451318587637,-0.6031890433060711,2.5161209492207854,1.226489677728594,3.085996372135966,3.6152485254260265,0.5035784517012707,0.25359125701784907,-0.0016578698902500009,0.6431723513199765,0.6431702146165464,0.41366792496989435,1.6851616,3.2516,0.4407932101008595,0.14185825046061895,-0.4117036457162069,2.620077801139242,1.2399975799281007,3.2488901326359994,3.823020775693011,0.6431702146165464,0.41366792496989435,0.020434730718802002,0.242822391187393,0.2419610205020911,0.05854513544241335,0.72341621,1.30081,0.16765143016364867,-0.2903136946723802,-0.10901966601699309,2.979198938213729,1.236163878897947,3.6827781154709287,4.31500172288334,0.24196102050209112,0.058545135442413354
112,188.9,-0.0018766242660400011,0.49717383849769575,0.49717029674739915,0.24717830396789695,1.2739196,2.4634,0.344502675265363,-0.13364284299743368,-0.5296338697570828,2.5623222731296313,1.2315952370032093,3.15574390725369,3.6978511096284725,0.49717029674739915,0.24717830396789692,-0.004513853894019998,0.6489060173867517,0.6488903177916577,0.42105864452375863,1.6036616,3.1811,0.44740431453812457,0.1283171499475699,-0.45180938330341824,2.4713310664897232,1.2368041197802482,3.056552444375404,3.5843677584011036,0.6488903177916578,0.4210586445237587,0.019966051702342,0.24495853941159645,0.24414348815825923,0.05960604281008206,0.87180621,1.5262,0.1658069295931321,-0.33849989503182165,0.09379132598186812,3.558994971533245,1.2519354096190392,4.455631827518574,5.257960039060461,0.2441434881582592,0.059606042810082055
113,189.6,-0.0020146782570000022,0.49132194790741435,0.4913178172701013,0.24139319756705668,1.2739196,2.4916,0.34094988117386016,-0.15256010219983474,-0.5384207029707695,2.592840815326369,1.2289463930060758,3.186462367634274,3.7363837629566197,0.4913178172701013,0.24139319756705668,-0.0045646768909000015,0.6424856601899985,0.6424694446233689,0.41276698727466005,1.6036616,3.0521,0.4401084413252364,0.18704036565521642,-0.40840554463159906,2.49602707012287,1.2425324135269646,3.1013945396684077,3.643787415599483,0.6424694446233689,0.41276698727466,0.015437585722771999,0.25070615186926837,0.2502304048914694,0.06261525553214872,0.92640621,1.5808,0.1684677487792158,-0.4209890787418299,0.29573449126547624,3.695187386080091,1.255589088747207,4.639636962838475,5.499012224672717,0.2502304048914694,0.06261525553214872
114,190.3,-0.005640370128000002,0.4864730316997204,0.4864403322052319,0.23662419679593638,1.2886804,2.4816000000000003,0.3441429200872882,-0.13665558601573372,-0.48526188317239694,2.6490274198703148,1.2216329864223738,3.236139278050928,3.744608198457606,0.48644033220523186,0.23662419679593635,-0.0081769528814,0.6382686526895722,0.6382162724717516,0.40732001044773714,1.5785616,3.048,0.4365622771627142,0.22446977197194107,-0.3603335208540437,2.4731930564789115,1.2426512036978488,3.0733163286106815,3.6158909795397722,0.6382162724717516,0.40732001044773714,0.011726979721239999,0.24932282651947243,0.2490468826752838,0.06202434977027657,0.81110621,1.4515,0.1674219544658589,-0.345903524638836,0.07390851265349241,3.253236862917771,1.2544601488418825,4.081055999273726,4.8446824825796835,0.2490468826752838,0.06202434977027658
115,191.0,-0.007996005317999998,0.487041835945504,0.4869761943464195,0.23714581386012173,1.2886804,2.4556,0.3404762522507904,-0.18105808610679708,-0.4590102341984412,2.645933685549331,1.2289156463239699,3.2516293053072203,3.784934753836443,0.4869761943464195,0.23714581386012173,-0.010010633869109997,0.6410132518139157,0.6409350795600043,0.410797776210589,1.5785616,3.005,0.4351676962528836,0.1860651304335342,-0.36560223876737297,2.4626036911608997,1.2458672354406366,3.0680772526925373,3.6274788169999415,0.6409350795600044,0.4107977762105891,0.006062657705460001,0.2516455473945449,0.25157250586072916,0.0632887257050466,0.81110621,1.4665,0.16930433585602717,-0.343751558735402,0.08267738148379689,3.2232090668717426,1.2579395257278188,4.054602084902245,4.790817706462921,0.2515725058607291,0.06328872570504658
116,191.7,-0.0054439329410599984,0.4905816896681004,0.49055148336514237,0.24064075783174158,1.3049196,2.5683,0.3356771794945052,-0.12357668727934416,-0.459358098712475,2.6599435475931323,1.238301027942143,3.293810829252646,3.887424226946475,0.49055148336514237,0.24064075783174155,-0.007698939866829999,0.6456556497388618,0.6456097461815758,0.41681194436463875,1.6093616,3.1778,0.43966695993485677,0.15383184841303785,-0.3913036928383238,2.492600507175788,1.2433928929959452,3.099281755700464,3.6604105986004747,0.645609746181576,0.41681194436463886,0.01152640868988,0.24792920443492528,0.2476611239465105,0.06133603231444883,0.85400621,1.5093999999999999,0.16588800801378362,-0.33008605043285255,0.12757379124621115,3.4445567312105565,1.260282054517998,4.341113034113839,5.148088883730768,0.2476611239465105,0.061336032314448834
117,192.4,-0.001292295567040002,0.49290662532681373,0.4929049312628505,0.24295527126323538,1.2850804,2.466,0.33816573047629056,-0.1953767897774028,-0.4922661541540041,2.6071477516617847,1.2357657396577013,3.221823869729238,3.8001497023072814,0.4929049312628505,0.24295527126323538,-0.0041592558677,0.6374119289169504,0.6373983587335744,0.4062766677162544,1.5846616,3.0711,0.4348360147243413,0.158607084392836,-0.4007447229115284,2.4860871409993153,1.2437608607393125,3.092097882362245,3.644274039730991,0.6373983587335743,0.4062766677162543,0.021797925704339995,0.24338905084837575,0.24241097439650153,0.058763080507861325,0.94240621,1.5478,0.16395436779652162,-0.39761685937590796,0.28147218884046543,3.8720156338794856,1.2549057188210186,4.859014562319758,5.747978676417999,0.24241097439650153,0.05876308050786132
118,193.1,-0.003797230157020001,0.4901960889229705,0.49018138136664413,0.24027778663851143,1.2719804,2.3709,0.3413258379047572,-0.16886111502376996,-0.5663909854414513,2.5948399604630037,1.2275287067667269,3.185240540933776,3.7265869112285914,0.49018138136664413,0.2402777866385114,-0.002573033486900003,0.6349752978528033,0.6349700846354351,0.4031870083819316,1.5714384,3.1125,0.4341864451928755,0.16391071129254278,-0.337964052265721,2.474802414068528,1.2461335424221704,3.083934299038153,3.619270977706204,0.6349700846354349,0.40318700838193144,0.01793765970442,0.2448828242910624,0.24422497414698557,0.05964583799709577,1.1153062,1.72469999,0.16129227291799939,-0.5639624501222246,0.8752311433842199,4.554448451943577,1.275642170050057,5.8098465066184275,6.91481482542576,0.24422497414698555,0.05964583799709576
119,193.8,-0.0009243426650400018,0.49076031941380666,0.49075944891747025,0.24084483670177909,1.1964804,2.3874,0.339594814035419,-0.14858682766605175,-0.5212825892550965,2.4380137363777648,1.23218449903219,3.004082734392233,3.523258749985533,0.49075944891747025,0.24084483670177909,-0.00023189748643999986,0.6349439137976024,0.6349438714502038,0.40315371989217297,1.6441616,3.1836,0.4336685982596456,0.22831375540727228,-0.33173893955730493,2.589459579455234,1.2443701013550068,3.222246079341403,3.7912858034872268,0.6349438714502038,0.4031537198921729,0.023106230698922,0.23892865344082914,0.23780875412384642,0.056553003537936034,0.75712621,1.36652,0.16377157857248742,-0.31636565449262266,0.12422333837158206,3.1688380572885237,1.2467372372037413,3.9507084046899656,4.623062295664972,0.23780875412384642,0.056553003537936034
120,194.5,-0.00336896726102,0.4847950291153672,0.4847833230573881,0.2350148703145639,1.2667804,2.4007,0.33683451862398806,-0.18653215450036603,-0.4851346988139831,2.6130226671497963,1.2297946554036374,3.2134813105093776,3.7608390172567807,0.48478332305738814,0.23501487031456397,-0.005323630872520001,0.6436487543055848,0.6436267380038404,0.41425537787346417,1.6286616,3.1681,0.4368850683338933,0.1963037320253982,-0.3820454523569903,2.530357728660749,1.2449522770300154,3.1501746159966975,3.727894858506084,0.6436267380038403,0.4142553778734641,0.018257192692921996,0.24462147770514772,0.24393921839184365,0.0595063422696236,0.89160621,1.533,0.16542645982733337,-0.3347761526422284,0.24937074787678126,3.6448402583631245,1.2558216143932064,4.577269177462931,5.389743641559088,0.24393921839184365,0.05950634226962359
121,195.2,-0.0030215643480200017,0.4801672030866722,0.4801576960426317,0.23055141306896831,1.1926804,2.3406000000000002,0.33713769104312896,-0.16378210319113667,-0.5306847945294231,2.483885597210845,1.2237607414510672,3.0396816801223707,3.537665564208376,0.4801576960426317,0.23055141306896831,-0.005739389870400002,0.6354098183782152,0.6353838971010769,0.4037126966953519,1.7412616,3.2707,0.4317210144470485,0.2216569689511822,-0.3588718418360233,2.7403756593568223,1.2463160453361117,3.4153741545049345,4.033302854692447,0.6353838971010769,0.4037126966953519,0.01243199870878,0.25290154465834547,0.252595797072481,0.063804636698682,1.0329062,1.67429999,0.1667688364020701,-0.49254978332491745,0.5555223925105528,4.084222583121796,1.2728385718376147,5.198556039767681,6.193640384404448,0.252595797072481,0.06380463669868199
122,195.9,-0.0049392770340400015,0.4784202688516298,0.47839477128251173,0.2288615571904467,1.2874804,2.5044,0.33341625332429864,-0.19740091673401064,-0.44403110520237465,2.6911075550590438,1.2293865048829538,3.308411311378149,3.8614806181860817,0.4783947712825118,0.22886155719044676,-0.006275383854599999,0.6351831748584584,0.6351521748217103,0.40341828518074835,1.7412616,3.2777000000000003,0.42190302483770015,0.2734051693121935,-0.24020732241583787,2.7413534692382484,1.2617246662778971,3.4588332911243844,4.127160739532118,0.6351521748217102,0.4034182851807483,0.014556947999800002,0.24513895239838426,0.24470635718736128,0.05988120124790844,0.85830621,1.4577,0.16423338389552922,-0.45829442506080154,0.4708602276287479,3.501304878733165,1.2620359847096305,4.4187727504006435,5.226137278800628,0.24470635718736128,0.05988120124790844
123,196.6,-0.0018516160490400022,0.48274877985730935,0.4827452288440849,0.23304295597172786,1.3549196,2.6424,0.3396064782911045,-0.19071489030109234,-0.4626084704763249,2.8066763843514764,1.2229039690870358,3.4322956903662716,3.9896753643155987,0.48274522884408483,0.23304295597172783,-0.00332080986962,0.6330917867817161,0.6330830772594349,0.4007941827122757,1.7053616,3.2728,0.424803937346954,0.20866407454455088,-0.25961093436568516,2.6937035602200794,1.2559408045712233,3.383132216699175,4.014467499172835,0.6330830772594349,0.4007941827122757,0.01872009569184,0.2406754990731736,0.23994635623699215,0.05757425387140954,0.83100621,1.5034,0.16362400440572278,-0.30719829635485324,0.12742617938443068,3.452807673403206,1.2505445341383246,4.317889763405245,5.078754874739732,0.23994635623699212,0.057574253871409534
124,197.3,2.810034995800148e-05,0.48739506514819,0.48739506433813906,0.23755394874117872,1.2603804,2.4123,0.33797393688722643,-0.2123947070649586,-0.4522307310601277,2.5859523210740507,1.2306372214322028,3.182369179162725,3.7292236543688215,0.48739506433813906,0.2375539487411787,-0.0009766629847200025,0.6329479403926155,0.6329471868779165,0.4006221413766682,1.6919616,3.1374,0.433791632645734,0.1651511180230807,-0.44527132677318493,2.6731449650511254,1.2395177624964802,3.3134106659089024,3.900401650627917,0.6329471868779166,0.4006221413766683,0.020325179690460004,0.2418986577080466,0.24104324854993386,0.0581018476715052,0.76667621,1.43907,0.16232145835706935,-0.35589378088089835,0.17714161910103465,3.169410765913882,1.2595558199776322,3.9920497761065947,4.723196906680638,0.24104324854993386,0.0581018476715052
125,198.0,-0.003119880368062001,0.4854625007074275,0.4854524754696365,0.23566410593959802,1.2599196,2.4903,0.3338136232879377,-0.15161167669172845,-0.49319449343500876,2.595297470276314,1.2346653362363444,3.2043238237720395,3.7743204953418896,0.4854524754696365,0.23566410593959802,-0.006032172965739999,0.6303623915473773,0.6303335288294923,0.3973203575666404,1.5654616,3.0138999999999996,0.4292076238461215,0.1810372995778742,-0.40439489283976693,2.4834311516542016,1.2434299818469126,3.087972751819441,3.6473294345797678,0.6303335288294923,0.3973203575666404,0.017170315676959997,0.24072239517514435,0.2401092497143996,0.0576524517984119,0.83190621,1.4383,0.16136630890837467,-0.441459649328169,0.4181483396085315,3.455873764444406,1.2643343778514573,4.369380005901992,5.155389719376703,0.2401092497143996,0.0576524517984119
126,198.7,-0.0016132958550200036,0.4853647748493227,0.48536209363836597,0.23557636194101794,1.2798804,2.5397999999999996,0.3371117464664841,-0.19851376691373207,-0.5006039265729334,2.6369453786532566,1.2290443771425967,3.2409228904659404,3.796605764751204,0.48536209363836597,0.23557636194101794,-0.0029957778792200026,0.6269503340319975,0.6269431765780147,0.39305774665773163,1.6723616,3.1208,0.4274320813602355,0.27224380615504057,-0.31355679781305046,2.667454675787202,1.2456116675227538,3.322612666748663,3.912578566115046,0.6269431765780147,0.39305774665773163,0.01873139969288,0.24145998558325324,0.2407323395462488,0.05795205930341043,0.85970621,1.4870999999999999,0.16334312066462323,-0.32806394214671103,0.22342177133466645,3.560450017933017,1.253978126251124,4.464726442098426,5.263192024873533,0.2407323395462488,0.057952059303410436
127,199.4,-0.0021811383600400013,0.48424654231122694,0.48424163015568294,0.23448995637583323,1.2798804,2.5448,0.338402112252231,-0.16703064672082799,-0.5303548671253542,2.643034669677448,1.2232406772489999,3.233067519328828,3.782128874674487,0.48424163015568294,0.23448995637583325,-0.002589965762800002,0.6269642304232864,0.6269588808746642,0.3930774383076114,1.6723616,3.1858,0.4227605622391371,0.21000580835634586,-0.34799372796131145,2.6673955528067808,1.2504130622969378,3.33534624154236,3.9558126972449674,0.6269588808746641,0.3930774383076113,0.01979955670285,0.2453845699087108,0.24458447355393104,0.059821564703653594,0.85970621,1.5561,0.16615380736691424,-0.34461692834692753,0.20399796062132358,3.503505580321665,1.2540478289144052,4.3935635665918875,5.174158953225354,0.24458447355393106,0.0598215647036536
128,200.1,-0.0004679272440399997,0.4851228951870582,0.48512266951645105,0.23534400447876777,1.2649196,2.4823,0.3428707152487788,-0.14788868558452428,-0.4778137524854915,2.6074209495147835,1.2212745939491338,3.184376961373132,3.6892027920267396,0.485122669516451,0.23534400447876774,-0.002649487754619998,0.6314879636441147,0.6314824054888852,0.3987700284420289,1.6099616,3.1234,0.4200995499706694,0.20371108313938557,-0.34147409413865537,2.5494731375550335,1.2577881004763036,3.2066969749007077,3.832333550731975,0.6314824054888853,0.39877002844202897,0.022040511691349997,0.24334272808262103,0.24234252444644525,0.05872989915507591,0.77284621,1.46924,0.1635084766913812,-0.40567984992563394,0.1313325698830239,3.1759576959193088,1.256037692709274,3.989122576524751,4.726643080766577,0.24234252444644525,0.058729899155075906
129,200.8,-0.0006792700469999988,0.48017047334779234,0.48016999288506795,0.23056322206724622,1.1976804,2.3806000000000003,0.33606698246082095,-0.20556368355752622,-0.48264907255566536,2.4942816488687094,1.2279010253297458,3.0627309941070573,3.5638145444401905,0.4801699928850679,0.23056322206724617,-0.0008290138490999999,0.6292077616607528,0.6292072155261513,0.3959017200701727,1.7484616,3.3379,0.4189672983167705,0.24883032422034201,-0.3142957290026005,2.7788303109692256,1.2581169802007166,3.4960935993268207,4.17326509019812,0.6292072155261513,0.3959017200701727,0.0190144446899218,0.2404207627307924,0.2396676741765353,0.05744059404518989,0.80790621,1.4992999999999999,0.16038168200126504,-0.4226334150105964,0.4993009453442494,3.3603845226322693,1.2664756908680574,4.255845309883031,5.037397038856517,0.23966767417653528,0.057440594045189884
130,201.5,-0.00025691157402000006,0.47475696323232786,0.4747568937193277,0.22539410813402505,1.2499196,2.4476,0.32623076682713115,-0.1620405913256351,-0.4938180336679694,2.632756750928026,1.2341639191482618,3.249253389889377,3.831397057231972,0.4747568937193277,0.22539410813402505,-0.0011188448612000003,0.6195439137491998,0.619542903477921,0.3838334092498525,1.6047616,3.1942,0.41372827483080366,0.20259747517904877,-0.26353840657123273,2.5902305944524704,1.260365787055399,3.264638021832062,3.8787815521099582,0.619542903477921,0.3838334092498525,0.022516028684,0.23818096299936597,0.23711431755085274,0.05622319958760664,0.80790621,1.4992999999999999,0.1620045561279386,-0.3642019084562861,0.35822071199613825,3.39198481619268,1.2560748241612685,4.260586731556913,4.986935116577699,0.23711431755085274,0.05622319958760663
131,202.2,-0.0057885235640100004,0.47514582121669846,0.47511056020113857,0.2257300444146397,1.2911804,2.4271000000000003,0.3286266744136529,-0.18038626982063963,-0.45768084855143165,2.7174402937895876,1.2334253329515863,3.351759699143479,3.929018854917267,0.4751105602011385,0.22573004441463967,-0.00620427895367,0.6246404956588602,0.624609682713622,0.39013725573961155,1.6811616,3.2176,0.4184656676023199,0.14214827943939198,-0.36740215951317623,2.6914066758139645,1.2542950505831834,3.3758180725799947,4.017442122868863,0.6246096827136219,0.39013725573961144,0.01383184169146,0.24180328657445263,0.24140735190467844,0.05827750955362925,0.91830621,1.5227,0.16296648716986278,-0.3593200930299449,0.26743165467104824,3.797740812415501,1.2599027123796498,4.784783950477185,5.634938973942744,0.24140735190467844,0.058277509553629245
132,202.9,0.0003082424469999987,0.48451422542203487,0.48451412737185307,0.23475393962290828,1.2905804,2.5785,0.3358981718759317,-0.20252088897534815,-0.456358770117538,2.6636584279354096,1.2317466497351577,3.2809523446482576,3.842177505141923,0.4845141273718531,0.2347539396229083,-0.000461052761790002,0.6265429991616394,0.6265428295246964,0.39255591722881283,1.6597616,3.1252,0.4224212646317385,0.1431718899576277,-0.42011557502378327,2.649078518506923,1.249597522137979,3.310281952675199,3.929162045019109,0.6265428295246964,0.39255591722881283,0.02011841969593,0.2368659695230616,0.2360100351829099,0.055700736707038366,0.82340621,1.4128,0.159069584686457,-0.4031991031341039,0.21216047463619248,3.476253729727233,1.257079224621299,4.369926343152409,5.1763900158727445,0.2360100351829099,0.055700736707038366
133,203.6,-0.0010230096560299988,0.48219117104605946,0.4821900858437612,0.2325072788860138,1.2879196,2.5734,0.3355052703078902,-0.23955248024173773,-0.4138582462067433,2.670973002691035,1.2311639626830642,3.2884057062125778,3.8387462552170573,0.4821900858437612,0.2325072788860138,-0.001795783866519999,0.6274761885413518,0.6274736188451965,0.39372314234668687,1.6597616,3.1572,0.42148610918173524,0.2724048064736996,-0.28952806047524193,2.6451387802592587,1.2530499024586583,3.3144908905934787,3.9378797161838337,0.6274736188451964,0.3937231423466868,0.022428763494357996,0.2389448342279367,0.23788985764914466,0.056591584372330306,0.78329621,1.44169,0.16085649512513,-0.3533409551037613,0.20396606931001093,3.278146658959742,1.2555697505621457,4.115941782896215,4.869534235410732,0.2378898576491446,0.05659158437233029
134,204.3,0.0008809633330000036,0.4819557766585518,0.4819549715047598,0.23228059455815384,1.2854804,2.4844,0.33474675300094936,-0.19483395366244888,-0.4979617804589078,2.6672165004689137,1.2284779864183903,3.2766167558379564,3.840157935740617,0.48195497150475974,0.23228059455815375,-0.0007351648714200017,0.6211538261038437,0.6211533910525291,0.38583153521605607,1.7735616,3.391,0.4190547733318228,0.2388164400804337,-0.28491831264660883,2.8552695410806312,1.2521968422246017,3.5753595030412537,4.232290652362119,0.621153391052529,0.385831535216056,0.0237828952932,0.23919934546683658,0.2380140768173927,0.056650700763235716,0.81610621,1.4115000000000002,0.15966780021138594,-0.374770010058177,0.33631711330728953,3.4118245951185004,1.262036915762439,4.305848589145785,5.111276092734717,0.2380140768173927,0.05665070076323571
135,205.0,-0.0038623552500399996,0.4828732779603966,0.4828578308158012,0.2331516847801409,1.2327804,2.4646999999999997,0.3346517556585672,-0.16523247530403443,-0.4840971579987281,2.5530101918398307,1.2303805789635385,3.1411741579357053,3.6837709026028844,0.4828578308158012,0.23315168478014087,-0.004788526858040002,0.6202430361715099,0.6202245512149472,0.3846784939297827,1.6404616,3.1109,0.41514368410660996,0.2194533909397044,-0.3332311100955647,2.6448690341222614,1.255740434974863,3.3212689913602342,3.9515513852276873,0.6202245512149472,0.38467849392978265,0.012870039704322,0.24359309468137966,0.2432528681320341,0.05917195785446077,1.1505062,1.7458999899999998,0.16307223505457807,-0.5299702414232552,0.6837242240819017,4.723065740040229,1.2652672309005197,5.975940310261814,7.055193666873708,0.2432528681320341,0.05917195785446077
136,205.7,-0.0066621001570199975,0.47246514880561474,0.4724181762563857,0.22317893325740953,1.2456804,2.4776,0.3249262638358694,-0.1532804443754141,-0.4452363947857316,2.636555104961842,1.2361008476166047,3.2590480000312194,3.833732568411991,0.4724181762563857,0.22317893325740953,-0.01132107624786,0.6283856216406142,0.6282836323805128,0.3947403227172513,1.6728616,3.1023,0.41832460513204894,0.2369682909197592,-0.3233479998379636,2.6621576662311695,1.2581146792943994,3.3492996384815545,3.998955785715598,0.6282836323805128,0.3947403227172513,0.0099148096835,0.24471644849232269,0.24451551425550816,0.05978783671163561,0.86010621,1.4445000000000001,0.16333969513660912,-0.474749872215626,0.4079795250912799,3.514705346939454,1.267224200576607,4.453919673537675,5.265751287711479,0.24451551425550813,0.0597878367116356
137,206.4,-0.0019669421710199995,0.46526335983272604,0.46525920210279836,0.21646612514133257,1.2456804,2.4166,0.3209039443040206,-0.11129146110560224,-0.4481126685076191,2.6773662135093845,1.2338199688247038,3.303387898084464,3.881785880512136,0.4652592021027983,0.21646612514133254,-0.005338021850880002,0.6179050865633987,0.6178820288077981,0.38177820152364067,1.6728616,3.1783,0.4143632708198015,0.2429629437012316,-0.3049339335468675,2.7073115861595354,1.2531242429098586,3.392597781727256,4.037186009972141,0.6178820288077981,0.38177820152364067,0.01735826969533,0.24174960834046905,0.2411256178964698,0.05814156360595436,1.1564062,1.79879999,0.16256223625422236,-0.5431878249125951,0.8497086978965114,4.783487377449524,1.2647748849453349,6.050034697451183,7.113621383699215,0.2411256178964698,0.05814156360595436
138,207.1,-0.0010511613710399974,0.4644154488640352,0.4644142592592903,0.2156806042033553,1.1952804,2.3102,0.3198556251569955,-0.1785594669842885,-0.3845666188696173,2.573730918994335,1.236533346778177,3.1825041069705384,3.7369372491520747,0.4644142592592903,0.2156806042033553,-0.0018083778605399985,0.6126077550696442,0.6126050859574891,0.37528499134098264,1.6232616,3.1237,0.41271548828251814,0.2314184971606882,-0.31930840958213036,2.649756857575954,1.2511055244974036,3.315125443088156,3.933124988245706,0.6126050859574891,0.3752849913409826,0.020050299696750002,0.2358986928816317,0.2350450569259709,0.0552461787853329,0.79223621,1.45163,0.16007364820810074,-0.3126602877622132,0.3515580620331096,3.3583747341810204,1.254759541123946,4.213952740383231,4.9491981901360065,0.23504505692597089,0.055246178785332896
139,207.8,-0.0038631826680600016,0.46955615343276635,0.46954026136876575,0.22046805704624886,1.1952804,2.3842,0.32339388216843334,-0.14413398833220542,-0.4437559934443982,2.5455536920594244,1.234225198248748,3.141786510234875,3.6960513661710572,0.4695402613687658,0.22046805704624892,-0.005318472861420002,0.6116156851850844,0.611592560624181,0.37404546021084256,1.5786616,2.9891,0.4148327577495794,0.18228951522844308,-0.37459388618508793,2.5811332806520038,1.246930054631135,3.2184926626536443,3.8055374618052342,0.611592560624181,0.37404546021084256,0.01877477269289,0.23425012780948265,0.23349653164252626,0.05452063028908927,0.86760621,1.495,0.15936996842309192,-0.33643302990034113,0.22894021886739724,3.703759814831907,1.251352969942616,4.634710844244021,5.443975540590546,0.23349653164252626,0.054520630289089274
140,208.5,-0.0013992991700199995,0.47302683565558323,0.47302476596069143,0.22375242921216693,1.3350804,2.524,0.32400708037886106,-0.17370127146772507,-0.3657690515042411,2.822419996847893,1.2413722409889296,3.5036738364990363,4.120528472522552,0.47302476596069143,0.22375242921216693,-0.0008239358583200014,0.6180993773890371,0.6180988282292863,0.38204616145841674,1.6397616,3.0502000000000002,0.41643851537518833,0.1875906311755136,-0.37735175034240287,2.6529093216800312,1.2513270627073476,3.3196572291268156,3.9375839156535855,0.6180988282292863,0.3820461614584168,0.020668888685809995,0.23195454031343818,0.23103182857024704,0.05337570581251201,0.73577621,1.26817,0.15832689948646936,-0.34679679817761494,0.07725477039835793,3.1720707385410605,1.2478002973516598,3.958110810772034,4.64719648010842,0.23103182857024704,0.05337570581251201
141,209.2,-0.00516045616001,0.4735187700805155,0.47349064965507476,0.22419339531078475,1.3350804,2.563,0.326128783558573,-0.21114123974159124,-0.3730848731826977,2.8194878098981957,1.237343191912992,3.488674046259205,4.0937214600692196,0.47349064965507476,0.22419339531078475,-0.008551565847719999,0.6159982958645167,0.6159389346595495,0.37938077122954084,1.5962616,3.1257,0.4158555364272754,0.24473190942370016,-0.3667069679387409,2.5913409350585015,1.248407889206941,3.2350504669519244,3.838500296795143,0.6159389346595495,0.3793807712295408,0.014431856109430001,0.2396954034137298,0.23926054406631148,0.057245607946907376,1.0018062,1.6401999900000002,0.16125974486702435,-0.4996040193607317,0.4882503749759146,4.179496918724043,1.259916693208631,5.265817937114458,6.21237619361295,0.2392605440663115,0.05724560794690738
142,209.9,-0.0054331171510099965,0.47589140417780135,0.47586038898855926,0.22644310980834292,1.3090804,2.541,0.33084168257693114,-0.18351700377769914,-0.43074010574136024,2.750796481104132,1.2309775074857157,3.386168595910042,3.9568182273876493,0.47586038898855926,0.22644310980834292,-0.005668248845200001,0.6097322524993659,0.6097059050829173,0.37174129069297934,1.6255616,3.1550000000000002,0.41099961654551104,0.27286271225157815,-0.3095376390729352,2.666025281320821,1.249664368531244,3.3316367996701164,3.9551414029604026,0.6097059050829173,0.3717412906929794,0.014800390123390003,0.24203255418489011,0.24157960538393392,0.05836070573745723,1.0018062,1.6401999900000002,0.1637054571572196,-0.48404648661172855,0.5057350102730775,4.139138238547507,1.2576403196256405,5.205547137301598,6.119565085957303,0.24157960538393392,0.058360705737457226
143,210.6,-0.001457217166,0.4726093095979957,0.4726070630416195,0.22335743603682529,1.2623804,2.4943,0.32575325197474925,-0.17754946331713337,-0.43318194917150077,2.671086612901867,1.234824229149788,3.2983224677688656,3.875265687594282,0.4726070630416195,0.2233574360368253,-0.0021183128553499994,0.6088217627857692,0.6088180775832943,0.37065945159221814,1.6239616,3.0494,0.4083838685277177,0.23043650187824335,-0.30027454542735343,2.667384281023863,1.254030249043128,3.3449805742260805,3.97655667902509,0.6088180775832943,0.3706594515922182,0.0164386246894,0.23563675898103495,0.23506265930897532,0.05525445380140741,0.82790621,1.4473,0.15981782690624308,-0.36680255997685196,0.19825267951732783,3.513484965504187,1.2550119810664804,4.4094657270047035,5.180312021672589,0.23506265930897532,0.05525445380140741
144,211.3,-0.002158293357010004,0.466190850887841,0.46618585480612157,0.21732925122131427,1.2141804,2.3951000000000002,0.32587585348121156,-0.14901904478802078,-0.4534256253548907,2.6044706748054884,1.2274349801524764,3.1968184110375817,3.72589864216498,0.46618585480612157,0.21732925122131427,-0.00529878087044,0.612317260304172,0.6122943329704221,0.37490435018769414,1.6239616,3.0244,0.4138913408972668,0.21509063506593062,-0.3441841370236354,2.6521571500259324,1.2507370879053634,3.3171513104908232,3.923642365842798,0.6122943329704221,0.3749043501876942,0.016581308692920002,0.2385525768253446,0.2379756124312784,0.056632392112042025,1.1708062,1.78719999,0.15827482928423464,-0.6042089887186248,0.9837042656351409,4.907958721641483,1.275055197735697,6.2579182783012195,7.397298770087007,0.2379756124312784,0.05663239211204203
145,212.0,0.0005307013450000011,0.46673585378834276,0.46673555207163697,0.21784207556761573,1.3470804,2.591,0.32391157285442346,-0.17242587755722782,-0.31519212301646027,2.8861729585721507,1.2339973249510598,3.56152971022412,4.158790586359884,0.4667355520716369,0.2178420755676157,-0.0022717508640199974,0.6120517202646519,0.6120475042240852,0.37460214742693154,1.5506616,2.9571,0.4130220744698535,0.23406951738915563,-0.33316458639065294,2.533546673685505,1.2500956548905944,3.167175688236768,3.7544279007130474,0.6120475042240853,0.3746021474269317,0.0224042726922,0.23043064817150635,0.22933890246069044,0.05259633218187408,1.1708062,1.89119999,0.15573613666958508,-0.47613063438611763,0.8483941651433216,5.080948256191099,1.259136925934507,6.397609568132754,7.517883935210367,0.22933890246069044,0.05259633218187408
146,212.7,-0.0009218486660000021,0.46467793851933886,0.46467702411634193,0.21592473674161944,1.4440804,2.661,0.3213071361218656,-0.19675835357553095,-0.3108686235370275,3.1077016580590273,1.2345458915407503,3.8366003140911493,4.494392553585514,0.46467702411634193,0.2159247367416194,-0.001338034561219997,0.6057226030829745,0.6057211252293647,0.36689808154912773,1.5506616,2.9451,0.41166748760034205,0.269950068786478,-0.29436178378872313,2.560019375383262,1.2467526002591556,3.1917108129729015,3.766781800134346,0.6057211252293647,0.3668980815491278,0.01637192370396,0.23368596099136427,0.23311175105234214,0.05434108847868914,0.77389621,1.49429,0.16153223806323316,-0.3378228568444429,0.10948677656740058,3.3116932087700333,1.2414177492943141,4.11119472958456,4.790970640158231,0.23311175105234214,0.05434108847868913
147,213.4,-0.0003027823640399949,0.4728608979344276,0.47286080099559236,0.22359733711819318,1.3090804,2.531,0.3251505280204014,-0.23043861943020572,-0.2868314919291013,2.7684259910649924,1.2388815872042773,3.4297519858681724,4.026074962787274,0.4728608009955923,0.22359733711819316,-0.0026000665586,0.6066155266452427,0.6066099544361071,0.36797563682097595,1.5456616,3.0221,0.4109284241233516,0.18720600491916792,-0.32460850918596496,2.548008634971727,1.2498296146715728,3.184576650426554,3.761388867896923,0.606609954436107,0.36797563682097584,0.0220438372876918,0.23171777476378308,0.23066685149607663,0.05320719637911307,0.76941621,1.33081,0.15589580001703154,-0.2957866121469807,0.1626895193863036,3.3204885157573933,1.2565505391693212,4.172361634780492,4.935451820484848,0.23066685149607663,0.05320719637911307
148,214.1,-0.0010456671590400013,0.48123444652330877,0.4812333104646725,0.23158549910078785,1.3090804,2.541,0.3304464881755859,-0.25211837335231624,-0.26470685667876914,2.7202549806180474,1.2406968442895203,3.3750117701156617,3.9615503473119302,0.4812333104646725,0.23158549910078785,-0.0024000678636,0.6076684203711105,0.6076636806577885,0.36925514879057075,1.5410616,3.0175,0.41457125453109733,0.19179945428570502,-0.42865377382546654,2.536023838557967,1.2431467394020363,3.1526497659491732,3.717241808631967,0.6076636806577884,0.36925514879057064,0.0185097392968818,0.23415203445054886,0.23341928966666936,0.05448456478849249,0.82150621,1.3829,0.15731313678124556,-0.4962873924016302,0.32928746089158434,3.508430801926241,1.2592056453138176,4.417835871978407,5.222108126560081,0.23341928966666936,0.05448456478849249
149,214.8,-0.002887874450999998,0.4840926167113983,0.484084002767747,0.2343373217356441,1.3350804,2.6340000000000003,0.33403057356595683,-0.18976411324924392,-0.31339817386138824,2.7579028349360994,1.2388831328253873,3.416719304173652,3.9968808416166683,0.48408400276774705,0.23433732173564414,-0.00453405986164,0.6064002909378978,0.6063833400999223,0.36770075515073813,1.6178616,2.9733,0.4077630598482744,0.2892873564818876,-0.27809933752476246,2.667976292520755,1.2538393641910328,3.3452136982909724,3.967651215394534,0.6063833400999223,0.3677007551507381,0.014061462708882,0.23486766932671824,0.2344463635065628,0.05496509736145139,0.80708621,1.3584800000000001,0.16063093096074818,-0.5507464762248071,0.36931961891926424,3.4363444415897177,1.2490601230105545,4.292200810918688,5.0244757044782355,0.2344463635065628,0.05496509736145139
150,215.5,-0.0009314282640799978,0.47272506990728874,0.4727241522920528,0.22346812416023992,1.3350804,2.49,0.3222039530267758,-0.22160491335960672,-0.3414170870328439,2.8242216988023023,1.2424685764232601,3.509006713614578,4.1435878966048945,0.4727241522920528,0.2234681241602399,-0.0018236022682599979,0.5992443345870427,0.5992415598149337,0.3590904470094347,1.6178616,2.9793,0.403906644319678,0.29115772031216447,-0.262265137018201,2.699836288172698,1.25246244824338,3.381443567341097,4.005533513134087,0.5992415598149337,0.3590904470094347,0.019214690705292,0.23315299557741914,0.23235988252670467,0.05399111500782399,0.74874621,1.3771399999999998,0.16002998351527,-0.3946947120617259,0.204733781478613,3.2113943384929686,1.245171400474013,3.998736385935606,4.678787021986757,0.2323598825267047,0.053991115007824005
151,216.2,-0.0022068909520999986,0.4696587482402062,0.4696535632047125,0.2205744694308829,1.2215804,2.3455,0.32613478907148863,-0.17996869455738765,-0.4517034622998115,2.6009957327042583,1.2300674348376184,3.199400148951119,3.745630459963687,0.4696535632047126,0.22057446943088296,0.0008688867262,0.6051480551626034,0.6051474313776257,0.3662034137029383,1.5642616,2.9817,0.4128017551680203,0.21754271623309723,-0.312918074610681,2.58492378295702,1.245313652244699,3.21904087692839,3.789377298949002,0.6051474313776257,0.3662034137029383,0.01643338070139,0.23523179618565968,0.23465707305652417,0.05506394193545492,1.0597062,1.68809999,0.1551954750962055,-0.6111806065195479,1.0044495992067333,4.504944557595493,1.2757963602760867,5.747391869825896,6.828202944338998,0.23465707305652414,0.055063941935454906
152,216.9,-0.00520676755406,0.4684615821727086,0.468432645684943,0.21942914354339538,1.2968804,2.5788,0.3216553804795043,-0.17416423441984324,-0.3605631484167886,2.768381547927823,1.23956676775325,3.4315937672726307,4.031894004280884,0.4684326456849431,0.2194291435433954,-0.006908372772130002,0.605630258956265,0.6055908560646155,0.3667402849490739,1.5464616,2.9638999999999998,0.4201362992959389,0.22874348133104255,-0.4233861802146568,2.5534747927970955,1.2326668369363298,3.147583696033846,3.6808569090353496,0.6055908560646155,0.3667402849490739,0.011396323985430001,0.23452490492021694,0.2342478491415789,0.0548720548274559,1.0597062,1.63809999,0.1532475930409563,-0.5806987791945636,0.7389020119758518,4.51852309826328,1.2812071926508568,5.789164293653949,6.9149940887932075,0.2342478491415789,0.0548720548274559
153,217.6,-0.00241777614106,0.45712738304051426,0.4571209891090112,0.20895959868400074,1.3079196,2.6048,0.31928660409192516,-0.18318351037375072,-0.34368239358855623,2.8611709744897995,1.2300377081687304,3.5193481881403255,4.096381067160085,0.4571209891090112,0.20895959868400074,-0.003981587751839998,0.6060203889098007,0.6060073091418622,0.3672448587333605,1.5294616,3.0179,0.40723338024608885,0.2961544523249357,-0.30040301192029206,2.523779113688604,1.2527214349655942,3.161592192836184,3.755737309833872,0.6060073091418623,0.3672448587333606,0.015576196998460001,0.23085077337930865,0.230324687467258,0.053049461656890076,0.88840621,1.4538,0.15767084334256581,-0.46811830430685214,0.3958966906874659,3.8484004060071673,1.2516451856292545,4.816831840552539,5.6345624287033935,0.23032468746725798,0.05304946165689007
154,218.3,-0.0016035904641020057,0.4579584472856547,0.4579556397053226,0.20972336793791124,1.2406804,2.4696,0.3134775935841993,-0.17276416645995352,-0.36612278636950846,2.709154962319359,1.238859329608728,3.3562619004251197,3.9577961085335316,0.45795563970532255,0.2097233679379112,-0.002856948848999997,0.6000041783726417,0.599997376584184,0.3599968519079031,1.5964384,3.1404,0.40232280378313967,0.20365425173880847,-0.29141125416134184,2.660712137588661,1.25353965498938,3.3353081749789464,3.9680534759359887,0.599997376584184,0.3599968519079031,0.013243119690340002,0.232372772122402,0.23199509694111448,0.0538217250047171,0.77962621,1.3910200000000001,0.15840055196857444,-0.3162918134172357,0.04860126471986481,3.355066959348116,1.2494038169128578,4.191833465007752,4.9218654879098676,0.23199509694111448,0.05382172500471711
155,219.0,-0.001417252178121999,0.46648066978399677,0.4664785168455133,0.21760220667838984,1.3390804,2.6340000000000003,0.3174857323260725,-0.21239327877003844,-0.3309018913968802,2.87060212081255,1.2422348999833661,3.565962138439617,4.217765599068567,0.4664785168455133,0.2176022066783898,-0.00134322685752,0.6013057614732732,0.6013042611877635,0.3615668145225621,1.5333616,2.9428,0.4096084888897913,0.2045163420949627,-0.3699536802820975,2.550053064921705,1.2434210920950168,3.1707897668851914,3.743481010747715,0.6013042611877635,0.36156681452256206,0.018725819677820003,0.2342269825427189,0.23347724306334636,0.054511623028460916,0.78925621,1.41365,0.15649664132300403,-0.441594308836469,0.33989871328889887,3.3696212171287887,1.265171563507975,4.263148943704476,5.043278905717859,0.23347724306334636,0.05451162302846091
156,219.7,-0.0002472168700000015,0.4667977580232234,0.4667976925599857,0.21790008577932696,1.3037804,2.5987,0.3208305671792869,-0.19440241032014002,-0.3810760380443732,2.793030552505645,1.2373400372328047,3.4559285278296956,4.063766153776177,0.4667976925599857,0.21790008577932696,-0.000858457073699999,0.6037126786782011,0.6037120683308075,0.3644682614482615,1.5239616,2.8834,0.4168462901315282,0.2660089179085613,-0.36811229856409744,2.5243160427517246,1.2379631623110174,3.1250102709573584,3.6559317812787584,0.6037120683308075,0.3644682614482615,0.01993005967488,0.22503792100714085,0.22415364956335618,0.05024485861257189,0.79685621,1.39025,0.15174563080606576,-0.49903856506664335,0.524625244159767,3.540986365469997,1.2604379234551994,4.463193501476177,5.251262957405341,0.22415364956335618,0.050244858612571885
157,220.4,-0.0016800210640400025,0.46923434143700904,0.4692313338994402,0.22017804471304794,1.3250804,2.585,0.32332059225369486,-0.224074529054462,-0.431256595115022,2.823920337846546,1.2350566719312035,3.487701654259595,4.098348301181726,0.46923133389944016,0.2201780447130479,-0.0059516458658599985,0.6075020961287698,0.6074729415474704,0.3690233747123365,1.5359616,2.9754,0.40946143458459516,0.2878337484494668,-0.2726557883028362,2.5283231280809084,1.2530918271130962,3.168221048099204,3.7511752518482147,0.6074729415474704,0.3690233747123365,0.013202071489810998,0.23256610316140472,0.23219108003551528,0.05391269764805906,0.76158621,1.39598,0.15851878500131317,-0.44532994488886696,0.1739700785072662,3.274708565209293,1.250836236121711,4.0961241361019205,4.804390911737628,0.23219108003551528,0.05391269764805907
158,221.1,-0.00014115866605999593,0.46270617289435506,0.46270615136258103,0.21409698250877177,1.2264804,2.3984,0.31866615805145343,-0.19157433924235873,-0.404378064928264,2.6506679008149514,1.235559956836428,3.2750591171186265,3.84879400906439,0.46270615136258103,0.21409698250877177,-0.004026547866360003,0.5982603222791143,0.5982467719309397,0.3578992001257897,1.5517616,2.8682,0.40557478894252835,0.2681661381538419,-0.3397076550526279,2.5937899309258157,1.248539834180971,3.23845005025839,3.8260800284109653,0.5982467719309396,0.35789920012578963,0.01788552166828,0.22946092201463203,0.22876280914182387,0.05233242284645854,0.85080621,1.4232,0.15124416907034724,-0.45365139979574887,0.5505670554289543,3.707847953063427,1.2715695515546204,4.714786558909578,5.625381892271628,0.22876280914182387,0.05233242284645853
159,221.8,-0.0004949153710399981,0.46412259023516356,0.4641223263595202,0.215409533825373,1.3260804,2.498,0.3184273896580893,-0.18728641253017386,-0.37945587273157066,2.857177021545312,1.239686516552705,3.5420038290139404,4.164467137779434,0.4641223263595202,0.21540953382537298,-0.0011078978737199994,0.6016763289175087,0.6016753089016961,0.36201317734195143,1.5129616,3.0023999999999997,0.4106966024299826,0.21910221859451495,-0.3274226854553204,2.514577235773938,1.2461627311147427,3.1335724357310117,3.6838912010671825,0.6016753089016962,0.3620131773419515,0.016312059674339997,0.22967882498632516,0.22909884189205268,0.05248627935627975,0.85080621,1.5102,0.1496730891772948,-0.4286901367343048,0.6671537344756637,3.704330210025483,1.2829092674444593,4.752319556116173,5.68443007808959,0.2290988418920527,0.05248627935627976
160,222.5,-0.0004768632240400037,0.45253086826543243,0.4525306170134036,0.20478395933453175,1.2679196,2.3823,0.3111063206260599,-0.14987373405933221,-0.3797566193401556,2.801841131545308,1.2381806425861186,3.4691854526809873,4.07551861192817,0.45253061701340364,0.20478395933453178,-0.0005187548714000037,0.6023122720905774,0.6023120486959372,0.36277980400429705,1.5129616,2.7724,0.4143253474714447,0.2999348488410299,-0.3397181495693844,2.5119222537980708,1.2399040555216332,3.114542589639269,3.6516269381859945,0.6023120486959374,0.36277980400429716,0.01798730768825,0.2270058701967559,0.22629211622571965,0.051208121865914606,0.78143621,1.44183,0.1505817236856624,-0.3310128063471197,0.37940631295664184,3.442361245207867,1.2674517748720464,4.363026869989458,5.189449229783284,0.22629211622571965,0.05120812186591461
161,223.2,-0.0004705998050199982,0.4599003952852082,0.45990015451107896,0.21150815211931429,1.2680804,2.52,0.32163022187461554,-0.20871314346274933,-0.3943885360980106,2.7572935639979117,1.2276784196482333,3.385069805155201,3.942665563605988,0.45990015451107896,0.2115081521193143,-0.0038608458647200012,0.599347232975463,0.5993347975418688,0.35920219954455285,1.5374616,2.8589,0.4060926633799559,0.2831095086473174,-0.29492202246050825,2.5652268258039044,1.2484080759195233,3.2024498858989987,3.785987137033037,0.5993347975418688,0.3592021995445529,0.0196800776773105,0.22931451063982233,0.2284684646348292,0.0521978393325962,0.80890621,1.4693,0.1520090750057112,-0.48751629886292797,0.48209640678358046,3.5274968328128415,1.2685438019800912,4.4747842437691325,5.321433670783196,0.22846846463482923,0.05219783933259621
162,223.9,-0.0006193784440600005,0.4621048682483437,0.4621044531587659,0.21354052562916206,1.2680804,2.504,0.3270162891832639,-0.2407591488639654,-0.43186318331768714,2.7441398849719763,1.2197668448494146,3.347210849317703,3.877728547305949,0.4621044531587659,0.21354052562916206,-0.00015622917010000225,0.5938695287317736,0.5938695081821808,0.35268099274854525,1.5374616,2.8329000000000004,0.4048682791173909,0.25849996013548,-0.32834267253601057,2.5888878375075013,1.246049372559446,3.225882065553003,3.7974365473917895,0.5938695081821808,0.35268099274854525,0.016899138082771797,0.23147332937866502,0.2308556287936323,0.053294321345703353,0.80890621,1.3753,0.15403653137295067,-0.4982744652267343,0.5110772559045254,3.49459789674826,1.2672866116878534,4.428657127781601,5.251392009350624,0.2308556287936323,0.053294321345703353
163,224.6,-0.0010883941400599997,0.47034040624541257,0.47033914694111484,0.2212189131452956,1.3150804,2.551,0.3296519145964278,-0.18044508878529802,-0.3223661657046897,2.796018335949266,1.2282700860055147,3.4342656819694004,3.9893000518743253,0.47033914694111484,0.2212189131452956,-0.0011790748673000016,0.5901581394616767,0.59015696162574,0.3482852393553252,1.4757616,2.8162000000000003,0.40083877603763685,0.24970727331144144,-0.32775688808313364,2.5006205986519854,1.2479506680674355,3.120651146670936,3.6816837297732716,0.5901569616257399,0.34828523935532507,0.01866920566042,0.23139578951121878,0.23064143635420156,0.053195472163529205,0.80900621,1.3674,0.15435013385722862,-0.5044678661440727,0.5809238757172825,3.496201083472078,1.2684865998386832,4.434884224725816,5.2413703168428585,0.23064143635420153,0.0531954721635292
164,225.3,-0.002182642158020001,0.48057005283603516,0.4805650962731684,0.23094281175603962,1.3480804,2.638,0.33018440850662606,-0.24336055188703248,-0.35076232535917384,2.8051693859083415,1.2389803064629272,3.4755496254331386,4.082810590897259,0.4805650962731684,0.2309428117560396,-0.0037966708750000015,0.6006249849878724,0.6006129851093372,0.36073595788194895,1.6776616,3.0551,0.41405913485237866,0.25557096491730114,-0.35468530056493774,2.7931931603442615,1.239090564129913,3.4610192887747857,4.0517439630890495,0.6006129851093371,0.3607359578819489,0.01788522466683,0.22792618736454248,0.22722338265494058,0.05163046562515355,0.83050621,1.3759000000000001,0.15167410553892638,-0.49376056336734964,0.5402689703952985,3.643750722999188,1.268875182516755,4.623464863691152,5.475596556505519,0.22722338265494058,0.05163046562515355
165,226.0,-0.002265047168182001,0.4772583021433917,0.47725292720539586,0.2277703565261189,1.2931804,2.5370999999999997,0.3285095994572391,-0.25232822235848024,-0.3808340658438798,2.709602733346408,1.2365605741802645,3.3505879117472483,3.9365071892467745,0.4772529272053959,0.22777035652611893,-0.004279704867739997,0.596932552183006,0.5969172103248174,0.3563101559819623,1.5460616,2.9225000000000003,0.40501510768323135,0.2556349903007671,-0.27352691975660504,2.5900105369459103,1.2497109961491117,3.236764648163369,3.8172936531770043,0.5969172103248174,0.3563101559819623,0.01223854468789,0.23406705221100801,0.23374687795706123,0.05463760295467327,0.83050621,1.3709,0.15790424764630498,-0.48092153076127314,0.28322155371680324,3.548155121171479,1.2572053278722177,4.460759522453877,5.259555853495966,0.2337468779570612,0.054637602954673264
166,226.7,-0.0032428401601200013,0.4687490317925294,0.4687378145553542,0.21971513879412963,1.2931804,2.4381,0.3264580582967686,-0.20446613830328553,-0.42306416460089036,2.7587905516407933,1.2297876170783333,3.392726458520552,3.961245149673796,0.4687378145553542,0.21971513879412963,-0.005036066874000001,0.5934303802060558,0.593409010870196,0.3521342541819445,1.5805616,2.923,0.4037353857323742,0.28347341894376465,-0.2586320523268233,2.663432228480086,1.2497648691949426,3.3286640306360096,3.9148453562792573,0.593409010870196,0.3521342541819445,0.014837890689919999,0.23434217535661825,0.2338719567428853,0.054696092150746015,0.76451621,1.41991,0.15989176102499275,-0.40091340911840895,0.04891654743101492,3.262392733346318,1.2469904199334703,4.068172484543427,4.781460940195025,0.2338719567428853,0.054696092150746015
167,227.4,-0.002853385145049997,0.45869354534686374,0.4586846702649755,0.21039162673608933,1.2029196,2.3559,0.3181522121188591,-0.1656049156129162,-0.3880410275906847,2.622490794132176,1.2345175224274545,3.2375108377608615,3.7809562661491065,0.4586846702649755,0.2103916267360893,-0.0012498348698399995,0.5926520464277292,0.5926507285474079,0.3512348860477733,1.5805616,3.1029999999999998,0.4021279055515492,0.2755137275802398,-0.2889523753585479,2.6669301313089133,1.2496298589946246,3.3326755239360732,3.9304946962885823,0.5926507285474079,0.35123488604777336,0.013958939670460002,0.2331615963052328,0.2327433736863003,0.054169477994880824,0.85870621,1.5141,0.15650509998383946,-0.39880984383260126,0.307761002797478,3.682880129521262,1.2615215632314856,4.646032698187839,5.486761837720746,0.2327433736863003,0.054169477994880824
168,228.1,-0.0018164316680500025,0.461135730481791,0.4611321529702416,0.21264286250297032,1.2379196,2.4067999999999996,0.31608815834375964,-0.15184083681023736,-0.423425803388378,2.6845015863477575,1.2394724478344734,3.327365752445982,3.9163744902259463,0.4611321529702416,0.21264286250297032,-0.002338152865720001,0.600407281492426,0.6004027287665353,0.36048343671030175,1.5543616,2.8628,0.4058675308355846,0.2870356784485998,-0.2844074132845633,2.588845352002294,1.2514758079670827,3.2398773285988978,3.829726405558828,0.6004027287665353,0.3604834367103018,0.013878068673352001,0.2326306077772985,0.23221627609780718,0.053924398884733014,0.90740621,1.4808,0.15242162571145687,-0.5514247290678254,0.6505576404627202,3.9006312138799744,1.2780109947957834,4.98504957798223,5.953264215392726,0.23221627609780718,0.05392439888473301
169,228.8,-0.0017965396690000008,0.46202579318673564,0.4620223003438794,0.21346460601504993,1.3009804,2.5389,0.3196034177155991,-0.23111993783487186,-0.36853820845357754,2.815817686338967,1.2347854590394856,3.476930734397564,4.070608535099224,0.4620223003438795,0.21346460601504996,-0.004937567874139998,0.5968257586205004,0.5968053339041334,0.3561766065764241,1.5409616,2.8514,0.40370101485132937,0.30090291638350597,-0.27887607600140596,2.5819287752622637,1.2518040609112353,3.232068925856874,3.817086267587136,0.5968053339041333,0.356176606576424,0.01567276869738,0.23082764895983507,0.23029495835923824,0.05303576784568327,0.90740621,1.5008,0.15582318468485554,-0.43941917978360684,0.363929222222207,3.9310984368163466,1.2557833032192027,4.936607780265076,5.823306793755902,0.23029495835923822,0.053035767845683264
170,229.5,-0.0036006379640400005,0.46608731570032114,0.4660734075904596,0.21722442126298272,1.3009804,2.5099,0.3232571293441181,-0.22770517929326275,-0.35858761651580373,2.791280423594466,1.2328118327692845,3.4411235347845186,4.024599249024026,0.4660734075904596,0.21722442126298272,-0.00400842086454,0.5927176949758524,0.5927041407816047,0.3512981984996603,1.5686616,2.9641,0.39982981436585274,0.21059083898347808,-0.307447074976241,2.64655773447747,1.2507347635494857,3.3101417622517406,3.9233232331309877,0.5927041407816047,0.35129819849966026,0.00954111969692,0.2372578215691337,0.23706589997437402,0.056200240930659916,0.90370621,1.4971,0.16109781308998794,-0.3871331686333324,0.24075141477617512,3.808962773168986,1.2529622946157413,4.7724867363757495,5.609673977977572,0.23706589997437405,0.05620024093065992
171,230.2,-0.0021235979690399994,0.47137258438568364,0.47136780081174867,0.22218760364210435,1.2099196,2.4132,0.32390655892566694,-0.20704897773607184,-0.4134674388223276,2.5668009555049283,1.2370624429971901,3.175293060704448,3.7353970355310513,0.4713678008117486,0.22218760364210433,-0.00030686486580000125,0.5949185568110479,0.5949184776690787,0.35392799507209405,1.5702616,2.9697,0.4045377494312757,0.22688640002489965,-0.33987141096416984,2.639456413020801,1.2453771094000898,3.2871185980353745,3.8816194587713295,0.5949184776690787,0.35392799507209405,0.012542738683419997,0.2316143314698006,0.23127446518913866,0.05348787824852211,0.75600621,1.2793999999999999,0.15413262533609812,-0.4053767465552387,0.17236661035405243,3.2640735363932913,1.263709094819216,4.124839414098924,4.90490711068776,0.23127446518913863,0.0534878782485221
172,230.9,0.0008023412539799961,0.47578724653790894,0.47578657002550745,0.22637286021663708,1.2779804,2.4879,0.3319800489103956,-0.20123382206303017,-0.39173914064750415,2.6860333253976267,1.2301965122247274,3.3043488286235463,3.8495698888969625,0.47578657002550734,0.22637286021663702,-0.0006946198722199985,0.5941268529746323,0.59412644691915,0.35298623492877346,1.6579616,2.9694,0.40727459820262113,0.30602719625642816,-0.357293780983297,2.7905851952306735,1.2404569596972457,3.4616008270519862,4.070869156379735,0.59412644691915,0.35298623492877346,0.01930430866238,0.2258227743106515,0.22499615344362447,0.050623269064427004,0.82830621,1.3517000000000001,0.15043282941721467,-0.5019028101542015,0.4863576447904303,3.667948073565629,1.2664433521184693,4.645248453682937,5.506153232701302,0.22499615344362447,0.050623269064427004
173,231.6,-0.0004216241619999992,0.47210852336428416,0.4721083350951038,0.22288628006627084,1.3120804,2.447,0.3280598417109446,-0.20982726633791063,-0.41487246090760577,2.7791923574054693,1.232769283972762,3.4261029724613126,3.999515433394867,0.47210833509510386,0.22288628006627087,-0.0024579388482799986,0.5922218203471351,0.5922167196490592,0.35072064303189243,1.5428616,3.0763,0.39782850196952146,0.32333597382626716,-0.2455355227157825,2.6052089723672127,1.2540904715251537,3.267167748577559,3.8782078015068966,0.5922167196490592,0.3507206430318924,0.01622384669032,0.23208854446200503,0.23152079662324304,0.05360187926906107,0.89380621,1.5362,0.15737431422887918,-0.4566556566275325,0.49177747815261563,3.8511431577628947,1.254795097530345,4.8323955542484125,5.6794923261751755,0.23152079662324307,0.05360187926906108
174,232.3,-0.005633016155129996,0.4623419475572133,0.46230763091257,0.21372834559999304,1.3120804,2.498,0.32664218246001386,-0.1936696457228837,-0.4647256942550393,2.837900404521773,1.2222428340634153,3.468603433212404,4.016873724386834,0.46230763091257,0.21372834559999304,-0.007123206854280003,0.5923426062689093,0.5922997747134092,0.3508190231255553,1.6084384,3.1765,0.3995544106055616,0.2438854127411911,-0.283625598544325,2.7153852905016387,1.2499620227758181,3.3941284903311306,4.025580389820408,0.5922997747134092,0.35081902312555535,0.00791210667732,0.23599940589670945,0.23586673812033465,0.05563311815152653,0.89380621,1.4792,0.15723618605083317,-0.44843357704417003,0.40608454821338746,3.787323983312038,1.2679773053935977,4.802240859012544,5.684481622513025,0.23586673812033465,0.05563311815152653
175,233.0,-0.0033678099551799935,0.4587791992400613,0.4587668378506206,0.21046701151145764,1.2730804,2.508,0.3184716923530997,-0.1218090266548416,-0.38992730221202665,2.774930515831531,1.2315492828958903,3.417463686858245,3.997468002865684,0.4587668378506206,0.21046701151145764,-0.0024845648554399987,0.590757023117309,0.590751798389056,0.34898768729990387,1.6084384,3.1824000000000003,0.39740165466866034,0.27516928896112547,-0.2799054063341373,2.7226733446393676,1.2535559386503932,3.413023340177808,4.047387274572523,0.590751798389056,0.3489876872999039,0.013104369675960001,0.23000904119358004,0.22963543830642905,0.05273243452618578,1.2681062,1.84649999,0.15206827851160923,-0.619665621362088,1.0873945204844153,5.513288492571635,1.2734492029148843,7.020892836305152,8.33905803637535,0.22963543830642905,0.05273243452618578
176,233.7,-0.0010551321680200023,0.4538971854370774,0.45389595905208124,0.20602154164380862,1.2589196,2.4991000000000003,0.31178454342501066,-0.1556887070718965,-0.34271809739834325,2.7735787759682435,1.2388710516862804,3.4361064551185243,4.037787076198635,0.45389595905208124,0.20602154164380862,-0.0007946438387399999,0.5929906908128841,0.5929901583769424,0.35163732793191116,1.5739616,2.9914,0.3953202406559567,0.3376546561468521,-0.25448713736585793,2.6542770812175487,1.2577687461603866,3.338466756405247,3.9814849788321443,0.5929901583769424,0.35163732793191116,0.013627203677342,0.22642345025146357,0.22601300436858326,0.05108187814371324,0.81050621,1.4239000000000002,0.15115185693700697,-0.4757294586939838,0.5350206741265833,3.5796036545678467,1.2655700941516974,4.53023933413719,5.3621981656353785,0.22601300436858326,0.05108187814371324
177,234.4,-0.0020112220730400024,0.46127443590645295,0.4612700512786293,0.21277006020658928,1.2722804,2.5312,0.31373826684192396,-0.21686944542873898,-0.2654871466342681,2.7581853685427737,1.2451446023406711,3.43433962389605,4.055228623548923,0.4612700512786293,0.21277006020658928,-0.006942661846799999,0.5898246103804549,0.5897837488918598,0.3478448704569364,1.5291616,2.9466,0.39483692256482134,0.26698347782944376,-0.2688697347891136,2.5925700167269117,1.2558838105353933,3.255966711686802,3.8728941307381244,0.5897837488918599,0.34784487045693646,0.015719283685881998,0.23039101131176756,0.22985413247027292,0.05283292221366177,0.79417621,1.4075700000000002,0.15839414096292273,-0.3419111255349665,0.19937346511661147,3.4470798382203913,1.2458956053417443,4.294701621700916,5.013924158886045,0.22985413247027298,0.052832922213661794
178,235.1,-0.004267703985020002,0.4685776539294666,0.46855821886371735,0.21954680446473923,1.2459196,2.4863999999999997,0.3220025078394185,-0.17991863046808437,-0.3724643464333828,2.658939429893394,1.23739192817093,3.2901501880455,3.8692853927129525,0.4685582188637173,0.21954680446473918,-0.004985461850479999,0.5887371387837894,0.588716029808481,0.34658656375346036,1.4910616,2.8985000000000003,0.39726185762914884,0.1993909009604943,-0.33597511787178735,2.5326440303736035,1.2496259515085726,3.164857706288121,3.7533469961063646,0.5887160298084813,0.34658656375346053,0.0131473496803,0.2339574647023173,0.23358776185048724,0.05456324248631995,1.0129062,1.59129999,0.15445182055561654,-0.5135215055888922,0.4858944894751773,4.329445958430099,1.27106873901022,5.503023414994638,6.558072260697391,0.23358776185048727,0.054563242486319954
179,235.8,-0.000267371567999998,0.4707188032599652,0.4707187273255,0.22157612025493842,1.2899804,2.5359,0.32581882303422666,-0.16306054693299002,-0.3016335874274856,2.7404479937198913,1.236415896474168,3.388333462896015,3.9591954448392626,0.47071872732549996,0.22157612025493836,0.0015179421267300006,0.5910895865962722,0.5910876375244638,0.3493845952342519,1.6301616,2.9396,0.40368609593909294,0.2611620477390828,-0.3573884300860213,2.7578926053952597,1.2417424982132093,3.424592453627246,4.038191100458299,0.5910876375244638,0.3493845952342519,0.01710571966734,0.2268979400691274,0.22625222554104457,0.051190069562275696,1.0129062,1.5522999899999999,0.14974341467807825,-0.5536368878402637,0.7010637805498785,4.464148945959602,1.2746361825624235,5.690165770868013,6.7642787642953675,0.22625222554104457,0.0511900695622757
180,236.5,-0.0035620605599999983,0.4746021294348534,0.47458876197047095,0.22523449298866433,1.2899804,2.5488999999999997,0.32386750047954455,-0.2161408136670698,-0.3155379386007353,2.7180248886284653,1.2433749240263883,3.379523989400251,3.9830498524549394,0.4745887619704709,0.2252344929886643,-0.004568145860949997,0.5947787986334384,0.5947612557549704,0.35374095134722927,1.6301616,3.1596,0.40188469567907514,0.2982997835764789,-0.27886283752724195,2.740786328876304,1.249388855540171,3.4243078947149126,4.056291810877429,0.5947612557549704,0.35374095134722927,0.01573755965992,0.22580694907992455,0.22525786882755972,0.0507411074687341,0.79502621,1.39442,0.15338560733674103,-0.472636286895274,0.3967069567607533,3.5208226019589848,1.2579243612829265,4.4289285227597475,5.18318650494116,0.22525786882755972,0.050741107468734094
181,237.2,-0.0007284451630200018,0.46968615251153306,0.46968558763148305,0.22060455122873152,1.2589196,2.4922,0.3226939518705941,-0.210691444453016,-0.36582173852923594,2.680342167356291,1.238063360590433,3.3184334312493746,3.9012804321317085,0.469685587631483,0.2206045512287315,-0.0032540598533999992,0.5914732376184167,0.5914642862534327,0.34983000191328256,1.5294384,3.0442,0.39849313701435335,0.272092990121515,-0.27926597488381777,2.585811669448183,1.2515323355245533,3.236226917891129,3.8380545558678247,0.5914642862534327,0.3498300019132826,0.016114699683341796,0.22637008541856002,0.2257957750413454,0.050983732026521865,0.72035621,1.31975,0.15671812419420703,-0.40491216632824606,0.15320107529384908,3.1822058496291854,1.2418760261997766,3.951905155087176,4.596508627855485,0.22579577504134543,0.05098373202652187
182,237.9,-7.372167042000833e-06,0.4632577216908191,0.46325772163215967,0.21460771665181955,1.1842804,2.3002000000000002,0.3164116861592729,-0.1652751847151226,-0.34410874250863843,2.556418046692367,1.2425233492129497,3.176409113364627,3.7428465881752104,0.46325772163215967,0.21460771665181955,0.0007831401482800002,0.5864078536307501,0.5864073306937178,0.3438735574913313,1.6798616,3.0543,0.3915141245986262,0.26133592143241,-0.25695733252427955,2.8646642257587787,1.2581289675213025,3.6041170446491035,4.290679427522995,0.5864073306937178,0.34387355749133125,0.019146319677339995,0.22803163443039146,0.22722641735460425,0.051631844743808795,0.82110621,1.4355,0.15305582105020266,-0.4760328929936723,0.3532213716274044,3.600843418287428,1.2594063149538988,4.53492494015137,5.364749960935333,0.22722641735460425,0.051631844743808795
183,238.6,-0.0007842572640399994,0.46141811065245675,0.4614174441637709,0.21290605777862665,1.1842804,2.3402000000000003,0.3186662683583658,-0.16406087994644622,-0.3409046965447988,2.566610136575259,1.2369222461795983,3.174697175199995,3.7163657330313407,0.4614174441637709,0.21290605777862665,0.00041938063240000114,0.5851602699726903,0.5851601196889591,0.3424123656743969,1.5559616,2.8664,0.3996083673696867,0.29317619666921735,-0.32480283996314085,2.6590349342627406,1.245260810452412,3.311191997261296,3.8937162658572286,0.5851601196889591,0.342412365674397,0.0187517179795,0.22549194924048727,0.22471090815777453,0.05049499224509178,1.0454062,1.6567999900000001,0.14944656247740032,-0.5690096338785557,0.7671289761477924,4.636113189500499,1.2714329002098612,5.894506838227809,6.9951839819540105,0.22471090815777453,0.05049499224509178
184,239.3,-0.0005136022411400021,0.4633220039565391,0.4633217192869779,0.21466701556304116,1.2322804,2.4522000000000004,0.3238020555437135,-0.2123410174206674,-0.32131462402474487,2.6596630194053796,1.2297805369799761,3.270801816190132,3.8056595963568283,0.46332171928697796,0.2146670155630412,0.0005282026471999952,0.5875049648173256,0.5875047273741467,0.3451618046869705,1.5240616,2.9885,0.39478172427969066,0.28618406953790465,-0.26981243386884435,2.5941254819418935,1.2539846443926876,3.252993519982915,3.8605171067145183,0.5875047273741467,0.3451618046869705,0.01724049967242,0.22614509433612529,0.22548695940861035,0.050844368863340296,1.0454062,1.7517999899999999,0.15193363466381823,-0.4634498005589831,0.6069478857540025,4.622723314290363,1.2622852942178293,5.83519565886663,6.880676568510705,0.22548695940861035,0.05084436886334029
185,240.0,-0.003432440462139998,0.4621706708398919,0.46215792467193456,0.21358994733706954,1.2648804,2.4958,0.315676527966413,-0.25651925460836744,-0.24867968754455516,2.736825332731224,1.2437949143125753,3.4040494302129174,4.006887709226767,0.46215792467193456,0.21358994733706954,-0.004565112857619998,0.5874933844019786,0.587475647546933,0.34512763646068834,1.5233616,2.9878,0.39697112200900536,0.24624108757001012,-0.31784109500058877,2.592985113442019,1.2497410713231587,3.2405599935980307,3.8374620105626787,0.587475647546933,0.34512763646068834,0.01563662967046,0.22650289227019896,0.22596251020758787,0.05105905601931425,0.77786621,1.48426,0.15221139656601163,-0.36088492047442905,0.25481826364266036,3.4342440496171274,1.2594627885736143,4.325302587373129,5.110433433692673,0.22596251020758787,0.05105905601931425
186,240.7,-0.0027678339660700013,0.4651508514634539,0.4651426165299331,0.21635765371231241,1.2599196,2.512,0.3190091318788887,-0.21612514082403378,-0.27872480975075486,2.708625806092907,1.2405447599572617,3.360171550433569,3.949478162519581,0.4651426165299331,0.21635765371231241,-0.0011113358590999992,0.5822304206616142,0.5822293600261056,0.33899102767640854,1.5695616,2.9509999999999996,0.39737575020597,0.2519607361484673,-0.31721197180921434,2.6957739484248133,1.2447507500341477,3.3555666442243024,3.94981726787922,0.5822293600261056,0.3389910276764085,0.0158191116924,0.2285836443273938,0.22803560721794272,0.05200023815925585,0.73157621,1.3099699999999999,0.15515221677289548,-0.38060034123627373,0.16824233502205388,3.2004748727874173,1.252430803223759,4.0083733156226025,4.715215968011896,0.22803560721794275,0.05200023815925586
187,241.4,-0.0010342859481100013,0.4709928563569136,0.47099172072534545,0.2218332009918218,1.2545804,2.4425,0.3270181576217989,-0.198346208294138,-0.32689375812455035,2.6636930540816772,1.2344450414027497,3.288182682430073,3.8364242803023183,0.47099172072534545,0.22183320099182183,0.001587882133280002,0.5831334319351852,0.5831312700163129,0.3400420780708381,1.5415616,2.866,0.40127961481993707,0.2751054953152421,-0.3455785216369578,2.643582953020165,1.239737271990217,3.277348318457061,3.841614532778428,0.5831312700163129,0.3400420780708381,0.013139884872429999,0.2260477968344339,0.22566557087699665,0.050924949879240795,0.77319621,1.30159,0.1507459303861697,-0.4347317089349772,0.21953335402819185,3.42049876542844,1.2620990087123403,4.3170081011490185,5.129134882907177,0.22566557087699662,0.05092494987924079
188,242.1,-0.0015123491390400003,0.47221695118061163,0.4722145294062793,0.2229865617823938,1.2545804,2.4975,0.3278295028452648,-0.222867367010564,-0.3126972808863555,2.6567881497336447,1.2359722446317727,3.283716412937387,3.8269295140046036,0.4722145294062793,0.22298656178239382,-0.0032474868724200016,0.585334359079173,0.5853253503374339,0.3426057657476398,1.6380616,2.9675,0.40066016675811955,0.32849406554986926,-0.2760100540701913,2.7985058020119298,1.245171210006627,3.4846188557017608,4.088406424961395,0.5853253503374339,0.3426057657476398,0.014850178684790003,0.22647917278891602,0.22599178724055768,0.05107228790018149,0.72483621,1.25223,0.15158300981125872,-0.41736140584188947,0.09160493210481802,3.2004541568842826,1.2572192439597605,4.0236725554459305,4.781777396441189,0.22599178724055768,0.05107228790018149
189,242.8,-0.004192514156039998,0.473210840339322,0.4731922677302522,0.22391092223969866,1.2652804,2.4832,0.32348136853743853,-0.22970516458865725,-0.3248107497113977,2.6738195580910915,1.243224455385406,3.3241578639066445,3.911447530102684,0.47319226773025214,0.2239109222396986,-0.00561026686152,0.582879765324882,0.5828527650538615,0.33971734573093193,1.6380616,2.9215,0.39331176235310905,0.315238263356989,-0.2644819534425218,2.8102907279462466,1.2518611757933793,3.51809385500802,4.164791793156123,0.5828527650538616,0.339717345730932,0.013513314701309998,0.23301794959157845,0.23262578351860902,0.05411475515764675,1.0932062,1.6725999900000001,0.15357475935640152,-0.44539056015684264,0.5561199909436882,4.691510683688162,1.2698884653478268,5.957695302271694,7.118397610267403,0.23262578351860905,0.05411475515764676
190,243.5,0.00013882222996000504,0.46098755586794987,0.4609875349654204,0.21250950739349467,1.4210804,2.723,0.312405866942352,-0.19142650406679879,-0.24018157682689356,3.082687117929641,1.248661655537013,3.849233200176649,4.548827504133367,0.46098753496542033,0.21250950739349464,0.0010194131499800029,0.5833135946447101,0.5833127038683136,0.34025371049416286,1.5949616,2.9444,0.392533448876955,0.2868403325171596,-0.27165413597566124,2.734312408699258,1.254924041964668,3.43135437991902,4.063250162663112,0.5833127038683136,0.34025371049416286,0.016768970683269997,0.2281676902275132,0.22755064598014668,0.05177929648598205,0.76752621,1.34692,0.1526765179405633,-0.39135120682570873,0.27826064132545225,3.3638689563569466,1.262536575804791,4.247007593614936,5.027139866385979,0.2275506459801467,0.051779296485982056
191,244.2,-0.0011066192520219975,0.4484418759281733,0.4484405105248746,0.2010988914798102,1.3019196,2.5478,0.30843827041198935,-0.1880237712273723,-0.22293406530343196,2.9032070149678164,1.2421108785744723,3.606105016045246,4.2210053838681905,0.4484405105248746,0.2010988914798102,0.0008554581243800006,0.5827545183663808,0.5827538904785019,0.33960209686782983,1.4882616,2.8847,0.39696155323390975,0.30096610337644236,-0.3003065386086816,2.553839658201195,1.2477070285033511,3.186443691208227,3.749132851470483,0.5827538904785019,0.3396020968678298,0.01648363366546,0.22325596300849868,0.2226466142568421,0.04957151484003504,0.77703621,1.35643,0.14831438906856523,-0.4559985649522731,0.4172672254929064,3.480472366914655,1.2670649097840296,4.409984405590525,5.239115468700605,0.2226466142568421,0.049571514840035046
192,244.9,-0.0012402414990439993,0.45391209615405,0.45391040177108477,0.2060346528359876,1.3910804,2.551,0.30924767644758333,-0.2690120750429888,-0.21188940485551155,3.0646471239398108,1.2461375419601148,3.818971834001491,4.498272763047856,0.45391040177108477,0.2060346528359876,0.0006914061381000009,0.5871990995994357,0.5871986925461775,0.34480230452794036,1.6223616,3.0268,0.3998901545499875,0.32957029691482254,-0.30490955993033264,2.762881620742797,1.2460304069111012,3.44263451014135,4.0570181124506774,0.5871986925461774,0.3448023045279402,0.015738639679921798,0.22466814229829135,0.22411619616794964,0.05022806938479089,0.77703621,1.35643,0.1522623971177405,-0.4246366991364638,0.15935177784285193,3.458595429023181,1.2510613828187782,4.326915180044446,5.1032705691552875,0.22411619616794967,0.050228069384790894
193,245.6,-0.0002509504890839986,0.4623001620440691,0.4623000939323121,0.2137213768498246,1.3910804,2.6260000000000003,0.3171546938603119,-0.2805700456853164,-0.2205563834315658,3.009041558301237,1.2421836344731774,3.7377821791714636,4.386125846249306,0.4623000939323121,0.2137213768498246,-0.0008261698684000005,0.587556640272838,0.5875560594292716,0.34522212297205374,1.7466616,3.0591,0.39914314998848066,0.28032148544893754,-0.2730055481056821,2.9727544210698045,1.248832193620534,3.712471424759744,4.376027999103602,0.5875560594292716,0.34522212297205374,0.019930309708339998,0.22841721976210513,0.2275460591589744,0.05177720903877948,0.73728621,1.3016800000000002,0.15557812675242502,-0.3283459885735487,-0.022704852838579814,3.227804850999755,1.243223685433372,4.012883442719632,4.739009431404584,0.22754605915897438,0.05177720903877947
194,246.3,-0.006131855961000004,0.46557648636133564,0.4655361049317663,0.2167238649950405,1.2991804,2.5121,0.31964712524017197,-0.25803708104893347,-0.2698985819500148,2.790476834759437,1.2431583867811722,3.469004680249773,4.064420723395651,0.46553610493176634,0.21672386499504054,-0.007700876856740002,0.5797961319011179,0.5797449879586161,0.33610425106313585,1.5319616,2.9694000000000003,0.39131806476912584,0.2519747386752388,-0.2964097895645543,2.642241842795306,1.2497817461776577,3.3022256241123897,3.9148757441183903,0.579744987958616,0.3361042510631358,0.00925022970384,0.23384062914092466,0.23365759796644675,0.054595873087449655,0.75746621,1.32186,0.16064860532979436,-0.3593011572275644,-0.06406420628932619,3.2392412421346637,1.2430226813461067,4.026450334325123,4.715050021411659,0.23365759796644675,0.05459587308744966
195,247.0,-0.002163943136060001,0.4730044702617186,0.4729995203355633,0.22372854623767297,1.2909196,2.5286999999999997,0.3282880463722426,-0.24053545934275353,-0.2986530373390064,2.7291911200875543,1.2364480291013211,3.3745029814730834,3.932277200663709,0.4729995203355633,0.22372854623767297,5.689145660002115e-06,0.5800846623874484,0.5800846623595504,0.33649821550479353,1.5313616,2.9688,0.3937986155693392,0.3046723673695538,-0.32197238797791083,2.639893276435531,1.245076713197374,3.286869643816198,3.888692187975357,0.5800846623595504,0.33649821550479353,0.01168958268428,0.23082841399823148,0.2305322328126944,0.053145110365606325,0.75746621,1.3568600000000002,0.1576228243484333,-0.4719127244755933,0.27185170957872806,3.2815119979371494,1.2517481529065102,4.107626582158379,4.805561714371913,0.23053223281269436,0.05314511036560632
196,247.7,-0.0032981951490799986,0.47429934278217184,0.47428787510578285,0.22494898847235867,1.4790804,2.77,0.32606188015162985,-0.25644818400655445,-0.30878166402678753,3.1184534039704266,1.2380714458128115,3.8608681145535493,4.536195397364995,0.47428787510578285,0.2249489884723587,-0.0028638188606200025,0.5873137494738628,0.5873067672542016,0.344929238862581,1.6181616,2.9176,0.39961808953675276,0.32233238718619656,-0.28705441355342165,2.755191073680139,1.247351198727128,3.436690888477204,4.049270146593747,0.5873067672542016,0.3449292388625809,0.014077373691379999,0.23048413726395942,0.23005383083153588,0.05292476508026493,0.76240621,1.3618000000000001,0.15616844514355657,-0.43133866994788544,0.20402259318270577,3.307846774404534,1.2528952347615778,4.144385460972896,4.881947881975544,0.23005383083153588,0.05292476508026493
197,248.4,-0.002018065167039998,0.46305638449307235,0.4630519869655864,0.2144171426327776,1.4790804,2.6550000000000002,0.3162253842913753,-0.2563975559900634,-0.26966645979723536,3.1941691110019197,1.243714733681188,3.9726351852224293,4.677298134412735,0.4630519869655864,0.2144171426327776,-0.0016444808431000024,0.586603822017027,0.5866015169497437,0.3441013396877405,1.6181616,2.8836000000000004,0.3963207492337967,0.2749290877124537,-0.32196156762984973,2.7585254975598006,1.2499453813830192,3.448006205102168,4.082959580411516,0.5866015169497437,0.3441013396877405,0.019136531877319996,0.22715816496137028,0.22635066833637896,0.05123462505632543,0.76240621,1.3568,0.15388185112901823,-0.3365341514028707,0.12952560898591248,3.356279137620486,1.2519136404835793,4.20177163365755,4.9544907629216155,0.22635066833637896,0.05123462505632542
198,249.1,-0.0027436645121600035,0.45235828410982276,0.4523499635324711,0.2046204895078279,1.3011804,2.4961,0.3092375726878586,-0.25558454119298496,-0.24447599136344067,2.8764376506568006,1.2447072326347706,3.5803227479954867,4.207704738755658,0.45234996353247103,0.20462048950782788,2.011133200000792e-06,0.583208891967744,0.5832088919642764,0.34013261166619896,1.5514616,2.9109,0.39764216408176384,0.2868914897537814,-0.2856423249513189,2.660215955839384,1.2456902300870023,3.313805026110677,3.901652641848579,0.5832088919642764,0.34013261166619896,0.01455394546134,0.22813881552526016,0.2276741131986178,0.05183550182077703,0.75040621,1.3128,0.1501421812697604,-0.4146653981632871,0.23411920019438925,3.2892526783409766,1.270951614146141,4.180481000871982,4.997970614611929,0.2276741131986178,0.051835501820777036
199,249.8,-0.0024351369702000016,0.44832406680552683,0.448317453357532,0.20098853898498287,1.3150804,2.427,0.3058582822091159,-0.27641069747526026,-0.24553954569393488,2.9333254611344635,1.2439626428483948,3.6489472929673132,4.299639658280946,0.448317453357532,0.20098853898498287,-0.0019086288624000018,0.5786049555552776,0.5786018075749421,0.33478005172899034,1.5407616,3.0502000000000002,0.3938715150614675,0.34179832804911703,-0.28190407167119513,2.6628904319033295,1.2467799690287162,3.3200384502152978,3.9118381022287156,0.5786018075749422,0.3347800517289904,0.014626619649880001,0.2228752073266443,0.2223947392329963,0.04945942003851242,0.77194621,1.3283399999999999,0.14700645717214436,-0.47571341409442935,0.4138153816413963,3.463580446023506,1.27237630477867,4.406977689215046,5.251104100114813,0.2223947392329963,0.04945942003851242
200,250.5,-0.0038938819691399992,0.4545847649183826,0.45456808750627403,0.2066321461791116,1.2015804,2.3335,0.3146589634335823,-0.24982011136730578,-0.28189133580711667,2.6432482844332346,1.2361693216917586,3.267502438830736,3.8186752631746583,0.45456808750627403,0.20663214617911163,-0.0023929838598,0.5883568401952174,0.5883519737646398,0.3461580450327474,1.6094616,3.1189,0.395598011863216,0.2951339795843908,-0.2390444335743389,2.7355194841721886,1.2553050089451512,3.4339113105484045,4.0684269175662475,0.5883519737646398,0.3461580450327474,0.013438909677459998,0.22856338139499524,0.2281679535372904,0.05206061502139512,0.78319621,1.3395899999999998,0.15601889456019913,-0.40466843067921837,0.20647508908207568,3.42660405713244,1.2504532046099561,4.284808024170737,5.019880522854285,0.22816795353729044,0.052060615021395126
201,251.2,-0.001664605264080001,0.4665894357262038,0.46658646639247053,0.21770293062061205,1.2958804,2.4368,0.3194341159244143,-0.2871317328702323,-0.2907002174623421,2.777346207984929,1.2407529274195084,3.4460004380147717,4.056800245802912,0.46658646639247053,0.21770293062061202,-0.001213707848220003,0.5822434882610152,0.5822422232504391,0.33900600653561414,1.5322616,2.9137,0.392534922232917,0.24302515985559978,-0.3332746614448556,2.6316509001696193,1.249768857738904,3.2889553394725435,3.9035039004524736,0.5822422232504391,0.3390060065356141,0.017853649679462003,0.229064182190782,0.2283673504594184,0.05215164675585482,0.78319621,1.33759,0.15548072674410593,-0.3944894783764269,0.15958168481228974,3.4191125059774503,1.254630979519394,4.289724472461498,5.03725591203985,0.2283673504594184,0.05215164675585482
202,251.9,-0.004470833253019999,0.46507376808863093,0.46505227815180245,0.2162736214141814,1.2607804,2.4817,0.3245190766779801,-0.26782416031856104,-0.31362560011358376,2.7109256348333286,1.2324571250651137,3.341099614172003,3.8850732995615878,0.4650522781518024,0.21627362141418138,-0.0016676108445199977,0.5782736580961431,0.5782712535843074,0.3343976427219663,1.5183616,3.0258000000000003,0.3921580546565852,0.29704399666842013,-0.30992480191684324,2.6256800370241993,1.2466497028709853,3.2733032379904956,3.8718103121192726,0.5782712535843074,0.3343976427219663,0.014715214700919996,0.23158194594236636,0.23111395488537453,0.05341366014275893,1.2686062,1.8499999900000001,0.15642403162844584,-0.6673427813855023,1.1918495427346718,5.47800129598927,1.2635216244961363,6.921573096500302,8.110046690353318,0.23111395488537453,0.05341366014275893
203,252.6,-0.0008978636500219954,0.48012367891049884,0.4801228393769846,0.23051794089141775,1.3580804,2.612,0.3328866657413346,-0.23973232984295642,-0.30697232133208674,2.8286053357788328,1.2357434121052573,3.4954304091344715,4.079708020072151,0.4801228393769846,0.23051794089141772,0.0018105771307000028,0.5798968808486374,0.579894054313745,0.3362771142284326,1.5423616,2.8148,0.3977754441314726,0.3431088286067026,-0.2700484564483503,2.659717013381525,1.2445253629463569,3.3100852814132424,3.8774681111039606,0.579894054313745,0.3362771142284326,0.01581203668088,0.2301363349884904,0.22959249155392078,0.05271271217793718,1.2686062,1.8499999900000001,0.15220182923361336,-0.6882059014561386,1.3230906543893992,5.5124115888238405,1.277937251517174,7.044516115052957,8.335025974312218,0.22959249155392075,0.052712712177937174
204,253.3,-6.73201530200016e-05,0.4703180430142033,0.4703180381961838,0.221199057052707,1.3140804,2.565,0.32394326149961683,-0.26089748499234844,-0.31892309076570013,2.7940250635043475,1.2388980709853297,3.4615122614601996,4.056514075695796,0.4703180381961838,0.221199057052707,0.002172823153480002,0.5837786825935843,0.5837746389577442,0.34079282909024455,1.5772616,2.9436999999999998,0.38967022655356737,0.317660766456714,-0.29243441138589166,2.701814312562111,1.2561686931670988,3.3939345541913104,4.047683124138241,0.5837746389577442,0.3407928290902445,0.02084804366788,0.22448222490417374,0.2235120318308395,0.049957628373150216,0.75330621,1.3096999999999999,0.1531504525093146,-0.4644150880117864,0.3708635569325729,3.3557499277351197,1.252061886911997,4.201606586524832,4.918733165050125,0.22351203183083954,0.04995762837315022
205,254.0,-0.00366698022702,0.46092851859700623,0.4609139317834137,0.21244165251204536,1.2849196,2.5243,0.31768107578129984,-0.20190693662959908,-0.29374435256434994,2.787676501144023,1.239864652855292,3.456341557363789,4.044684112328344,0.46091393178341367,0.21244165251204533,-0.0036493158482399993,0.5794626864503427,0.5794511950821122,0.335763687482088,1.4331616,2.6875999999999998,0.3906731470169181,0.2541243526282796,-0.3655745881798267,2.473259510080319,1.2492926574771406,3.0898249459788523,3.6684415372371038,0.5794511950821122,0.335763687482088,0.017430739683849998,0.22658241353496625,0.22591095466445246,0.0510357594374043,0.91280621,1.4531999999999998,0.15417425921598982,-0.4245608676078688,0.407548890068651,4.028583665250505,1.2545617173491674,5.054106841561477,5.920613561834649,0.2259109546644525,0.05103575943740431
206,254.7,0.00032543393398000073,0.4530368496173304,0.4530367327314091,0.2052422812039502,1.2736804,2.4105999999999996,0.30710663947528355,-0.21120853523014088,-0.2342350361018002,2.811427814483188,1.249972222185332,3.5142066727832018,4.147355466414486,0.4530367327314091,0.20524228120395022,0.0002961461486600001,0.5696291447415819,0.5696290677594364,0.32447727483648464,1.5825616,2.92,0.38607601708533257,0.3312370311854596,-0.31798399385525045,2.7782314416477853,1.248108087313564,3.4675331307494224,4.0990932613413635,0.5696290677594364,0.3244772748364846,0.01560811768193,0.22695164032078063,0.22641429660407933,0.051263433706720006,0.91280621,1.4651999999999998,0.15397073254874316,-0.5058937557505463,0.5031288085680661,4.022029577357585,1.2573278543145212,5.057009818488552,5.928439742345377,0.2264142966040793,0.05126343370672
207,255.4,0.00012709385098000104,0.4564530589254176,0.456453041231542,0.20834937884952381,1.2736804,2.5246,0.31440208864359886,-0.244747256827966,-0.21857873953087337,2.7903863827717577,1.2411826681949003,3.4633792158633665,4.051119397758911,0.456453041231542,0.20834937884952381,0.0016332001336800007,0.5703393926796554,0.5703370542929167,0.32528435549952145,1.5154616,2.8388999999999998,0.3894163377659387,0.33771804532365485,-0.25698278116590956,2.6571224422704307,1.2458401569909257,3.3103498406223046,3.891623060023944,0.5703370542929167,0.32528435549952145,0.01774011867742,0.2245135041846606,0.2238115317640864,0.05009160175058666,0.84660621,1.415,0.15245210889257202,-0.5449498094761079,0.5454101907292994,3.770847607027117,1.2562851702967983,4.737259928157336,5.553260077212678,0.22381153176408639,0.050091601750586655
208,256.1,-0.0029124561640200023,0.4634601790065599,0.46345102775146074,0.21478685512388523,1.2509196,2.4728000000000003,0.316400679185726,-0.2725199144493462,-0.23694591182246016,2.6990875519907274,1.2462293738308172,3.3636821898319575,3.9535932831095946,0.46345102775146074,0.21478685512388523,-0.0015790782689000021,0.5786705491311199,0.5786683946298887,0.33485711094353265,1.5154616,2.8388999999999998,0.39648189226081776,0.30141364713249014,-0.34256784389762496,2.618867682614023,1.2413181925761305,3.250848098378478,3.8222719109781784,0.5786683946298887,0.33485711094353265,0.01608348367828,0.22291630479393088,0.22233533343971937,0.04943300049575119,0.84660621,1.421,0.1521149394564434,-0.481095684311242,0.3629519812662769,3.7978657989267446,1.2524695933663996,4.756711432841937,5.565569121778584,0.22233533343971937,0.049433000495751195
209,256.8,-0.0012020361620199988,0.4622445911827459,0.4622430282727573,0.2136686171867691,1.2909196,2.5058,0.31979059687076483,-0.2805257146154308,-0.3042962340696467,2.792719751889194,1.236974870707601,3.454524154015699,4.036765347799429,0.4622430282727573,0.2136686171867691,0.0025022157457599992,0.5833635705745887,0.5833582041849542,0.34030679438989475,1.5672616,2.9847,0.3950534888778916,0.2693912641940124,-0.37106685734117173,2.6865949110540326,1.2468393727267542,3.3497523136695,3.9672136663104625,0.5833582041849543,0.34030679438989486,0.016415992591302,0.22469293146419692,0.22409245555622037,0.05021742863721661,0.74928621,1.30368,0.1545297634060981,-0.3943446929811673,0.08658585662836149,3.3347119783311605,1.2421501545664673,4.142212999318701,4.848814839837071,0.22409245555622037,0.05021742863721661
210,257.5,-0.0016538189580599996,0.47038071076159277,0.4703778034085315,0.22125527793943514,1.2569196,2.4932,0.32499935587186346,-0.24798164072486908,-0.31782679951406223,2.672132532741241,1.236059640332506,3.302915177340927,3.867452588107781,0.4703778034085315,0.22125527793943514,-0.001086888851000003,0.5748734260437779,0.5748723985754896,0.33047827464393653,1.4735616,2.822,0.39163404756347314,0.27866485722828976,-0.38683455955934054,2.5632800773918274,1.2429691123972388,3.1860779626212454,3.7625982959542763,0.5748723985754896,0.33047827464393653,0.017625587679881802,0.22474864154174862,0.2240564449726903,0.0502012905338002,0.78587621,1.41027,0.15232652351079928,-0.4449679897842113,0.34494491628212565,3.496689477671517,1.253924950735828,4.384586181027745,5.159155424066937,0.2240564449726903,0.0502012905338002
211,258.2,-0.0001548714680400005,0.4709978346115532,0.4709978091494698,0.2218389362236004,1.2900804,2.533,0.32249133926265183,-0.25384678467301963,-0.30795938639982445,2.739036796345295,1.2417413839245433,3.4011753421140543,4.000356731903733,0.4709978091494698,0.2218389362236004,0.0033950361368400048,0.5793337915798891,0.579323843628035,0.33561611579595996,1.5962616,2.9516999999999998,0.39367403680353324,0.2963223058295081,-0.29502158786080424,2.7553400530061753,1.2471421392558146,3.4363006880833513,4.054779972184525,0.5793238436280349,0.3356161157959599,0.017753739684421798,0.2268575879772107,0.22616182248570532,0.05114916995005569,0.94800621,1.4924,0.15214104551789118,-0.4982044687294059,0.48923211107917464,4.178860484469372,1.260032192335799,5.265498737711383,6.231100928569064,0.22616182248570532,0.05114916995005568
212,258.9,0.00018532953595999847,0.46413269936618295,0.4641326623648703,0.21541912827390267,1.2900804,2.533,0.3203373651225487,-0.19409758794487397,-0.33768500636910836,2.7795507658945957,1.238130506156584,3.441446596664996,4.027255451472122,0.4641326623648703,0.21541912827390267,0.003321178127910001,0.5799727847817328,0.5799632754436446,0.3363574008633207,1.5588616,2.8123,0.3982583018997787,0.30544838490769766,-0.34869698544047756,2.6878185337380316,1.2409183372425905,3.3353633056960157,3.9141973753312644,0.5799632754436445,0.33635740086332067,0.018637969689960003,0.2233728906306723,0.22259396747112992,0.04954807435453844,0.84220621,1.3856,0.1529534538791336,-0.3657575525818269,0.08501807897217972,3.770404759602251,1.242696486219684,4.68546874638369,5.506290892035204,0.2225939674711299,0.04954807435453843
213,259.6,-0.0035062001780399995,0.45561421754555514,0.45560072628339826,0.20757202178995998,1.2922804,2.4002,0.31057736329764823,-0.24830532727141486,-0.31825038603509803,2.8363478360303582,1.2449533977495262,3.5311208756655104,4.160896938137492,0.4556007262833982,0.20757202178995993,-0.0007442608560900004,0.583319384321835,0.5833189095180978,0.3402609502013828,1.5679616,2.8674,0.3926708117850512,0.3162488791385195,-0.29664990135147784,2.6879984484364536,1.252734057720608,3.3673472034564975,3.9930688835061807,0.5833189095180978,0.3402609502013828,0.01788529667632,0.22610485221709334,0.22539636278989428,0.05080352035891363,0.84220621,1.4256,0.15290325258942095,-0.37726035781892053,0.33118368880796334,3.72484801516493,1.2567526802192357,4.681212726467826,5.508098720839575,0.22539636278989428,0.05080352035891363
214,260.3,0.0003185268289599996,0.4480415398721051,0.448041426646718,0.20074111999162636,1.4040804,2.6189999999999998,0.30377313834527353,-0.22051335045199216,-0.2058636433247969,3.1338174589811456,1.2498580946470368,3.9168271182537926,4.622134819584012,0.448041426646718,0.20074111999162636,0.002878726146560002,0.5727548838961123,0.5727476494605823,0.32803986996262213,1.5679616,2.8844000000000003,0.386554040035124,0.3160985946273699,-0.30031033802478646,2.7375787515491545,1.250720654315044,3.4239462873765203,4.056254592132909,0.5727476494605824,0.3280398699626222,0.019752775676279997,0.22297256848781302,0.22209591205408316,0.04932659415113504,0.81170621,1.3951,0.15192873043029545,-0.3924116290853554,0.25583697675519623,3.640385969919727,1.2494901404892702,4.548626376990168,5.3426775021490025,0.22209591205408316,0.049326594151135036
215,261.0,0.001761159535980001,0.4487667706831475,0.44876331488488397,0.20138851278646952,1.2739804,2.5159,0.30594384117430934,-0.19121473674469786,-0.16688709618758235,2.8388474442094904,1.246529822060473,3.538707999487285,4.16409885915683,0.44876331488488397,0.20138851278646952,0.0037947921369999994,0.5746952668166603,0.5746827379120668,0.33026024925410924,1.6152616,2.9317,0.38977486781125814,0.34855789182307634,-0.2238181380689559,2.8106401657825066,1.2523636784734615,3.51994365688464,4.144088635243057,0.5746827379120668,0.33026024925410924,0.02081405367336,0.2231785640162241,0.22220586537269066,0.04937544660602633,0.81170621,1.3681,0.15043941030472832,-0.3971256850907362,0.2418568273566266,3.6370258657143815,1.255654790134448,4.5668489501271505,5.3955689427113365,0.2222058653726907,0.04937544660602634
216,261.7,-0.0004950376510400005,0.457360302835373,0.4573600349258647,0.20917820154738817,1.3390804,2.58,0.31570939249052427,-0.2663908600360555,-0.19777839388700924,2.92784570873,1.2391244118232456,3.627965091739275,4.24149686975243,0.4573600349258647,0.20917820154738817,0.0011219421239800015,0.5749655891324282,0.5749644944970695,0.3305841699322707,1.6793616,3.0138,0.39486420191055555,0.298758962790114,-0.28497458965300426,2.920803665022818,1.2431450170787957,3.6309825220386,4.253010508104779,0.5749644944970695,0.33058416993227074,0.0206718946828418,0.22322247080591712,0.22226323187365024,0.04940094424292001,0.79082621,1.3492199999999999,0.15115054855797794,-0.3707402563656473,0.13291844159662425,3.5427715101657093,1.2500024663625753,4.428473125466202,5.2320432677533875,0.2222632318736502,0.049400944242920006
217,262.4,-0.0009215775560200012,0.46848069418567784,0.46847978773849236,0.21947331151950286,1.3320804,2.662,0.320313603372524,-0.29917114873619205,-0.20207043751152876,2.8434051104612705,1.2448471604857358,3.539604777868343,4.158675703981243,0.46847978773849236,0.21947331151950283,-1.1932876900001333e-05,0.576938377044218,0.5769383769208135,0.3328578907640227,1.6190616,2.9535,0.3967901428660382,0.24087006647767992,-0.3448047957209024,2.8062990163608252,1.2427017341624285,3.487392654209915,4.0803977344432605,0.5769383769208135,0.33285789076402267,0.016540445669701802,0.22930033491217858,0.22870298915380377,0.05230505724788489,0.76660621,1.367,0.15487336701238694,-0.3666255722606225,0.2098007503350856,3.343240690396759,1.2564970068455545,4.200771920647793,4.949890512412544,0.2287029891538038,0.052305057247884895
218,263.1,0.0005998008259780008,0.4652962983530152,0.4652959117593742,0.21650028549998734,1.2844804,2.4954,0.3163437651505276,-0.2679551526771036,-0.2514180274798057,2.7605644071242508,1.2460284571703315,3.439741809128361,4.0603942340662185,0.4652959117593742,0.21650028549998732,0.0008082321518300035,0.5728966182924938,0.5728960481725844,0.32820988201176415,1.6190616,2.9085,0.38931194888850695,0.2945472806205762,-0.3215266751886756,2.8260973242006187,1.2466645082185508,3.523195230852327,4.158777054293997,0.5728960481725844,0.32820988201176415,0.019579526669681796,0.22520016722825933,0.22434740349517573,0.05033175745502719,0.75910621,1.3585,0.1501147225058956,-0.4043893030847286,0.32723959765322963,3.370806599937299,1.2628373603856564,4.256780509035368,5.056840510564757,0.2243474034951757,0.05033175745502718
219,263.8,0.0016652908209600031,0.4662123586971001,0.46620938451343424,0.21735119020839516,1.2649804,2.5289,0.3144593773853676,-0.2298829406002558,-0.2863113078309092,2.7133137429800795,1.2492786597540344,3.3896849563223563,4.0227148273265705,0.46620938451343424,0.21735119020839516,0.002522096144580001,0.5737896591139352,0.573784116142233,0.32922821193712354,1.5778616,2.8143000000000002,0.389262636843215,0.3576083370232692,-0.24454662552103734,2.7498954973092156,1.2502722128120771,3.43811792842276,4.05346275408272,0.573784116142233,0.3292282119371235,0.021073643009241798,0.22494370097761407,0.2239543930799869,0.05015557017982529,0.84570621,1.4221,0.15669587232251236,-0.4424109492344628,0.2577054852017593,3.7596349945543173,1.2356609140842347,4.645634013994064,5.397118618794007,0.22395439307998688,0.050155570179825276
220,264.5,0.0011430758278399998,0.4682883557543746,0.4682869606478356,0.21929267751278753,1.3031804,2.4661,0.3154957842837731,-0.2629746241690812,-0.2662961725919928,2.782858860329085,1.2491948768218202,3.4763330312413023,4.130579440097534,0.4682869606478356,0.21929267751278753,0.0033040570434000006,0.5838345620452094,0.583825212752563,0.3408518790455755,1.5284616,2.7649,0.3949217712770933,0.28087271629728666,-0.33214483690356644,2.617970396692005,1.249820203776433,3.2719922946742703,3.8702895387541667,0.583825212752563,0.34085187904557546,0.018841866688779997,0.226416611228493,0.22563126091008928,0.05090946589987678,0.78662621,1.32302,0.15521393754205923,-0.36716695227135104,0.0729785000763008,3.4742424848244013,1.243951268438956,4.321788345861824,5.068012721388782,0.22563126091008928,0.050909465899876785
221,265.2,0.00037504382793999904,0.4608495979495713,0.46084944534241185,0.21238221127240867,1.2849804,2.5129,0.31051761991739363,-0.25719858362048437,-0.20845957044812424,2.788285821919301,1.2516799876235947,3.490041563070996,4.138188358978923,0.46084944534241185,0.21238221127240864,-0.002066341849620001,0.5797029543404397,0.5796992716076107,0.3360512455023944,1.4811616,2.7956000000000003,0.3926441233612203,0.2805181306909473,-0.29650686711165974,2.5550354520535437,1.2501874556491728,3.194273270896254,3.772274973379336,0.5796992716076107,0.3360512455023944,0.01946680866876,0.2251129136150963,0.22426963066035427,0.05029686723653171,0.81540621,1.3528,0.15180918256455114,-0.41374709613081895,0.23664620903920586,3.622209836412148,1.2551133814834874,4.5462840362220005,5.371257497241837,0.22426963066035427,0.05029686723653172
222,265.9,-0.0005750831720599996,0.45919034536968245,0.45918998525672733,0.21085544256007346,1.2961804,2.5241,0.3092652423656545,-0.265334824629734,-0.18734073919809324,2.8227518567631864,1.253555426697153,3.538475908264957,4.191160927381174,0.4591899852567274,0.2108554425600735,-0.0010421388789999995,0.570975817928065,0.5709748668769753,0.3260122986051796,1.4701616,2.7636000000000003,0.39407970181198937,0.36900992938843125,-0.2640017753995716,2.5748228801262822,1.243167054779316,3.2009349764649864,3.7306199564203797,0.5709748668769752,0.32601229860517955,0.018386371696281798,0.22467784167117236,0.2239242592348193,0.050142073873862554,0.89130621,1.4317,0.152859495509542,-0.46321706974933874,0.31847482050175957,3.9670410013305752,1.2488861160557323,4.954382428385585,5.830885461376926,0.22392425923481932,0.05014207387386256
223,266.6,0.002463178839915998,0.4614117663853331,0.4614051916795429,0.21289475090883575,1.2435804,2.3884999999999996,0.31456470561983185,-0.25512231667312113,-0.2508760182515002,2.695164039144732,1.2444615084784378,3.354027905750893,3.9533373508944543,0.46140519167954297,0.2128947509088358,0.003262672147280001,0.5717853316573906,0.5717760229924054,0.32692782046901164,1.4588616,2.7733,0.3884163739847723,0.32491765754738244,-0.2940461591401049,2.5514148741299625,1.248492825818841,3.1854231660387393,3.7559219891620588,0.5717760229924052,0.3269278204690115,0.02010617968042,0.22286812634970046,0.22195932798890142,0.04926594328128472,0.86730621,1.4077,0.1520185865374632,-0.40927681371035624,0.2170101636985211,3.891566839123138,1.248511343882781,4.858665344123295,5.705264269025831,0.22195932798890142,0.04926594328128472
224,267.3,-0.0011243361580440018,0.4778644760849101,0.47786315339447266,0.22835319337210933,1.3310804,2.606,0.3265514729148816,-0.2651204438071115,-0.2315678550869129,2.785476775560703,1.2441414703825722,3.4655271712625986,4.076173315399369,0.4778631533944727,0.22835319337210935,0.0003963481532800035,0.5762796373753202,0.5762795010770139,0.332098063361572,1.5183616,2.9378,0.38913732741616686,0.24422728320038062,-0.34111256698676895,2.6347653144841545,1.2497677652422698,3.292844759020708,3.901865724580497,0.5762795010770139,0.33209806336157205,0.0197128096753838,0.22673165880264196,0.2258730843595574,0.05101865023809974,0.88180621,1.4912,0.1528461022426739,-0.4261637073864184,0.29998913855340703,3.8892063625202256,1.255330345808406,4.882238767982767,5.769242375575633,0.22587308435955744,0.05101865023809975
225,268.0,0.000639784125938001,0.47262014105435773,0.4726197080174642,0.22336938840651316,1.3310804,2.606,0.3189869786319415,-0.2827988499103551,-0.15624850114978273,2.8163852624446397,1.253609630294475,3.530647687620033,4.1728361631207775,0.4726197080174643,0.2233693884065132,0.0017964001540100047,0.5767479818356264,0.5767451842000544,0.3326350074979547,1.5183616,2.9378,0.3885028662469239,0.2862991254288051,-0.3526338784687275,2.632625770388451,1.2504757913791662,3.292034793631685,3.908237832755043,0.5767451842000544,0.33263500749795466,0.02120323966178,0.2240952986635474,0.22308994937233192,0.04976912551094962,0.75569621,1.36509,0.1516540930932123,-0.41068181872258713,0.2236698794991101,3.372209120435804,1.255134853367205,4.232577199901745,4.983025479803706,0.22308994937233192,0.04976912551094962
226,268.7,0.0008402378239800021,0.4744206455935912,0.47441990152800195,0.22507424296583906,1.3579196,2.705,0.3179601454199355,-0.233588080086197,-0.1920667290736242,2.8622691963605043,1.2548032010725372,3.5915845499244794,4.270722666221491,0.4744199015280019,0.22507424296583903,-0.0023976158465100037,0.5737401880608329,0.5737351783134206,0.3291720548343325,1.6989616,2.9564000000000004,0.38736314705661185,0.3758990703983552,-0.24882284248509645,2.9612037562546716,1.2512074867408955,3.705080309591107,4.38596601899174,0.5737351783134206,0.3291720548343325,0.016920861678819996,0.231336193271673,0.23071653334227066,0.05323011875747508,0.75539621,1.31779,0.1547710780498103,-0.4435763241302605,0.28450070390520743,3.265361114993751,1.2616524385841563,4.119750813589746,4.880732366268647,0.23071653334227066,0.05323011875747509
227,269.4,0.0007139658369999999,0.47665452833998084,0.4766539936261871,0.2271990296397932,1.3579196,2.6601,0.32261773350019834,-0.2722600292705466,-0.16816651281914252,2.848854923772892,1.2525131690009041,3.568228308598614,4.2090668273793606,0.4766539936261871,0.2271990296397932,-0.0011997918604499962,0.5728098905477158,0.5728086340208026,0.32810973120877784,1.6406616,2.8851,0.38842265205745613,0.35400286830208344,-0.2694694303209504,2.8642340627729275,1.2481363488023292,3.574954645224663,4.223908135402233,0.5728086340208025,0.32810973120877773,0.018888649684461804,0.2288686124490019,0.2280878354437805,0.052024060677429096,0.83380621,1.3542,0.15478629554274978,-0.4389448317675331,0.25011065665820187,3.643165399911683,1.2552365723540866,4.573034449104147,5.3868219216456055,0.22808783544378053,0.05202406067742911
228,270.1,0.0004258455179000049,0.4710427681279534,0.4710425756354088,0.2218811080612398,1.5479196,2.8501,0.31207605912570635,-0.2507406573784359,-0.12261142705363381,3.2861551110355336,1.262991721012206,4.150386699199825,4.96007160669921,0.47104257563540874,0.22188110806123978,0.0014437276378000017,0.5801477665284596,0.5801459701303353,0.3365693466584679,1.6406616,2.9920999999999998,0.3949279302810761,0.32143632446002846,-0.27988916522975815,2.828006405708564,1.2482173866998023,3.5299667653038442,4.154331649403264,0.5801459701303353,0.3365693466584679,0.0177937096633818,0.22940220622370333,0.2287110756319374,0.052308756116717786,0.84810621,1.4745,0.15172154388956938,-0.4651030400300434,0.38536118527373464,3.697027260378493,1.2700413006096112,4.695377310160288,5.589886500346283,0.2287110756319374,0.052308756116717786
229,270.8,-0.00251576608612,0.4580811298527507,0.45807422154949146,0.20983199244817258,1.5479196,2.7901,0.30369283280508946,-0.2610962559158573,-0.11875653397084385,3.379138539274857,1.264827915640009,4.274028755289842,5.096990882868339,0.4580742215494914,0.20983199244817252,-0.0017587300453000014,0.5779375724796765,0.5779348964652757,0.334008744552329,1.5159616,2.8444000000000003,0.39176282500180193,0.3441994448042038,-0.30537573688788733,2.623054240089763,1.2492447202629022,3.2768366603953556,3.869590229734093,0.5779348964652757,0.334008744552329,0.016231749674699997,0.2277870591192511,0.2272079985491159,0.05162347460469506,0.84810621,1.3615,0.15277987645871635,-0.472240677221469,0.4169081657993283,3.7232414048420517,1.2595682782411237,4.689676765772966,5.551164391922861,0.2272079985491159,0.05162347460469506
230,271.5,0.0011200628389359975,0.4543664959132246,0.4543651153727574,0.20644765806769916,1.2663804,2.4203,0.3085822354964166,-0.29185650120963963,-0.1516940774794331,2.78713419979332,1.251100597202948,3.4869852618461836,4.103866828117219,0.4543651153727574,0.20644765806769919,-0.0008672188574399975,0.5707990713722505,0.5707984125861572,0.32581082781087684,1.5717616,2.8802000000000003,0.3873798117548816,0.3558876870293223,-0.2792826899441483,2.753616252775865,1.248289541194832,3.4373103688042175,4.057417429369158,0.5707984125861572,0.32581082781087684,0.0182836924743,0.2258659342863852,0.22512469180560116,0.0506811268605669,0.72412621,1.25952,0.1527669170069162,-0.34971449433972707,0.18151453509986748,3.2060001092588357,1.2539079208473634,4.020028931237166,4.7400721582096,0.22512469180560116,0.05068112686056691
231,272.2,0.0005496769399599937,0.4615951566876926,0.46159482940431334,0.21306978653279715,1.4060804,2.652,0.3143782264162907,-0.3086966015337101,-0.11274611480413599,3.046133347866408,1.2492995217557554,3.8055329346937614,4.472575648855873,0.46159482940431334,0.21306978653279712,0.002300198142359999,0.57730475744653,0.5773001750033536,0.3332754920589028,1.5717616,2.8802000000000003,0.3914685753402299,0.31652839861181253,-0.2838103035332402,2.7225855663342196,1.2491752394298465,3.400986476693793,4.015039006985334,0.5773001750033536,0.3332754920589027,0.017081555695742,0.22407174533407953,0.2234197115566884,0.049916367512073845,0.74048621,1.39388,0.1530669842722866,-0.29589397567194103,0.03447374381515811,3.3046835463167072,1.2443198104291975,4.1120832038812924,4.8376611946752,0.22341971155668844,0.04991636751207386
232,272.9,-0.0010585640331000046,0.47055272488297156,0.47055153419894125,0.2214187463369774,1.3160804,2.562,0.3176684917390551,-0.3013097748523202,-0.1316791958411958,2.7968819016557913,1.2533478565498777,3.5054659364634317,4.142936533602074,0.4705515341989413,0.22141874633697742,-7.717862909998097e-06,0.5794836404216421,0.5794836403702468,0.3358012894567536,1.6013616,2.9048,0.39712706709539536,0.320836868315575,-0.3645280086063143,2.763428487532145,1.242686935623567,3.4340764789861904,4.03236579091027,0.5794836403702468,0.3358012894567536,0.018140785414619998,0.22263580560970442,0.2218955020815492,0.04923761384402281,0.71744321,1.2378369999999999,0.15109105195855574,-0.4017233489511771,0.13123302830400085,3.2224969745330467,1.2487310695115663,4.024032093506438,4.748416274160263,0.2218955020815492,0.04923761384402281
233,273.6,0.0004554394398999975,0.4782786829287533,0.4782784660832845,0.22875029111897954,1.3370804,2.6420000000000003,0.3208311262522073,-0.2626921148267755,-0.14319812341147564,2.795609438021259,1.2580112889341535,3.516908232481609,4.16755199415693,0.4782784660832845,0.22875029111897954,0.000750235347249999,0.5761864597119426,0.5761859712821077,0.3319902735023058,1.6013616,2.8487999999999998,0.3907902057575051,0.3438949042924713,-0.3481821425925169,2.77924198496539,1.2472228696509926,3.4663341639430545,4.097752646834972,0.5761859712821077,0.3319902735023058,0.017752352393160004,0.22422306395460942,0.22351920810906145,0.04996083639370193,0.75164621,1.30904,0.1526148366712994,-0.3287636771460228,0.13780033243652268,3.35222522047134,1.2501343992795042,4.190732062243542,4.925118857342091,0.22351920810906145,0.04996083639370193
234,274.3,0.0035130007349999997,0.47350705524373266,0.4734940233956783,0.22419659019142715,1.3489196,2.686,0.32175988091753244,-0.26762025307633497,-0.15962296089060812,2.8487845852806952,1.2500656212499726,3.5611676724062575,4.192317563499255,0.47349402339567825,0.22419659019142713,0.0021658571570600032,0.5728675573149165,0.5728634630404825,0.3281725472867343,1.5944616,3.0879000000000003,0.38487077742555953,0.3684725944115304,-0.2436228094901005,2.783298826474639,1.254360130419295,3.4912590789725995,4.142849219848591,0.5728634630404825,0.32817254728673434,0.019324209680079998,0.22779340347744317,0.226972266120946,0.05151640958807753,0.84780621,1.4052,0.15373175175651488,-0.4378930427560625,0.30455052409510097,3.7218207246460167,1.2560819101814484,4.674911685166271,5.51484127587892,0.226972266120946,0.05151640958807753
235,275.0,0.0020556807219779994,0.47257054225689227,0.4725660711326433,0.2233186915857425,1.4369196,2.849,0.32310253792343957,-0.2338444960033361,-0.1505806493274684,3.0406457269587523,1.2450648002551996,3.7858009646827253,4.447255689277451,0.4725660711326433,0.2233186915857425,0.0012781411425199954,0.5721793467832001,0.5721779192178508,0.3273875712404694,1.4969616,2.6974,0.3895618004699529,0.38170413848764917,-0.30158967918090873,2.616245427969286,1.2464105707691437,3.2609159571473607,3.8426806688800617,0.5721779192178508,0.32738757124046935,0.02186149623238,0.22816202663717516,0.22711227483706087,0.05157998538166467,0.84780621,1.4462000000000002,0.1550677529204299,-0.43635340118512117,0.3769956283331477,3.715807676218564,1.255596110860781,4.665553666966665,5.467327629588054,0.22711227483706084,0.05157998538166466
236,275.7,0.002289746018978001,0.4673811515584067,0.4673755426797929,0.2184398978952309,1.4369196,2.7367,0.3178240755642214,-0.23560680763921105,-0.11873632291859693,3.074406392317757,1.249550631019379,3.8416264475306656,4.521116273048508,0.4673755426797928,0.21843989789523083,0.004543436047900001,0.5747657896475665,0.5747478317819645,0.33033507013806945,1.5562616,2.7997,0.3861041270306692,0.38429863466493647,-0.2690033792476858,2.707644797290849,1.2549985602034264,3.3980903221423135,4.030678490718081,0.5747478317819645,0.33033507013806945,0.0206128792407618,0.22642294145570477,0.22548272134879713,0.05084245762685929,0.77265621,1.37205,0.1520722133629814,-0.4041850482968731,0.33011074754797853,3.412446658596011,1.2586358296344915,4.295027631225439,5.0808506887168505,0.2254827213487971,0.05084245762685928
237,276.4,0.00202221883,0.46349963484372403,0.46349522341796484,0.21482782213126914,1.3160804,2.537,0.314402593091713,-0.2949635995228134,-0.1391813681273475,2.839442150679874,1.2509186759289368,3.5519112155052803,4.18597183648575,0.46349522341796484,0.21482782213126914,0.0019237031392000015,0.5735926922474075,0.5735894664007188,0.3290048759658614,1.6078616,2.8993,0.39103687821656036,0.362908646458939,-0.29062216554306763,2.803141709668926,1.2461986448550677,3.493271399926133,4.111790190564966,0.5735894664007188,0.3290048759658614,0.021377315682880003,0.22495067463666638,0.22393261574341025,0.05014581639368583,0.82180621,1.4212,0.15141573517175236,-0.43697997772700203,0.48670820965481276,3.653272928953678,1.2589398051422112,4.599250709308258,5.427482216876714,0.22393261574341025,0.05014581639368582
238,277.1,5.0640326839999085e-05,0.4643823213236746,0.4643823185625416,0.21565093779352185,1.3690804,2.625,0.31281011445602436,-0.2810952043974012,-0.10900698052053448,2.9481751073072195,1.2561741550862808,3.703421374468052,4.37671397672299,0.4643823185625416,0.21565093779352185,-0.0007032558754999969,0.57159498747865,0.5715945548567547,0.3267203351418916,1.4770616,2.7685000000000004,0.3913348732258481,0.39142052239705544,-0.24834114945044483,2.5841052359738734,1.247029333396673,3.222455029843352,3.7744185378223496,0.5715945548567548,0.3267203351418917,0.016739579661499998,0.2224137305030573,0.22178289832411088,0.0491876539890429,0.82180621,1.3982,0.14990872859672852,-0.41610252692624256,0.3477693426345767,3.6949436895880106,1.2589333710261832,4.651687914884957,5.482043758844436,0.22178289832411086,0.049187653989042894
239,277.8,0.0027318172468599987,0.4690225069726622,0.46901455118306373,0.2199746492214507,1.3000804,2.57,0.3214932832971753,-0.25949749369551317,-0.183777021363551,2.7718934180610173,1.2441606985293798,3.448680851263785,4.043880440258712,0.46901455118306373,0.21997464922145069,0.0031381951283999993,0.5747010717974317,0.5746925035673016,0.33027147365645293,1.4865616,2.793,0.3961574159217499,0.33967937990082997,-0.3098665349082843,2.5866692667731392,1.2401544908821698,3.207869507615598,3.752451778647581,0.5746925035673016,0.330271473656453,0.018723019689960006,0.2225640860662256,0.22177515852814458,0.04918422094018366,0.78117621,1.3075700000000001,0.15282087442037906,-0.3878003996515832,0.06005177013394647,3.5098933696227848,1.2434402535056512,4.36434270130156,5.111711426615343,0.22177515852814458,0.04918422094018366
240,278.5,0.0017767582559799976,0.48131589408276243,0.4813126146557856,0.23166183302678878,1.5050804,2.743,0.3318418763949265,-0.2836125793416236,-0.16684705415146173,3.1270116331151137,1.241142293972201,3.8810663916022508,4.535534864830613,0.48131261465578556,0.23166183302678875,0.003974457132100001,0.5747493157995397,0.5747355737228591,0.33032097970254404,1.5857616,2.8922,0.3914781773153318,0.3257423171528997,-0.3101871953856885,2.759049130478791,1.2473433682345414,3.4414816355359976,4.050702419416561,0.5747355737228591,0.33032097970254404,0.0208490996634,0.22476482634362505,0.2237957600235213,0.05008454220450553,0.72217621,1.30057,0.15435132251228884,-0.3690396890975052,0.14197669950520364,3.2130303559860485,1.2475411826761256,4.008387690281127,4.678782133159262,0.2237957600235213,0.05008454220450553
241,279.2,0.0003753128409799986,0.48502948736744994,0.4850293421600416,0.23525346275620274,1.4550804,2.8040000000000003,0.33002111732451983,-0.3027067875948921,-0.16537515880505627,2.9999833781191456,1.24836966560828,3.7450882465729967,4.409052401847289,0.4850293421600416,0.2352534627562027,-0.000578511770800001,0.572161316780019,0.5721610243135897,0.32736823774357626,1.5728616,2.8013,0.39075596210371816,0.363158791669024,-0.2837819816761695,2.748982767397964,1.2461049653690197,3.4255210761684722,4.025176203408807,0.5721610243135898,0.3273682377435763,0.016245309662422,0.2274862159427396,0.2269054172070794,0.05148606835791877,0.80770621,1.3411,0.15523091994302105,-0.4345748773510027,0.34508496773640074,3.55057209357822,1.254112812840351,4.452817955469835,5.2032559640597125,0.2269054172070794,0.05148606835791877
242,279.9,0.0014992134389999992,0.479975747631011,0.47997340621435713,0.2303744706730123,1.4550804,2.6849999999999996,0.3284766442880843,-0.2525876202662129,-0.22215471595968106,3.0315706724386753,1.242981043188331,3.768184876926975,4.42978344214893,0.47997340621435713,0.23037447067301228,0.002063240248479998,0.5666673711688016,0.5666636150195612,0.32110765258703744,1.5728616,2.7483,0.38426223822783634,0.44043029040053416,-0.22744194911258298,2.77563466686962,1.249806126783541,3.4690052123664437,4.093198455444952,0.5666636150195612,0.32110765258703744,0.015702142680301998,0.23050523966669192,0.2299697985150366,0.052886108229046526,0.81450621,1.3749,0.15375805327471723,-0.5138665197875172,0.4515094173331007,3.533569176899263,1.264671743461482,4.468805091590945,5.297323897205787,0.22996979851503663,0.05288610822904654
243,280.6,-0.002559382158059998,0.4778021447886389,0.4777952899805443,0.22828833912759244,1.3799196,2.726,0.3261527250222231,-0.23509112577862934,-0.22848507355067227,2.8880565209903417,1.2460238256732132,3.598587235044856,4.230900109468582,0.4777952899805444,0.22828833912759247,-0.004221939054000002,0.5690363455603493,0.5690206831032607,0.32378453779930144,1.5207616,2.8592,0.3865445647111887,0.3946933412629341,-0.23896435757452306,2.6725210293948,1.2488099043655898,3.3374707311335476,3.934246497907052,0.5690206831032607,0.3237845377993015,0.012157812692700002,0.23102238253971857,0.23070225145164336,0.053223528824857286,0.78735621,1.38375,0.15389426559439295,-0.39297394921653395,0.16915137674846692,3.40813821303498,1.2597449550715485,4.293384920057378,5.116215389566061,0.23070225145164333,0.05322352882485727
244,281.3,-0.003842057775039998,0.47002849221672693,0.4700127892808695,0.220912022087583,1.3980804,2.6790000000000003,0.31772776776466893,-0.2554137401882045,-0.17206006860912826,2.9744588320730028,1.2515159524876192,3.722582678357055,4.400246191373222,0.4700127892808694,0.22091202208758298,-0.003748350843539999,0.5731345287800854,0.5731222713748998,0.3284691379459243,1.5949616,3.0254000000000003,0.38209932329696983,0.3642716337995224,-0.2751720554034507,2.7828747351775673,1.25357381861449,3.488538908502331,4.1742068167977004,0.5731222713748997,0.32846913794592414,0.00967551969536,0.2318449566220723,0.23164297578324122,0.05365846822971528,1.0620062,1.62239999,0.15328091770374003,-0.5071307739633988,0.6308071898910494,4.580674151696832,1.2708321308413684,5.821267892890862,6.928495835682795,0.23164297578324125,0.05365846822971529
245,282.0,-0.002395436788039999,0.46378382418012776,0.46377763794057403,0.21508969745373815,1.5230804,2.739,0.3121536326697231,-0.2315364533109213,-0.11733298084452137,3.2840308794565782,1.2541277071278611,4.118594116989972,4.879265337948216,0.46377763794057403,0.21508969745373815,-0.002393926844519995,0.5684074427565837,0.5684024015566279,0.3230812900953421,1.5857616,2.8162000000000003,0.3830888584683759,0.4290794959577923,-0.2759650636213373,2.7898325755721864,1.2495999914167395,3.4861747624891444,4.139409343148269,0.5684024015566279,0.32308129009534203,0.01027442968191,0.22322120513457996,0.22298462394623922,0.049722142516445716,1.0620062,1.5663999899999999,0.1501187159745092,-0.5458246782550001,0.8066862513575912,4.757640293894645,1.2640682010545126,6.013981807567867,7.074442337891653,0.2229846239462392,0.04972214251644571
246,282.7,-0.0008300481630199976,0.47556423842976064,0.47556351404762465,0.22616065589332526,1.5230804,2.778,0.32179894131035713,-0.28322027163309565,-0.011788225770382965,3.202680683116492,1.2544521270133335,4.017609595079999,4.733018678675744,0.47556351404762465,0.22616065589332526,-0.0011447128385200026,0.530484571599027,0.530483336531055,0.2814125703371205,1.4888616,2.6413,0.3611158390764487,0.5171064501697883,-0.17138677362818644,2.8066067887934234,1.2478220762375483,3.5021459103746078,4.122947372809106,0.530483336531055,0.2814125703371205,0.0182351516703818,0.21645417289224467,0.2156846962721832,0.04651988820602392,0.91360621,1.475,0.14888210160834014,-0.3723971414824538,0.4518437791437768,4.220783539501508,1.2468457466633904,5.2626660038143065,6.1364408490377,0.2156846962721832,0.046519888206023916
247,283.4,0.0018355228368999996,0.48530899809277867,0.48530552694743945,0.23552145448573186,1.4680804,2.7430000000000003,0.329611645128067,-0.25510651647767313,-0.06525380511016277,3.0250426136119994,1.2504035661729194,3.782524071885493,4.453970063556442,0.48530552694743945,0.23552145448573186,0.002835570137160004,0.5296557527726713,0.5296481624504915,0.2805271759871823,1.4482616,2.5187,0.366837770053433,0.4849396459096125,-0.23704838211348278,2.734345076813685,1.237261108021238,3.383098819450917,3.9479620645089204,0.5296481624504916,0.28052717598718235,0.02067299966296,0.21709453610081242,0.21610799311863085,0.046702664689762204,0.65855621,1.21895,0.14755238817136407,-0.32781695951521633,0.030016132871993673,3.033499699385274,1.2486321845165869,3.7877253563738438,4.463202650675958,0.21610799311863085,0.0467026646897622
248,284.1,0.00031613587897999816,0.4937840295639302,0.4937839283639134,0.24382256791049833,1.4450804,2.7889999999999997,0.3352686888481676,-0.23132307880263167,-0.06594532278886689,2.9265434146911904,1.2498826054853591,3.657835708220245,4.3102158002426245,0.4937839283639134,0.24382256791049833,0.0009435531604600035,0.5359510909800019,0.5359502604067728,0.28724268163008765,1.4983616,2.7718,0.36171466879874353,0.47376999411365855,-0.232885139405679,2.795705849315845,1.2508058392491697,3.496885201147318,4.142385502296789,0.535950260406773,0.2872426816300877,0.01980261265995,0.21646808152480684,0.21556040186191527,0.046466286850870404,0.71751321,1.239907,0.14836759580151296,-0.4744967553104281,0.21628559879346998,3.314637451146692,1.2480506810139702,4.13683552821804,4.836050662705982,0.21556040186191527,0.04646628685087041
249,284.8,-0.0006531017760200011,0.4884308822631741,0.48843044561785137,0.23856430020645286,1.4100804,2.819,0.3284914828785841,-0.22869465472199593,-0.06855242866954692,2.8869599593422657,1.2566901558728152,3.6280141613044083,4.292593487183925,0.48843044561785137,0.23856430020645286,0.0010001051697600032,0.5375507455198386,0.5375498151786341,0.28895980379858366,1.4824616,2.6769,0.36385760966962843,0.5343397726495897,-0.2229458202394281,2.7578077276525494,1.2482707318639354,3.4424906705368645,4.074290493322455,0.5375498151786341,0.2889598037985837,0.020921992671921998,0.2178944260248964,0.21688764629493099,0.04704025111535509,0.72572621,1.2881200000000002,0.14825771186398473,-0.4152939850061771,0.34849013896288916,3.3306322848161307,1.2519912147901102,4.169922360286108,4.895031771877061,0.21688764629493099,0.047040251115355085
250,285.5,-0.0015739793620600016,0.49199094583321124,0.49198842808629717,0.24205261337082562,1.5390804,2.903,0.33073269087136975,-0.20568346767494514,-0.06151895352921066,3.128269763976023,1.2565873303677955,3.9309441513849244,4.653547842352805,0.49198842808629717,0.2420526133708256,-0.00010043583503999587,0.535482228390154,0.5354822189712074,0.2867412068343281,1.5976616,2.7920999999999996,0.3620683072626396,0.5069097682262121,-0.15999112928205372,2.9835940677305515,1.250780993013984,3.7318227507866513,4.412597203215241,0.5354822189712074,0.28674120683432813,0.012941661683343998,0.22145751193359356,0.22107904239138454,0.0488759429846916,0.72572621,1.2881200000000002,0.15205965501252172,-0.31160440985070315,0.009038029297167682,3.27704489978022,1.2420907758878688,4.070387242187397,4.772641434312332,0.22107904239138454,0.0488759429846916
251,286.2,-0.0007390044630800036,0.4754803168947218,0.4754797426039396,0.22608098562670867,1.4750804,2.7809999999999997,0.3245625872060077,-0.21054876101349046,-0.08474235901081073,3.102295400224956,1.2472513678094006,3.8693421812793884,4.544825738228821,0.4754797426039396,0.22608098562670864,-0.0003951518406200001,0.5324718467979273,0.5324717001751531,0.28352611148741813,1.5569616,2.7074,0.36096768254298056,0.47959681684417255,-0.14383934305417867,2.9240261421574574,1.2502712534735783,3.6558258299447157,4.313299154736967,0.5324717001751531,0.28352611148741813,0.018136919666142,0.21547566770004375,0.21471100464532225,0.04610081551580359,0.73217621,1.29857,0.14733233742687787,-0.3599897070468348,0.06331906099804163,3.3979530859105505,1.2454840478585592,4.232096363873355,4.969555379268889,0.21471100464532222,0.046100815515803584
252,286.9,-0.0005052021680399985,0.47813392411284034,0.4781336572113626,0.22861179415831276,1.3910804,2.75,0.3221455061125254,-0.21699117293505008,-0.028879142099345945,2.9093948993079666,1.2560372240750974,3.654308293065026,4.318174159207721,0.4781336572113626,0.22861179415831276,0.0006300174499599982,0.5304298284539326,0.5304294543025313,0.28135540599168113,1.5527616,2.6702,0.3606907255645636,0.5156971880649455,-0.2107234997117038,2.9273647836244487,1.24693402848208,3.650230762481406,4.304966803816684,0.5304294543025313,0.28135540599168113,0.018272706663880003,0.2142237994364343,0.21344307071478663,0.04555794443615741,0.85290621,1.3633,0.14561715038097306,-0.5412996467897689,0.5734872447271164,3.981379343675954,1.256248115953153,5.001600299387718,5.857182397599262,0.2134430707147867,0.045557944436157426
253,287.6,-1.2992854019999278e-05,0.4806795181896844,0.4806795180140848,0.23105279903825288,1.4430804,2.724,0.32641425095962023,-0.258870718538889,-0.019332772590398672,3.0021674429459164,1.253245994069772,3.7624543213986605,4.4210091800756555,0.4806795180140848,0.2310527990382529,0.002069168439460001,0.5312913608992068,0.5312873315900731,0.2822662287081003,1.5527616,2.6361999999999997,0.3614626130719439,0.5571793646451102,-0.14265690419055632,2.9226178219272416,1.250339982504998,3.6542659163373026,4.295773736607568,0.5312873315900731,0.28226622870810036,0.01742876967742,0.21839933583279733,0.2177027971334738,0.047394507879738444,0.79966621,1.33606,0.14951018317329373,-0.4932607386458407,0.39541377576291126,3.661486455307769,1.2494320721400345,4.574778608967855,5.3485735421320815,0.21770279713347376,0.04739450787973844
254,288.3,0.0009097296310000007,0.4882967743088111,0.4882959268644256,0.23843291219238846,1.4290804,2.768,0.3265431188606089,-0.29132711867516864,0.04814570791263506,2.9266636094880565,1.2623282786078684,3.6944102362293494,4.376391102609729,0.4882959268644256,0.23843291219238844,0.0003072331367800032,0.5309864852480575,0.5309863963642433,0.2819465531238853,1.4545616,2.642,0.363368600560447,0.5050753423080985,-0.17627308151626897,2.739357103072938,1.245897415867461,3.412957935856747,4.002991996987453,0.5309863963642433,0.2819465531238853,0.021317449692810003,0.21778270785075468,0.2167368777513455,0.04697487417740168,0.66626621,1.19366,0.14921457167892246,-0.33999345755676835,-0.005204484018368483,3.059316401082627,1.2413934600488514,3.797815372524162,4.465155128640258,0.21673687775134548,0.046974874177401676
255,289.0,0.0007270279319799982,0.4961661517251574,0.4961656190710296,0.24618032154813801,1.5200804,2.841,0.33337441302301124,-0.2840049191414154,-0.034216879630773356,3.0636519535133915,1.2578403807083405,3.8535851395651353,4.559679269371751,0.49616561907102963,0.24618032154813807,0.0008516634413799999,0.5306546050414686,0.5306539216109682,0.28159358452109967,1.5074616,2.6949,0.3655307131013507,0.46088755704847356,-0.24296285674929097,2.840758537998927,1.2400384772647168,3.522649891736932,4.124035398311458,0.5306539216109682,0.2815935845210996,0.01733224970194,0.22056005918679733,0.21987799532639263,0.048346332828753134,0.69322621,1.21162,0.15104164125853087,-0.41242610946743424,0.010714461328745983,3.1430269494663623,1.2412113698635676,3.9011607854652537,4.589636369307172,0.21987799532639263,0.04834633282875314
256,289.7,-0.0016068466620400028,0.5026358298443049,0.5026332614213644,0.25264019548707767,1.4789196,2.9,0.33573750326926405,-0.22770397765414385,-0.056701926510529965,2.9423282467907352,1.2602884123445308,3.708182194744363,4.404987782416119,0.5026332614213643,0.2526401954870776,-0.0001619295487800003,0.5364752949113174,0.5364752704729326,0.2878057158290062,1.4789616,2.6764,0.3649409395986683,0.4900782598128378,-0.26683531138146277,2.7568121291484284,1.2455009806387989,3.4336122102913027,4.052605338349923,0.5364752704729326,0.28780571582900627,0.0138907896848654,0.218697355328228,0.21825576553551126,0.047635579189492065,0.67955621,1.25495,0.14812598133339802,-0.35777200711551593,-0.02008614900087924,3.107290479027971,1.248816141019424,3.8804345050461087,4.5876908553299165,0.21825576553551124,0.04763557918949206
257,290.4,-0.0010678848600400004,0.5012363186704667,0.5012351811038879,0.2512367067762473,1.4950804,2.974,0.3361014471233352,-0.23436145454457394,-0.026295093340102493,2.9827854533081575,1.2578930932083685,3.752025220238724,4.448300990061991,0.5012351811038879,0.2512367067762473,0.00024030013084000212,0.5347131821208899,0.5347131281254417,0.2859181293896951,1.5187616,2.7531999999999996,0.36430069322516423,0.5504203610008306,-0.09621598112214169,2.840329452840444,1.2504695754390351,3.5517455650003766,4.168978067415576,0.5347131281254417,0.2859181293896951,0.0177224896683454,0.21602977653845107,0.2153015970939568,0.0463547777112085,0.72485621,1.32625,0.14810621949958072,-0.331675711746086,0.12557850441477703,3.3553532370153754,1.245986643470681,4.180725317447272,4.894164556013477,0.2153015970939568,0.04635477771120851
258,291.1,0.00065783063698,0.49446581883415985,0.49446538124947564,0.2444960132541893,1.4520804,2.7279999999999998,0.33171189840751986,-0.2315890659244506,-0.06681420884149292,2.936664870837143,1.2585815239363434,3.6960321484285363,4.377534863751157,0.49446538124947564,0.2444960132541893,0.0007026491336799982,0.5297344759070363,0.5297340099037415,0.28061812124869734,1.5187616,2.7531999999999996,0.36793470395892325,0.4998686714153208,-0.19725210906487556,2.8670242717344476,1.2375480923671685,3.5480804182553363,4.1278019813253515,0.5297340099037416,0.2806181212486974,0.017008340968300003,0.21544792677646832,0.21477552348855886,0.046128525489784494,0.70703491,1.2474287,0.14766695368020555,-0.30678722538327485,0.05054095212454879,3.2816974411341784,1.2447317307288772,4.084832935631473,4.788037488273699,0.21477552348855886,0.046128525489784494
259,291.8,0.002318021709979998,0.48672287791599983,0.486717358085969,0.23689378666218536,1.5490804,2.81,0.329640723543538,-0.2070803717127726,-0.038869879742149394,3.1826743107550106,1.2533246595105003,3.98892419685984,4.699299235081924,0.486717358085969,0.23689378666218536,0.0006197801570900024,0.5294848412807451,0.5294844785436611,0.2803538130186527,1.4741616,2.6206,0.36232188847249935,0.5155106688045584,-0.21233707860613116,2.7841431615572265,1.2434705483530986,3.4620000237950936,4.068651789752113,0.529484478543661,0.28035381301865264,0.01834454967334,0.2146133217904665,0.21382786391679798,0.04572235538722067,0.67038621,1.23178,0.14723384924097302,-0.2897810455086318,-0.023209582516247718,3.123693368180184,1.2427669333092721,3.8820228277717983,4.553207115456174,0.21382786391679798,0.04572235538722067
260,292.5,-0.0015216752650400022,0.48853039058940767,0.48852802072534895,0.23865962703382698,1.4650804,2.839,0.3267827121116441,-0.24618469118226396,-0.008136776785157007,2.9989544728883564,1.2619829848502035,3.7846295171255173,4.483347330502173,0.488528020725349,0.23865962703382704,-0.0018592328278999983,0.5320104187096516,0.5320071699412616,0.2830316288689105,1.4585616,2.516,0.35743092767470264,0.5276921185358487,-0.19975826129609775,2.7416034511835754,1.2531366904138606,3.435603875243404,4.080681012940869,0.5320071699412616,0.2830316288689105,0.014764169672961997,0.21924576801314125,0.21874808818716598,0.04785072608554015,0.69113621,1.2525300000000001,0.149314599699151,-0.37162460100981876,0.13240876099703147,3.152335464730952,1.2511032255488348,3.9438970679368786,4.628724929729224,0.21874808818716598,0.04785072608554014
261,293.2,-0.0015993651770199989,0.4909629219834625,0.49096031692344544,0.24104203279356998,1.4680804,2.882,0.3263398020217646,-0.2689320687554262,0.010296569677767042,2.990206254413344,1.2643576874225306,3.7806902647464424,4.49862502491219,0.49096031692344544,0.24104203279356998,-0.0006743599462599961,0.5276632272197734,0.5276627962995393,0.2784280265986491,1.4948616,2.5323,0.3585236805419536,0.551483503471206,-0.1387411020265299,2.8329842272245083,1.2488860242916826,3.5380744084194604,4.169491950267632,0.5276627962995393,0.2784280265986491,0.01287565966296,0.21996650043368518,0.21958934104661376,0.04821947870128605,0.67592621,1.26132,0.14860721142086541,-0.3825131714514952,0.15845792760714472,3.072859770316599,1.2566828000493622,3.8616100203205037,4.548407870232706,0.21958934104661376,0.04821947870128605
262,293.9,-0.0016438554700000023,0.4955753011391826,0.49557257474398764,0.24559217683838522,1.5060804,2.92,0.3309915871177289,-0.2776116581349505,0.0460963825572529,3.0390546028786383,1.2624556861591933,3.836671763952406,4.550207493534598,0.49557257474398764,0.2455921768383852,-0.0028271178527399985,0.5292256977001153,0.5292181464300147,0.2800718465108205,1.6130616,2.7145,0.3605825535756853,0.5281351714064803,-0.14949197811950432,3.0479653709371424,1.247144421096086,3.8012530080583193,4.473487649372428,0.5292181464300147,0.28007184651082057,0.015373089677922,0.22055996217086277,0.2200235556174997,0.04841036502656699,0.67347621,1.25187,0.14844849020842454,-0.3425620221029767,0.20943987998908575,3.0534835215390244,1.2579166315152122,3.8410277058015776,4.536766989374068,0.2200235556174997,0.04841036502656699
263,294.6,0.0021988108229600003,0.5003192007938398,0.5003143690860292,0.2503144679139515,1.5170804,2.952,0.32907470446447,-0.22134699560311452,0.08439723192359194,3.032225022731286,1.2714890288238403,3.85544084932795,4.610139823627185,0.5003143690860292,0.25031446791395146,0.0010167730513799995,0.5267163187361629,0.5267153373460252,0.27742904659553713,1.5745616,2.706,0.3593745697994572,0.48550090830165676,-0.2124380034417377,2.9893920958782987,1.2452629852161383,3.722579325294939,4.381394044878181,0.5267153373460252,0.27742904659553713,0.020293149679739997,0.2189536584303761,0.21801122130780667,0.04752889261612146,0.75575621,1.31715,0.1483723352041028,-0.3562071113010519,0.17498080418244744,3.4516719904011968,1.2515789686684105,4.32004006992797,5.093646392775125,0.21801122130780667,0.04752889261612146
264,295.3,0.002693891033960001,0.5060459307388709,0.5060387603419992,0.25607522696846735,1.5170804,2.9059999999999997,0.3383406260874212,-0.2390871518772475,0.02396591034108031,2.9979104817322235,1.2618585680291663,3.7829390275582515,4.483884827972191,0.5060387603419992,0.2560752269684673,0.0026925551550900026,0.5320924269036469,0.5320856142717538,0.2831151009149496,1.4873616,2.5968,0.365118319117755,0.5248784229714206,-0.2839186043093065,2.795306839180661,1.2405424813766435,3.4676968824862793,4.073642767621058,0.5320856142717538,0.28311510091494957,0.018802297670340005,0.2151782834165027,0.21435523613009475,0.04594816725638868,0.75575621,1.31215,0.14408911618582515,-0.389620183647862,0.33440577023520524,3.5122327309264088,1.2590603253650479,4.422112884957975,5.245061042815585,0.21435523613009475,0.04594816725638868
265,296.0,-0.001949100259999997,0.4979494115221623,0.4979455968712287,0.2479498174434442,1.5330804,2.934,0.33186895162228147,-0.2378695191530752,0.06989393432968694,3.0787874521501806,1.2648137960776575,3.8940928446703293,4.6195354898546945,0.49794559687122864,0.24794981744344416,0.0005655711512700026,0.5285475098965157,0.5285472073023186,0.27936215034708023,1.4543616,2.5298,0.35811038639646176,0.5939031075473263,-0.108249426498777,2.751619433955425,1.251104589745884,3.4425637030556038,4.061210328565799,0.5285472073023186,0.27936215034708023,0.0194754076758418,0.2160135040200306,0.2151337779496087,0.04628254241487154,0.69902821,1.262422,0.14841054325354233,-0.3226142048777871,0.0799574479624292,3.2360394002736985,1.24337459794249,4.023609188241367,4.710098047453346,0.2151337779496087,0.04628254241487154
266,296.7,0.001104523039999999,0.4933399698874319,0.4933387334452732,0.24338310591738632,1.4530804,2.854,0.32729522814376,-0.2278730465373322,0.08384650507322622,2.9453936204106013,1.2678065903835025,3.7341894432300844,4.4396626502655705,0.4933387334452732,0.24338310591738632,0.0014558781417000036,0.530088854832148,0.5300868555586853,0.28099207443609453,1.5773616,2.6628,0.3608580731829156,0.5687915339396364,-0.09220655125991062,2.9756550918231808,1.248497332868633,3.7150974456782087,4.371141224822896,0.5300868555586853,0.2809920744360945,0.020270599674803796,0.2185058006911159,0.21756352572177512,0.04733388772448951,0.66056621,1.23096,0.14915724544103176,-0.2915901592408351,0.048091898596451355,3.023106059018495,1.2458943492270933,3.7664707560453308,4.428656536575356,0.21756352572177515,0.047333887724489515
267,297.4,0.002539324541958,0.4900537645457331,0.4900471854590285,0.24014624397631543,1.5880804,2.871,0.3256509339026616,-0.2643915195970101,0.16128745305975078,3.2406248352608995,1.2693429108069885,4.1134641612234875,4.876633949634806,0.4900471854590284,0.24014624397631537,0.0036937431427000018,0.5356771501039331,0.5356644149139155,0.2869363654050674,1.5666616,2.6761,0.365294843587111,0.5263556763134941,-0.1521767885966474,2.92463772198615,1.2474000144132533,3.6481931365590676,4.28875914211037,0.5356644149139155,0.28693636540506745,0.02042766967192,0.21533233230846285,0.21436119902906214,0.04595072364917719,0.79021621,1.3406099999999999,0.14628719579421146,-0.33798610269381935,0.16979547890582758,3.669751781019201,1.250497184457557,4.589014269822616,5.401813916179181,0.21436119902906214,0.0459507236491772
268,298.1,-0.0007750226670420011,0.4912417151985986,0.49124110382899216,0.24131782209112665,1.5140804,2.8280000000000003,0.3265222851579519,-0.24548136163367212,0.11670883849427804,3.0821494859977223,1.2696611608529023,3.913285494314044,4.636989476132016,0.4912411038289921,0.24131782209112662,0.0006988371408000007,0.5342386402315014,0.5342381831571514,0.28541043634305413,1.4762616,2.5537,0.36773171505356467,0.5881531489638148,-0.20897020921415832,2.76329993532533,1.243474687941733,3.436093524768076,4.014507151728711,0.5342381831571515,0.2854104363430542,0.02106247965338,0.21309876322229765,0.2120553107982062,0.044967454837723825,0.79021621,1.34761,0.1460036413006508,-0.358446170658054,0.13057144241092944,3.7082158434475394,1.2450935706941793,4.617075705422825,5.412304809390241,0.2120553107982062,0.044967454837723825
269,298.8,-0.0003033771659999971,0.49897505679532866,0.49897496456856094,0.24897601526619667,1.5500804,2.7889999999999997,0.3348098311940249,-0.2801477336764586,0.022158100681848314,3.106528831231372,1.2596835314168484,3.91324320857379,4.629733823741025,0.4989749645685609,0.24897601526619662,0.0058445911406,0.5313269025800778,0.531294756382687,0.28227411815973874,1.6075616,2.6029999999999998,0.36200154855350775,0.5724771454518185,-0.1893875656360331,3.0255603324315388,1.2481997324307688,3.7765035973941945,4.4407589039978514,0.531294756382687,0.28227411815973874,0.02070359166542,0.21572679790394259,0.21473102390209023,0.04610941262604004,0.70512421,1.302518,0.14988664485214143,-0.2567277902363154,-0.04313974861447045,3.2685981382525,1.2373065551329272,4.0442579025551,4.704383173668231,0.21473102390209023,0.04610941262604004
270,299.5,-0.0005744411610400002,0.49996058031254775,0.4999602503037737,0.24996025188381205,1.5500804,3.0519999999999996,0.3344073105185313,-0.2744173425359277,0.008347472156751135,3.1004052340105996,1.2603138252267587,3.907483580228963,4.635306559526012,0.4999602503037737,0.24996025188381205,0.0005085041528200023,0.5310959237401627,0.5310956803034113,0.2820626216369432,1.4303616,2.5068,0.35812375898366167,0.48362301111066225,-0.22376506901504856,2.6932264701391317,1.2512483312119267,3.3698951263373766,3.9940427411442867,0.5310956803034114,0.2820626216369433,0.019390489676622002,0.21965760639704188,0.2188000753157516,0.04787347295817858,0.67140621,1.2768000000000002,0.15077280544979127,-0.2393264926305462,-0.10738090583119586,3.0566035067613386,1.2402457642570115,3.7909395522738776,4.453098872817515,0.2188000753157516,0.04787347295817858
271,300.2,-0.0007447611490200025,0.5076414270506383,0.5076408807305017,0.25769926378883945,1.5019196,2.981,0.34284264389534524,-0.26715802594878824,-0.022086754327113933,2.9586229964052566,1.255547215291283,3.714690864233371,4.380784090728427,0.5076408807305016,0.2576992637888394,-0.0009539488395199996,0.5329474800622864,0.5329466263016897,0.28403210648635285,1.4956616,2.5831,0.36111583385348167,0.5008631247075661,-0.1873394842719147,2.806395856914831,1.2499954881568023,3.507982159125481,4.141777955399337,0.5329466263016897,0.28403210648635285,0.01734162067382,0.21803905529669568,0.2173483329291505,0.04724029782708085,0.71373521,1.319129,0.14879658704780926,-0.34494869427623154,0.09490618181583299,3.273428281134258,1.2488629308162238,4.088063236994043,4.796717614031513,0.2173483329291505,0.04724029782708085
272,300.9,-0.0009963856590199996,0.5082446727402744,0.5082436960597614,0.25831165458448707,1.4790804,2.894,0.3407837903865295,-0.25886177480127465,0.019694130009960453,2.91017393655171,1.2616674465906275,3.6716717196637907,4.340231084120441,0.5082436960597614,0.2583116545844871,0.004621090141280005,0.5312325473095457,0.5312124479404591,0.2821866648468949,1.5087616,2.5961999999999996,0.3675146938379472,0.5691054490979329,-0.27636976145062864,2.8401151391065924,1.2370580010008632,3.5133871565954897,4.105309597948421,0.531212447940459,0.28218666484689486,0.01786980967345,0.21555497720490846,0.2148129840117754,0.04614461810004328,0.73380621,1.2711999999999999,0.14674692005906592,-0.4076959332971677,0.25298067881711805,3.404264747282719,1.2517943441243153,4.2614393565503,5.000487980971877,0.2148129840117754,0.04614461810004328
273,301.6,-0.0009632279770800038,0.5023414974157663,0.5023405739314499,0.2523460522177785,1.4470804,2.8099999999999996,0.3367127738903492,-0.25346289845493253,-0.016792358550902442,2.880670634308187,1.2584349905590178,3.625136722489263,4.2976700387115185,0.5023405739314499,0.2523460522177785,0.0015390121321799998,0.5340160313029026,0.5340138136136178,0.2851707531301597,1.5993616,2.7728,0.36653313063462917,0.5552826298668436,-0.2079717850650682,2.9949692635590854,1.242551861214143,3.7214046327144934,4.363484406527741,0.5340138136136178,0.28517075313015966,0.01756327969033,0.2168984832643623,0.21618622354095576,0.0467364832489001,0.78109621,1.36749,0.1490051697356907,-0.283958727750049,0.1594676216230444,3.601206418064144,1.243075073515774,4.4765699328805635,5.242074562819055,0.2161862235409558,0.046736483248900104
274,302.3,0.0006505831368700028,0.49827092084884866,0.4982704961214758,0.2482734873051416,1.5440804,2.8579999999999997,0.33242106034926144,-0.25281408307519154,0.054325635590742216,3.0988772079444695,1.2621033273691429,3.911103235255114,4.644953597036531,0.4982704961214758,0.2482734873051416,0.00032712396486000197,0.5302587948789128,0.53025869397526,0.2811742825363485,1.6113616,2.7248,0.3554410839365943,0.545958788334896,-0.11656506709233216,3.0388210729592187,1.2559281148513743,3.816540821532302,4.533414039125101,0.53025869397526,0.2811742825363485,0.017357919682350002,0.21849890379169223,0.21780834139782682,0.04744047358247228,0.68943621,1.2708300000000001,0.14647425459686542,-0.33199481835079525,0.10992793166396497,3.155330292445219,1.2555829850424038,3.9617790273830886,4.706876385187996,0.21780834139782684,0.04744047358247229
275,303.0,0.002084686934929998,0.49572145341021606,0.4957170699618083,0.24573541345152036,1.5440804,2.99,0.3299037258927756,-0.16959236717044726,0.057610826851291375,3.114814558413418,1.2650715440120126,3.940463262723158,4.680396972848535,0.49571706996180837,0.24573541345152042,0.0020114026498799973,0.5293195616096107,0.5293157399529798,0.2801751525619705,1.6113616,2.6898,0.35830067531129806,0.559708691519386,-0.12755636270072124,3.04421320666858,1.2509996957042764,3.808309795201333,4.497232941579081,0.5293157399529796,0.2801751525619704,0.01789892167042,0.21737569119042854,0.21663753073637249,0.04693181972355274,1.1389062,1.6502999900000002,0.1415071133491344,-0.5668810731378987,1.0605477494285855,5.239344812490001,1.2820335452784692,6.717015804892912,8.04840246574761,0.21663753073637249,0.04693181972355273
276,303.7,-0.004911922864040001,0.504603790299773,0.5045798828715577,0.25460085819867495,1.4430804,2.868,0.3366620730024688,-0.24740555433917205,0.002572624353382569,2.8598286967735627,1.2625583375787328,3.6107005651583832,4.286435912219365,0.5045798828715577,0.25460085819867495,-0.0033899098495,0.5302567697728777,0.5302459338846258,0.28116075040117894,1.3797616,2.7282,0.36200967229861303,0.5555605601011178,-0.18979716567100935,2.602063148747703,1.2456392852497868,3.2412320807808985,3.8113942957354685,0.5302459338846257,0.2811607504011788,0.011316149684685601,0.22206378074072192,0.2217752634384124,0.049184267473177216,1.1389062,1.70529999,0.14828771823362205,-0.5618355305646676,0.9542157794881096,5.128734619400939,1.266295888802437,6.494495563306141,7.680381177662291,0.2217752634384124,0.04918426747317721
277,304.4,-0.0022678589549199996,0.5045108963885386,0.5045057991644173,0.25452610139052734,1.4540804,2.824,0.3377692946010924,-0.2742089577695015,0.03413217371752442,2.882158562696672,1.2630595683931274,3.640337950240215,4.304951406898244,0.5045057991644172,0.2545261013905273,-0.001860773846759995,0.5321593374051827,0.5321560841597269,0.2831900979082143,1.5505616,2.899,0.35776912898023633,0.5487783368396261,-0.10861073920102937,2.9137167968536692,1.2550210453857131,3.6567759003452034,4.333972594057033,0.5321560841597268,0.28319009790821426,0.012260724671708901,0.22292901142833818,0.22259159635291872,0.0495470187669407,0.86710621,1.4335,0.15045908853022563,-0.40756307462320795,0.3372940339109234,3.889606850379527,1.2565394165566697,4.887444322410716,5.763069672097658,0.2225915963529187,0.04954701876694069
278,305.1,0.0014166864579999983,0.5060830600243489,0.5060810771438589,0.2561180566430884,1.6200804,2.995,0.34219822974674197,-0.22983140717291317,0.03718107629514433,3.2012144408114627,1.257885806854314,4.026762209793809,4.734333082900539,0.5060810771438587,0.25611805664308834,0.0020161591555600007,0.5270286802080526,0.5270248237645938,0.2777551648641012,1.5505616,2.7110000000000003,0.3580126070469411,0.47731530237129477,-0.24918782027802333,2.942082012288007,1.2464519286598712,3.6671637984919014,4.331025135650312,0.5270248237645939,0.27775516486410123,0.01784777867988,0.21832235383842932,0.2175916059542425,0.04734610698174635,0.74720621,1.2986,0.14923621917519014,-0.3614510902965496,0.1592948383532069,3.4224906284812873,1.2454539642324765,4.262554520790519,5.006869070589666,0.21759160595424254,0.04734610698174636
279,305.8,-0.00016539196897999743,0.5111896215986491,0.5111895948429179,0.2613148018756666,1.6200804,3.076,0.3398741008196946,-0.20220521002183584,-0.011338265888332533,3.1692357034430865,1.263429259896664,4.004105119239183,4.766707425169366,0.5111895948429179,0.26131480187566664,-0.001452663849929997,0.5284604457926847,0.528458449204043,0.27926833253514205,1.5800616,2.6875,0.3619587324064297,0.5359052121261845,-0.23446481096612493,2.9899335183542934,1.242190308680935,3.7140664400999936,4.365308690013339,0.528458449204043,0.27926833253514205,0.01823565969242,0.21966232875932984,0.2189040871970054,0.04791899939155415,0.74218621,1.29358,0.15129283934376853,-0.4340628691517051,0.2779397014732692,3.3787596361739687,1.2440389213818102,4.203308493394261,4.905626817628823,0.21890408719700544,0.047918999391554154
280,306.5,-9.028657002000262e-05,0.5106086265793766,0.5106086185970743,0.2607211613856125,1.4559196,2.888,0.34040289150744624,-0.17536148444487912,-0.02849308031535358,2.8513415641904953,1.262042291475867,3.598513641451356,4.277048275214643,0.5106086185970743,0.26072116138561247,0.0033188785392800012,0.5318219561890108,0.5318116002213074,0.28282357812994763,1.5800616,2.7385,0.36436201924622763,0.5866146919759225,-0.09328839466636119,2.9710349142457035,1.247234682492228,3.705577787942564,4.336515653494143,0.5318116002213074,0.28282357812994763,0.018161619685268398,0.2186285571998078,0.21787290238503115,0.04746860159367731,0.86020621,1.4666000000000001,0.14951637390950392,-0.42274609470973856,0.33025446647214407,3.93455558147349,1.2471924057815682,4.907147841339219,5.753257569773911,0.21787290238503115,0.04746860159367731
281,307.2,0.00040690253487999907,0.5092066025415357,0.5092064399653844,0.2592911985022206,1.5360804,2.816,0.3366883764681253,-0.1958828017413069,-0.0034651188581746872,3.0166152448400405,1.2666687110614536,3.8210521439498657,4.562320850257872,0.5092064399653843,0.25929119850222054,0.002253803137959998,0.5303648368435164,0.5303600480159353,0.2812817805314652,1.5718616,2.7303,0.3661054248547239,0.553374689515328,-0.20254277150273747,2.9637364523541674,1.240505850196761,3.6765324075867385,4.293467108890119,0.5303600480159353,0.28128178053146513,0.020879833667388402,0.21817310791490765,0.2171716776268769,0.04716353756327214,0.72892621,1.36632,0.14916520270997755,-0.3518068113792202,0.09774257475649328,3.3410451772282466,1.2444527112245363,4.1577727291253535,4.886704115686109,0.2171716776268769,0.04716353756327214
282,307.9,-0.00014365096404199917,0.4960110228036678,0.49601100200211407,0.2460269141071412,1.4550804,2.79,0.32879275587351964,-0.14500785528854457,-0.04031172278496076,2.933564644945306,1.264382844053729,3.709148808991414,4.425524510520973,0.49601100200211407,0.24602691410714123,-0.00015721885121000145,0.5288165797658482,0.5288165563950155,0.2796469503174826,1.5718616,2.8023,0.3611211711087116,0.5515193643320795,-0.1827318965285718,2.972413612099674,1.2450125051760204,3.700692117619518,4.352726247464478,0.5288165563950155,0.27964695031748255,0.01881189364846,0.21799064057218773,0.21717742063674983,0.04716603203443177,0.80402621,1.34642,0.14678058754084256,-0.41506580353795264,0.3712913475099673,3.688351976440687,1.2583625306051816,4.641283926836525,5.477742142000045,0.2171774206367498,0.04716603203443176
283,308.6,0.0008854540379399982,0.4954435123141748,0.49544272107414455,0.24546348986535257,1.4140804,2.786,0.332813239564952,-0.18977215541383108,0.0038250721396044796,2.8541707880984246,1.2596093064537828,3.5951400868973034,4.2488706334172965,0.49544272107414455,0.24546348986535257,0.0027758053433999987,0.5226123510490013,0.5226049792851769,0.27311596437366015,1.5354616,2.6669,0.35805708056359065,0.5368810760726647,-0.1829371694705797,2.9380507309442288,1.2450443131484399,3.658003354303729,4.288315141214763,0.5226049792851768,0.2731159643736601,0.015251057669920002,0.21225088415351437,0.2117022509655893,0.044817843063897356,0.70561821,1.2480120000000001,0.1460661881426005,-0.403011718485349,0.24645454237241005,3.3244535720739266,1.2443745704361016,4.136865485684256,4.8308114216763425,0.21170225096558928,0.04481784306389735
284,309.3,-7.57351639999988e-05,0.4942500286411896,0.4942500228386456,0.24428308507600172,1.5550804,2.84,0.3346282379957761,-0.2136406983900457,-0.03181695258460282,3.146343570834552,1.253857382308395,3.945066113569459,4.647188202986112,0.49425002283864555,0.24428308507600166,0.0019210313356599965,0.5303674283105296,0.5303639492380042,0.28128591865133235,1.5236616,2.7461,0.36515444588300255,0.5452286893270507,-0.18310483947234868,2.872841578627068,1.240882480259112,3.564858783478259,4.172649729939724,0.5303639492380042,0.28128591865133235,0.01716512766992,0.2098341272837628,0.2091308666003508,0.04373571936501372,0.73611621,1.26951,0.1446469903195392,-0.40848231799356993,0.307670266894986,3.5080862180465795,1.2439226328648576,4.363787844669422,5.08905306894978,0.2091308666003508,0.04373571936501372
285,310.0,-0.0012529181530399995,0.4952358340401664,0.4952342491322274,0.24525696151356108,1.4690804,2.833,0.3287712393641478,-0.22396892069564922,0.045776577463354506,2.9664258904997762,1.2666358056479334,3.757381247708072,4.468396940198419,0.49523424913222736,0.24525696151356102,0.0020990781487399963,0.5309887296802144,0.5309845806785101,0.2819446249183332,1.4888616,2.7112999999999996,0.3606019854099527,0.49194201046556235,-0.23997908993927242,2.8039419987250205,1.245822090801903,3.493212883338872,4.128822525220925,0.5309845806785101,0.28194462491833316,0.018153029682422002,0.21291327601800975,0.21213799899610233,0.04500253061807031,0.68298621,1.21838,0.1477983651011648,-0.29751445507521035,0.0014571476800750993,3.207814105223895,1.2370517398069414,3.9682320198444656,4.621067422041581,0.21213799899610233,0.04500253061807031
286,310.7,0.001031975840939995,0.49923645836509545,0.4992353917610283,0.2492359763867874,1.4690804,2.8419999999999996,0.3327799270248611,-0.2095288950843404,-0.004418521242487206,2.942654478422828,1.2625585570479463,3.7152735921682027,4.414570353248046,0.4992353917610283,0.2492359763867874,0.0038722961489,0.5283637515544252,0.5283495616343421,0.2791532592792015,1.4253616,2.5248,0.36044608014485463,0.5089359172793253,-0.25772491852441703,2.6976899830971424,1.2446646713381366,3.3577194161837887,3.95443778838483,0.5283495616343421,0.2791532592792014,0.018160069669382,0.21826514043563194,0.2175083524809779,0.047309883398989325,0.73735621,1.3657499999999998,0.1495385738396068,-0.3548950004829283,0.17474659052665276,3.378259160067074,1.2464112001371057,4.2107000540733726,4.93087630212977,0.21750835248097794,0.04730988339898934
287,311.4,-1.411686000000234e-05,0.5039119156583568,0.5039119154606181,0.2539272185431891,1.4909196,2.908,0.3391611477951912,-0.16771839357615093,-0.017819424350169477,2.9586909014686142,1.2573923007781518,3.720235159889005,4.395903273980897,0.5039119154606181,0.2539272185431891,0.0022711521564599984,0.5276753733198446,0.5276704856973902,0.27843614147611967,1.5263616,2.5877999999999997,0.3632475903889439,0.5209484342527938,-0.3020340076502115,2.8926148104979172,1.2381256526402122,3.5814206000844777,4.201986855207114,0.5276704856973902,0.2784361414761196,0.019332069685920005,0.21629037212505103,0.21542468789730623,0.0464077961556518,0.77586621,1.32626,0.15042937393299607,-0.35615072485870264,0.08004854085861046,3.5871509322265305,1.2351592541767955,4.430702670068518,5.1576775846024905,0.2154246878973062,0.04640779615565179
288,312.1,0.00010898914300000051,0.5050042163368534,0.5050042045759284,0.2550292466393662,1.4930804,2.8499999999999996,0.3396455541635563,-0.22464730686916407,0.018869161363606946,2.9565701665430635,1.2581988334365852,3.719953134517893,4.3959957128748615,0.5050042045759283,0.2550292466393661,0.0003762011535799985,0.5315027005439634,0.5315025674051048,0.282494979158218,1.5469616,2.6083999999999996,0.36109922062085054,0.5744386319697148,-0.1661111901346639,2.9105432548447467,1.2480377642115579,3.632467896417468,4.284034724141067,0.5315025674051048,0.282494979158218,0.013573769705920002,0.2195835411657514,0.21916360173820354,0.0480326843268619,1.0915062,1.59889999,0.15065221181751276,-0.5175019383841385,0.6988862200656096,4.970801519117877,1.2487109534026926,6.2070943041132365,7.2452052766550645,0.21916360173820354,0.04803268432686189
289,312.8,-0.002403748149040002,0.5015911722966445,0.5015854125876849,0.2515879261207581,1.4159196,2.8209999999999997,0.33495484409136245,-0.20609576298520682,0.029639877672611892,2.8228558997896704,1.2649832266591041,3.5708653645096256,4.2271954712014645,0.501585412587685,0.25158792612075814,-0.0008949198371999974,0.5351415337980359,0.5351407855080748,0.28637566031419925,1.5469616,2.6744,0.3615367470084377,0.564727022538988,-0.17907031186590983,2.890752263276631,1.2502625646939955,3.6141993385792133,4.278850249111459,0.5351407855080746,0.2863756603141992,0.011695991400840001,0.22241238475972944,0.2221046435346668,0.04933047267966141,1.0915062,1.65889999,0.15285177166167713,-0.45999610605200647,0.6494769178492983,4.907578331032,1.247231482595064,6.120886197764451,7.140945689631555,0.22210464353466683,0.04933047267966142
290,313.5,-0.0007141152731000005,0.49690468491939305,0.49690417178186175,0.246913755934218,1.4980804,2.8529999999999998,0.3289523373721461,-0.210533835165949,0.04535044640461594,3.0148244632529795,1.2675808155062966,3.821533651738545,4.554095623601578,0.49690417178186175,0.246913755934218,0.0004960541676199979,0.5289813687905077,0.5289811362021731,0.27982104245774203,1.5610616,2.7375,0.3610525359180511,0.5094658091881484,-0.2289447454274196,2.951071043521434,1.2422385332879355,3.6659341647325627,4.32364114554874,0.528981136202173,0.279821042457742,0.01799819967224,0.21663966428180337,0.21589073381850052,0.04660880894869065,0.74754621,1.27294,0.1488899213591157,-0.3424949691707117,0.08369151441502787,3.4506433181487814,1.2430608845851931,4.28935973544601,5.020797937000401,0.21589073381850055,0.046608808948690655
291,314.2,0.0012285788218999998,0.4952511457018551,0.4952496218202276,0.24527218791307845,1.4980804,2.8470000000000004,0.3255653636353475,-0.2247409447239098,0.05573507719798565,3.024890326860255,1.2707361972198687,3.843837630961566,4.601473520622847,0.4952496218202276,0.24527218791307842,0.0032227031504399976,0.5248008467888354,0.5247909516890348,0.27540554297468284,1.4817616,2.6582,0.3593012959325339,0.5639642387660058,-0.21261051312777912,2.8234741027318075,1.2425441222705313,3.50829115073247,4.124008504211548,0.5247909516890348,0.2754055429746829,0.018869629676681998,0.21406955275482678,0.21323627855624483,0.04546971049251644,0.75558621,1.24498,0.14613397412695658,-0.4471176112945219,0.3192661926399163,3.529629507216146,1.248805218356602,4.407819747476966,5.170503399459804,0.21323627855624483,0.04546971049251644
292,314.9,-0.0005615421630399985,0.5012333950364191,0.5012330804826572,0.251234600970134,1.5720804,3.041,0.33280722160451703,-0.24012127367492184,0.03875846012421613,3.1364239006576455,1.2660083887866773,3.9707389690236115,4.72369677683299,0.5012330804826574,0.25123460097013406,0.00035731512236000063,0.531425472164045,0.531425352039853,0.28241290479068165,1.4001616,2.5766,0.3678581135274758,0.5454739689458855,-0.25379554422555994,2.6347280537726765,1.2380111574240862,3.2618227273488207,3.8062545000666947,0.5314253520398529,0.2824129047906816,0.01814803968884,0.21560748906189828,0.21484235614754574,0.04615723799502888,0.82730621,1.3837000000000002,0.15122951477278604,-0.3534235085381458,0.07565436758967481,3.8370940341617286,1.231192362234206,4.724200868034358,5.470534050466153,0.2148423561475457,0.04615723799502887
293,315.6,-0.002200767256039999,0.5104449995595695,0.5104402552687765,0.26054925419885366,1.5720804,3.0300000000000002,0.34101487326630525,-0.24040302321161738,0.05775767243529817,3.0798232940991648,1.2637586442801971,3.892153310773331,4.61000537877517,0.5104402552687763,0.2605492541988536,-0.0005015502434799988,0.5329209016354973,0.5329206656223276,0.28400443584734475,1.5999616,2.7994000000000003,0.36248075928511775,0.5148252047641422,-0.20336440657789634,3.0022496679898065,1.2464899517923325,3.74227404392116,4.413921453804704,0.5329206656223276,0.28400443584734475,0.01697840508942,0.22226488022586466,0.2216154569122775,0.049113410742437524,0.82730621,1.3837000000000002,0.15607960507472848,-0.30856960135504136,0.011182296970983163,3.7221634347238974,1.2311282544663995,4.58246057223029,5.30054012889063,0.2216154569122775,0.049113410742437524
294,316.3,0.0007763284279999962,0.507788185377381,0.5077875919348811,0.25784823852302535,1.4579196,2.8840000000000003,0.3325178031664966,-0.21918223797596476,0.11174196395244795,2.8711176076625233,1.2765126691917759,3.665018000920793,4.384485841409213,0.5077875919348811,0.2578482385230253,0.005177581248520003,0.525918873499627,0.5258933866816843,0.27656385415553153,1.4944616,2.6299,0.36220294639544365,0.5158094094646818,-0.21773237283218805,2.8416200203187043,1.2403490231934722,3.524600616489319,4.1260338019679885,0.5258933866816844,0.2765638541555316,0.018766465073420002,0.21636710570481307,0.2155517205213771,0.046462544219725864,0.72102621,1.21942,0.1481877643674209,-0.43614766497959195,0.24553369847435746,3.3324206452328617,1.2464691471728016,4.153759519684442,4.865625803033693,0.21555172052137708,0.04646254421972586
295,317.0,-0.002240516256999999,0.5068339391271046,0.5068289868762438,0.25687562193799973,1.5080804,2.8550000000000004,0.33563489799622415,-0.17655629789747032,0.033408121472382035,2.9754921357423174,1.2686316266716833,3.7748034283155767,4.493216912196555,0.5068289868762438,0.2568756219379997,-0.002760295247259995,0.5250305632244081,0.5250233071872973,0.2756494730898871,1.5276616,2.5341,0.3585934134685202,0.5885812349910932,-0.20512613847952688,2.9096622311243396,1.241511686295111,3.612379663112374,4.260149636390655,0.5250233071872973,0.2756494730898871,0.0133445536828318,0.21810603092373756,0.21769741296651274,0.04739216361231239,0.74610621,1.2505,0.1485423771213137,-0.4678406599464279,0.284937616783556,3.4208417201488652,1.2483240785796388,4.270319088271619,5.022850882416264,0.21769741296651274,0.04739216361231239
296,317.7,-0.0016515301559999996,0.5086944248858123,0.5086917439452415,0.2587672903580511,1.5370804,3.0229999999999997,0.3398408845104594,-0.179866348380514,0.04996243121206012,3.0216183327447155,1.2651482116212944,3.822795029874094,4.52294138244774,0.5086917439452414,0.25876729035805107,0.0034892353659600017,0.5304772996097947,0.5304658241940388,0.28139399063786086,1.6576616,2.8121,0.35753999155958943,0.5671417673834662,-0.12775850034941438,3.1248492654055746,1.2508577021569085,3.9087417717119206,4.63629702727597,0.5304658241940388,0.28139399063786086,0.01734420868579,0.21349990822789797,0.21279424155363,0.04528138923838463,0.73928621,1.32068,0.14778809175253116,-0.37586009582365976,0.1298197786532289,3.4627003643058134,1.2370993829903167,4.283704484163067,5.002339506744042,0.21279424155363,0.04528138923838463
297,318.4,0.0003055728339599977,0.5058949053286483,0.5058948130419259,0.25592956186272514,1.5630804,3.049,0.33598981558142577,-0.24187420012625233,0.052313805792430834,3.089733427903498,1.2666312399660122,3.9135528829498445,4.652166010731935,0.505894813041926,0.2559295618627252,0.0034415961710800008,0.5322902425730677,0.5322791163988029,0.2833210577542904,1.4919616,2.6284,0.3585506691342721,0.541561826889121,-0.1466909487835153,2.8029099176943824,1.2523652835160661,3.510267073743319,4.161089989323885,0.5322791163988029,0.2833210577542904,0.018564249673881796,0.21287982254812648,0.21206882722872686,0.0449731874821676,0.69561621,1.2760099999999999,0.1457379317611449,-0.35760079089596425,0.16577808108049785,3.267647453260816,1.2474042682746525,4.07607738041434,4.773062178075027,0.21206882722872686,0.0449731874821676
298,319.1,-0.0017458361730400011,0.49416720326647595,0.49416411933715654,0.24419817684026748,1.4910804,2.971,0.3239737132347006,-0.2088773300678851,0.08262951979481059,3.0173600962262688,1.2746898644957545,3.846198332193559,4.602473407834162,0.4941641193371565,0.24419817684026743,0.00013626513979999856,0.5242353912512004,0.5242353735414188,0.27482272687211096,1.4609616,2.5234,0.3629597025432255,0.5768139102730485,-0.20570002743963212,2.78684275114105,1.2361418844224759,3.4449330499846145,4.025134442647973,0.5242353735414188,0.2748227268721109,0.015401562665919999,0.21589090381429216,0.2153408326750867,0.04637167421719968,0.70175321,1.231147,0.14665038514293502,-0.39214720199058084,0.29032682605465476,3.2504991993717494,1.2535855951075447,4.074778973241033,4.7852121855392715,0.21534083267508666,0.046371674217199677
299,319.8,0.0012110908329399997,0.4926036668496286,0.4926021780835873,0.24265690585269425,1.4910804,2.818,0.3245333561315641,-0.22878643844171878,0.08120818756135018,3.0269372729926607,1.2707394002686407,3.8464484549334887,4.594536653408052,0.49260217808358725,0.2426569058526942,0.0037388465404000035,0.5234741085884572,0.5234607563027311,0.27401116338902726,1.6225616,2.617,0.3608503657211392,0.6081276572769329,-0.16128209632299395,3.09960239366035,1.2408945519188457,3.8462797234077417,4.496494265032548,0.5234607563027311,0.27401116338902726,0.018205889664860003,0.2116780725925922,0.21089369833645022,0.04447615199802567,0.68238621,1.28878,0.14478705831746916,-0.35617910641815276,0.23188644573220474,3.2236981452177136,1.247439295539111,4.0213677433011235,4.713033180795464,0.21089369833645022,0.04447615199802567
300,320.5,-0.0013269295642100015,0.49696845157468084,0.49696668008878375,0.24697588111846752,1.5129196,2.989,0.3250927154807728,-0.2415102536944383,0.1285760679018204,3.044297067965187,1.2758806871258277,3.884159834890566,4.653809599401743,0.49696668008878375,0.24697588111846752,0.0018826730551600034,0.5305987889447626,0.5305954488796678,0.28153153037181616,1.6225616,2.6710000000000003,0.3632766622276169,0.5516356057409354,-0.20261466733645506,3.0579821021206945,1.2430060994996968,3.801090405096928,4.4664625303768,0.5305954488796677,0.2815315303718161,0.01618032967786,0.21465030609036392,0.21403960109335535,0.04581295083620269,0.65624621,1.2626400000000002,0.14787436303929347,-0.2688667339137392,0.07430926010422434,3.057280569279655,1.2435684897804207,3.801937780374126,4.437863308500751,0.21403960109335535,0.04581295083620269
301,321.2,-0.0011244721680400002,0.5037177868103307,0.5037165317035377,0.25373034431144115,1.5129196,3.018,0.3327108347145386,-0.25711945442856887,0.141908254927964,3.0035064069906925,1.2705752028690507,3.816180762380692,4.5472507719746025,0.5037165317035377,0.25373034431144115,-2.2266349789999306e-05,0.5301459100166507,0.5301459095490527,0.28105468541159234,1.5611616,2.6016,0.3602871276836321,0.5062497545515543,-0.23333098384681872,2.944777221710467,1.2451752338440751,3.6667636656620366,4.333104016335701,0.5301459095490527,0.28105468541159234,0.01756968968616,0.2141452059437522,0.21342323030313282,0.04554947523302407,0.73810621,1.2605,0.1488015846552343,-0.3236539766112712,0.05604496240432555,3.4467557036689978,1.2375825285381012,4.265644638999801,4.960338370791914,0.21342323030313284,0.04554947523302408
302,321.9,0.0006668878229500029,0.5016813902132198,0.5016809469642041,0.2516837725469005,1.5110804,2.886,0.32968767272844685,-0.2502420583311907,0.11457303328105972,3.0120319977541428,1.273967895005946,3.8372320638693993,4.58336942808483,0.5016809469642041,0.25168377254690055,0.0035874951597000015,0.523580325582628,0.5235680349445427,0.2741234872156899,1.5611616,2.6845999999999997,0.35123477157942024,0.5755509223345076,-0.1467889069949222,2.981704093374356,1.2544286754117075,3.7403351163212593,4.44478088823559,0.5235680349445427,0.2741234872156899,0.019354429684199998,0.2147261647328875,0.21385212618184207,0.0457327318724945,0.77894621,1.30534,0.14667685065255295,-0.3721971581977522,0.21186289401448377,3.6276259624391103,1.2481270933541402,4.527738248275142,5.310628136168277,0.21385212618184204,0.04573273187249449
303,322.6,-0.0005281701730299997,0.5028014672689718,0.5028011898594704,0.2528090365240992,1.5150804,2.8739999999999997,0.3317052460277678,-0.21861873034300458,0.08522737432673466,3.013277602846599,1.2690906205189445,3.824122342792428,4.567550312041701,0.5028011898594703,0.25280903652409914,0.0025028091572399966,0.5245341423833084,0.5245281712855042,0.2751298024721152,1.4774616,2.6009,0.35875794414743106,0.573472063913839,-0.21824762111270246,2.816711974718951,1.241886971847754,3.4980379048510257,4.118268665830127,0.5245281712855042,0.27512980247211527,0.01949675366942,0.21439347828655667,0.2135051290441572,0.045584440128162214,0.74398621,1.33138,0.14535118843030997,-0.33490573470693424,0.126660083464873,3.4701904924812768,1.2495418834644694,4.336148363955549,5.118542325209204,0.2135051290441572,0.045584440128162214
304,323.3,-0.000989563565039999,0.5011168129982638,0.5011158359436345,0.25111708103348757,1.5750804,2.873,0.332145206872588,-0.2507979640146435,0.04447692048078089,3.1431402003377946,1.2675410199737889,3.984059135456787,4.742144000302272,0.5011158359436345,0.2511170810334876,0.0014263891574000014,0.527809772184041,0.5278078447948089,0.27858112102694105,1.4155616,2.585,0.363740654916136,0.5533772319932446,-0.22118803459919567,2.681954133100837,1.2395873536030186,3.3245164263351445,3.8916782627071798,0.5278078447948089,0.27858112102694105,0.017682326661702,0.21268098359824447,0.2119446534077838,0.0449205361081456,0.70207321,1.2894670000000001,0.1432109205515543,-0.34688957720688224,0.11726383370581717,3.3010624557116968,1.2531331646455115,4.136670841818482,4.902372020905079,0.2119446534077838,0.044920536108145594
305,324.0,0.0006725140318799993,0.4941500081001739,0.4941495504705826,0.2441837782302789,1.4869196,2.915,0.3280529618751011,-0.2195832933985998,0.09857433236032964,3.009044977489047,1.2687799843046632,3.817816039310578,4.532559594953792,0.4941495504705826,0.2441837782302789,0.005388228155279998,0.5228679114135614,0.5228401474478854,0.2733618197833265,1.4178616,2.4873,0.35601399480277235,0.5801117370363763,-0.19009120760338005,2.7117013093552513,1.2476574538252256,3.3832743511647037,3.982600742382273,0.5228401474478854,0.2733618197833266,0.01882011466982,0.21125181550831737,0.21041181725220423,0.044273132839374986,0.76893621,1.26633,0.1419351810893562,-0.39126731446741286,0.29794121709324495,3.6399034401184855,1.2568762139631542,4.574908055007582,5.417516672740293,0.2104118172522042,0.04427313283937498
306,324.7,-0.0024008657701600003,0.4956545214158757,0.4956487066900856,0.2456676404435545,1.4869196,2.9059999999999997,0.32934855325729706,-0.2039048219514895,0.05892866265308472,2.999911300622253,1.2667732265105016,3.800207317534567,4.514729411421988,0.4956487066900856,0.2456676404435545,-0.00034493784543999695,0.521544754292061,0.5215446402250233,0.27200881174744906,1.4207616,2.4432,0.35468363766110994,0.60018964800063,-0.162897123385898,2.7241412904795212,1.2468524991237253,3.3966023760005215,4.005715091254074,0.5215446402250233,0.27200881174744906,0.019000903386000002,0.21415625042717581,0.21331166228676557,0.04550186526754312,0.72283621,1.34123,0.14656302909386282,-0.374705242778969,0.23463168088402275,3.3752748685044875,1.2456175058133143,4.204301463140922,4.931913692484321,0.21331166228676557,0.04550186526754313
307,325.4,0.0009683684269499984,0.5013693949501457,0.5013684597731142,0.2513703324552648,1.3890804,2.739,0.3286589345716373,-0.23827468106541116,0.04375298177177056,2.7705727832432316,1.2741882471298476,3.5302312782263563,4.226510384725976,0.5013684597731142,0.2513703324552648,0.0032649121442799986,0.5292832482687037,0.5292731782799507,0.2801300972465604,1.4767616,2.6041999999999996,0.3642188171670158,0.5875852989899608,-0.14369702139597385,2.790115887533787,1.243017566976587,3.468163062104969,4.054599955835938,0.5292731782799507,0.2801300972465604,0.019946490366799997,0.211971168493488,0.21103059919012176,0.044533913794541816,0.74304621,1.36144,0.1444947034473901,-0.3763014262189948,0.2598125790420598,3.505411680658954,1.24785141674427,4.374232931982188,5.142376794942798,0.21103059919012176,0.044533913794541816
308,326.1,0.0022497838329799966,0.514617005135586,0.5146120873506805,0.2648256004474244,1.4939196,2.9589999999999996,0.34069548684140344,-0.2236165428313246,0.018443341356107812,2.90297363882563,1.2674734009254407,3.679441870799223,4.384911622546476,0.5146120873506805,0.2648256004474245,0.004332487147830002,0.5345826138764997,0.5345650574197165,0.28575980061414474,1.4767616,2.6041999999999996,0.3682870110070994,0.5828229677270903,-0.22074217766191362,2.762457217400572,1.2397690290257422,3.424808902141861,4.009811793149373,0.5345650574197164,0.2857598006141447,0.019535536666299997,0.21347539409291869,0.2125796478741241,0.045190106690286586,0.70617921,1.2695729999999998,0.14671148998065595,-0.34585057135933833,0.17749761983744294,3.3080122090915256,1.2445053468770735,4.116838881749043,4.813387213865187,0.2125796478741241,0.045190106690286586
309,326.8,-0.0022678371640400033,0.5152338307602311,0.5152288397153831,0.26546075727446,1.4939196,2.981,0.3397081241208349,-0.23459986967841667,0.046685298271907705,2.89949826818575,1.2692076234550764,3.6800653061761457,4.397656381831509,0.5152288397153831,0.26546075727445995,0.0004802831534600012,0.5340744226740121,0.5340742067191335,0.28523525828267177,1.6309616,2.7154,0.3660749427868976,0.5426922737916916,-0.2582624280917991,3.05380960172943,1.2398069406326058,3.786134339594641,4.455266966877402,0.5340742067191336,0.2852352582826719,0.01842405968588,0.2153234967274804,0.2145338254626538,0.0460247622676404,0.77113621,1.34753,0.1481667355880996,-0.36789931735396836,0.142881044182543,3.581291506592855,1.2422422409913956,4.44883158679336,5.204516431702609,0.2145338254626538,0.0460247622676404
310,327.5,-0.0007646901390399994,0.5179345974805953,0.5179340329775382,0.26825566251637756,1.5099196,2.997,0.3461080702881853,-0.21096179250064429,0.07212739047745842,2.915270783888056,1.263453934103938,3.683310340881635,4.3625668674607105,0.5179340329775382,0.26825566251637756,0.0004092871594799976,0.528624925424033,0.5286247669789844,0.27944414426358555,1.5684616,2.6529,0.3586490716851594,0.5532250548536555,-0.20533043997295009,2.9670594869166806,1.2492166101188331,3.70649999426698,4.373248737631966,0.5286247669789844,0.2794441442635856,0.017738049680739998,0.21964684845807741,0.21892943984555668,0.04793009963108922,0.77113621,1.29753,0.14834399815261515,-0.3648077905082294,0.14602028838554526,3.5108002478222757,1.2525961664431489,4.39761493156984,5.198297333247424,0.21892943984555668,0.047930099631089226
311,328.2,-0.00013669184114000466,0.5078883393488934,0.5078883209544371,0.25795054656191735,1.5259196,3.008,0.34337669635898427,-0.18328646711138447,0.04272843336673926,3.004439129191684,1.2580046768656983,3.779598475881445,4.44386475896641,0.5078883209544371,0.2579505465619174,0.0007763411587400011,0.5303555234789799,0.5303549552696458,0.281276378579068,1.5684616,2.5849,0.3580730226121433,0.5923378419470205,-0.1336463745874612,2.957377703377807,1.251547880160123,3.701299795495307,4.3802841905208885,0.5303549552696457,0.28127637857906795,0.017643349688159997,0.21741499383720514,0.21669792744051164,0.04695799175701325,0.77691621,1.38131,0.14844373330423652,-0.4142017413901978,0.35618222257918974,3.5734251639596453,1.249160715559541,4.4637823348103,5.233742056377042,0.21669792744051164,0.04695799175701325
312,328.9,0.00034420413099999435,0.5099026056722971,0.5099024894966823,0.2600005487949142,1.4759196,2.942,0.34128053974605793,-0.16928766306238102,0.017322367173751463,2.8945127629893705,1.2611536388094282,3.650425303624377,4.324652091496958,0.5099024894966823,0.2600005487949142,0.0003101061425599998,0.5331858110105581,0.5331857208301501,0.28428701289716685,1.5615616,2.8,0.3657784993168071,0.5759018862470465,-0.1620226964660949,2.928738101714185,1.2417214252812405,3.636676849936013,4.269145406076765,0.5331857208301503,0.2842870128971669,0.019838789690901998,0.21364659645522313,0.21272350739986662,0.045251290600501114,0.77691621,1.38131,0.15008629053887423,-0.3451290818917229,0.0689701782886809,3.6364548880741427,1.2291063002876752,4.4695896136438416,5.176463534480979,0.21272350739986665,0.04525129060050112
313,329.6,0.0018470468148799987,0.5077815211770034,0.5077781618648987,0.2578386616668952,1.5859196,3.1639999999999997,0.330965816446611,-0.2086939049426122,0.1099430592100279,3.1232322049135326,1.2773223095190531,3.989374173144438,4.791792750765332,0.5077781618648987,0.2578386616668952,0.004281630146260006,0.5373640520983672,0.5373469941582137,0.28874179213086737,1.5420616,2.6505,0.3684072182968053,0.5476632372215784,-0.2133421854679196,2.8696776309810126,1.242286853613963,3.5649627950777734,4.185752947863379,0.5373469941582139,0.2887417921308675,0.019222479688862003,0.21437464735406453,0.21351109035080781,0.045586985702790815,0.75744621,1.34184,0.1477076743161243,-0.3423991410176624,0.1603373333957081,3.533282593575489,1.2404077307060704,4.382711043840231,5.128008504005769,0.2135110903508078,0.04558698570279081
314,330.3,0.0012263568359599981,0.49568436798553506,0.4956828509381076,0.24570148871413022,1.4110804,2.798,0.32858563357987264,-0.21839113073869423,0.02536853052944288,2.8467316928606023,1.2675799195046193,3.6084599300874913,4.29440686321727,0.4956828509381076,0.24570148871413022,0.0018238281553599961,0.5331768574369655,0.5331737380603232,0.2842742349572181,1.5628616,2.6103,0.36248287965010023,0.5814678912819744,-0.18904149065546738,2.9312254990076503,1.2458413273780833,3.651841866528175,4.311545972898386,0.5331737380603231,0.28427423495721804,0.0198841296781418,0.2145692074292029,0.21364588964859385,0.045644566163739145,0.75744621,1.3198400000000001,0.14764448351675688,-0.45698141091511535,0.32594752589820786,3.5300787987014366,1.2438368139693425,4.390841966037519,5.130203255538727,0.21364588964859385,0.045644566163739145
315,331.0,-0.0001086204870199996,0.5068401469051514,0.5068401352659685,0.2568869227164252,1.4530804,2.8979999999999997,0.3421375657479913,-0.19449736959667935,0.015370912502589817,2.866940215515179,1.2573195292594301,3.604659922186474,4.2470647642074395,0.5068401352659684,0.25688692271642516,0.0009682391502399974,0.532292224187749,0.5322913435738823,0.2833340744436888,1.5598616,2.6973000000000003,0.36004187695836454,0.5880482371986836,-0.1704448244974608,2.9304609932641226,1.2523904076928558,3.6700812380820658,4.3324449177348985,0.5322913435738823,0.2833340744436888,0.017385659672309997,0.2158643527768349,0.21516309543581225,0.04629515763752045,0.79847621,1.35687,0.1461451683468563,-0.33793494446574057,0.24776237994676586,3.698972061521809,1.2537491671900167,4.637583141592107,5.463582676266942,0.21516309543581227,0.04629515763752046
316,331.7,0.001602502713968998,0.5135341078720781,0.5135316075306591,0.2637147119330228,1.5180804,2.963,0.3459711148698364,-0.18756251639861896,-0.01339557321467666,2.956143276033684,1.2565385986012676,3.714508129331925,4.387881920637053,0.513531607530659,0.26371471193302276,0.0027090691480799985,0.5339370950441511,0.5339302224153807,0.28508148240853787,1.3988616,2.4713000000000003,0.36868496998967143,0.51816335524022,-0.2873649737948232,2.6198996342150167,1.2384939514507025,3.244729850383206,3.7941920985799573,0.5339302224153806,0.2850814824085378,0.016443929687299998,0.21517694065561652,0.2145476939199064,0.04603071296634985,0.72821621,1.2856100000000001,0.14661406434911026,-0.3004581482483347,-0.026487937365519354,3.3842669562138896,1.243483499402898,4.208280117626442,4.966891909264633,0.21454769391990638,0.046030712966349835
317,332.4,0.0009995129468710023,0.5186080006895719,0.5186070375082699,0.26895325935310405,1.5180804,2.967,0.34508525591443373,-0.1794291781635009,0.03522758146212146,2.9272213270552525,1.2658344119076732,3.7053774870565848,4.399145932726893,0.5186070375082699,0.268953259353104,0.0004948397587999975,0.5328673942725412,0.5328671645095248,0.28394741501242093,1.5288616,2.7363,0.3629931943642333,0.5182441961970319,-0.227224874421053,2.8691220675777473,1.2451214999601579,3.572405572351194,4.211818909381302,0.5328671645095248,0.28394741501242093,0.01907915168246,0.21732525407775705,0.21648614743451677,0.046866252031039335,0.79073621,1.40413,0.14802658145053,-0.38073497645922216,0.180761193188824,3.638492053560796,1.2491344966463926,4.5449659398765645,5.341852809485177,0.21648614743451677,0.046866252031039335
318,333.1,-0.0003223598631199964,0.5117737867220761,0.511773685196857,0.26191230485997163,1.4700804,2.919,0.33791602562163514,-0.148987753974027,0.03805526566635642,2.8725199260710514,1.2693156105616274,3.646134383811318,4.350431138314968,0.511773685196857,0.26191230485997163,0.001998631742859999,0.5323580750545341,0.5323543233100727,0.2834011255469254,1.5171616,2.6966,0.36543026167224,0.5975779030183446,-0.1771696532713536,2.849889334062574,1.243051796274264,3.542560055889348,4.1517130876281,0.5323543233100727,0.2834011255469254,0.017072689683201803,0.21745006218637997,0.2167788107999525,0.04699305281184161,0.79073621,1.40413,0.14964454889707235,-0.43933678566762063,0.38567655078928587,3.636403696781872,1.2458339667875422,4.530355242402642,5.284096319097327,0.2167788107999525,0.04699305281184161
319,333.8,0.0022014981270000013,0.5089170163072668,0.5089122546108393,0.2589916828930877,1.5940804,3.0,0.33647325177056064,-0.1473852852241353,-0.011849987911942694,3.132299272613727,1.2671739912858817,3.9691681711798,4.737614035028838,0.5089122546108393,0.2589916828930877,0.0030585001461200033,0.5337259030778759,0.533717139684637,0.2848539851931503,1.5171616,2.6966,0.3643948422093628,0.5557348810457485,-0.1882340886779028,2.842585662885901,1.24546013214167,3.5403271153218907,4.163510083735806,0.5337171396846371,0.28485398519315036,0.016850621681779997,0.21611585109885117,0.2154579254636931,0.04642211764511833,0.72236621,1.30176,0.14855327038492105,-0.3847926344258371,0.17807182706883262,3.3424952696764034,1.2433683599649652,4.1559528616482035,4.862674568713662,0.2154579254636931,0.04642211764511834
320,334.5,0.002207602338899997,0.5051715866566499,0.5051667630170361,0.25519345845711033,1.5940804,2.979,0.3382642210635418,-0.20913233087391478,-0.008885932965437604,3.155522682005964,1.2617231885844313,3.981396139991061,4.712530326110243,0.5051667630170362,0.2551934584571104,0.0009165811501000003,0.5411816233728765,0.5411808471809558,0.29287670935549703,1.5515616,2.723,0.3681460795937063,0.5507466154270333,-0.1307356257712553,2.866988702110765,1.2490900838626822,3.5811271583528983,4.214527020666187,0.5411808471809558,0.2928767093554971,0.01843553965632,0.21264056038990367,0.21183988954045582,0.04487613880051253,0.75153621,1.31093,0.1458165622830022,-0.3633233805025092,0.08655434563047626,3.5343031857231857,1.2448433063305424,4.39965366329022,5.153983870099827,0.21183988954045582,0.04487613880051253
321,335.2,0.0005977753339579994,0.49781547161291856,0.4978151127093699,0.24781988644184264,1.4570804,2.895,0.33158315385263076,-0.20780820054478158,0.00771250672218704,2.926948805506325,1.263366856055121,3.697810110246818,4.394313713077192,0.4978151127093699,0.24781988644184266,0.0021855221607800044,0.5350841887522123,0.5350797254106139,0.28631031254549794,1.5783616,2.6368,0.3620686731817088,0.587064340441518,-0.14470148471702338,2.949744419996141,1.250760329220617,3.6894233018710514,4.359287938749341,0.5350797254106139,0.28631031254549794,0.016699733666359996,0.21260071919225168,0.21194382438876416,0.044920184696535304,0.71304221,1.247436,0.14500729824918537,-0.4465043358642623,0.22839618123356598,3.353903094538483,1.2485569652686879,4.18753906952223,4.917284982268165,0.21194382438876413,0.0449201846965353
322,335.9,0.00083592882098,0.49243209331927773,0.4924313838026696,0.2424886677538121,1.4090804,2.671,0.32028816250596415,-0.19626375548874211,0.12242773045861188,2.8614714985410097,1.2803543297342768,3.6636974225682106,4.399414542751829,0.49243138380266954,0.24248866775381206,0.003073811154079999,0.5297802560246436,0.5297713387476959,0.28065767135852593,1.5686616,2.5871,0.3592448574200272,0.6050304727222653,-0.15661261508329316,2.9609665180256,1.250000453638705,3.701209490741017,4.366552694074975,0.5297713387476959,0.280657671358526,0.018125593672881798,0.2130349442090959,0.21226245619086337,0.04505535030817819,0.73474621,1.2641399999999998,0.1454811915913306,-0.42378106634603124,0.3822967920088822,3.4489468980208207,1.2500537691019828,4.3113690693035185,5.050454989837905,0.21226245619086337,0.04505535030817819
323,336.6,0.00132256982398,0.4992439353453634,0.49924218350234195,0.24924275778818605,1.4590804,2.83,0.3276902968274933,-0.2206909987365936,0.0866135104480299,2.922580119056725,1.2731164853766375,3.720784929405132,4.452620093197654,0.4992421835023419,0.249242757788186,0.0021665650462000005,0.5286518016757572,0.5286473620580402,0.2794680334109247,1.4282616,2.5067,0.3594916476959533,0.5668724738403188,-0.15152569344639222,2.701705726666583,1.2499911935831587,3.377108365986417,3.973003570886794,0.5286473620580402,0.2794680334109247,0.0189106596683818,0.2121299005203694,0.21128530863665945,0.044641481645688444,0.72541621,1.25681,0.14590964005826165,-0.3237603502542161,0.037138619829559794,3.419679207035423,1.2403876633344197,4.2417279009679705,4.971681170005914,0.21128530863665948,0.04464148164568845
324,337.3,0.0015999888469800006,0.5031671573874033,0.5031646135302138,0.2531746283090094,1.4790804,2.864,0.33465080607403425,-0.21402917008143077,0.04480514894470167,2.9395408231328823,1.2642731500104245,3.7163825360464453,4.419772410985274,0.5031646135302137,0.25317462830900933,0.0033824530401999993,0.5295926500971903,0.5295818482995766,0.2804569340483957,1.5159616,2.5704000000000002,0.36474900437822944,0.5082979952073371,-0.22866753963751396,2.862504983257967,1.2401805654615408,3.550023048773344,4.156177485896607,0.5295818482995767,0.2804569340483958,0.01920054965688,0.20976449893285734,0.20888390054148834,0.043632483905426386,0.74769621,1.30409,0.14142979398109234,-0.3498123779622333,0.1477628502683821,3.5644554431459206,1.2544456994256121,4.4714158014486145,5.286695178951891,0.20888390054148834,0.043632483905426386
325,338.0,-0.0002351071630400019,0.5058657239263661,0.505865669291926,0.2559000753681683,1.5469196,3.082,0.33335279321002936,-0.2262889198579762,0.18575151533659318,3.0579648448867234,1.272629909804124,3.891657524732373,4.640487890033552,0.505865669291926,0.2559000753681683,0.0009997221547599989,0.5320248798937015,0.5320239406093684,0.2830494733815208,1.5159616,2.5994,0.3612215942347651,0.5617602873214322,-0.193706863867523,2.8494186217435713,1.2479990336132827,3.5560716862956694,4.196763494196714,0.5320239406093683,0.2830494733815207,0.017466404656614004,0.21209023524244386,0.21136980057133656,0.04467719259356659,0.73635621,1.3047499999999999,0.14149920557970566,-0.3929787199740998,0.2748321735548851,3.471900576461047,1.2596718927720376,4.373455570667017,5.203960029197583,0.21136980057133656,0.04467719259356659
326,338.7,-0.00125512915916,0.5101432767521411,0.5101417327235692,0.26024458746620555,1.5660804,2.9989999999999997,0.3388570605303261,-0.1997764355018178,0.1305891492170015,3.0698834452363033,1.2684729228124538,3.894064026472459,4.621654917117606,0.5101417327235692,0.2602445874662055,0.00021353415311999857,0.5272431963277657,0.5272431530869646,0.2779853424770844,1.4305616,2.559,0.359858210240551,0.5998819820573073,-0.11945805153682221,2.7132860318802066,1.2480715343960807,3.386375061064182,3.97534795452833,0.5272431530869645,0.2779853424770843,0.014862324660319998,0.216788820013536,0.21627876407209415,0.04677650378855256,0.73635621,1.2607499999999998,0.14686199881330625,-0.39809877634977,0.25033242475597106,3.3966521426428855,1.2526196223966317,4.254713124330042,5.013932916275162,0.21627876407209412,0.046776503788552554
327,339.4,0.0019304480389480006,0.5127530077832582,0.5127493738281372,0.26291192036114686,1.5740804,3.0469999999999997,0.3397787849737983,-0.18912427995491565,0.0874916317511727,3.0698608805925662,1.2673471208199656,3.890579348336833,4.632662395686015,0.5127493738281372,0.26291192036114686,0.004504180152860001,0.5291304459593921,0.529111274877351,0.2799587412023357,1.4129616,2.6144,0.3633422693520018,0.5371237232286038,-0.2238220910652582,2.670346434966695,1.2418332976256272,3.3161251191375287,3.8887894945994823,0.529111274877351,0.2799587412023357,0.01543643367285,0.216273013278639,0.21572142403592195,0.04653573278808605,0.78468621,1.33908,0.15062529525769136,-0.34994489248884136,0.0963508688694028,3.6282206369827397,1.2355429218867877,4.482822327067597,5.20952479235012,0.21572142403592195,0.046535732788086044
328,340.1,-0.0002793694651619969,0.5036050912320862,0.5036050137434891,0.2536180098675798,1.5220804,2.995,0.33424654646356,-0.19766256878847174,0.023681128566030107,3.0223689682647583,1.264445042882971,3.821619459685693,4.5537655245929045,0.5036050137434891,0.2536180098675798,-0.002281879842499998,0.5363108053770851,0.5363059509166406,0.2876240729886021,1.5318616,2.7333,0.3632054015942345,0.5810659640134659,-0.13017906065236673,2.8562944931212675,1.2516421628850911,3.575058617207078,4.21761789135329,0.5363059509166406,0.2876240729886021,0.0137722296660718,0.21703487270937338,0.21659746457887932,0.046914461661998884,0.72932621,1.28372,0.14680042028140738,-0.46865172535866384,0.35860612378047296,3.3604102460373944,1.2548303145342772,4.216744645999311,4.968147969889503,0.21659746457887935,0.04691446166199889
329,340.8,-0.0009692751741399958,0.5001631081345446,0.5001621689456779,0.25016219524444483,1.5000804,2.851,0.3283335714810654,-0.2222940763947007,0.12279196625121447,2.9991824179013147,1.2741292961422204,3.821346183122725,4.5687694780443975,0.5001621689456779,0.2501621952444449,0.0004684721703999988,0.5308929975528447,0.5308927908575048,0.28184715538447036,1.5399616,2.6334,0.3598017621968306,0.5727076066874841,-0.19016299851079177,2.900700531177591,1.2481443418964333,3.6204929555252887,4.280027953719581,0.5308927908575048,0.28184715538447036,0.014182798683801802,0.21511312368332408,0.2146450656369529,0.04607250420229182,0.73597621,1.26037,0.14575943426558025,-0.44480326103274276,0.3965190972501875,3.421344999310491,1.2532846257746135,4.287919087106695,5.049252651866213,0.21464506563695293,0.046072504202291836
330,341.5,-0.0009316513711800032,0.5022771083732954,0.5022762443332969,0.25228142562156175,1.4750804,2.783,0.3273418204890761,-0.2533242487931497,0.1553696439832648,2.9367860398362238,1.279983175541006,3.759036721154065,4.506238762270296,0.5022762443332969,0.2522814256215617,0.00332163916576,0.5280433589754356,0.5280329115418028,0.27881875567131326,1.4203616,2.4718,0.3534892746699262,0.5929851657379467,-0.13691307718855406,2.6898578987072814,1.2577694189329294,3.3832210062692076,4.018117950894763,0.5280329115418028,0.2788187556713133,0.015852529680301798,0.21501685527888664,0.21443167992802933,0.04598094535675682,0.78477621,1.30917,0.14704280553994373,-0.3449669860085814,0.23187946664930248,3.649835772093818,1.2452223436581533,4.544857054094029,5.3370595529532245,0.21443167992802933,0.04598094535675682
331,342.2,-0.0007557662750400022,0.5066368215373753,0.5066362578367559,0.2566802977548318,1.5210804,2.995,0.3308423873502517,-0.24403900257622832,0.1916134205548392,3.0023092190266074,1.2790810353227946,3.8401967842317237,4.597598307104716,0.5066362578367558,0.25668029775483175,4.143613797999923e-05,0.5293545460031809,0.5293545443814385,0.2802162336572803,1.4274616,2.6369,0.3664139404507513,0.5310642683456387,-0.24950769008482965,2.696607804311597,1.2372821877017501,3.336464803492266,3.8957622579642575,0.5293545443814385,0.2802162336572803,0.01507136967988,0.21524380218525124,0.214715505250869,0.046102748195135955,0.78477621,1.32717,0.1477966266370233,-0.3474130442634519,0.14405290919548097,3.6459874896865845,1.244537325998462,4.537567521038387,5.309838443927056,0.214715505250869,0.04610274819513595
332,342.9,0.001321623029960001,0.512368965091339,0.5123672605673946,0.2625202097013364,1.5830804,3.0570000000000004,0.33582637294240925,-0.24080161757929452,0.074146839128578,3.0897273407607493,1.271751686696504,3.929365957044787,4.713984747920563,0.5123672605673946,0.26252020970133644,0.002340254144000001,0.5317319785678656,0.5317268285898678,0.2827334202422386,1.6316616,2.6231,0.36598282451549896,0.5492881517163671,-0.20043157788732202,3.0685790318547657,1.2403012110611742,3.805962289446391,4.45830102043737,0.5317268285898678,0.28273342024223863,0.01618940166282,0.21566505866653338,0.21505655257033943,0.046249320803439166,0.76763621,1.34903,0.14699082835386545,-0.37343411361846157,0.22313415479132104,3.5593907272060146,1.2506029366044058,4.451384495966334,5.22234086709134,0.21505655257033945,0.04624932080343917
333,343.6,1.3134542980003162e-05,0.5157030341765394,0.5157030340092762,0.26594961928637273,1.5320804,2.953,0.34026565332659486,-0.20521266548781852,0.012823515929907714,2.970857835743364,1.268881321611531,3.7696660169380123,4.50260079153353,0.5157030340092762,0.26594961928637273,0.0014235998537600013,0.5291100528990885,0.5291081377585612,0.27995542144233265,1.6316616,2.6940999999999997,0.3589975134304837,0.5916820652974428,-0.11291957778842754,3.0837849159354174,1.2501165491772392,3.8550905575140066,4.545049865132158,0.5291081377585612,0.2799554214423326,0.0159682886653018,0.2192865783909315,0.2187044060358724,0.04783161721950374,0.72816621,1.3225600000000002,0.14858022603551682,-0.40303676141820804,0.18716275562924078,3.3206145827213702,1.2532995061078473,4.161724616499209,4.9008285249609065,0.2187044060358724,0.04783161721950374
334,344.3,-0.0015366011570600011,0.5164185867672628,0.5164163006873245,0.26668579561558114,1.5550804,2.976,0.3404196028005642,-0.21094927018992635,0.050189970707748,3.011278911811973,1.271913125496859,3.8300851724655467,4.568128237054105,0.5164163006873244,0.26668579561558103,0.0022335471437400015,0.5239985601806345,0.5239937999046694,0.2745695023385348,1.5953616,2.6248,0.35824122502826117,0.6015910687050727,-0.15293040124928936,3.0445915718738648,1.245778384064292,3.7928863685447856,4.453316616126868,0.5239937999046695,0.27456950233853483,0.01632579968983,0.21712764973269919,0.21651301241018578,0.04687788454293326,0.73996621,1.34236,0.15069142001173672,-0.3589415123637957,0.14357655515044465,3.4079777997457037,1.2379208863927562,4.218806898668037,4.91047340281462,0.21651301241018578,0.04687788454293326
335,345.0,0.0015530012399399978,0.5066953195736078,0.506692939624137,0.2567377350649493,1.5550804,2.944,0.33222413207696894,-0.20150296306301177,0.08458300752960923,3.069064070512088,1.2742562163309619,3.9107739701680337,4.680817104639836,0.506692939624137,0.2567377350649493,0.00434441515126,0.5278673106101316,0.5278494327625698,0.27862502366776665,1.6918616,2.8762999999999996,0.36142972267575924,0.6044216878693107,-0.1293482567405726,3.205088790295565,1.24437169667071,3.9883217759603657,4.681025089676366,0.5278494327625699,0.27862502366776676,0.017187929671859996,0.21499917529128573,0.21431103669556592,0.0459292204495282,0.73996621,1.35336,0.14715836780539343,-0.36109991720913015,0.22468888775390594,3.44171650424927,1.2469115317415558,4.29151599813365,5.028366521287822,0.21431103669556592,0.0459292204495282
336,345.7,0.0017358222289379998,0.5058162811862452,0.5058133027454618,0.2558470972342722,1.5180804,2.962,0.3305633098947775,-0.1884209689324147,0.07432625491734424,3.0012485885977878,1.2754407291340637,3.8279146881537414,4.592404403511159,0.5058133027454618,0.2558470972342721,0.002258303157379999,0.5337727728946539,0.533767995622159,0.28490827315049716,1.6918616,2.8762999999999996,0.36258646253115423,0.5689132708685299,-0.1506966024589791,3.1696288868857465,1.2479249398827144,3.9554589381174097,4.6660914701266085,0.533767995622159,0.28490827315049716,0.018404879680301998,0.21267626885970659,0.2118783984743131,0.044892455740039805,0.66253621,1.27593,0.1460785042248978,-0.33822324085264927,0.053714379673508894,3.1152333711338835,1.2425011457003747,3.8706810327578913,4.535480517927405,0.2118783984743131,0.044892455740039805
337,346.4,0.0006722378199380019,0.49987183680756225,0.4998713847878068,0.2498714013296796,1.5180804,2.952,0.32905056631304563,-0.22948401010176447,0.05020883159585887,3.036939247658439,1.2704565482251517,3.8582993537496297,4.61351705608602,0.4998713847878068,0.2498714013296796,0.0014335771545599947,0.5299535209996783,0.5299515820115064,0.28084867927649837,1.5292616,2.5807,0.3621832297212957,0.5901765945353525,-0.1813226548580027,2.8856523061027617,1.2451105664439515,3.5929561774119048,4.22234237950991,0.5299515820115064,0.28084867927649837,0.018312309653300003,0.2115712932891124,0.21077730299818637,0.04442707145918927,0.73280621,1.2722,0.14112822629762967,-0.3619213434282024,0.261753453139669,3.463637238340362,1.2619419095210838,4.3709089904395695,5.192485084128829,0.21077730299818637,0.04442707145918927
338,347.1,0.003008603507918002,0.4992549899270079,0.49924592464230383,0.2492464932719489,1.4839196,2.966,0.3247789639509586,-0.22628425325518103,0.19350977154697668,2.9722679391085345,1.2806387561531565,3.806401516493859,4.569013897784558,0.4992459246423037,0.2492464932719488,0.0058035111521,0.5268141989501263,0.5267822315471268,0.27749951947377066,1.4582616,2.4516999999999998,0.35898587096553547,0.6127546095027091,-0.13501863586209062,2.7680757331638555,1.2474884533320962,3.4531425150706863,4.062169901221546,0.5267822315471268,0.27749951947377066,0.017229859683161798,0.21208350848927304,0.21138246499749716,0.04468254650841812,0.69255621,1.32695,0.1452930435649548,-0.279276409280054,0.09799467609239487,3.26548827362043,1.2443008042846635,4.063249685248039,4.766616439488278,0.21138246499749716,0.04468254650841812
339,347.8,-0.001749818499062001,0.5037986191696953,0.5037955803820752,0.253809986812512,1.5580804,3.038,0.32887397423436215,-0.2575957187598702,0.19367179759697928,3.0926650862359537,1.2786324150922488,3.954381828285355,4.737621466178046,0.5037955803820751,0.2538099868125119,-0.0019995718557999967,0.5316850472237243,0.5316812871953341,0.2826849911536874,1.6093616,2.9257999999999997,0.36650434499911977,0.5673977882072401,-0.15647142296512895,3.026907768806985,1.2392141478030363,3.7509869312005377,4.391111925300272,0.5316812871953343,0.28268499115368745,0.0125374796743418,0.2184176760571021,0.21805754473899927,0.04754909281760067,0.76680621,1.4012,0.14976060800944888,-0.3133187280174063,0.1330154222884441,3.5107333062161588,1.246534371234021,4.376249734434495,5.120212986525934,0.21805754473899924,0.04754909281760066
340,348.5,-3.533997501999986e-05,0.5145872311479027,0.5145872299343923,0.26480001721155116,1.5570804,3.0250000000000004,0.33716147312975814,-0.2007131058579127,0.19134716143232566,3.0258823106173494,1.2782142401032643,3.867725858307665,4.618203810613767,0.5145872299343923,0.26480001721155116,0.0014799211425999981,0.5344317315035391,0.5344296824384689,0.28561508547128267,1.7393616,2.8548,0.3721333189380949,0.5345299251060184,-0.2398841042161628,3.25460016213218,1.2319438056841274,4.009484509717296,4.6740281277779,0.5344296824384689,0.2856150854712827,0.016030937664739998,0.21552594153246596,0.21492891967123726,0.04619444051104516,0.76250621,1.2969,0.14730658125235147,-0.36862892434112043,0.16609240774592404,3.5378859945040033,1.2497032593875077,4.421307658673067,5.176321407485166,0.21492891967123726,0.046194440511045154
341,349.2,-0.00024699517404000047,0.5164597417754734,0.516459682713155,0.2667306038681727,1.5370804,3.005,0.3391703850499062,-0.2232677811586369,0.16916645253717189,2.9761862845608458,1.2771282063729394,3.800971451432936,4.531882698938562,0.5164596827131549,0.2667306038681726,0.0012574911537000016,0.5330534011645409,0.5330519179302176,0.2841443472090834,1.7393616,2.9018,0.36497040360752814,0.6015347674605162,-0.1694397330577586,3.263015668224018,1.2431921163081734,4.056555354126146,4.765760683078366,0.5330519179302176,0.2841443472090834,0.01590264966234,0.21449716136636315,0.21390684413534905,0.04575613796794451,0.70880821,1.2792020000000002,0.14595402134365168,-0.37687247527934564,0.29177016490635355,3.304510910470041,1.252718622907689,4.139622357147464,4.856380135844951,0.21390684413534908,0.04575613796794452
342,349.9,-0.0001600631650400026,0.504977847830435,0.5049778224627702,0.2550026011792411,1.7000804,3.045,0.334881329663698,-0.18883584849065652,0.10741869352749944,3.3666435216993222,1.2679216181112987,4.268640101636926,5.076665222594801,0.5049778224627702,0.2550026011792411,0.0013311001612800024,0.5311566851426975,0.5311550172446264,0.2821256523441394,1.6267616,2.7892,0.36255420385967085,0.6210879403803247,-0.10130705734416079,3.062677446228439,1.2458341700057032,3.815588214217194,4.486947283142384,0.5311550172446264,0.28212565234413944,0.01836037169196,0.2152087676801435,0.2144241367890729,0.04597771043773905,0.71136421,1.289758,0.14996566460313945,-0.26157024059239137,0.08410189819825575,3.3054611002525385,1.2359316169572148,4.085323882424294,4.743513869541495,0.2144241367890729,0.045977710437739044
343,350.6,0.0007617145128900016,0.4995243486770945,0.4995237679152778,0.24952399471227632,1.5150804,2.8979999999999997,0.322906090473995,-0.22733228747040338,0.16050276361930038,3.0330461448224364,1.2834211843765209,3.892675675456652,4.692015557142351,0.4995237679152778,0.24952399471227635,0.004230627159779998,0.5299258336759115,0.5299089459434939,0.28080349099094476,1.5523616,2.6688,0.361810899503005,0.5728982951580274,-0.14996007555005608,2.9293940799824885,1.2451872789718579,3.647644243489664,4.290532988730781,0.529908945943494,0.2808034909909448,0.01820105965538,0.21320509429499837,0.2124267724670326,0.04512513366076044,0.78805621,1.36545,0.14226947662779238,-0.3184078058473278,0.27784607280229423,3.6962353671981996,1.2623641444411666,4.665994996966337,5.539179792315712,0.21242677246703262,0.045125133660760444
344,351.3,-8.357006909000653e-05,0.49189415520659713,0.49189414810755316,0.24195985294245545,1.4790804,2.7969999999999997,0.32388748621336627,-0.20696285394938732,0.1450078255019247,3.0069078567904133,1.2744127739564848,3.8320417828038194,4.566648799224158,0.49189414810755316,0.24195985294245542,0.00011105295642999691,0.5308203867374807,0.5308203751207835,0.28177027064336935,1.5083616,2.5278,0.3639619938453085,0.5814179790782108,-0.2300165319345755,2.8415668231408118,1.2403456092730196,3.5245249325385886,4.1442832644803165,0.5308203751207836,0.2817702706433694,0.015244719665800002,0.21451183943706656,0.21396945525234434,0.04578292778098499,1.0510062,1.55339999,0.14431288552933044,-0.4888575276735113,0.7448892157375462,4.899525372390198,1.2615602502398051,6.181046454848853,7.28282991601877,0.21396945525234434,0.045782927780984986
345,352.0,-0.0014349979309999999,0.4962023605742767,0.4962002855908313,0.24621472342042253,1.5700804,2.9779999999999998,0.32105484031286846,-0.2545163181190961,0.282733084376698,3.1641937337478145,1.2865769958676352,4.070978868308459,4.890380716484305,0.49620028559083124,0.2462147234204225,0.0003007151443399998,0.5264095333819867,0.5264094474891603,0.27710690640584296,1.5011616,2.5036,0.36025380719467054,0.6155230604453028,-0.21791484222972546,2.8516991141015087,1.242920777358895,3.5444360796927197,4.166955546395702,0.5264094474891603,0.27710690640584296,0.01657360364428,0.21446665660799513,0.21382530827489532,0.045721262458854016,0.85530621,1.3967,0.14470063416424542,-0.39819706470607735,0.5194218731218285,3.9880614708483075,1.2609443818365473,5.02872370608497,5.910867045884313,0.2138253082748953,0.04572126245885401
346,352.7,0.0018817626219999992,0.49982543955508335,0.4998218972752862,0.24982192899586675,1.4990804,2.8890000000000002,0.32766339793161536,-0.24583333160175944,0.15626358095336723,2.9992078861259994,1.2754715862235562,3.825404439931327,4.575062120038393,0.4998218972752862,0.24982192899586675,0.004796575429480003,0.5314580655060428,0.5314364197677598,0.2824246682555746,1.4784616,2.6279,0.3658169537124822,0.5776277704198441,-0.15736397586534023,2.7818970036558595,1.2426152722166546,3.4568277024765215,4.041533846356429,0.5314364197677598,0.2824246682555746,0.018003339681900002,0.2143833656120025,0.21362609206608554,0.045636107211427655,0.67133621,1.23273,0.14533320502353347,-0.2727363749782116,0.06211794533886472,3.131475280666153,1.2491291123503891,3.9116169376856975,4.619289926836005,0.21362609206608554,0.045636107211427655
347,353.4,-0.0010482730650000001,0.5117345440217165,0.511733470342419,0.2618711446686954,1.7630804,3.108,0.33667995650343574,-0.23087352217919807,0.1407048033092777,3.445302687881825,1.2726051211575293,4.384509844536211,5.236665759109448,0.5117334703424189,0.2618711446686953,-0.0002980618305199965,0.5317536309561723,0.5317535474204365,0.2827618351942183,1.5928616,2.7423,0.3593371456668644,0.49331717211921416,-0.21135659013777053,2.995487961475312,1.2482981017021866,3.7392619359813843,4.432777460409606,0.5317535474204365,0.2827618351942184,0.01243474966877,0.21928354223296892,0.21893069427312672,0.04793064889491328,0.86420621,1.4096,0.14677615647231762,-0.41130781610679096,0.27546315547505706,3.9410445544602664,1.261993145962315,4.973571215660961,5.88791961017859,0.21893069427312672,0.04793064889491328
348,354.1,-0.0006587699090199979,0.5183200587862931,0.5183196401473066,0.26865524936243335,1.5470804,2.9219999999999997,0.34471257212299755,-0.21295245748673858,0.059768175313799965,2.9847974697770128,1.2665290441420431,3.780332686354269,4.4880301013447905,0.5183196401473066,0.26865524936243335,-0.0005968504536199992,0.531469289775029,0.531468954637531,0.28245924974350994,1.5928616,2.7553,0.3631177491983791,0.5650417928291765,-0.2011796425718555,2.9970905763421594,1.2438897284732104,3.7280501832158666,4.386625560211283,0.5314689546375309,0.2824592497435099,0.014285247660170001,0.21454664934265272,0.21407054081177726,0.04582619644344679,0.86420621,1.3836,0.14308463688626574,-0.4502416128251885,0.50697269370069,4.028057360242318,1.2661195865915853,5.100002319717196,6.039825300650097,0.2140705408117773,0.04582619644344681
349,354.8,0.0008802997339799991,0.5147941337937242,0.5147933811353922,0.26501222526080914,1.6460804,3.018,0.3395874856990664,-0.18322727936996572,0.09398329316701481,3.1975508109802537,1.2706144579425744,4.062854290437514,4.847294053287682,0.5147933811353922,0.26501222526080914,0.0028918515551999997,0.5316002289703147,0.5315923632219275,0.28259044063587363,1.5319616,2.7034000000000002,0.3613687672086448,0.5828664339487534,-0.18310133502104486,2.8817925887039957,1.2484374218127299,3.5977377096406493,4.239330398787579,0.5315923632219275,0.2825904406358737,0.01597641767534,0.21775748527673364,0.21717061604257137,0.04716307647230995,0.81320621,1.4206,0.1479804422022758,-0.38178611459959927,0.3303853074490575,3.734458124213502,1.2525785002093377,4.6777019563219255,5.495362751304805,0.21717061604257137,0.04716307647230995
350,355.5,2.3364248860000548e-05,0.511397578919858,0.5113975783861362,0.2615274831792043,1.6460804,2.974,0.3373077391006808,-0.21840565975865264,0.08579228239070602,3.2187880190530977,1.2701432898644998,4.088322003896537,4.8800552409165805,0.5113975783861362,0.26152748317920427,0.0015919092518700015,0.5306808965064548,0.5306785088373452,0.28161967974182833,1.5319616,2.7034000000000002,0.3650374233531043,0.5653967187613267,-0.21000893650374763,2.8867849023492527,1.2415406793316683,3.584060888747095,4.196724779415612,0.5306785088373452,0.28161967974182833,0.014610009683919997,0.21403815365870818,0.21353893986499167,0.04559887883866453,0.77821621,1.38561,0.14611535216964466,-0.29403811189446744,0.143940567046561,3.635876112260316,1.2480290927903932,4.537679165882504,5.326039998154784,0.2135389398649917,0.045598878838664536
351,356.2,-0.00035545786301999894,0.503883974006334,0.5038838486299432,0.2538989329101235,1.4950804,2.86,0.3304152265469894,-0.16478871603413117,0.07722115724233625,2.967112424935361,1.2741570432695581,3.780567194404008,4.524853214618364,0.5038838486299432,0.2538989329101235,0.0008079056429499971,0.5338592209071672,0.5338586095925397,0.2850050150360797,1.5014616,2.5839,0.3664789086316655,0.5514748432456319,-0.20570842193466055,2.8124672969938067,1.2422593327381843,3.4938137477114912,4.096993209257409,0.5338586095925397,0.2850050150360797,0.0124505397045,0.21731117728796226,0.21695421598887366,0.04706913183534684,0.69412621,1.26152,0.15141293010288567,-0.32798688725857505,-0.018850065595531706,3.1941578830075685,1.2336717627913762,3.9405423861639175,4.584325853335898,0.21695421598887366,0.04706913183534684
352,356.9,0.001206452048879998,0.5042820516917528,0.5042806085225738,0.25429893213189736,1.5660804,2.942,0.33591550415630045,-0.1931705270180877,0.124656851197396,3.1055644251984633,1.2683245311314952,3.938863543488493,4.6621259829415544,0.5042806085225738,0.25429893213189736,0.004099772659760004,0.5293605008433866,0.5293446247174891,0.2802057317172994,1.5303616,2.7598000000000003,0.35792194562562024,0.6097856780042882,-0.1531570978091783,2.890962959196617,1.2501565131310126,3.614156172660156,4.275685295924073,0.5293446247174891,0.2802057317172994,0.014662839662380002,0.2122246494860182,0.2117175075011479,0.04482430298249862,0.68975621,1.25715,0.14340460809943106,-0.3787419860413768,0.20373993633265108,3.25012297897772,1.2551213721077925,4.079298812893582,4.809860848556208,0.2117175075011479,0.04482430298249862
353,357.6,-9.433197010000383e-05,0.5017577697155717,0.5017577608482247,0.2517608505714242,1.5730804,3.029,0.328920479179515,-0.21831360631372504,0.16242587070773373,3.1351390948897957,1.2773560573556166,4.004688913509886,4.782555357829999,0.5017577608482247,0.2517608505714242,7.678945076000021e-05,0.5294919988076278,0.5294919932394417,0.28036177090467707,1.5096616,2.7391,0.3633117109428612,0.6024070073136384,-0.16490156674940204,2.8511509208819645,1.2417870555584807,3.5405223069948657,4.155279212118289,0.5294919932394418,0.2803617709046771,0.01664731967326,0.2134529328105948,0.21280277552969226,0.045285021273140595,0.72422621,1.26362,0.14397690543569572,-0.342114592042379,0.17010944127609395,3.392908218518761,1.2525575444600427,4.2498127867661575,5.030155411441736,0.21280277552969226,0.04528502127314059
354,358.3,0.0007818290229879998,0.503661181091821,0.5036605742781411,0.25367397408218695,1.5620804,2.966,0.3281215335984648,-0.21738538101159702,0.15955759728585717,3.1014508535555008,1.2800103254760973,3.9698891165076966,4.760676274028327,0.5036605742781411,0.25367397408218695,0.004480364161080001,0.5250467804311646,0.5250276640122078,0.2756540479781157,1.5192616,2.5157,0.35492314932172314,0.5862337063471516,-0.1801731513676028,2.8935737854680177,1.249272663156072,3.614862629010227,4.280536794805831,0.5250276640122077,0.2756540479781156,0.01514702968688,0.21442117772392236,0.21388550429652464,0.04574700894817866,0.74744621,1.32984,0.14712173347555704,-0.3425992966665546,0.2772518643300228,3.4858786708203477,1.2472534727275335,4.347774277687518,5.080460869666013,0.21388550429652464,0.04574700894817866
355,359.0,-0.00029481216301999955,0.5109940243186012,0.5109939392743399,0.2611148059751077,1.5620804,3.0999999999999996,0.33736610895375535,-0.18605652715711554,0.09629352115409961,3.0569445544554035,1.2700108967853467,3.882352895026989,4.630223245732496,0.5109939392743399,0.2611148059751078,0.0011606361620800012,0.5289842456120242,0.5289829723435543,0.2798229850294215,1.5192616,2.6157000000000004,0.35722122639433107,0.5441456909287146,-0.2363318526606384,2.872035627908436,1.2475672765247048,3.5830576663916474,4.2529992277752005,0.5289829723435543,0.27982298502942154,0.01264750966692,0.21520921478164853,0.21483725614091914,0.0461550466261589,0.76171621,1.3401100000000001,0.14556291071045727,-0.3557039475092592,0.23388604162454651,3.5394219098510162,1.2562775733513576,4.446496367974262,5.232900374705672,0.21483725614091914,0.0461550466261589
356,359.7,-0.0016689571680399962,0.5136102732914428,0.5136075616776702,0.26379272741248183,1.5190804,2.949,0.33948716572357246,-0.19620370177208268,0.10241406581861989,2.957651898715066,1.2703945120954747,3.757384740816381,4.474632779599426,0.5136075616776702,0.26379272741248183,-0.0012971408264799988,0.5264796017555642,0.5264780038048824,0.2771790884903738,1.5125616,2.572,0.3545510170348392,0.5707625535299609,-0.17645855695834234,2.872972846348295,1.2512160627738218,3.5947097732640136,4.266132452953509,0.5264780038048825,0.27717908849037387,0.010449619651310001,0.2167730594158501,0.2165210491791748,0.04688136473765063,0.76514621,1.34354,0.14409465903662705,-0.41844113426529184,0.4714043803558652,3.5297108047553523,1.2698587387135667,4.48223411055028,5.310024778958042,0.2165210491791748,0.04688136473765063
357,360.4,0.001929675837960003,0.5085367032509686,0.5085330420970933,0.2586058549045241,1.5730804,2.997,0.33543277675374306,-0.20221135016525038,0.14535003000532098,3.0933468320843445,1.272481545297175,3.936226757030808,4.689703896035396,0.5085330420970933,0.25860585490452404,0.003665249542680001,0.5316232880856766,0.5316106529978648,0.2826098863808162,1.5208616,2.5523,0.36401619365055243,0.5982023681852285,-0.1391605873652928,2.8607881446963574,1.2457732977431981,3.5638934811630265,4.17800533747681,0.5316106529978648,0.2826098863808162,0.01361909064839,0.21307700876255609,0.21264132249661483,0.04521633203310935,0.70428521,1.264679,0.14393817456371136,-0.34956341987721123,0.3493503797538513,3.305308320640193,1.2590884713899166,4.161675600907233,4.892970277931809,0.2126413224966148,0.04521633203310934
358,361.1,-0.0013830809820199992,0.4954956447061745,0.4954937143998749,0.24551402100978476,1.4280804,2.8529999999999998,0.32029644024778026,-0.18307792587201682,0.18575223279933217,2.8821250302751737,1.2853279065130971,3.704475731472586,4.458620891619157,0.4954937143998749,0.24551402100978476,0.0011833015440600011,0.5259412722584187,0.5259399411171013,0.2766128216622599,1.4894616,2.4469000000000003,0.3641152331306276,0.5902696262497545,-0.1915488457498462,2.831992236707676,1.2360931176522865,3.5006061130390638,4.090632482452747,0.5259399411171013,0.2766128216622599,0.01246962967284,0.21467625436795296,0.21431379452866836,0.045930402525276276,0.72104621,1.34944,0.14666979336698652,-0.28755292953629663,0.19469415464792483,3.3587609031231467,1.2464495370248785,4.186525972675109,4.916119355236633,0.21431379452866836,0.045930402525276276
359,361.8,-0.00017386116112000317,0.49356250691439796,0.4935624762924363,0.24360391800392175,1.4750804,2.818,0.3261759080300937,-0.17230781486903693,0.13245000014690245,2.9886394921319126,1.2720353980515664,3.8016552260066487,4.5223462668000165,0.4935624762924363,0.24360391800392178,0.0036135481404000022,0.531338444889262,0.5313261571644825,0.2823074852871763,1.5689616,2.6424,0.36946466604446115,0.5564079972986602,-0.22749736999318504,2.952847878957813,1.2359286777491063,3.6495093746345826,4.246580916106311,0.5313261571644825,0.2823074852871763,0.01430007965471,0.21189316364411295,0.21141007667795728,0.04469422052097977,0.73513621,1.26953,0.1438097918299442,-0.33856633470769465,0.2179159575341978,3.4693720050105274,1.2521017354613686,4.344006708434769,5.111864780871822,0.21141007667795728,0.04469422052097978
360,362.5,0.003478265633729997,0.4967123800761789,0.49670020151910915,0.24671109018912363,1.4160804,2.7800000000000002,0.3302821328658863,-0.2080810984741786,0.1415790335752556,2.8509061919954988,1.2676186829888554,3.613861952422107,4.287487148373875,0.49670020151910915,0.24671109018912363,0.00509319815576,0.5257888285798638,0.5257641596685072,0.27642795159193156,1.5103616,2.6088,0.35931887627271375,0.5887790670120969,-0.1918649450423131,2.872563124019639,1.244244405111278,3.5741705953904104,4.203401768555222,0.5257641596685072,0.2764279515919315,0.016257373645759996,0.21123368137909398,0.21060713651513985,0.04435536595110675,0.74975621,1.36515,0.1442595801729189,-0.3412873360537137,0.23071806793282112,3.5494160074521344,1.2481944110918926,4.430361223141853,5.197271537192147,0.21060713651513982,0.04435536595110674
361,363.2,0.001543387627949997,0.5048882094376871,0.5048858504492116,0.2549097219838237,1.5130804,2.887,0.3327676507764566,-0.25214878120666,0.10677967626469043,2.996862219629122,1.2718414796772137,3.8115336798018418,4.54695760381,0.5048858504492116,0.2549097219838237,0.0008229851505800016,0.5297233112387261,0.5297226719380266,0.2806061091651621,1.5583616,2.6018,0.36295057883682186,0.6176391774013785,-0.09336831752775643,2.9418407061525484,1.2464423671496856,3.666834893554085,4.293591719826463,0.5297226719380265,0.28060610916516204,0.01705766366072,0.21306882647549621,0.212384935732464,0.04510736092608286,0.70861221,1.270006,0.14447579710300928,-0.29804563997284156,0.2166210898130374,3.325743243258972,1.2523011559063082,4.164832107780805,4.904712236989902,0.212384935732464,0.04510736092608287
362,363.9,0.0008250372269399948,0.5076267808710543,0.5076261104110815,0.2576842679710835,1.5289196,2.995,0.33064943034639804,-0.20140904405425908,0.14728562955880697,3.0118970425013316,1.2799191556312923,3.8549847194866915,4.623989820270547,0.5076261104110815,0.2576842679710835,0.003257186551459996,0.5271050070875677,0.5270949432811453,0.2778290792325538,1.5345616,2.6159999999999997,0.3597665667575668,0.5357950058920511,-0.1952339598335877,2.911301504189779,1.2452669157556044,3.625347444957058,4.265436929924852,0.5270949432811453,0.27782907923255373,0.015565979670802,0.21411348505016475,0.21354691465159434,0.04560228475721531,0.67193621,1.19933,0.14647535507454845,-0.3206763938471014,0.04691961563349878,3.138224618793028,1.2467895857997875,3.9127057726116554,4.587366998755654,0.21354691465159434,0.04560228475721531
363,364.6,-0.0001098997740199965,0.5145204594595657,0.5145204477224614,0.26473129112452215,1.4950804,2.84,0.33444945737725174,-0.20380400428311346,0.1456629372554925,2.9057744400881167,1.2809150099292155,3.7220500957775307,4.470273062257003,0.5145204477224614,0.2647312911245221,0.004378178450579999,0.526408216489703,0.5263900093479404,0.2770864419413248,1.5345616,2.6159999999999997,0.36198876273691116,0.5066031717670781,-0.2971592784986896,2.9151551057334553,1.238592537610321,3.6106893599380845,4.239252037542668,0.5263900093479404,0.2770864419413248,0.012793828662422001,0.21432928437373966,0.21394709647087043,0.045773360088315944,0.69951721,1.251911,0.14479086142297232,-0.34714735463203145,0.17113380106350062,3.2637500379099254,1.2558666571969366,4.0988348500363125,4.831224865473558,0.21394709647087046,0.04577336008831595
364,365.3,0.0010022568270000019,0.5201837566903178,0.5201827911472126,0.27059013620570455,1.5680804,3.044,0.3417037327936607,-0.17727429520482507,0.14376076663312531,3.0144739812272316,1.276214206659151,3.847114520446564,4.589005765842459,0.5201827911472124,0.2705901362057045,0.0006353397488000021,0.5343047016031617,0.5343043238629529,0.2854811104986472,1.5664616,2.6709,0.368907519030754,0.5806417314868487,-0.23964459377934233,2.931775811255056,1.2370967868353717,3.6268904358252954,4.246217599781184,0.5343043238629528,0.28548111049864716,0.01397892866346,0.2124018889096687,0.21194138804352763,0.04491915196581715,0.72592621,1.27932,0.1447638492060065,-0.39264529958231376,0.3099848008136208,3.4177012912946614,1.2518739493603308,4.278531213266951,5.014554489822727,0.2119413880435276,0.044919151965817146
365,366.0,0.002135689845940001,0.5124399413384659,0.512435490874561,0.2625901323078523,1.5680804,3.044,0.3408679285807039,-0.21514236788797408,0.10944629742830969,3.0600276705681004,1.268491483084139,3.8816190381174325,4.600257954830565,0.5124354908745611,0.26259013230785233,0.0043281097537000044,0.529998161597364,0.529980489039498,0.28087931876254546,1.6190616,2.6475,0.3586629816592409,0.5960096058981134,-0.13851641568018058,3.0548438038356633,1.2501929563376788,3.8191442062671483,4.514158646955767,0.529980489039498,0.28087931876254546,0.016664069678892,0.21233762900909106,0.21168272833403162,0.04480957747493943,0.64791621,1.2273100000000001,0.15033134792328265,-0.29582486010519904,-0.06267184966461903,3.0513489908670874,1.226002790778254,3.7409623784414583,4.3099208445243615,0.2116827283340316,0.044809577474939424
366,366.7,0.0001749069199299984,0.5046503974888478,0.5046503671783281,0.25467199309322136,1.4859196,2.908,0.3351213586734868,-0.19443848938392133,0.056490780126978724,2.9444534422126103,1.2677766038971443,3.73290918530156,4.4339746230491714,0.504650367178328,0.2546719930932213,0.0017660211577600002,0.5288211492048462,0.5288182003445083,0.2796486890156045,1.5338616,2.6313,0.35843399156939176,0.566444512786707,-0.1440878246303181,2.900529985055188,1.2496114046507396,3.6245353488564023,4.279341904164937,0.5288182003445083,0.2796486890156045,0.014010039679252,0.21754677751737167,0.2170951846457645,0.047130319196378584,0.67989621,1.25929,0.1490261185399537,-0.3411596154386809,0.06351908463335443,3.1252874336219874,1.2462106592117541,3.8947665128802686,4.562262083057076,0.2170951846457645,0.047130319196378584
367,367.4,0.0001075402199499993,0.5017577236180135,0.5017577120936279,0.2517608016454319,1.4859196,2.961,0.3297932784347223,-0.16647540500802332,0.1425549842271212,2.9614284545248486,1.2762963909668814,3.779660448616694,4.505609110811868,0.5017577120936279,0.2517608016454319,0.0017940021686600027,0.5255307475795882,0.5255276854817258,0.27617934820777973,1.6299616,2.6314,0.35978379121286186,0.5842332264934422,-0.2405811353679197,3.1015532535575434,1.2402293792725745,3.846637466440506,4.530391973760853,0.5255276854817258,0.2761793482077797,0.015359429655959999,0.2131868775210077,0.2126328588619378,0.045212732667800765,0.69668621,1.23408,0.14308630693938934,-0.4085142580246537,0.2510266715708158,3.2679601019595945,1.2592122908160237,4.115055526283908,4.868992882003117,0.2126328588619378,0.045212732667800765
368,368.1,0.00456440863698,0.5047312910310296,0.5047106520766574,0.2547328423196447,1.5890804,2.967,0.33461201989150674,-0.18561057589178512,0.1327935956817785,3.1483690990386948,1.2703332867248043,3.999478065404636,4.749023661837483,0.5047106520766574,0.2547328423196447,0.0042844391444,0.5315914471409144,0.5315741813280528,0.28257111025458953,1.5430616,2.5925000000000002,0.36804144014053347,0.5950473523522527,-0.22094643185488483,2.902720892706471,1.2379742199195836,3.593493632792571,4.192630045711144,0.5315741813280528,0.28257111025458953,0.016981719662159996,0.20930295876644128,0.20861291845353785,0.04351934974570243,0.69668621,1.20208,0.1416245928952585,-0.3359742682070827,0.20676310336862702,3.3286018224779323,1.2521145039381756,4.167790619759663,4.919245985160566,0.20861291845353785,0.04351934974570243
369,368.8,0.0019647816229599996,0.5114289197299129,0.5114251456169121,0.2615556795692797,1.5890804,3.05,0.33725953924242225,-0.2332635959034494,0.1772851726660658,3.1071383308538714,1.2734540309701423,3.956797832207702,4.711743375945754,0.5114251456169121,0.2615556795692798,0.002125840147259997,0.5331324622643225,0.5331282239046135,0.2842257031236876,1.5432616,2.6696999999999997,0.36749511487080755,0.5489413708057536,-0.19955324047494516,2.8947057424442932,1.240010358806693,3.5894651063281424,4.1994071146837735,0.5331282239046133,0.2842257031236875,0.01779752669082,0.21331761151725875,0.2125738728703922,0.04518765142711767,0.69878921,1.323183,0.1487677821072935,-0.21236145092732517,-0.03773530837103367,3.2758158364409753,1.233691726137302,4.041346893766777,4.697181070401541,0.21257387287039223,0.04518765142711768
370,369.5,-0.0009348681590600006,0.5131875527379969,0.5131867012177338,0.26336059030673953,1.5540804,2.95,0.34167193812502095,-0.1953550635457841,0.07081934195008532,3.0282893490080833,1.2665494313351446,3.8354781529044635,4.548457823397095,0.5131867012177338,0.26336059030673953,0.0022807015624600026,0.5322893281401074,0.5322844420535227,0.28332672725222996,1.4819616,2.6084,0.35968723576411027,0.501759658443859,-0.22379251439944703,2.7841279575868616,1.2490490877620777,3.477512485636766,4.120139534147658,0.5322844420535228,0.28332672725223,0.01713662965632,0.2117241635573775,0.2110295177412233,0.044533457358093276,0.69238621,1.25278,0.14433551477568163,-0.2876499791217971,0.029440007625067377,3.270227631870476,1.2481245818348252,4.081651495533029,4.797060592301686,0.21102951774122328,0.04453345735809327
371,370.2,0.001999549540980001,0.5152845379494754,0.515280658332367,0.26551415685143753,1.6370804,3.0540000000000003,0.3376502148117815,-0.18109672633109444,0.22289962895779825,3.1770415749608985,1.2790818879440964,4.0636963357778715,4.8484506397028895,0.5152806583323669,0.2655141568514375,0.0064434417732000026,0.5265998423359505,0.5265604200909552,0.2772658760063632,1.5399616,2.6574,0.35577250409038286,0.5786042965045004,-0.18183824446601493,2.9243487676883193,1.2500350379269316,3.6555384227288443,4.328500888333905,0.5265604200909552,0.2772658760063632,0.015928067649883,0.2126883764319836,0.21209111751842394,0.04498264213021391,0.74401621,1.3004099999999998,0.14403418088077266,-0.381430923748163,0.33412336026022516,3.4981517207543855,1.2557417764934342,4.392775256263676,5.165553103092072,0.21209111751842394,0.04498264213021391
372,370.9,0.00029602983787999684,0.5140297300399737,0.5140296447981413,0.2642264757313033,1.5750804,3.058,0.3375214153882156,-0.1596808689784063,0.19600812804269951,3.0641815209355956,1.2775432040536019,3.9146242780578997,4.666608778552169,0.5140296447981413,0.2642264757313033,0.0014784221599799996,0.5323967422715515,0.5323946895389526,0.28344410544927773,1.5399616,2.6574,0.36526448194302097,0.5863962207356144,-0.2109314164481857,2.892507556356412,1.2407734986576306,3.588946720593979,4.216017916136244,0.5323946895389526,0.2834441054492778,0.015022519644303,0.21423713292649021,0.2137097869263342,0.045671873028099164,0.74401621,1.37241,0.1444372837223455,-0.26416624194950034,0.2492653695837208,3.4728629898874224,1.25792337915954,4.368595547597289,5.151136817487072,0.2137097869263342,0.045671873028099164
373,371.6,0.0010901632279799998,0.5038918171580017,0.5038906378798176,0.25390577494292943,1.5750804,2.9530000000000003,0.3291849635774599,-0.2401681695186321,0.18809636086797665,3.1258304786205997,1.2789281062979625,3.9977124546306966,4.784788414642672,0.5038906378798176,0.25390577494292943,0.0031684091567800035,0.5315863178042292,0.5315768754000442,0.2825739744600741,1.5306616,2.6311,0.3608860694677728,0.5744712921981818,-0.16638513351109774,2.879422492141167,1.248159866705669,3.5939795939802246,4.241398406586842,0.5315768754000443,0.28257397446007415,0.01613124867186,0.21613906134949804,0.21553625369605153,0.046455876657328685,0.72364621,1.35204,0.14791633270034288,-0.2626071534904223,0.12413195345913497,3.34805844663987,1.247493756256222,4.176682007764144,4.892267113368763,0.21553625369605153,0.046455876657328685
374,372.3,-0.0009817951909999987,0.4971304623615185,0.4971294928748244,0.24713773268598005,1.5880804,3.002,0.32013703761055823,-0.22070153209946877,0.2478771009020755,3.194494242932012,1.2873972020467386,4.112582950305087,4.960626898571715,0.4971294928748244,0.24713773268598005,0.0019328981576600013,0.5253909988259596,0.5253874432759615,0.2760319655520517,1.4488616,2.5493,0.3518099670469921,0.5771857819788124,-0.15518618526561534,2.757682570195589,1.2567595501935995,3.465743906495738,4.118307426481957,0.5253874432759614,0.27603196555205156,0.01401706865782,0.21794465472181787,0.21749343509185368,0.047303394308054365,0.75709621,1.3344900000000002,0.1455030919799529,-0.3777675673725393,0.3616894439467506,3.4738003139666316,1.2639701792173925,4.390780005409838,5.203299804132762,0.21749343509185368,0.047303394308054365
375,373.0,-0.0008562721850199982,0.4939947661504413,0.49399402403467835,0.24403009578197435,1.4840804,2.898,0.32262251391422153,-0.19794451751932074,0.21383398377829987,3.0042431654995263,1.2803349186214046,3.846437428818747,4.600052184809972,0.49399402403467835,0.24403009578197435,-0.0008131948446599973,0.5273942828299363,0.5273936558926807,0.27814406827584737,1.5238616,2.6263,0.3554343352687888,0.6227223145218906,-0.08921198665318686,2.8894162292073706,1.2552715899386788,3.627002104031758,4.2873224356550015,0.5273936558926807,0.2781440682758473,0.014655719661459999,0.21631180984000264,0.21581475611612416,0.04657600895746215,0.75709621,1.2664900000000001,0.14518494631129292,-0.34428158419294996,0.3363246314599797,3.500022539499782,1.2611297525514267,4.4139825591637765,5.214701862937638,0.21581475611612416,0.04657600895746215
376,373.7,0.003851393819879999,0.5027477896612674,0.5027330372821485,0.2527405067749341,1.4550804,2.8259999999999996,0.326513948788415,-0.2221365483905845,0.22403805826879264,2.8942551910181016,1.2847217443318357,3.7183125775462456,4.456411143840319,0.5027330372821485,0.2527405067749341,0.00505690414178,0.5291068628265541,0.5290826967598342,0.2799285000106587,1.5132616,2.6157000000000004,0.360158868510043,0.5921723501307826,-0.12401212474145007,2.86003018731598,1.2505770988752498,3.576688254349256,4.201650250236176,0.5290826967598342,0.2799285000106587,0.016973189668742002,0.2100385690138679,0.20935164509948864,0.04382811130586225,0.69088621,1.27028,0.140809701704618,-0.20603154524644676,0.13566252345317276,3.2893302084646363,1.2568516907274854,4.1342002338697705,4.9065242070414925,0.20935164509948867,0.043828111305862255
377,374.4,0.001264940204999995,0.5092722577678512,0.5092706868240527,0.2593566324582424,1.5900804,2.989,0.33343668380700575,-0.2672123320227316,0.18338358800502785,3.1222600009066834,1.2783143663782874,3.991229814727298,4.76876263836748,0.5092706868240527,0.2593566324582424,0.0012963531511800018,0.5270372624808249,0.5270356681589866,0.27776659551178945,1.5132616,2.5547000000000004,0.3597557730376451,0.5674270113321441,-0.21956887854424645,2.871261118951825,1.2431353429008802,3.569366175666142,4.206358072373869,0.5270356681589866,0.27776659551178945,0.013767369664319998,0.20975298699663367,0.2093006810465172,0.04380677508653592,0.69576621,1.2341600000000001,0.14229277119675376,-0.22214431082044897,-0.015513324525410432,3.317074144985437,1.2501609563326124,4.146876585321176,4.889680650311722,0.2093006810465172,0.04380677508653592
378,375.1,-0.0012213283000699997,0.5102703738204909,0.5102689121983496,0.26037436275608694,1.5900804,3.0,0.33384662119908703,-0.21077762102889322,0.21191145206330297,3.116152693903757,1.2784234221080442,3.9837625907516423,4.762906972935236,0.5102689121983496,0.26037436275608694,0.0009055761496800021,0.524901170482433,0.5249003893175022,0.2755204187056653,1.4834616,2.4519,0.3597256063210911,0.5897646490323132,-0.21947794060650594,2.8261731606286205,1.2423404508601412,3.511069238584191,4.123869899536321,0.5249003893175022,0.27552041870566535,0.015197069652879997,0.21193505676825405,0.21138949207878943,0.04468551736132858,0.74997621,1.28937,0.14408155574247009,-0.283744935980445,0.0730611786905433,3.5387076656226872,1.2513075690667133,4.428011686708069,5.205220100069574,0.21138949207878946,0.044685517361328586
379,375.8,0.0027290628228199996,0.5111424972088631,0.511135211728777,0.2612592046690217,1.5690804,2.98,0.33583567739838444,-0.2032560518576264,0.17931400388295637,3.069751407030518,1.2765789154606302,3.918779921920762,4.672167091225038,0.511135211728777,0.26125920466902164,0.004197768144500001,0.5279988183948093,0.5279821312969976,0.27876513096891997,1.4834616,2.5519,0.3605934367265154,0.6216663338949221,-0.13489615749923978,2.809592651191781,1.2478196297776873,3.505864861836239,4.1139450941396385,0.5279821312969976,0.2787651309689199,0.01707836166928,0.21537921945172825,0.2147010426950204,0.04609653773432897,0.71496021,1.306354,0.14647798597170064,-0.3261813884691702,0.37105123839336995,3.319541280816277,1.2553867916263168,4.167308278195061,4.881007922501948,0.21470104269502044,0.046096537734328986
380,376.5,0.00288760482596,0.5101786485684771,0.5101704765992704,0.26027391519352666,1.6500804,3.084,0.3329851754996731,-0.2155420780776773,0.19390727724109036,3.2343188109302528,1.2802536776404136,4.140748552355026,4.955417001744632,0.5101704765992704,0.2602739151935267,0.001202260139579995,0.5305133979803828,0.5305120356855713,0.2814430200072488,1.5188616,2.5913,0.3647162562931441,0.6087539000882858,-0.12578153460154073,2.863003282824092,1.2438978211532765,3.5612835454595655,4.1645020582224905,0.5305120356855711,0.28144302000724875,0.0174121496591038,0.21339420576932147,0.21268263704442,0.04523390410016849,0.70906621,1.23246,0.14542322690467108,-0.35509671903963075,0.192291363183954,3.3227997332153367,1.2494590899642155,4.151702330796573,4.875880044009836,0.21268263704442,0.04523390410016849
381,377.2,0.0015934899379099984,0.5033675704291134,0.5033650482001369,0.2533763717495262,1.6500804,2.988,0.3278113394182543,-0.2182935016894138,0.1785488464935696,3.278082452934604,1.2815490398241673,4.201023420022793,5.033628192753465,0.5033650482001369,0.25337637174952615,0.0011286669402800005,0.5376961039999353,0.5376949194177374,0.2891158263676471,1.5188616,2.5913,0.3715445439199471,0.5989568071833677,-0.1841275307278596,2.824758425253873,1.2396343832278605,3.501667668257287,4.087966368649605,0.5376949194177374,0.2891158263676471,0.0166624426508036,0.21448883361874835,0.21384064803502584,0.0457278227520398,0.71223321,1.319627,0.14494054879517942,-0.3255068042932991,0.19195465210996598,3.3206074087100825,1.2558226850852847,4.170094112120385,4.913967940099921,0.2138406480350258,0.04572782275203979
382,377.9,0.000588264826940002,0.49602727083741377,0.4960269220101934,0.24604270735890646,1.6490804,2.968,0.3250333377389302,-0.2072873359495511,0.17493435718381445,3.3245760806980513,1.2780792779311918,4.249071796645877,5.0735731032136675,0.4960269220101933,0.24604270735890643,0.003406619148980003,0.5287119834413321,0.5287010084919843,0.2795247563804412,1.5358616,2.6263,0.36476543843841147,0.5930379498372518,-0.18928703551771298,2.904911649634333,1.2399222978008777,3.60186472752314,4.210545841665099,0.5287010084919842,0.2795247563804411,0.015375637673300002,0.2162169300952457,0.21566954032953228,0.04651335062595176,0.99300621,1.5804,0.14823076232779508,-0.3468121071129969,0.36922651941011164,4.5926385577788515,1.248092859777483,5.732039391502542,6.69905621752172,0.2156695403295323,0.046513350625951765
383,378.6,-0.0014388559770399988,0.49860474623540507,0.49860267013118775,0.24860462266195002,1.4510804,2.8689999999999998,0.32560785445666546,-0.16367234429312166,0.13031233292167688,2.910281963731859,1.2777532945776195,3.7186223673082073,4.456527630211456,0.49860267013118775,0.24860462266195005,0.0019014801456600004,0.5247670293477672,0.5247635843536934,0.27537681946373593,1.5248616,2.5913,0.35933872989061083,0.5982945128607199,-0.18699040210763185,2.9057877395522542,1.245122323878879,3.6180611829700573,4.24352142744033,0.5247635843536934,0.27537681946373593,0.01525413765125,0.21235783567088687,0.21180925771868447,0.0448631616553401,0.99300621,1.5804,0.14310291977683318,-0.38732943300814016,0.5372563097180825,4.676098750313907,1.2588635200800184,5.88657013306194,6.939105166746968,0.2118092577186845,0.04486316165534011
384,379.3,0.002733597338880003,0.5073412551753533,0.5073338906957546,0.25738767664849194,1.6210804,3.0250000000000004,0.3339899880874332,-0.22886596608049997,0.1584785806311073,3.1952465593197283,1.2710899620324922,4.061445827770164,4.853679624598889,0.5073338906957546,0.2573876766484919,0.0034530651551000035,0.5245318572200932,0.5245204910961963,0.27512174557979485,1.4812616,2.5407,0.35630994304811564,0.5906464719470859,-0.15633098290880687,2.8239688011522697,1.2495807046820584,3.5287769245440006,4.157227798158786,0.5245204910961961,0.2751217455797948,0.01718701967874,0.2106945135637576,0.20999234367098019,0.04409678440043105,0.66547621,1.22187,0.1448821330283148,-0.26603020203215244,-0.007536032065411202,3.1584885564598357,1.2398486325443807,3.916047717633802,4.593224824139936,0.20999234367098016,0.04409678440043104
385,380.0,0.0023834312478900038,0.5129063528370994,0.5129008150082642,0.2630672460361417,1.6210804,3.106,0.3371299497609865,-0.22638600280493945,0.17495562649802165,3.1605777371115154,1.2729160646725324,4.023150175215608,4.808473412549938,0.5129008150082641,0.2630672460361416,0.0037741731492000035,0.5315257918226369,0.5315123921318496,0.2825054229897211,1.4812616,2.5887000000000002,0.3640440328603703,0.5653986291078695,-0.19667888101883868,2.786810391497008,1.2442727082040235,3.467552113079097,4.068907786680136,0.5315123921318495,0.28250542298972103,0.016491209660349997,0.21347940458756304,0.21284148135877748,0.045301496186998816,0.71040621,1.3258,0.14523842888963273,-0.2805701376093203,0.1362714481419225,3.327750568596944,1.2510359809307987,4.163135696877702,4.891310209227343,0.21284148135877748,0.045301496186998816
386,380.7,-0.0016623361661600021,0.5139755887788353,0.5139729005492616,0.26416814249902115,1.5590804,3.044,0.3353564288118163,-0.1972356242256956,0.18761113735003265,3.0333744131783567,1.2788335494435001,3.8791809675959725,4.649024936017764,0.5139729005492616,0.26416814249902115,0.0013051531595600024,0.5253002248666213,0.525298603482013,0.275938622820153,1.4399616,2.5473999999999997,0.3605191936427881,0.5678946255818983,-0.23132376946699118,2.741216416508521,1.2414489927994352,3.4030803593197807,3.994132976528156,0.525298603482013,0.275938622820153,0.01648350965884,0.21304948700226592,0.21241087029918124,0.0451183778212556,0.76317621,1.3275700000000001,0.1437310957345768,-0.32958490072148633,0.2650254767004063,3.582154647440588,1.258696153869238,4.508844277298285,5.309750169923778,0.21241087029918124,0.04511837782125559
387,381.4,-0.0004230922652399993,0.5142258171094041,0.5142256430544566,0.26442801197476945,1.5360804,2.948,0.3383768435972562,-0.14728156405849127,0.10913086176545406,2.9871709060324974,1.2732065325122857,3.8032855112912185,4.5395553184729085,0.5142256430544566,0.2644280119747694,0.0036283641728400012,0.5237376801844887,0.5237251116935859,0.27428799261845904,1.5399616,2.5884,0.35382607720128584,0.6066665055202037,-0.14770944793024032,2.94032997484073,1.2519217185868345,3.6810629553149905,4.3523123342996035,0.5237251116935859,0.27428799261845904,0.01360497466238,0.2173813312792669,0.21695517475548348,0.04706954785318238,0.79715621,1.49755,0.14419263278318217,-0.38577073706289455,0.40794466588783385,3.6670867976970114,1.2681338800437914,4.650357009220873,5.528411504897467,0.2169551747554835,0.04706954785318239
388,382.1,0.0027461963419799975,0.509413557908306,0.509406155622849,0.25949463138645024,1.5560804,3.04,0.33738336822215703,-0.17657453092105393,0.08636700279893361,3.054650540494827,1.2696886696093257,3.8784551808822845,4.612202457399639,0.509406155622849,0.25949463138645024,0.002472355147920003,0.5297005047149633,0.5296947348759561,0.2805765121553094,1.5316616,2.6531000000000002,0.35915564128588845,0.5904560758124832,-0.09222595861394689,2.89156152649732,1.2503782548493587,3.615545655291266,4.264617964836017,0.5296947348759561,0.28057651215530943,0.015082484668812,0.21354101740931247,0.2130077105938171,0.04537228477241934,0.77014621,1.31954,0.1437705143576769,-0.3514199517386001,0.27821513164594647,3.60654931470985,1.2566078128782316,4.53201804639503,5.356774394532703,0.2130077105938171,0.04537228477241934
389,382.8,0.001425138838980001,0.4978584286200539,0.4978563888585934,0.24786098392731895,1.4960804,2.862,0.32919246886648235,-0.19866360620995002,0.12800273711131416,3.0050317801122337,1.2716302972685458,3.8212894558455477,4.544698137085261,0.4978563888585934,0.24786098392731898,0.0034442231468800022,0.5340712622345273,0.5340601562293293,0.2852202504716957,1.6463616,2.7918000000000003,0.3622899338467044,0.556324348607521,-0.13929330054390388,3.082662776333829,1.2499065444997313,3.8530403786253635,4.54432057363378,0.5340601562293293,0.2852202504716957,0.017058309652282003,0.21289461883979824,0.21221011475127624,0.045033132802749835,0.75067621,1.28207,0.14268851096477092,-0.2754401433824007,0.29423852813815365,3.526045956872582,1.2619060425862005,4.449538699414153,5.260943610136475,0.2122101147512762,0.04503313280274982
390,383.5,0.00042693381200000104,0.4928854843021698,0.4928852993986579,0.2429359183633046,1.5170804,2.883,0.31947430702369517,-0.17352466184494977,0.21747656123996828,3.077957148906285,1.2847752284998715,3.9544830992988853,4.748677332250945,0.4928852993986579,0.24293591836330464,0.004825170147100003,0.5285291060688677,0.5285070800803031,0.2793197336950079,1.5166616,2.6250999999999998,0.36417453615882156,0.5674044868203915,-0.2151735543291906,2.8695895506696614,1.2389248877165357,3.5552059118559542,4.164655815854634,0.5285070800803032,0.279319733695008,0.014093427633960001,0.21195348889030455,0.21148441254687964,0.044725656750298784,0.75067621,1.27407,0.14095377146790744,-0.3855013199423912,0.5185792359102179,3.5417025401667654,1.2711259628296392,4.501950051425659,5.325690843050021,0.21148441254687966,0.04472565675029879
391,384.2,0.0008084818300000009,0.49733077499027817,0.49733011783880665,0.24733724610956132,1.4700804,2.851,0.3294952283165631,-0.18138276431343056,0.12390940054210553,2.9559409429845505,1.2713706052277853,3.758096425699858,4.4616136249099725,0.49733011783880665,0.2473372461095613,0.0021278821514400035,0.5230586167660054,0.5230542884736885,0.27358578869071654,1.5179616,2.5374,0.3560600720831769,0.6320851024763809,-0.1500339135953972,2.9020869771448057,1.246859782168957,3.61849553615814,4.263217695595475,0.5230542884736884,0.2735857886907165,0.016274252660419996,0.21114584094844296,0.21051773048883557,0.044317714850170005,0.78888621,1.32328,0.14070082346962032,-0.36080812252535116,0.42675816149764856,3.7362147720097796,1.265891069050053,4.72964091194006,5.606834349269703,0.2105177304888355,0.044317714850169984
392,384.9,0.0031594312520000015,0.5063199397454283,0.5063100822401013,0.25634989937797814,1.6510804,3.081,0.3399974314649374,-0.22597364995174934,0.15251444046095486,3.260942875033015,1.2640201223035787,4.121897411724215,4.856155509428516,0.5063100822401012,0.2563498993779781,0.0038060459399600036,0.5294013441991942,0.5293876625443934,0.28025129725421655,1.5892616,2.7277,0.3629674466851283,0.5707646393821778,-0.18932639835460252,3.001997666636108,1.2437011534990543,3.733587960796797,4.378523789155872,0.5293876625443935,0.2802512972542166,0.01598271966367,0.2134062510584867,0.21280690934034638,0.0452867806629904,0.78888621,1.39228,0.14543103859757,-0.25315730063981484,0.09605409334849435,3.696640590831595,1.2490684743667004,4.617357223072038,5.424469340296532,0.21280690934034638,0.0452867806629904
393,385.6,0.0018139562427999993,0.507681244212731,0.5076780035496277,0.2577369552881358,1.5080804,2.981,0.33519756248073346,-0.21237962015371528,0.13991761010035786,2.9705261267601157,1.2707874330228555,3.774907271352813,4.499079255943819,0.5076780035496277,0.2577369552881358,0.0047051011550800015,0.5315413235178496,0.5315204987864792,0.28251404063022767,1.6804616,2.7959,0.36377413581109097,0.5478518046449649,-0.20271356831216147,3.1614881583963412,1.242533892215929,3.928256186646776,4.619519186687502,0.5315204987864792,0.2825140406302276,0.015249168667749998,0.21387903038104783,0.21333471937703832,0.04551170249167969,0.75718621,1.3605800000000001,0.14496031635874648,-0.35301841640536935,0.21724395466689694,3.54025454786752,1.2520168310689186,4.432458280198419,5.223403404598831,0.21333471937703835,0.0455117024916797
394,386.3,-0.001002696158120004,0.5109722952744633,0.5109713114632443,0.2610916811384678,1.6040804,3.077,0.3385816443882621,-0.1551257745438566,0.14170736284104857,3.1392707879365265,1.271101891368563,3.9903330360641975,4.737647260524706,0.5109713114632443,0.2610916811384678,0.001580173149899999,0.5249193527322142,0.5249169743165324,0.2755378299256231,1.6804616,2.7279,0.361828249435142,0.6150093768215052,-0.202779004348157,3.201371013000699,1.2388601864430802,3.9660510900395187,4.644362629571918,0.5249169743165324,0.27553782992562315,0.01514890965573,0.21508093818784896,0.2145467793000115,0.046030320508007844,0.75718621,1.2785799999999998,0.14397534298812248,-0.4288912338130657,0.4299629953229953,3.5204710207218977,1.262264608685875,4.443765975361489,5.259138087710376,0.2145467793000115,0.04603032050800785
395,387.0,0.0009679987347380003,0.5048877841137781,0.5048868561626165,0.2549107375257706,1.6070804,2.9560000000000004,0.33114131971206995,-0.16607979978036908,0.1837278092969794,3.18304472907952,1.278526968530768,4.069608528167879,4.853155750533849,0.5048868561626164,0.25491073752577054,0.002769207155999999,0.5199177492338959,0.51991037444945,0.27030679746016734,1.4713616,2.5448,0.353572960957346,0.5986596976288159,-0.15715773475741468,2.8299891707256895,1.2483851995814037,3.532916595709601,4.16140871184293,0.5199103744494501,0.2703067974601674,0.012904749664511802,0.21251680210455287,0.2121246299061992,0.04499685861284198,0.74644621,1.28384,0.1422301569362746,-0.3480711878411922,0.23012773176400936,3.512410325244624,1.2588823643696063,4.42171141488017,5.248157114348407,0.2121246299061992,0.04499685861284198
396,387.7,0.0029503438457400017,0.5002268502405255,0.5002181495835082,0.250218197172749,1.6070804,2.987,0.333884783992964,-0.16974941558922318,0.07515647755890242,3.212703195014948,1.264869096639384,4.06364898804902,4.81327834344756,0.5002181495835082,0.25021819717274896,0.00460437936039,0.5237443068631578,0.5237240672933364,0.2742868986622752,1.4927616,2.6262,0.35386135242063077,0.5785177538321031,-0.14518388390982118,2.8501724609486283,1.2521931271293727,3.568966366733283,4.218492892169733,0.5237240672933364,0.2742868986622752,0.01501838965066,0.2132365937457097,0.21270705884989757,0.04524429288457379,0.74644621,1.28384,0.1405926068932126,-0.3427546722490525,0.16130372195480636,3.5005539944525514,1.266221011854976,4.432475020908687,5.309284936774554,0.21270705884989757,0.045244292884573795
397,388.4,-0.0004641141820199963,0.4947305237413597,0.4947303060450472,0.24475807571942607,1.5320804,2.905,0.325378184427938,-0.14997058992667905,0.0869451226568434,3.0967978050227534,1.2738114489769257,3.9447364992045966,4.708614385729699,0.49473030604504725,0.2447580757194261,0.0017128492521699993,0.5250062141179525,0.5250034199982936,0.27562859100990467,1.4231616,2.4356,0.35911726989313036,0.5766233729918168,-0.2200753181617885,2.710751914414979,1.2421527931448468,3.3671680620133073,3.9629439164079145,0.5250034199982936,0.27562859100990467,0.014004716666379998,0.21139077715461685,0.2109263581848587,0.0444899285771273,0.71093321,1.249327,0.14312276308862915,-0.35032006586463216,0.1417616762058076,3.3631231199836336,1.2518817229948889,4.210232366089057,4.967296568748835,0.21092635818485866,0.044489928577127295
398,389.1,1.7428309000044884e-06,0.49346488846432657,0.49346488846124886,0.2435075961440728,1.4750804,2.848,0.32621181199344856,-0.1681406460119435,0.11961345908040055,2.9892307122204422,1.2716256768036551,3.801182527549592,4.521848522240588,0.49346488846124886,0.24350759614407277,0.005174422149280001,0.5208534561159451,0.520827752815982,0.27126154810334574,1.5860616,2.5835,0.3568017404186378,0.6365095150134431,-0.1446323446584019,3.045120621503437,1.2440094972005238,3.7881589732714374,4.445218227184272,0.520827752815982,0.27126154810334574,0.01472210666434,0.20948742237965384,0.20896947076220318,0.04366823971063529,0.72056621,1.25896,0.14469113012017057,-0.37631034183726053,0.2507216355794708,3.4396633545574806,1.2433286819603853,4.27663210500939,4.980030285212003,0.2089694707622032,0.0436682397106353
399,389.8,0.00060267146286,0.5032206807974298,0.5032203199090202,0.25323069036933654,1.6100804,3.041,0.3273359130101419,-0.22828203414341292,0.16700795917523203,3.199551332923326,1.2795050676766813,4.093842144767076,4.918740462034529,0.50322031990902,0.2532306903693365,0.002416048146980002,0.5234070143291015,0.5234014380571148,0.2739490653602558,1.5908616,2.6883,0.35733969038361774,0.5984927383268531,-0.1275727802883897,3.0394350026798023,1.246674169286869,3.789185107067275,4.451958858228566,0.5234014380571148,0.2739490653602558,0.01672486966546,0.21134151872980828,0.21067870389219526,0.04438551627369529,0.68554621,1.21994,0.14605387906534192,-0.26827301696412365,0.09073691583986498,3.2437838722851406,1.241575296886142,4.027401924266902,4.69378981501271,0.21067870389219523,0.04438551627369528
400,390.5,0.0007212167179599989,0.5089303036380677,0.5089297926114971,0.25900953380758146,1.6100804,3.041,0.33220125287820734,-0.23353424818161145,0.21304442905404208,3.1636559829320543,1.2796701550311298,4.0484361421438235,4.8467017690336425,0.5089297926114971,0.25900953380758146,0.0027505791255000005,0.528273439629743,0.5282662788146846,0.2790652613327141,1.5916616,2.6641,0.3702096779797548,0.5565376043109013,-0.2363238006827939,3.012950265142169,1.2314893666333482,3.7104162137177084,4.299351677367659,0.5282662788146846,0.2790652613327141,0.014647799671879997,0.21866628008821443,0.21817512234989103,0.04760038401238992,0.68778621,1.3191799999999998,0.14668198809587257,-0.3405709994050857,0.2502210852896365,3.1453693259085624,1.2621989971021548,3.970082008677668,4.688961602773322,0.21817512234989103,0.04760038401238992
401,391.2,0.000745883826929999,0.5152419221477544,0.515241382262556,0.2654736819958293,1.5180804,2.9770000000000003,0.3402799916668201,-0.1969639808587955,0.08003299927665042,2.946344881394695,1.269395269795775,3.7400762556294196,4.46126847647982,0.515241382262556,0.2654736819958294,0.005735384159480002,0.5312490294094817,0.5312180687976074,0.2821926366170595,1.4697616,2.5392,0.3633716077296742,0.5985726382675804,-0.20650566748901245,2.766615125177239,1.244974618042883,3.444365608739196,4.044789325129141,0.5312180687976075,0.28219263661705957,0.0160118666721836,0.2171923383594883,0.21660132032777332,0.04691613196773467,0.70377221,1.2781660000000001,0.14595380907558989,-0.33333961193145367,0.1921604357670379,3.2403178459966835,1.256367523957214,4.071030109009227,4.8218831317757145,0.21660132032777332,0.04691613196773467
402,391.9,-0.0009153687810300015,0.5087444725719376,0.5087436490733753,0.25882010047249365,1.5700804,3.0069999999999997,0.33059882010675934,-0.2000372734706141,0.15997073986846289,3.086186650957642,1.2801183086663646,3.9506840358526083,4.749201462645808,0.5087436490733752,0.2588201004724936,0.0017174131626599997,0.525043487996356,0.5250406791662988,0.2756677147794083,1.5114616,2.5769,0.35588638703922465,0.6282666386477564,-0.1430283457053627,2.8787360181686323,1.2488761467489664,3.595184745877904,4.247034039639767,0.5250406791662988,0.2756677147794083,0.015957929662141802,0.21458056429329703,0.21398636183955255,0.04579016305332791,0.69608621,1.3744800000000001,0.14555634275495918,-0.3187334538003076,0.18088213756101368,3.2439387616138546,1.2525205153158032,4.063099849349493,4.7822458082218064,0.21398636183955258,0.04579016305332792
403,392.6,-0.00031211875901999606,0.5041993021598243,0.5041992055530573,0.2542168388803341,1.4540804,2.902,0.3330006965201561,-0.1655599717613598,0.13419252482265032,2.883939731314972,1.2733554726636218,3.6722804397019746,4.366598674402431,0.5041992055530573,0.2542168388803341,0.00225214817048,0.5246190704823893,0.524614236313145,0.27522009694242433,1.5114616,2.5869,0.35176420492539284,0.6272225038957894,-0.07460035810938104,2.8810649193713167,1.2564728404481083,3.619979822757878,4.296803309821056,0.524614236313145,0.2752200969424243,0.0142654146682,0.21346584474794153,0.21298864950578136,0.045364164818296575,0.82590621,1.3422999999999998,0.1450837846104711,-0.36967532344724974,0.2751225187041686,3.8690321206899507,1.2489998159615623,4.832420406691122,5.692615561535275,0.21298864950578134,0.04536416481829657
404,393.3,0.0028107192448200025,0.5043683212318399,0.5043604894512964,0.2543795033195513,1.6390804,3.087,0.3309928631861283,-0.18706125875654916,0.22418237544642539,3.249768732494549,1.27880284875208,4.155813512899466,4.952011303876032,0.5043604894512964,0.2543795033195513,0.005469125148160003,0.5360146391743669,0.5359867368502139,0.2872817820793404,1.5537616,2.5812,0.3674528172764901,0.5848709016627146,-0.18385548966980236,2.8987297854276655,1.2424816358559285,3.6016185257024707,4.228465606866939,0.5359867368502138,0.28728178207934035,0.015053194663380001,0.2125482396569721,0.21201451721923203,0.04495015551170403,0.71004321,1.276437,0.1441391438162763,-0.30493821933115023,0.14070070615317531,3.3406214567851817,1.2514143696333802,4.180501694526573,4.926095654522831,0.21201451721923203,0.04495015551170403
405,394.0,0.0013999292369,0.5012271549496181,0.501225199942122,0.25122670105702016,1.5600804,3.027,0.3254515296258516,-0.22690657014274043,0.3313522802211444,3.1125217071625233,1.2866088214727236,4.004597885460644,4.793587548331738,0.501225199942122,0.25122670105702016,0.003519455141579998,0.5312901308110863,0.5312784736207252,0.28225681653276763,1.5772616,2.6327,0.36921895312121905,0.6052246432442642,-0.2112964825733914,2.9687387521994744,1.234488119011927,3.6648727180405443,4.271886875433954,0.5312784736207252,0.2822568165327676,0.015705799652959998,0.2124923473219458,0.21191112648384353,0.04490632552765153,0.67690621,1.2433,0.14273261476529278,-0.24170252450559238,0.14893448044049462,3.1855557083871058,1.2588729467835662,4.010209901760486,4.742477471691341,0.21191112648384355,0.04490632552765154
406,394.7,0.00042802821087000354,0.49473683321313217,0.49473664805592205,0.2447643509296093,1.5300804,2.984,0.3186924125987184,-0.2360201455765625,0.31086783885856395,3.092715757714451,1.290076710134713,3.989840570094045,4.801119636088107,0.49473664805592205,0.2447643509296093,0.0013182871525999993,0.5242294878660199,0.5242278303059202,0.27481481806725266,1.5772616,2.6327,0.35586098162553587,0.6267899115837934,-0.07994821395275808,3.0087235390373714,1.2513100281490905,3.7648459363256843,4.432240907095893,0.5242278303059202,0.27481481806725266,0.01479255185284,0.2117883693467325,0.21127113811457784,0.04463549380022903,0.70663401,1.3000278,0.14291779927724474,-0.31243495408198985,0.23239645867962233,3.3365099895694628,1.257579389800455,4.195926196745888,4.944338728790584,0.21127113811457782,0.04463549380022901
407,395.4,0.0018233958449499973,0.506013998882034,0.5060107136140299,0.2560468422921798,1.5340804,2.988,0.330089671680049,-0.18550770224547972,0.24013849982230218,3.0316955724334353,1.2826341590418524,3.888556301019067,4.6474656180304885,0.5060107136140299,0.2560468422921798,0.002596321963879997,0.5226804489727888,0.522674000549727,0.27318811085065603,1.5078616,2.5573,0.34973975988989087,0.6149771432273659,-0.1443489342492419,2.884863214155731,1.2554506580976534,3.6218034207335243,4.311381698422629,0.5226740005497269,0.273188110850656,0.014946059672211801,0.2141899965946419,0.21366789637539702,0.0456539699414874,0.74517621,1.33857,0.14437881505313813,-0.3067794110702956,0.2761466261951533,3.4790430078313053,1.2563561328511383,4.370917019341731,5.1612572781244985,0.21366789637539702,0.0456539699414874
408,396.1,0.0004535851309599963,0.5141252207427498,0.5141250206557838,0.2643245368643102,1.5490804,2.9610000000000003,0.33349836350225615,-0.2158790007378105,0.25163056946601525,3.013041059845429,1.2854946758098758,3.873248240427844,4.644941533542249,0.5141250206557838,0.2643245368643101,0.003428129952360006,0.5268285002455001,0.5268173465214986,0.27753651659595274,1.5229616,2.5934,0.35709045858313593,0.6010725146890581,-0.13622010828339626,2.890810955159612,1.248671791291954,3.609674093665557,4.264918211600526,0.5268173465214986,0.27753651659595274,0.014126132659291798,0.2120959690769042,0.21162502799707594,0.04478515247476318,0.71146321,1.306857,0.14284719566003448,-0.2911791526045298,0.20373621699286604,3.3544400353126442,1.2553941599221439,4.211144430140523,4.980589270322314,0.21162502799707594,0.04478515247476318
409,396.8,0.0022097410419700016,0.5156725014120044,0.51566776683931,0.26591324575704106,1.6230804,3.164,0.3363454311908703,-0.20706555713836158,0.3003534094867697,3.1475023305600223,1.2842513784867684,4.042184206812025,4.82563534237196,0.5156677668393101,0.2659132457570411,0.005270697148070002,0.5287662330656157,0.5287399634810803,0.2795659489819742,1.4952616,2.5657,0.3649588016555803,0.5807973591600268,-0.26181717481971667,2.827831102850416,1.2364099436659919,3.4963584945722226,4.097069568447102,0.5287399634810804,0.2795659489819743,0.013304388643299999,0.21396822080185582,0.21355419161407194,0.04560539275593976,0.73951621,1.33491,0.14267659827167428,-0.3385181998734094,0.35121387480567456,3.4561964726753756,1.2666145535596365,4.377668752252111,5.18316401539002,0.21355419161407194,0.04560539275593975
410,397.5,-0.0008202077711820026,0.5098867447206212,0.5098860850239041,0.259983819701004,1.6230804,3.1100000000000003,0.33158156397019867,-0.17412208718702732,0.22233203257203638,3.1832174827163304,1.282044135079487,4.08102530439896,4.894965753119726,0.5098860850239041,0.2599838197010039,0.0009835201548700021,0.5259048966548459,0.5259039769897628,0.27657499301364896,1.6039616,2.6634,0.3597414477156803,0.6161279120698396,-0.1128260356208064,3.0499080921330317,1.2451832542823535,3.7976944834242925,4.458651095627109,0.5259039769897629,0.276574993013649,0.01388922265678,0.2140761186946624,0.2136250783249981,0.045635674089361575,0.73951621,1.3159100000000001,0.146379948178965,-0.25445471834550265,0.2148571409733009,3.454454492678723,1.2500189768013121,4.318133670344952,5.05203218883411,0.2136250783249981,0.045635674089361575
411,398.2,-0.0007045671820820014,0.5075851486851154,0.5075846596881909,0.2576421867507766,1.6880804,3.13,0.3288976735932567,-0.18155719856019573,0.20131865131532,3.32570880840963,1.2828717732187427,4.266457956253654,5.132539800471882,0.5075846596881909,0.25764218675077655,0.0003044261837599995,0.5280007948727571,0.5280007071121798,0.27878474671096193,1.6039616,2.6634,0.35294720402628654,0.6505479490394925,-0.09263288742883624,3.037801487375675,1.2563582061084533,3.816566827192894,4.544480255694394,0.5280007071121798,0.27878474671096193,0.015787409658380002,0.21733329531681875,0.2167591265657482,0.04698451894954604,0.69700621,1.3164,0.1482838793069773,-0.24660447519182,0.12808919490031823,3.207084349335133,1.249472271413372,4.007162966578045,4.700485401768169,0.2167591265657482,0.04698451894954604
412,398.9,0.002583605819980002,0.5008866251197807,0.5008799618719545,0.25088073620485063,1.4750804,2.917,0.32726174970856736,-0.1652442039724265,0.14252754160311643,2.944938686768195,1.2767761734174652,3.760027547440951,4.5073412988642465,0.5008799618719545,0.25088073620485063,0.007266194175699999,0.5300884556512597,0.5300386525876566,0.28094097323693856,1.5205616,2.564,0.35596134319297906,0.6202681194070064,-0.1347057627882955,2.8685054046911054,1.2530092855493147,3.5942639077263503,4.271704299013307,0.5300386525876566,0.28094097323693856,0.015010629649880002,0.2112301601300874,0.21069613557466238,0.044392861546096514,0.71972621,1.3041200000000002,0.14119868053202206,-0.3118893020752254,0.18328027314511797,3.4073079789209655,1.2589943858557342,4.289781616342944,5.0972587512018235,0.2106961355746624,0.04439286154609652
413,399.6,0.0009352164170000015,0.4953864975542861,0.4953856147783826,0.24540690732935608,1.6450804,3.048,0.3213895694535587,-0.2546475599591373,0.2684921814640675,3.320801854959171,1.2849063540964714,4.266919404132388,5.118649005308546,0.49538561477838255,0.24540690732935605,0.0020084331570999975,0.5286833932712041,0.5286795783052417,0.27950209651700814,1.5476616,2.5271,0.359706816270564,0.6192739445100188,-0.17682291189323918,2.9273883380824874,1.246604686385995,3.649296021125338,4.302564004891921,0.5286795783052417,0.27950209651700814,0.015240939647301801,0.21419189050478557,0.21364896376224565,0.04564587971668135,0.73684621,1.30024,0.14296958611306615,-0.39136976782045857,0.3240059290074684,3.4401218844629273,1.2631377917296984,4.345347960421511,5.153866847017883,0.21364896376224565,0.04564587971668135
414,400.3,-0.0006720900689999985,0.5061195769222827,0.506119130678667,0.25615657443892964,1.6450804,3.04,0.3269397295943702,-0.2491178397248405,0.28950470231160796,3.250378912437546,1.2884938169961486,4.188093131570444,5.031754329891414,0.506119130678667,0.2561565744389296,0.0012932134559799967,0.5248122028376428,0.524810609502377,0.27542617584625645,1.5476616,2.6921,0.3567185692465652,0.6176746037430461,-0.141638061036911,2.948981734098108,1.2471614481370596,3.677856330027534,4.338606771351594,0.5248106095023769,0.2754261758462564,0.012434747645930002,0.21604120949389657,0.21568305740267998,0.04651918125056775,0.73684621,1.28824,0.14540417166795405,-0.32343252840023473,0.2054657999709466,3.4106743418357723,1.2593362777091162,4.295185930125451,5.067572694424936,0.21568305740267998,0.046519181250567754
415,401.0,0.00249698770398,0.5105009200500399,0.5104948133177685,0.2606049544243433,1.6310804,3.035,0.3326599374467321,-0.21549938851161998,0.2140001358926802,3.1950586883175838,1.2797909473639695,4.089007185605442,4.903146476005036,0.5104948133177685,0.2606049544243433,0.003782619045599999,0.5288423448225643,0.528828816792905,0.2796599174705839,1.5120616,2.5515,0.36218211734767697,0.5653837391659513,-0.19731002284130472,2.8591916188317383,1.2444602121471782,3.5581502085407783,4.174865427020781,0.528828816792905,0.2796599174705839,0.01496619966681,0.21471807788366368,0.21419585859112272,0.04587986583758824,0.67661621,1.25001,0.14668895012499442,-0.16966747315496236,-0.14982866143477036,3.1511841791290496,1.244298193491385,3.9210127814489093,4.61259153755925,0.21419585859112272,0.04587986583758825
416,401.7,0.0013854939319100032,0.5095964251702202,0.5095945417219777,0.25968659695283247,1.6310804,3.042,0.33236527154170636,-0.1909721821912239,0.19074694226544597,3.200729674379429,1.2796961753266098,4.095961522557741,4.90749347076512,0.5095945417219777,0.25968659695283247,0.004310085142810001,0.5284809433785468,0.5284633673967766,0.27927353068034044,1.6105616,2.84,0.36148839657684334,0.5378601680428716,-0.19092703751489726,3.0475301336388347,1.2447621279920726,3.7934500942682416,4.455361818668044,0.5284633673967766,0.27927353068034044,0.01501820865214,0.21284140454725142,0.21231089679648457,0.045075916898527524,0.71029721,1.278691,0.1423429120660515,-0.2903798760670583,0.153974337406785,3.3372135065116613,1.2616868079198387,4.210518256377671,4.990042705255322,0.21231089679648457,0.045075916898527524
417,402.4,0.0015262448318599997,0.5070038221920539,0.5070015249425439,0.257050546294065,1.5270804,2.9379999999999997,0.3335335627763143,-0.18690457241294514,0.14339199363471744,3.011970192645884,1.2754504545733005,3.841618751371424,4.57849095391981,0.5070015249425439,0.25705054629406493,0.004357520154319998,0.5305633303563536,0.5305454358836101,0.2814784595369299,1.4570616,2.5045,0.36275339302100407,0.6033530412273067,-0.23308497674514905,2.7462538713735882,1.2426930928271098,3.4127507171056677,4.01667256056688,0.5305454358836103,0.28147845953692996,0.01223675665327,0.21218972428561933,0.21183659003820796,0.04487474087901579,0.72109621,1.2564899999999999,0.14267099390442567,-0.3320973522403814,0.3677577262547991,3.3983559403157706,1.2615302865903184,4.287128943322465,5.054259385639785,0.21183659003820796,0.04487474087901579
418,403.1,0.0026921568459800007,0.5052963700353785,0.5052891982443785,0.2553171738624468,1.5170804,2.975,0.33287594950757426,-0.1686315014569544,0.22702398653434486,3.002357606277245,1.2773359653413052,3.835019351313955,4.55749477318571,0.5052891982443783,0.25531717386244673,0.002465036156830001,0.5251536892074519,0.5251479038184791,0.2757803208849426,1.4893616,2.5907999999999998,0.3561056910878805,0.6338747451885623,-0.15592174812496973,2.836049009286606,1.2487980762052564,3.541652546820937,4.182358320222556,0.5251479038184791,0.2757803208849426,0.0141743976811618,0.2171843972823132,0.21672136229097932,0.04696814887325792,0.79002621,1.36242,0.1461799676044834,-0.2801584101476988,0.2682946622827802,3.637582717201652,1.2554049840239205,4.566639472974229,5.404476570535028,0.21672136229097932,0.04696814887325792
419,403.8,0.00029410783196000436,0.5038187452765935,0.5038186594328005,0.2538332415926642,1.5170804,2.904,0.32922941295226293,-0.198008926203915,0.20147966462566158,3.0111630704949888,1.2797325686915764,3.853483450953766,4.6079734687009,0.5038186594328005,0.2538332415926642,0.001054921146340003,0.5235990997350944,0.5235980370329671,0.2741549043847764,1.5081616,2.6096,0.359714306398879,0.5930569517688429,-0.16026774284516287,2.880374700344266,1.2425377753771452,3.578974372418375,4.192665048822478,0.5235980370329671,0.2741549043847764,0.01140048966387,0.21400624067498822,0.21370236283968638,0.045668699883264975,0.79002621,1.36242,0.14381582076717536,-0.26500344431915623,0.17840144667361635,3.6916036070173046,1.2574747791540415,4.642098430458349,5.493319203587344,0.2137023628396864,0.04566869988326498
420,404.5,0.0016964118329999979,0.5019899443276792,0.5019870779143616,0.25199102639299936,1.5000804,2.936,0.33128868471473,-0.1969093485210241,0.14651050524636444,2.988267826777038,1.2717342504607874,3.800282544862382,4.528015803774606,0.5019870779143616,0.2519910263929993,0.005330489150590004,0.5288081783759137,0.5287813115104083,0.27960967540266746,1.4839616,2.5374,0.3601911356754849,0.6155149489873111,-0.1436809877546219,2.806237990791997,1.2473215531650421,3.5002811292254212,4.119928152082507,0.5287813115104084,0.27960967540266757,0.00939072964332,0.2130619324865372,0.21285488312853854,0.0453072012716638,0.85570621,1.3951,0.1410018017223148,-0.3730260389355765,0.46758322973587063,4.0162322758152476,1.2715594637698417,5.106878159010767,6.068760821122024,0.21285488312853854,0.045307201271663794
421,405.2,0.0009151228170000005,0.5022659618716069,0.502265128199281,0.2522702590050402,1.4160804,2.803,0.3279709498310616,-0.17866332842287524,0.15959801659017536,2.819383568663945,1.2788313664852873,3.6055161417606785,4.317700701020701,0.502265128199281,0.2522702590050402,0.0036331761580100036,0.5282451278894437,0.5282326335715539,0.2790297151699396,1.4839616,2.5633999999999997,0.35729441446610544,0.6318294999632352,-0.1547902372527501,2.809229128016829,1.2502794069302268,3.5123213281079986,4.153329970795766,0.5282326335715539,0.2790297151699395,0.01208457765122,0.2123357426391378,0.21199158140149288,0.04494043058510579,0.72396621,1.29236,0.14078388742253548,-0.31705932512860513,0.4173895076078735,3.4095353000948716,1.267112379186866,4.320264386024817,5.142393943329298,0.21199158140149288,0.04494043058510579
422,405.9,0.0017212138229779975,0.507581775108988,0.5075788567757397,0.25763629584576686,1.5669196,3.1180000000000003,0.33171596464647374,-0.18481494934065207,0.23257639709162525,3.087028882515632,1.2791208480716192,3.948683002224978,4.723678589512399,0.5075788567757397,0.25763629584576686,0.0017434381495799985,0.5291878143284056,0.5291849423945221,0.2800367032570936,1.4401616,2.5545999999999998,0.3640501470824996,0.5944073240750021,-0.20378054153808023,2.7214564678283737,1.2415162715548753,3.3787324871371833,3.9559429148469376,0.5291849423945221,0.2800367032570936,0.0139752276748,0.21220903021480894,0.21174835422299557,0.0448373655161472,0.76968621,1.3380800000000002,0.14274368518691327,-0.3069393371642807,0.4008258739918391,3.6270191198785646,1.2578328553795208,4.562183816072972,5.392085884514945,0.21174835422299557,0.044837365516147205
423,406.6,0.0015169598358580009,0.5086010807489931,0.5085988184924344,0.2586727581719002,1.5510804,2.9459999999999997,0.3317769236233481,-0.14973460434319927,0.251389803335321,3.049699378766156,1.2815123539323656,3.9082274296686905,4.6750701738402825,0.5085988184924345,0.2586727581719003,0.005571591152200003,0.5246318549213992,0.5246022689336186,0.27520754057030067,1.4842616,2.5987,0.3580036429820721,0.5361259857856752,-0.2218943715142152,2.829148832798903,1.2461965856650064,3.525675615772131,4.145939934120525,0.5246022689336186,0.27520754057030067,0.012115389649279999,0.21300027066862698,0.2126554317165552,0.04522233263855448,0.74794621,1.30234,0.14199265466409844,-0.3676277913474168,0.36057719267212507,3.5114800917957973,1.2661761547255785,4.446152360025424,5.267499306702598,0.2126554317165552,0.04522233263855448
424,407.3,0.00103023523588,0.512242680954639,0.5122416449362105,0.2623915028069548,1.5500804,2.945,0.3357942387380559,-0.19730003979992952,0.26157305919041685,3.0260664673845588,1.277331538147997,3.865290135322394,4.616161390455469,0.5122416449362105,0.2623915028069548,0.0037547166499799995,0.5266220944077925,0.5266087090253333,0.27731673242132815,1.5524616,2.6178999999999997,0.36048254066307667,0.5478195768423225,-0.2532123222553948,2.947961387274882,1.2420678421908162,3.661568039154358,4.306620778760547,0.5266087090253333,0.2773167324213282,0.013369879624000002,0.21286452094375843,0.21244422937668964,0.04513255059545552,0.78079621,1.3351899999999999,0.14144833956907393,-0.37724621980743533,0.4432515840600195,3.6680429718313485,1.2716819438855382,4.664584016674175,5.5200097249548215,0.21244422937668964,0.045132550595455526
425,408.0,0.001921517836899997,0.5108516700972571,0.5108480562851925,0.2609657366103592,1.4950804,2.868,0.3366362184576995,-0.1725278599755953,0.16719687720886878,2.926642874076076,1.274199816625783,3.7291278134768913,4.441234537536449,0.5108480562851925,0.2609657366103592,0.004289970754580001,0.529122106190428,0.5291047149764585,0.2799517994103194,1.5948616,2.6993,0.36301478780472035,0.6125345608125334,-0.15524973690409594,3.0141655042210966,1.2435431313698202,3.7482448095859953,4.393379150322486,0.5291047149764585,0.2799517994103194,0.01450450963432,0.2117190469645292,0.2112216230593744,0.04461457404783644,0.78079621,1.39919,0.14221834178450019,-0.3169891792435718,0.4542328954817889,3.68788836523911,1.2640243416229884,4.6615806628504455,5.490123145881707,0.21122162305937442,0.04461457404783645
426,408.7,0.00276238883296,0.5057167551379528,0.5057092105500904,0.25574180563519566,1.4710804,2.94,0.33307716182415953,-0.1778400529461116,0.14763529482819449,2.908901840910351,1.2741644663697689,3.7064193618455756,4.416635448504942,0.5057092105500904,0.25574180563519566,0.0040573291598,0.527119081494084,0.5271034662713345,0.2778380641552559,1.5948616,2.6993,0.3562538811108902,0.6284262577775064,-0.07952688489575221,3.025619174095293,1.2524716738428363,3.7895023113901116,4.476755719900695,0.5271034662713346,0.27783806415525597,0.014006009653199999,0.21343428461713787,0.2129742368072342,0.04535802554362388,0.82990621,1.4193,0.14480316753564618,-0.32816873782021766,0.4476710619313202,3.88834535880072,1.2561802613856876,4.8844626891761145,5.731271104934235,0.2129742368072342,0.04535802554362388
427,409.4,0.0007661758349400007,0.5003243735561407,0.5003237869109708,0.25032389174893455,1.5400804,3.009,0.3287746699724528,-0.17809098299193957,0.1945608994333865,3.078163850091124,1.2763227858744717,3.9287306605263934,4.684303690819732,0.5003237869109708,0.25032389174893455,0.002021300145860002,0.5244446822249347,0.5244407869909938,0.275038139059733,1.5442616,2.6237,0.359067889728573,0.6000335171629325,-0.17583851273720663,2.944565275118311,1.2442472872312222,3.6637673556412165,4.30075103949657,0.5244407869909938,0.275038139059733,0.01436805466864,0.20929368823872263,0.20879992083716556,0.0435974069416066,0.82990621,1.3913,0.14126351975836643,-0.3789561293719107,0.6050158262695415,3.9652710838245633,1.258940344763682,4.992039745351555,5.874879879954628,0.20879992083716556,0.0435974069416066
428,410.1,0.0017852671298200008,0.5001696321857293,0.5001664460777862,0.25016647378208295,1.5400804,2.902,0.3273485928377236,-0.21209346696389694,0.18012105080612706,3.0791161655894332,1.2777833021023253,3.934443221623516,4.704710616438982,0.500166446077786,0.2501664737820829,0.0038904561521399973,0.525270438175025,0.5252560304951396,0.275893897571511,1.5442616,2.5857,0.3589745384423143,0.5878993710232615,-0.20277554635744588,2.9399362457276492,1.244048382400476,3.6574229308580097,4.301869449295653,0.5252560304951397,0.27589389757151106,0.011613790664580001,0.20977149277818466,0.20944975304064525,0.04386919904878729,0.71692721,1.2533210000000001,0.14027791804890455,-0.3401640392796805,0.21501197394752003,3.4176579501109288,1.2585069242770737,4.301146195025193,5.1107631191821685,0.20944975304064525,0.04386919904878729
429,410.8,0.0019123878390800023,0.5018055778353565,0.5018019337541746,0.251805180719429,1.5110804,2.8979999999999997,0.33449244794871347,-0.1680263535002056,0.08006095635174049,3.011286575407077,1.2659989119046422,3.812285527898416,4.5175321872489285,0.5018019337541745,0.2518051807194289,0.0034112321597399987,0.528071735333183,0.5280607172976907,0.2788481211529516,1.5545616,2.623,0.35891734276225495,0.5908890313722795,-0.15385561906796763,2.943845496709194,1.247843903649586,3.673459656354855,4.331252393757227,0.5280607172976908,0.27884812115295166,0.012748798669320001,0.2089001842904151,0.20851080338691938,0.04347675512905855,0.72629621,1.26169,0.14155396233216103,-0.29256166978264164,0.2189477731276641,3.4767619400004732,1.2530995011938688,4.356728652784421,5.1308786983703225,0.20851080338691938,0.04347675512905855
430,411.5,-5.354216392000155e-05,0.5005402817796475,0.5005402789159785,0.25054057081728554,1.5750804,3.133,0.332247833324657,-0.16880559100967504,0.10475447442856112,3.1467605252465907,1.2688920778366266,3.992899501334421,4.74067922200987,0.5005402789159785,0.2505405708172856,0.002151609170180003,0.5223471090104644,0.5223426776260665,0.27284187286956874,1.4461616,2.5145999999999997,0.3516743835632804,0.6112816047964803,-0.0628820324857502,2.7685835243533976,1.2561850138836264,3.477853132977852,4.112217629692034,0.5223426776260665,0.2728418728695688,0.014984368663682,0.21016517773886106,0.2096303189659309,0.04394487062975793,0.74299621,1.32239,0.14307756031889612,-0.30437406210327167,0.22806871887356417,3.5352964653507137,1.2518336963044956,4.425603241752202,5.192961134813768,0.20963031896593087,0.043944870629757916
431,412.2,0.0007489168279800001,0.5079689915227378,0.5079684394450231,0.25803193547221215,1.6630804,3.221,0.33186719286249494,-0.18028230799699954,0.20734212561486043,3.2739801597231097,1.2808757862117097,4.193561911126877,5.011282934161788,0.507968439445023,0.25803193547221204,0.005129312148680003,0.5220249474998807,0.521999747096811,0.2724837359691346,1.5318616,2.5913,0.3589136983810631,0.5774880901838818,-0.16017388526184728,2.934460522119683,1.2423666252057002,3.645675815665187,4.268049971092505,0.5219997470968111,0.27248373596913467,0.013082869674622,0.2136629622766827,0.21326204531028015,0.04548069996992399,0.74299621,1.32239,0.1448276466568804,-0.3319695797737772,0.3318736575179124,3.477421646143133,1.2538295677953697,4.360094079625908,5.130209784878129,0.21326204531028015,0.04548069996992399
432,412.9,-0.0010053826700199987,0.5127079532948224,0.5127069675530582,0.26286843457745274,1.5290804,2.9210000000000003,0.3351176635568706,-0.17219524705295244,0.18759213646560902,2.982361381705996,1.279949638383767,3.817272372044301,4.562816485919161,0.5127069675530582,0.2628684345774527,0.0032549121467600004,0.5238827193016354,0.5238726077299642,0.27444250912979296,1.4915616,2.6,0.3602053607483501,0.5734335641808512,-0.21720756854739998,2.8471288420972045,1.2398779718678146,3.5300923343858406,4.14086452489542,0.5238726077299642,0.27444250912979296,0.012193269664242,0.21261078618012463,0.21226085502283681,0.045054670575025754,0.73095621,1.28635,0.14349596984394364,-0.3554261248273922,0.3578278235335599,3.438001538551912,1.2571947490354392,4.322237481443224,5.093914559377088,0.21226085502283684,0.04505467057502576
433,413.6,0.0013148063329999975,0.5080350345790973,0.5080333332017607,0.25809786764409126,1.7040804,3.096,0.3310546761864667,-0.1854711639249884,0.14989304917004498,3.354257647628212,1.2781333441334095,4.28718854424811,5.147428876794285,0.5080333332017607,0.25809786764409126,0.0028443501555399995,0.5236491005949306,0.5236413755864526,0.2742002902260724,1.4372616,2.5457,0.357591364092363,0.6239454500433009,-0.17956594891976208,2.744703654350006,1.2449562107011716,3.4170358610172418,4.019284983707736,0.5236413755864526,0.2742002902260724,0.01264312468396,0.21105516941214983,0.21067613992528222,0.0443844359338171,0.70451121,1.275905,0.14597125730042093,-0.34152063029729846,0.14289319801904776,3.338042901115709,1.2402912173352771,4.140145293342183,4.826369403327517,0.21067613992528225,0.04438443593381711
434,414.3,0.0013759639388599987,0.5020981096037418,0.5020962242348472,0.25210061839089004,1.4710804,2.803,0.33155802058684125,-0.14797322398087653,0.040979458422148785,2.929866438176761,1.269316667517344,3.718928303577437,4.436871704675582,0.5020962242348473,0.2521006183908901,0.0046897401623000054,0.5224452214576805,0.5224241722596447,0.27292701576117484,1.4387616,2.5002,0.355576898908778,0.5947035957130877,-0.17071435429177928,2.7538994346348784,1.2468429025014325,3.4336799642772062,4.046274109525628,0.5224241722596447,0.27292701576117484,0.012782669658840003,0.211033001467466,0.21064551043105684,0.044371531064760474,0.68593621,1.27533,0.14282228739688943,-0.28053891770263084,0.17401124975068294,3.2503741368894272,1.255058125430243,4.079408471191389,4.802725278400346,0.2106455104310568,0.04437153106476047
435,415.0,-0.0014658641779400007,0.5005499265003137,0.5005477800986449,0.25054808016168134,1.6920804,3.107,0.3264580286621203,-0.18149659460076312,0.1696221011472816,3.380442809832157,1.280618592093764,4.329057911780745,5.183148372654301,0.5005477800986449,0.25054808016168134,0.0004421401592000023,0.5222245499757828,0.522224362807298,0.2727182851094884,1.4695616,2.459,0.3541842652756549,0.596112493002426,-0.10948698907898358,2.8140415843493916,1.2504291940098444,3.5187597502281958,4.149144228234611,0.522224362807298,0.2727182851094884,0.010778199630802,0.21072876846721858,0.21045295025831592,0.044290444272429196,0.69540621,1.2748,0.14066663207834051,-0.32452826783286765,0.32668905835018514,3.300006045962248,1.2676566541183591,4.183274622794859,4.943647258240406,0.21045295025831595,0.0442904442724292
436,415.7,0.0008344807289999987,0.5006459880204868,0.5006452925604338,0.2506457089629223,1.5120804,2.7990000000000004,0.3255208850596426,-0.199069749312851,0.19452680566039415,3.0202586981244814,1.283043029868815,3.8751218710292767,4.645110250677014,0.5006452925604338,0.2506457089629223,0.003127386153179999,0.5227108574199779,0.5227015017393554,0.27321685992057737,1.5195616,2.529,0.3604084038587812,0.5930823293873705,-0.2541291394495011,2.9070787002595035,1.2379729527550134,3.598884802451464,4.216221330386651,0.5227015017393554,0.27321685992057737,0.011530149640301999,0.20462381264623244,0.20429870374320214,0.041737960351152674,0.69540621,1.2468,0.1381147338502094,-0.36555188681907347,0.4073187811117198,3.398461796830389,1.2613475281109843,4.286641386811626,5.034989320938012,0.2042987037432021,0.04173796035115267
437,416.4,0.0013934682159999986,0.5031053688564806,0.5031034390843958,0.2531130704185464,1.5120804,2.819,0.3247456981456366,-0.238486823308086,0.21816899861934758,3.0054944621975337,1.2860065922524326,3.865085691364208,4.65619839965328,0.5031034390843958,0.2531130704185464,0.004003191150460003,0.5285503348049894,0.5285351746885719,0.27934943088307923,1.5045616,2.543,0.3627870833174555,0.6014932926585436,-0.21666663693908017,2.8465814907772478,1.2425213265222899,3.536938209974343,4.147230343047905,0.5285351746885719,0.2793494308830793,0.012393499665762,0.20995343637028013,0.20958732454450588,0.04392684660972404,0.65398621,1.17838,0.14435869372939839,-0.2489154072756788,0.007316604998344189,3.114910721664067,1.2416531595141425,3.867638739158666,4.530286282763841,0.20958732454450588,0.043926846609724034
438,417.1,-0.0007282897730400015,0.5083438391257393,0.5083433174254404,0.258412928371102,1.5770804,3.0090000000000003,0.33363272607702044,-0.20770534734710802,0.21888924418278766,3.10238912841414,1.277397181193046,3.9629831276001726,4.726995515529627,0.5083433174254404,0.25841292837110197,0.00135490814886,0.5294078667441209,0.529406132939985,0.280270853594469,1.5878616,2.9103000000000003,0.36136806082362904,0.5679533475637663,-0.09089863115780838,2.9993162167487446,1.2487675921547774,3.7454488901001057,4.39402861553661,0.529406132939985,0.280270853594469,0.013465139668919998,0.2160268596178943,0.21560680436866064,0.0464862940900659,0.67381621,1.24421,0.14709219413419464,-0.25521281327401946,0.036189000183076914,3.1191316264645885,1.249315040892852,3.8967780554667955,4.580910727222319,0.21560680436866062,0.04648629409006589
439,417.8,0.0020700174449399976,0.5171941624598633,0.5171900199253048,0.26748551671033716,1.5770804,3.016,0.34159458035477624,-0.19423037270091376,0.14138035175386765,3.0493004648373017,1.272942115255467,3.8815829837594737,4.6168191496541375,0.5171900199253048,0.26748551671033716,0.0048142551468800055,0.5223962350834492,0.52237405120923,0.27287464937674316,1.6046616,2.6860999999999997,0.354951820747461,0.5738397372892259,-0.08609241713251814,3.071732704474155,1.2513811676096467,3.8439084583096057,4.5207870651878554,0.52237405120923,0.27287464937674316,0.0119034355535,0.21021799745724826,0.20988071535269578,0.04404991467695931,0.72929621,1.28869,0.14153023794893432,-0.34195041126374043,0.331548416059396,3.469237738069101,1.261277127107938,4.375670207526237,5.1529356593263,0.20988071535269576,0.044049914676959304
440,418.5,0.0020130330159599977,0.5147721415912531,0.5147682055610289,0.26498630545652163,1.5030804,2.942,0.33862974773877724,-0.17247201009455618,0.19950289472910798,2.9198946068715155,1.277213197078979,3.7293279259760372,4.438713403169449,0.5147682055610289,0.26498630545652163,0.0033909191490799997,0.5293519802206939,0.5293411193463949,0.2802020206308943,1.5531616,2.6696,0.3567339112934473,0.6209030489320354,-0.09174727074604405,2.934081023655501,1.2552059861621858,3.682876064777259,4.3538378349525,0.5293411193463949,0.2802020206308943,0.011573280571429999,0.20988904894691404,0.20956973074529403,0.04391947204465504,0.75794621,1.37934,0.1412276559770026,-0.4060713878111923,0.5204113578952194,3.611175589211911,1.2600163439348093,4.5501402632254235,5.366839835700618,0.20956973074529406,0.043919472044655045
441,419.2,0.00035392113396000193,0.5114796091213929,0.5114794866725388,0.26161126528680384,1.5540804,2.992,0.3371330074521415,-0.18159020682277197,0.20602702432905096,3.0384014773718175,1.2744430320610236,3.872269591440433,4.609695181568993,0.5114794866725388,0.2616112652868038,0.0031597841536000013,0.525188317223894,0.5251788117513578,0.27581278431256817,1.4623616,2.5158,0.35661505101142477,0.6020916712539591,-0.1414045559447903,2.784451885239819,1.249677949130098,3.4796681213979324,4.100672688526404,0.5251788117513578,0.27581278431256817,0.011811379663791999,0.21300596804218655,0.2126782399119072,0.045232033732026763,0.76295621,1.31535,0.1449820230191192,-0.2778452712855082,0.23154049237906849,3.5818536776814347,1.2506934850634157,4.479801059126606,5.262419395950812,0.2126782399119072,0.04523203373202676
442,419.9,0.0025170968349599978,0.5009486368280753,0.5009423130096222,0.25094320096343037,1.6570804,2.985,0.3270893003300962,-0.19880677853537826,0.24581205257605143,3.3078848372407226,1.2797317273044733,4.233205176486346,5.066140648219572,0.5009423130096221,0.25094320096343026,0.00371690815888,0.5261160579627414,0.5261029281804019,0.27678429103999314,1.5748616,2.7413,0.355246967238976,0.5763452699623305,-0.12278028000580843,2.9933729947310006,1.2528910321490712,3.750370180975679,4.4331457978094,0.5261029281804019,0.27678429103999314,0.01176828503493,0.21394078002615854,0.21361686456255696,0.0456321648255378,0.76295621,1.3463500000000002,0.14586986160732238,-0.2495148975413171,0.1250608179901338,3.566202805779774,1.2486384305829588,4.452897874549401,5.23038961985072,0.21361686456255696,0.04563216482553781
443,420.6,0.000842719171959998,0.4992102111034224,0.4992094998037605,0.24921012469432074,1.7410804,3.1639999999999997,0.323475713506864,-0.15813345946226018,0.28013194528027796,3.4876698458383433,1.2846037437569837,4.480273740952279,5.3824145903400415,0.49920949980376045,0.24921012469432072,0.0011873761549800034,0.5194726849944469,0.5194713279799054,0.26985046059320644,1.5748616,2.6393,0.3538359764134688,0.5816708867784753,-0.18112400096519643,3.0316543015477997,1.2474246925767911,3.78176043510737,4.4508238420609985,0.5194713279799055,0.2698504605932065,0.0113204976452,0.21211625210576449,0.21181395312977203,0.04486515074046126,0.86250621,1.4169,0.1384759482206899,-0.4067862528925358,0.6845345656453969,4.066195783856962,1.280886583781561,5.2083356265715315,6.228563307076396,0.21181395312977205,0.04486515074046127
444,421.3,0.00015130018196000305,0.5026146559076778,0.5026146331350175,0.2526214694414483,1.7410804,3.1239999999999997,0.3286150203764004,-0.1945589931945041,0.2907074371050813,3.4640462221615125,1.2799457895465698,4.433791376850329,5.298237426900759,0.5026146331350175,0.25262146944144825,0.0009273791459800038,0.5258844131952712,0.5258835954939595,0.27655355600965437,1.4509616,2.4944,0.360357583556657,0.6022359689106721,-0.15537838372981572,2.7590884300676723,1.246486547016862,3.4391666101092278,4.0264494663309165,0.5258835954939595,0.27655355600965437,0.011146627660322,0.21083854808185756,0.21054369154422062,0.044328646049067916,0.86250621,1.4319000000000002,0.1406475937790049,-0.3747513516942054,0.6440674359830276,4.090837362744189,1.2663274181774549,5.180339515747717,6.132392221051635,0.21054369154422062,0.044328646049067916
445,422.0,0.0021229269369800008,0.5074819930850692,0.5074775526925447,0.2575334664868145,1.5480804,2.92,0.33241894289077517,-0.22113589566167777,0.19221412989251352,3.0505129661625157,1.2784680599374847,3.899983393663933,4.657016193293959,0.5074775526925447,0.2575334664868145,0.005601468134779999,0.5343256251705519,0.5342962635735311,0.28547249726863627,1.4754616,2.6529,0.37010886491466755,0.574239893245931,-0.177861402976633,2.7613528726589633,1.2401886913456914,3.4245986054865853,3.9865610901813526,0.5342962635735311,0.2854724972686362,0.012476379645362,0.21217847350664643,0.2118113419308689,0.044864044570555456,0.75621621,1.3696100000000002,0.14120988993730565,-0.20640020620731228,0.18672110606206838,3.564057170843544,1.2637434963415186,4.504054070242882,5.355263787371726,0.2118113419308689,0.044864044570555456
446,422.7,0.000905433239960001,0.5074706849923195,0.5074698772510758,0.25752567631722195,1.4790804,2.851,0.3336602357405999,-0.2199174050360802,0.2285135725429699,2.914612496330474,1.2776145737884315,3.7237514022576943,4.43289382900842,0.5074698772510758,0.257525676317222,0.0004586501444800013,0.5278175345193059,0.5278173352459009,0.2785911393860837,1.5817616,2.7612,0.36197386075885807,0.5701912476105707,-0.201477973242719,2.9967962345937265,1.2420894800919053,3.722289076967901,4.369822717817041,0.5278173352459008,0.27859113938608365,0.01187653964728,0.21300695464974795,0.21267559929424523,0.04523091053516637,0.75942621,1.33582,0.14153433573615548,-0.32525886620303196,0.3483333516344538,3.5652648583645608,1.2662598239055827,4.51455165172947,5.365667673854788,0.21267559929424523,0.04523091053516637
447,423.4,0.0015979458299800026,0.5101736793734243,0.5101711768559078,0.260274629694542,1.5830804,2.944,0.3311687017523687,-0.16261413584538448,0.2384011178974994,3.103022488232397,1.284626840332289,3.986225974538021,4.780283860229486,0.5101711768559078,0.26027462969454196,0.0029317691688800014,0.5223765483689988,0.5223683212211948,0.2728686630154493,1.5817616,2.7252,0.3528530871371482,0.6089241738295248,-0.16047601572360204,3.028010359459452,1.250686771621956,3.787092500910181,4.482776706967552,0.5223683212211948,0.2728686630154493,0.012208004654230003,0.21204600399501727,0.21169429003309742,0.04481447243261717,0.75942621,1.37282,0.1410411669695737,-0.311223736612756,0.3714464003062319,3.5814219352978007,1.2663437746567383,4.535311372183458,5.384429428067823,0.21169429003309742,0.04481447243261717
448,424.1,0.0017543519139400017,0.5177508913078608,0.5177479190681952,0.2680629076994464,1.5830804,2.919,0.3409711458270463,-0.2012262032553136,0.14258683468390299,3.057610187789482,1.2715415128164098,3.8878782837847052,4.642857377741281,0.5177479190681952,0.26806290769944635,0.004692323168160004,0.5268659898212297,0.526845094248385,0.2775657533335897,1.4957616,2.6712,0.35729043641600944,0.5928827732057823,-0.1539808549891637,2.83897922602202,1.2511405279176926,3.551961967592552,4.186402566505914,0.526845094248385,0.2775657533335897,0.012352310676319998,0.21027524548216917,0.20991212276460397,0.04406309928354216,0.70948521,1.322879,0.14294750849493398,-0.22120233285244037,0.124877737741246,3.3740786195404184,1.250213870373176,4.21831988987901,4.96325691486357,0.20991212276460394,0.044063099283542156
449,424.8,-0.0001377870970400037,0.5047715833348146,0.5047715645289972,0.2547943323570516,1.5640804,2.974,0.32799832873673845,-0.2180763399299088,0.19254692899815984,3.0985904350375177,1.2816781924577672,3.971395787945812,4.768562102203206,0.5047715645289972,0.2547943323570516,0.0033252411572400006,0.5331085698297303,0.5330981992064375,0.28419368999714656,1.5078616,2.6833,0.36133758014529693,0.5884187993049289,-0.11508659794939202,2.8284324907431078,1.2511298020278685,3.5387361821926153,4.1729996625141395,0.5330981992064375,0.28419368999714656,0.012224019654299999,0.20982963022489784,0.20947326097573563,0.04387904706380864,0.73098621,1.2703799999999998,0.13843134092442683,-0.24415544147079982,0.2748857780832594,3.483712997142112,1.2715491893850501,4.4297124375662165,5.280496491029902,0.20947326097573563,0.04387904706380864
450,425.5,0.003555905916940001,0.4945411329540347,0.49452834874915924,0.24455828771657007,1.4910804,2.901,0.3197612725918534,-0.19726706765631513,0.24290986545905646,3.0150786267127128,1.2876088038648739,3.8822417841001022,4.663105034308612,0.49452834874915924,0.2445582877165701,0.00531603015558,0.5220644191269616,0.5220373526307832,0.27252299754175674,1.5115616,2.669,0.3556616307114793,0.5776572400911091,-0.15460850482942456,2.895354566640944,1.2480088387530037,3.6134280904917713,4.249999070679099,0.5220373526307832,0.2725229975417567,0.01384931963396,0.20750039893961494,0.20703770648308428,0.04286461190577576,0.80153621,1.35393,0.137035284724623,-0.2710013045524181,0.3567168226491413,3.86281768177832,1.2703210529194977,4.907018624752689,5.849122812498356,0.2070377064830843,0.04286461190577577
451,426.2,0.0022872671568199983,0.49515901939969525,0.4951537366332007,0.24517722290182112,1.4980804,2.843,0.3217892747772771,-0.20469705094474624,0.23723702260524737,3.025453119719386,1.2831161240297997,3.882007680408204,4.6554702640008125,0.4951537366332007,0.24517722290182112,0.003665037133300002,0.5186764192820793,0.5186634702985076,0.26901179542209086,1.3986616,2.3981,0.3613607685547055,0.6115378103374958,-0.23534785713338424,2.696597624268216,1.2344540516408893,3.3288258629230953,3.8705408049525447,0.5186634702985076,0.26901179542209086,0.014155419644422,0.20641338435882628,0.2059274370674167,0.04240610933715487,0.69050621,1.2399,0.13891106534182235,-0.30091263561178916,0.20468815103798388,3.345258894644318,1.2555616064701283,4.200178631818106,4.970851013926443,0.2059274370674167,0.04240610933715487
452,426.9,0.0003509001338400022,0.5027706564477934,0.5027705339954214,0.25277820985404115,1.5030804,2.8,0.3291874104490027,-0.2538840415435001,0.20686806805570335,2.9895945213263984,1.2786265976938707,3.8225750712878086,4.566032455341592,0.5027705339954213,0.2527782098540411,0.004008854130300004,0.5189580179245893,0.5189425338674605,0.26930135345678036,1.5216616,2.5921000000000003,0.3584031408821727,0.6045750756249517,-0.16301687262309805,2.932147779670909,1.240777277100644,3.638142338116769,4.245670381834785,0.5189425338674604,0.2693013534567803,0.0124113796437518,0.20711522316616301,0.20674301275377643,0.04274267332250817,0.67964621,1.19604,0.1414485425427788,-0.24407903834966915,-0.025352188239723183,3.2814884372586075,1.2467444654299191,4.091177547524444,4.804900763077514,0.20674301275377643,0.04274267332250817
453,427.6,0.0029402408420000008,0.5085301283447868,0.508521628269788,0.2585942464181564,1.5450804,2.8840000000000003,0.33538628234097734,-0.228108955001735,0.17513867276004058,3.0383261755386597,1.2727548186311273,3.867044280489914,4.606868203479958,0.508521628269788,0.2585942464181564,0.006304456151999999,0.5241035316449547,0.5240656120328271,0.27464476571534163,1.5804616,2.5689,0.3564947374392396,0.6129840606428145,-0.14209960911722908,3.015552280366349,1.2472606847459953,3.7611798020970797,4.433337814052224,0.5240656120328271,0.2746447657153417,0.0122848496558818,0.20911812741237668,0.20875697277310618,0.04357947368139139,0.68355621,1.22595,0.14187040549152333,-0.26750659359112766,0.1271494242516118,3.268756364923071,1.2536849997869328,4.097990822662116,4.8181733719006115,0.20875697277310618,0.04357947368139139
454,428.3,0.0021257253378999977,0.5130206282940442,0.5130162242531942,0.26318564634700364,1.6620804,3.082,0.3352664995735491,-0.20106981354855463,0.2863535474114687,3.2397925313977005,1.2835592157020879,4.158465560638314,4.957490241685722,0.5130162242531942,0.26318564634700364,0.003559811668299998,0.5222281448489674,0.5222160118315794,0.2727095630132803,1.5619616,2.6744000000000003,0.3543165860122007,0.5796042998495299,-0.11151592009822808,2.99095637683743,1.249404099531904,3.736913158741775,4.408378443639144,0.5222160118315794,0.2727095630132803,0.01252233964996,0.2106535554264978,0.21028102963300235,0.044218111423515616,0.68518621,1.23658,0.14284784060137692,-0.28498223793124156,0.2702933691116405,3.252668622719156,1.2568267162921773,4.088040824278716,4.796615805429231,0.21028102963300235,0.04421811142351561
455,429.0,0.0013389278320000057,0.5107792279067628,0.5107774730088334,0.2608936269332895,1.5500804,2.876,0.33589838929013194,-0.18522580346160877,0.18144034334865733,3.0347365658396552,1.2772946508847052,3.8762527823912114,4.614730077378011,0.5107774730088334,0.26089362693328955,0.003368435171959999,0.5214293084968262,0.5214184283317675,0.27187717740397066,1.5328616,2.7272999999999996,0.35417519451079005,0.5875678790929527,-0.194240747793752,2.939730419870194,1.2448006371782863,3.6593782997868085,4.3279756000904825,0.5214184283317677,0.2718771774039707,0.01037999964096,0.20627660482564114,0.2060152744479093,0.04244229330584739,0.69024621,1.23464,0.13886629566929834,-0.322818299417187,0.28860795732518074,3.346216652069887,1.2601946391878902,4.216884286499721,4.970581282327711,0.20601527444790926,0.04244229330584738
456,429.7,0.0010433075289800003,0.5112698997874068,0.5112688352892487,0.26139582193802496,1.7430804,3.066,0.33250713568225215,-0.20443949767688183,0.23236187852196588,3.4093155116794422,1.2823938190515078,4.372085139374145,5.242234565653679,0.5112688352892487,0.26139582193802496,0.005568420170420003,0.5253161886109038,0.525286674791482,0.27592609071349217,1.5328616,2.7272999999999996,0.3545893904989456,0.5972816655283897,-0.1810655466551978,2.917978987195033,1.248466815984349,3.6429999352526186,4.322920090313751,0.525286674791482,0.27592609071349217,0.010490239648380001,0.2064270663626649,0.20616034681581133,0.04250208859921561,0.72980621,1.2742,0.1398808735140085,-0.2321481694915479,0.20430667507819456,3.535419181503203,1.2538922719287473,4.4330347897155225,5.217340953528668,0.20616034681581136,0.042502088599215615
457,430.4,0.0007509775349580012,0.5030239259773956,0.5030233654001118,0.25303250613845446,1.7430804,3.199,0.3300650611461452,-0.17784444952357287,0.14764328112366654,3.465203760662328,1.2753509145405726,4.419350785230132,5.2810206386195,0.5030233654001118,0.2530325061384544,0.0029925301521399987,0.532274771929561,0.5322663596320499,0.28330747759595476,1.5414616,2.6979,0.3676209871286144,0.5929279354310633,-0.14964637017192306,2.8959884655288355,1.2392456167958141,3.588841012197845,4.193072903807613,0.5322663596320499,0.28330747759595476,0.01262681965646,0.20770475903315605,0.2073205979886819,0.04298183035038466,0.66659621,1.21099,0.14212473238040757,-0.2335892911681507,0.1703718161543022,3.209344904290762,1.249023158176148,4.008546108033775,4.690219631976544,0.2073205979886819,0.04298183035038466
458,431.1,0.0028541219359599994,0.500107419188135,0.5000992748594938,0.25009928471499154,1.5400804,2.972,0.33113655856497637,-0.15876865595412007,0.22095103366025182,3.0794992053909893,1.2716640737044598,3.9160885044971523,4.650892087162287,0.5000992748594938,0.25009928471499154,0.004906027152399996,0.526085982679438,0.5260631065465149,0.2767423920693699,1.5339616,2.6904000000000003,0.35908350153378393,0.5798548764339151,-0.18312959449144994,2.9158001743123707,1.2456113273799336,3.631953725499874,4.271879920541766,0.5260631065465149,0.2767423920693699,0.011802122656719998,0.20957402596689761,0.2092414448926637,0.04378198226076961,0.73500621,1.3114,0.14131687424749856,-0.23076218296067416,0.20460204105940472,3.5071436291255615,1.2566890809102127,4.40738910390591,5.20112133751791,0.20924144489266372,0.043781982260769625
459,431.8,0.00217954883194,0.49921998664385087,0.4992152287656856,0.2492158446315758,1.5730804,3.056,0.32659782762043765,-0.22202973637429957,0.3020263259000662,3.1510765636117313,1.2804549555200164,4.034811601099626,4.8165672486596804,0.49921522876568564,0.24921584463157584,0.0035578459496800026,0.5180038099793465,0.5179915915198984,0.26831528888531725,1.4986616,2.6241,0.35234386992979794,0.6049026244260935,-0.1399210647527216,2.8931478323677844,1.2493607823170751,3.6145854392059653,4.253406197470096,0.5179915915198984,0.26831528888531725,0.01052883666276,0.20993090223665617,0.20966670530254775,0.04396012731242541,0.71595921,1.2923529999999999,0.14029036404892997,-0.3697435795653908,0.3181252597683466,3.410451736128374,1.2623041195895055,4.305027276176027,5.103409737751413,0.20966670530254775,0.04396012731242541
460,432.5,-0.0010575543670599998,0.5090843088799597,0.509083210415102,0.25916571512654696,1.6249196,3.035,0.33207157535481796,-0.12997192200253327,0.27394430858742025,3.191847738491485,1.2816068675540881,4.090693981837672,4.89328120982284,0.509083210415102,0.259165715126547,0.0015499531397799985,0.5257969567389625,0.5257946722449923,0.27646003736121894,1.4943616,2.6197999999999997,0.3603928963605927,0.5904330332303703,-0.18940742959624224,2.84208872046,1.2435554682473577,3.534294969572169,4.146479065183377,0.5257946722449923,0.27646003736121894,0.012510656666822,0.20913895197969315,0.20876442394462066,0.0435825847049293,0.72502621,1.25142,0.14295403405052431,-0.2638423753159073,0.2447638543311168,3.4667201070721543,1.2489119474031145,4.329628160025018,5.071743618957641,0.20876442394462064,0.043582584704929296
461,433.2,0.0014952428300199995,0.5171261474755049,0.5171239857633146,0.2674172166517369,1.6450804,3.27,0.33555707181549504,-0.18752398008662582,0.27361211209839187,3.181197485431587,1.2825711465526055,4.0801121063002554,4.902535330575724,0.5171239857633146,0.2674172166517369,0.006073686155940004,0.5302190506171184,0.5301842622841586,0.2810953519737975,1.4943616,2.5808,0.3612140884505894,0.543191384416345,-0.21111336234994438,2.8183853414182733,1.246152097424144,3.5121368045578434,4.13705236805683,0.5301842622841586,0.28109535197379754,0.01261106966016,0.20830057314125916,0.20791846885980003,0.04323008969300364,0.64744621,1.19984,0.14273506539417977,-0.18289320056448477,0.005518661364894761,3.108230573906938,1.2450859521188653,3.8700142235178867,4.535999673324847,0.20791846885980003,0.04323008969300363
462,433.9,0.002562128842039998,0.5153908625786763,0.5153844940676706,0.26562117672538876,1.5630804,3.011,0.33829470181074706,-0.18645322537808273,0.24182884852874675,3.0328058052472557,1.2772163770839067,3.87354924297694,4.620469642691707,0.5153844940676706,0.26562117672538876,0.00417479916714,0.5247549050478872,0.5247382980341069,0.2753502814237312,1.5172616,2.6137,0.3551742643724979,0.5556763189227173,-0.21169803097332185,2.891371925073364,1.249646245142347,3.6131920694779285,4.271879334164635,0.524738298034107,0.27535028142373125,0.01122009864582,0.20912054217210568,0.2088193251227805,0.04360551054473351,0.70018721,1.221581,0.13940130250908955,-0.31499302598764456,0.24090054186118515,3.3482469140872237,1.2638699285956556,4.231748588228044,5.022816841717421,0.2088193251227805,0.04360551054473351
463,434.6,0.0001440558509800005,0.5107730614205727,0.5107730411061804,0.26088909952085587,1.6110804,3.059,0.3423615423011952,-0.15227972620919134,0.1957765886595615,3.1542000189266632,1.2657394010458953,3.9923952427351868,4.705786722337638,0.5107730411061805,0.2608890995208559,0.0034625001606799996,0.5160040007141815,0.5159923835151817,0.26624813984567836,1.4872616,2.5837000000000003,0.34962524233222353,0.6159705227011374,-0.11605840200495754,2.882267575331854,1.2518709788028979,3.608227130702543,4.25387363360556,0.5159923835151817,0.26624813984567836,0.01317230867492,0.20683350600746908,0.2064136368835993,0.04260658949151438,0.70018721,1.262581,0.1410366861846596,-0.3288197818988659,0.24026929714694045,3.385269744326217,1.2480450277005823,4.224969071831557,4.96457502612649,0.20641363688359926,0.04260658949151437
464,435.3,-0.00031020016801999885,0.507290793999079,0.5072906991578613,0.2573438534520718,1.6110804,3.048,0.33258386866640954,-0.1734373338332857,0.20321377413956876,3.175851836970109,1.27843222105091,4.060111317666309,4.8441327189442145,0.5072906991578613,0.2573438534520717,0.004683160155780003,0.5235922323969795,0.5235712882095502,0.2741268938374079,1.5291616,2.6166,0.3556911080668766,0.6054635032121053,-0.14006844690722797,2.920520025668779,1.2492231281983595,3.6483811624319054,4.299127994260933,0.5235712882095501,0.27412689383740785,0.01034661964526,0.21008774107257178,0.2098328058500202,0.044029806410892276,0.79551621,1.35791,0.14047539536198697,-0.26100187735772395,0.3190449147654806,3.7865903357264448,1.261204994529712,4.775666643656131,5.663028802660119,0.20983280585002023,0.04402980641089228
465,436.0,0.0009670483319300041,0.5045014247549464,0.5045004979158045,0.25452075239729466,1.5600804,2.9189999999999996,0.33164311572820393,-0.18731927009007893,0.15796516372992153,3.0923210985138136,1.2753745642029446,3.9438676733926257,4.704094027625027,0.5045004979158044,0.2545207523972946,0.003591730155960004,0.5282068292772382,0.5281946175129014,0.2789895539696002,1.5215616,2.62,0.36340330089660755,0.5538098693715522,-0.24311644727605142,2.8806170531380673,1.2397916164230711,3.571364872605908,4.186977928505118,0.5281946175129014,0.2789895539696002,0.0131009156318,0.20833458228846613,0.20792225515061666,0.04323166418691813,0.73211621,1.29251,0.13930988109985895,-0.24929769045229228,0.21949170005815422,3.5141367408042252,1.2622730245581997,4.435800012526044,5.255307119781479,0.20792225515061663,0.04323166418691812
466,436.7,0.002637520328959999,0.4959530586512953,0.49594604532357095,0.2459624798720895,1.4970804,2.976,0.3250059853518077,-0.16126770055682849,0.20837421850452742,3.0185929371444757,1.2785006844422784,3.8592731361918395,4.606316398694819,0.495946045323571,0.24596247987208952,0.003631995166439999,0.5235900529560484,0.5235774557461661,0.27413335216562856,1.4505616,2.549,0.3537993512882616,0.6134593812561838,-0.16858299186261805,2.7704147391848255,1.2509090794253976,3.4655369510202427,4.099955510710194,0.5235774557461662,0.2741333521656286,0.01247683963142,0.21014088400099065,0.20977015898723447,0.04400351960152963,0.79232621,1.32372,0.13988146256012068,-0.353865328551195,0.38019547304036694,3.7704524455900965,1.26770509266272,4.7798217669171725,5.664268842338278,0.20977015898723447,0.04400351960152963
467,437.4,0.002787409832877999,0.49889776785363105,0.49888998097352,0.24889121311575912,1.6140804,3.093,0.32842102983163024,-0.17485929240543596,0.1728839524822292,3.2352928876473674,1.2747668305087827,4.124244060153842,4.9146682258060075,0.49888998097351994,0.2488912131157591,0.0049299691663399975,0.5231239339884274,0.5231007032260112,0.2736343457155474,1.4752616,2.5947,0.34968195444888006,0.5930044742409146,-0.11839328764015633,2.820099605751619,1.2573565398036985,3.54587068218963,4.218866833792157,0.5231007032260112,0.2736343457155474,0.012330399665321998,0.20891504624065807,0.20855085180796967,0.04349345778982973,0.69030621,1.2217,0.14401786350681922,-0.28390383924551393,0.1301053480166483,3.3042436264011696,1.2428492766437877,4.10667680092754,4.793198518510963,0.20855085180796967,0.04349345778982972
468,438.1,-0.0006027761542420031,0.5031462272711094,0.503145866203886,0.2531557626780587,1.5090804,2.936,0.33245505136139225,-0.21657949234783885,0.22755737320613934,2.999287917122481,1.2758712915402644,3.826705348520169,4.539201295995854,0.5031458662038859,0.25315576267805867,0.0020840971578999956,0.5277210616549578,0.5277169463389177,0.27848517545327217,1.4723616,2.5507999999999997,0.35705605776247223,0.5477798958284872,-0.20774148070402454,2.790037591796328,1.2479913755720524,3.4819428520836357,4.123614676156742,0.5277169463389179,0.2784851754532723,0.01180743966324,0.20626025983198223,0.20592202202425022,0.04240387915455579,0.66745621,1.16685,0.14046577843960867,-0.251999909306007,0.09566006767755075,3.235990348037493,1.2502337845361065,4.045744459549227,4.751735386473252,0.20592202202425022,0.04240387915455579
469,438.8,0.001563233840780001,0.5090723530531335,0.5090699528974513,0.2591522169430132,1.5509196,3.06,0.3332625004751215,-0.153665600848977,0.30177629448042964,3.0465602594571184,1.2817663152944938,3.9049783180869873,4.653747714756099,0.5090699528974513,0.2591522169430132,0.0039697847617800016,0.5256871757201294,0.5256721863724115,0.2763312475255514,1.4723616,2.6558,0.3558224914774861,0.5408308740799992,-0.20708741012921283,2.8008322591911026,1.2486260004162704,3.497191981630653,4.137910433616196,0.5256721863724115,0.2763312475255514,0.011897749648822,0.2077395934384251,0.20739860711985536,0.04301418223525612,0.76961621,1.2960099999999999,0.14002806828763217,-0.25974328409437497,0.16159381485295787,3.70471606910176,1.257427436621332,4.658411630180484,5.496156730657232,0.20739860711985536,0.04301418223525612
470,439.5,0.002295246236999999,0.5091484633277609,0.5091432898052687,0.2592268895537318,1.5490804,2.951,0.3334972804929755,-0.17167872503048298,0.23373133544838254,3.0424925371969356,1.2799650239845404,3.8942840333460604,4.644956617667617,0.5091432898052687,0.2592268895537318,0.004706755159999999,0.5234111131611436,0.5233899500720771,0.27393703983645135,1.5055616,2.614,0.35858899572980385,0.6056804053286872,-0.21131086367311225,2.8764417914383866,1.243528518038935,3.5769373981326362,4.198571673778964,0.5233899500720771,0.27393703983645135,0.01132814566471,0.21197282518372496,0.21166991220333875,0.04480415173216913,0.77909621,1.33549,0.14546647907490143,-0.29429874142744217,0.221005862707631,3.675453253617427,1.2461236481143938,4.580069216871666,5.355847030564611,0.21166991220333875,0.04480415173216913
471,440.2,0.0003758659320000035,0.5090864343108702,0.5090862955572042,0.2591688563241571,1.5000804,2.888,0.33467860824701434,-0.19049742469700576,0.15853464819810936,2.9466123999760443,1.277205423528495,3.7634293382857193,4.48215201998463,0.5090862955572042,0.25916885632415704,0.0021639101516999996,0.5240239284755837,0.5240194606193924,0.27459639510783895,1.5143616,2.6008,0.3600971400700197,0.5735633651752671,-0.18639709351434153,2.889871087385965,1.2425426493192233,3.5907880771115814,4.20542523527273,0.5240194606193924,0.27459639510783895,0.01287151569138,0.21121957789581952,0.21082702428838368,0.04444803417029472,0.69847021,1.280864,0.146420018953618,-0.26541129469952046,0.07664026544740699,3.306844076473387,1.237449777352756,4.092053466172273,4.770319079259626,0.21082702428838368,0.04444803417029472
472,440.9,-0.0010793449610999992,0.5124151304120931,0.5124139936513222,0.26256810088969734,1.5090804,2.9610000000000003,0.3403556321832738,-0.1979714824367952,0.16458516988533312,2.945034817348917,1.2709531508363154,3.7430012804322588,4.4338340761976704,0.5124139936513222,0.2625681008896973,0.0034838561422999995,0.528045878083035,0.5280343853451811,0.2788203121068632,1.5143616,2.6958,0.3614872590291843,0.5669208936525162,-0.12790880075427857,2.8678599016767006,1.2470965534577139,3.5764981991805915,4.189253043293953,0.528034385345181,0.27882031210686314,0.00792305966093,0.21067870666444702,0.21052967146559995,0.044322742567413455,0.72982621,1.27722,0.14346206337636142,-0.27104630490305115,0.1043083927056605,3.464166937204582,1.2501803014413597,4.330833265797617,5.087241831210517,0.21052967146559995,0.04432274256741345
473,441.6,0.001230959827839999,0.5072068946388859,0.5072054009049235,0.25725731870712415,1.5959196,3.1100000000000003,0.3301046541654476,-0.15495888323204812,0.21635832778185993,3.1464864079504293,1.2834624727722912,4.038397225692462,4.834586788952479,0.5072054009049235,0.25725731870712415,0.0038200371479800016,0.5286238323191483,0.5286100296172701,0.27942856341197114,1.5157616,2.5972,0.3626234297687208,0.6050105843324707,-0.17066558257064912,2.8673728033602592,1.2419373521182262,3.5610973869410554,4.179988041497331,0.5286100296172701,0.27942856341197114,0.01106666964174,0.20786559581951444,0.2075707945459629,0.043085634748442334,0.72982621,1.27722,0.1386167470580485,-0.33460414971187086,0.4015118694312756,3.51104860389544,1.2669846177033046,4.448444573144186,5.265065192262598,0.2075707945459629,0.043085634748442334
474,442.3,0.00211791581994,0.501118649545787,0.5011141739715341,0.251115415355173,1.5290804,3.035,0.3238105966912076,-0.18001698559783932,0.3527799827217386,3.051334053094922,1.2888202054058444,3.932620981071645,4.722144412890114,0.5011141739715341,0.251115415355173,0.0034817586435600015,0.520873854857179,0.5208622178950261,0.27129745003052563,1.5434616,2.6169000000000002,0.3607315352599553,0.6076991163601319,-0.19379110769144559,2.963215729887632,1.2376309124477567,3.6673673875603754,4.278698835929966,0.5208622178950261,0.2712974500305256,0.011517509652810003,0.20732493964453608,0.20700477668403683,0.04285097757000796,0.68998621,1.33938,0.13942878693592609,-0.25358083747473226,0.14881962330818688,3.328042497844201,1.2563919468596771,4.181325793098218,4.948663939227129,0.20700477668403686,0.04285097757000797
475,443.0,0.00047026263400000066,0.5034611037551935,0.5034608841285019,0.25347286184745277,1.6450804,3.029,0.32950473556302234,-0.23108104818614683,0.33956197322128245,3.2675421948781085,1.283451188681706,4.193730914083939,4.992584999390261,0.5034608841285019,0.25347286184745277,0.005719719628640002,0.5231149574407203,0.5230836869044726,0.27361654350557635,1.5344616,2.6079,0.36388738314889224,0.5676891462850364,-0.22317029304651959,2.9333162399086743,1.2340853265534972,3.6199625298123728,4.216858487154918,0.5230836869044727,0.2736165435055764,0.010827559651379999,0.20730023621935093,0.207017274372441,0.04285615188859451,0.65514621,1.3045399999999998,0.13977412786423013,-0.17516976190210384,0.05274686020358921,3.1603736780442886,1.2543133561260822,3.9640989147202617,4.687177949243779,0.20701727437244097,0.0428561518885945
476,443.7,-0.000947765959019998,0.5129658756708587,0.5129650001144891,0.26313309134245777,1.6450804,3.2,0.33661009338921555,-0.1853262377816527,0.27149855606150775,3.2069977322537446,1.2786758377508922,4.100710511954769,4.8871986678599875,0.512965000114489,0.2631330913424577,0.002530197141740002,0.5257000934649454,0.5256940045040234,0.2763541863714762,1.4768616,2.5993000000000004,0.35928574585817813,0.5618673234962007,-0.1615903585596712,2.8093234495467705,1.2469868306540381,3.5031893446323967,4.110548823673527,0.5256940045040235,0.27635418637147624,0.011582759662460003,0.20455024494988075,0.20422204187515586,0.041706642387657915,0.62473621,1.21313,0.14179617977925926,-0.2440929405915993,-0.006476472867205096,3.0541943870713717,1.2388367461333862,3.7836482365383506,4.4058747631463415,0.20422204187515589,0.04170664238765792
477,444.4,0.0007780450329600048,0.5196927806716162,0.5196921982559708,0.27007998092812324,1.5990804,3.034,0.33806916175063734,-0.183304352836859,0.2522329438409834,3.076972510438678,1.2820823603207818,3.944932178825382,4.730039237295164,0.5196921982559708,0.27007998092812324,0.00393636214888,0.5278631713968436,0.5278484941440738,0.2786240327701663,1.4400616,2.4335,0.36256554249666784,0.5876087269621093,-0.23260153227343183,2.7280963666953237,1.2401234622237038,3.383176311546112,3.9718655834847705,0.5278484941440738,0.2786240327701663,0.0116397496766418,0.20835338691504535,0.20802800308236322,0.04327565006643572,0.73531621,1.3197100000000002,0.14211192655689453,-0.24734527545978527,0.16599624436582694,3.5291780992253328,1.2481494244733577,4.404941613412078,5.174204782211689,0.2080280030823632,0.04327565006643571
478,445.1,0.0028933026939599988,0.5161375588132238,0.5161294492830215,0.2663896084171951,1.6870804,3.222,0.3385786705289997,-0.185412051742817,0.32419262351986644,3.2686642760103974,1.2811216088128252,4.187556435951449,4.982831308788836,0.5161294492830215,0.26638960841719506,0.0056746121584800024,0.5290672994375527,0.5290368664951393,0.27988000611099584,1.5328616,2.6612999999999998,0.3621883364720345,0.619048047828558,-0.16893747474234022,2.8972903856079806,1.2436597275860362,3.6032433717028627,4.2322224258548315,0.5290368664951394,0.27988000611099595,0.0111220996605618,0.21153262085946256,0.21124002600552214,0.04462234858681367,0.74122621,1.33762,0.14425534529664827,-0.33039096769703624,0.33388126382008876,3.5040751964797607,1.2521668423956767,4.387686774293073,5.138292854768982,0.21124002600552214,0.044622348586813666
479,445.8,-0.0010273085650000012,0.5124122363614912,0.512411206561778,0.2625652446100971,1.5480804,3.083,0.3369860203873583,-0.18062872803041807,0.2157736655945537,3.0211620452168053,1.2762226276736692,3.8556753639745476,4.5939009523911825,0.512411206561778,0.2625652446100971,0.0014210951598600029,0.5290417945866194,0.5290398859329771,0.2798832009079774,1.6328616,2.7933000000000003,0.36220834515905614,0.5928331890696582,-0.16094830360260737,3.0864510454715193,1.2443702687520928,3.840687916943572,4.508072831074512,0.529039885932977,0.27988320090797736,0.009573572655199999,0.21021260102469674,0.20999448644234434,0.04409768433618394,0.74122621,1.3506200000000002,0.14152379971233695,-0.29669615095517615,0.2786224029989439,3.5260788667607863,1.2585978876967658,4.437915413557332,5.2374668536785025,0.20999448644234436,0.04409768433618395
480,446.5,0.0006749976569599982,0.5091481663878402,0.5091477189522339,0.2592313997142629,1.5930804,3.1710000000000003,0.3383724064388802,-0.17807062929940537,0.22329254898762674,3.1289131635337792,1.2704192849481597,3.975031623881468,4.708068298966796,0.5091477189522339,0.2592313997142629,0.0033543181465800005,0.5298814846803285,0.5298708676241796,0.28076313635680084,1.4987616,2.5351999999999997,0.3665666348013309,0.5732572534354289,-0.2015813566099065,2.8284845636834923,1.2390615295910505,3.504666409902343,4.088647077255921,0.5298708676241796,0.28076313635680084,0.01029549966721,0.20935699002170852,0.20910368709698127,0.04372435195755225,0.79425621,1.32165,0.140377518011656,-0.29183454231478695,0.2392499420611789,3.793788828916782,1.2595214802988906,4.77835852173866,5.658001517978473,0.20910368709698124,0.04372435195755224
481,447.2,0.0025033455450000014,0.50256621122119,0.502559976442916,0.2525665299223042,1.5779196,3.029,0.33116384464776977,-0.20988135265638572,0.2603665765079626,3.13972480594308,1.2752570664422862,4.003956245463049,4.764770144755071,0.5025599764429158,0.2525665299223041,0.00445403015656,0.5264792675472937,0.5264604265968139,0.27716058077249933,1.4862616,2.6017,0.3565991959108038,0.6193452079612497,-0.129827207384968,2.823020186386521,1.2520124736646985,3.5344564867631663,4.16787703686174,0.5264604265968139,0.2771605807724993,0.011747849659819998,0.207492729819286,0.207159892248064,0.04291522095622948,0.68134621,1.20074,0.14400253121889983,-0.24245503355298115,0.09142147486784369,3.28371124421281,1.2406425667764467,4.07391194657286,4.731487733116844,0.20715989224806397,0.042915220956229475
482,447.9,0.002111464733937997,0.49687644751086263,0.49687196118083815,0.24688174580769234,1.5250804,2.907,0.32509895055654087,-0.19476989905295064,0.28308735015026487,3.069335259580117,1.2809390038911233,3.9316312500144575,4.691126801206821,0.4968719611808382,0.2468817458076924,0.0026873321535799983,0.5244354612938648,0.5244285759838083,0.27502533130840506,1.5652616,2.5697,0.3574962916746138,0.6260023870946717,-0.17066261181638653,2.9846601069619765,1.2482658758478322,3.7256493625249765,4.378399542741749,0.5244285759838083,0.275025331308405,0.011435619645739999,0.20701686159508215,0.2067007682327169,0.042725207587995355,0.68134621,1.22874,0.1395453716892954,-0.24874053599059534,0.24639155365856613,3.2912594884792026,1.258879224986822,4.143298194087222,4.882614175961713,0.20670076823271694,0.04272520758799536
483,448.6,0.0021851349319779974,0.504278128904854,0.5042733945759083,0.2542916564771096,1.7660804,3.17,0.32690556426671413,-0.21440012588170174,0.3510799274649412,3.502195115690254,1.2876882026418277,4.509735333824172,5.402417679740376,0.5042733945759081,0.25429165647710955,0.004824747147499999,0.5240122613139392,0.5239900493542895,0.27456557182231073,1.7067616,2.7482,0.3571076285004042,0.6109004719671287,-0.10334988770148801,3.257102411535878,1.2482240654448022,4.065593613697383,4.779403921353275,0.5239900493542895,0.2745655718223108,0.00997304264738,0.20780029512256692,0.2075608370415273,0.04308150107337945,0.69928321,1.318677,0.143203717528181,-0.1617519392401375,0.039223435235770765,3.3651694747957004,1.2436055342556536,4.184943382564124,4.883135871541801,0.2075608370415273,0.04308150107337945
484,449.3,-0.000402997165000003,0.5066723833736457,0.5066722231056442,0.25671674166681563,1.6190804,2.946,0.3321288840427929,-0.2257957393370479,0.28987450186248465,3.195517366112312,1.2796717192718243,4.089213201855914,4.87485574964745,0.5066722231056442,0.25671674166681563,0.00237900316216,0.5275857548738204,0.5275803911156416,0.2783410690897334,1.7067616,2.7902,0.36034596322218754,0.5529430568544886,-0.20022420187628898,3.235041098500084,1.2441670786159207,4.0249316327232885,4.736452671033862,0.5275803911156416,0.2783410690897334,0.009968372649822,0.20881202066137539,0.2085739473649596,0.04350309151940094,0.69928321,1.244677,0.14274039578909,-0.17099616563523642,0.06935384665615807,3.3488647242871523,1.2492855038983353,4.183688154568435,4.898986065817311,0.2085739473649596,0.04350309151940094
485,450.0,-0.00017439835600000108,0.512726555235332,0.51272652557548,0.26288849002870335,1.6190804,2.9850000000000003,0.33906975700642356,-0.17932087470404043,0.26868459943410494,3.1577853408760395,1.274952724084092,4.02602702242272,4.775065798538108,0.5127265255754799,0.2628884900287033,0.002254777155239999,0.5233009180409073,0.5232960603735104,0.27383876680243663,1.4079616,2.4063999999999997,0.355163079737196,0.59645997170658,-0.19855981434172199,2.6905391362029625,1.2479411673483516,3.3576345504295504,3.964267910509801,0.5232960603735103,0.2738387668024366,0.009474259650745002,0.20860500460914597,0.208389746273784,0.043426286352052076,0.76583621,1.32423,0.1407811683200585,-0.2222930198226691,0.19955355691177834,3.671226447490623,1.25754767796168,4.616742294313341,5.439905202796102,0.20838974627378398,0.04342628635205206
486,450.7,0.0026790633409999997,0.5097479095258283,0.5097408693498756,0.25983575388556696,1.5720804,3.082,0.3364199761939855,-0.18399607119312422,0.27984690221864383,3.084035011467457,1.277005767584419,3.938330497076222,4.6729698330800415,0.5097408693498755,0.2598357538855669,0.004748300152480002,0.5242979433643715,0.52427644145219,0.2748657870617716,1.4311616,2.5776000000000003,0.35414748616776826,0.6270336498969992,-0.12087254805469128,2.7296723515952936,1.253906666101969,3.4227543579395765,4.041145725716161,0.5242764414521901,0.27486578706177167,0.007767764680125002,0.21183784205482803,0.2116953782167208,0.04481493315832047,0.76583621,1.34923,0.1429651167067044,-0.21510170082611552,0.3214785961260489,3.6152002048896708,1.256619889647098,4.542932482520624,5.35680470622164,0.2116953782167208,0.04481493315832047
487,451.4,0.0013014695259999996,0.5045997071446662,0.5045980287590863,0.2546191706275557,1.5960804,3.114,0.32706287984612553,-0.1725807517427008,0.2654490050267495,3.1630624778432774,1.286910460538427,4.07057819007311,4.880041418185132,0.5045980287590863,0.2546191706275557,0.0012843601467399997,0.5218860429977848,0.5218844625919603,0.2723633922948992,1.4311616,2.5776000000000003,0.35662533497591914,0.5991490125197197,-0.1484075426762379,2.7422875533884983,1.2464785287128828,3.4182025548553465,4.013067664126101,0.5218844625919602,0.27236339229489914,0.0109771941737285,0.20880668109522546,0.2085179399430069,0.04347973127807544,0.70975121,1.261145,0.14104457598426642,-0.20591529774833967,0.2699749589634757,3.399082856339835,1.2559479468338581,4.269071134538182,5.0321056662198265,0.20851793994300694,0.043479731278075445
488,452.1,-0.0013715457721920016,0.5020792523526391,0.5020773790016633,0.2520816945051798,1.5960804,2.9539999999999997,0.32445715905939604,-0.2201973693414943,0.32028874494706994,3.1789411582356744,1.2881450793823808,4.09493741062741,4.91923311116651,0.5020773790016633,0.25208169450517987,0.0017099811545899994,0.5255830925253062,0.5255803108116929,0.27623466311291567,1.4887616,2.6642,0.3578452757931762,0.544248973934186,-0.23338650163207708,2.8325903575909224,1.2452481740582664,3.5272779706451476,4.160350019153136,0.5255803108116928,0.2762346631129156,0.00975855964914,0.206757434472655,0.2065270133016221,0.04265340722328839,1.0146062,1.56599999,0.13723461609732185,-0.29224419914712346,0.6542442677624032,4.907229588081333,1.2718746766297353,6.241381045488815,7.3932235820186785,0.2065270133016221,0.04265340722328839
489,452.8,0.0015763048259079995,0.4941685497067336,0.4941660356422244,0.24420007078235217,1.5210804,2.858,0.32250938766722814,-0.20618932577896776,0.3238424728413891,3.078059906691131,1.283118340332989,3.94951511891904,4.716391082449613,0.4941660356422244,0.24420007078235217,0.00435420814969,0.5255759953937134,0.5255579585597404,0.27621116780548177,1.4284616,2.6039000000000003,0.35666653330354353,0.6066155671500731,-0.2370990728927369,2.717897340288397,1.2474232493182713,3.390368331536039,4.005034020907978,0.5255579585597404,0.27621116780548177,0.01051552563277,0.20415021308851072,0.20387921234091252,0.0415667332247509,1.0146062,1.56899999,0.1347932164903368,-0.35907911207178955,0.6965685311220327,4.969900274167779,1.273479389472097,6.329065566884392,7.527131011616866,0.20387921234091252,0.04156673322475089
490,453.5,0.0011107844339500006,0.5003327453566412,0.5003315123336275,0.2503316222340548,1.4820804,2.959,0.3269565412958134,-0.19151763450169537,0.27291735637090575,2.962189490403154,1.2798677358139634,3.791210756134203,4.532958399076929,0.5003315123336275,0.2503316222340548,0.0035529661552399965,0.5263761591617704,0.5263641680105108,0.27705923736539717,1.8003616,2.8617999999999997,0.35468803937185023,0.6314747838835858,-0.07561489544184097,3.420294723961268,1.2548957351111691,4.292113261922229,5.075901637925052,0.5263641680105108,0.27705923736539717,0.011376575660779998,0.20946673281738215,0.2091575618604862,0.043746885683423116,0.70982021,1.291214,0.14634362992883188,-0.19790242710308484,0.028513828337444203,3.3887013964114163,1.2347689410260752,4.184263234700507,4.850366294352487,0.2091575618604862,0.04374688568342311
491,454.2,0.0008539059839200005,0.5103086184644626,0.5103079040380221,0.2604141569236791,1.4970804,2.888,0.3304466564801153,-0.19531374147477154,0.2519354951772321,2.9336764965968434,1.2857302980051042,3.7719167562200293,4.530475254150702,0.5103079040380221,0.2604141569236791,0.004421338167780001,0.5239440532946802,0.5239253980784524,0.2744978227516648,1.4965616,2.6710000000000003,0.3520716221455175,0.5658129845646953,-0.1736390010330049,2.8563385548309554,1.2541906812757777,3.582393198037706,4.250730549880684,0.5239253980784524,0.2744978227516648,0.01171732965962,0.21172123826468917,0.2113967523827674,0.04468858691798107,0.68726621,1.23166,0.1464670566082689,-0.21217804983195623,-0.039684493693584066,3.2460900740661414,1.2398042766833695,4.024516356326638,4.692292082021671,0.2113967523827674,0.044688586917981075
492,454.9,-0.00028600981217999567,0.519808484835274,0.5198084061508919,0.2702007791051306,1.6290804,3.121,0.3368329270832594,-0.19159523852404514,0.31737989851236836,3.134001170673949,1.2864208016151972,4.031644298241348,4.8364642201304715,0.5198084061508919,0.2702007791051306,0.004202832159300003,0.5281091659304337,0.528092442041712,0.278881627341579,1.4675616,2.475,0.3575553889769796,0.5689311394364079,-0.20986427208399094,2.778898179914033,1.249212075531633,3.4714331630214863,4.104431495771655,0.5280924420417121,0.27888162734157906,0.010970672641221998,0.2093170678892127,0.20902937413563774,0.043693279251536425,0.76819621,1.38159,0.13952522948094767,-0.27125899464470943,0.24265361533862206,3.670012282068612,1.2633554521047194,4.636530025842664,5.505787110028714,0.20902937413563774,0.04369327925153642
493,455.6,0.0009305888327199998,0.5187803681393712,0.51877953349303,0.26913220437124585,1.6220804,3.105,0.336732882867354,-0.15710315990919008,0.237028777948725,3.1267189346768522,1.282080436670557,4.008705177116597,4.817113155649165,0.5187795334930301,0.2691322043712459,0.0023662141372000015,0.5308643119571993,0.5308590384842737,0.2818113187404476,1.4192616,2.5206999999999997,0.36378356103337983,0.5938878801654489,-0.26505664456188116,2.6734922051313696,1.2419274214320446,3.3202832805374727,3.901390145196177,0.5308590384842737,0.28181131874044757,0.011243309660301801,0.21029284031519324,0.2099920633636279,0.04409666667571392,0.76819621,1.31559,0.14202742634544588,-0.2727471186204379,0.24056489640741008,3.652983186914992,1.2545815325962668,4.582965245188205,5.408787793785382,0.2099920633636279,0.04409666667571392
494,456.3,0.003000319845940001,0.5117402704982699,0.5117314750242206,0.26186910253046447,1.6220804,3.003,0.33811156470609316,-0.1698015662671286,0.19489739400255157,3.1697337370393326,1.2738334614763642,4.037712898211225,4.797470921794732,0.5117314750242206,0.26186910253046447,0.006270527552,0.5275662473226826,0.5275289810032787,0.27828682579835756,1.6059616,2.7234,0.35687298587410227,0.6097889510511884,-0.10986264107602217,3.0440946670678946,1.2531286802322008,3.8146423326446715,4.5000929282065405,0.5275289810032787,0.27828682579835756,0.011028994664799998,0.21220831054985945,0.21192151458289787,0.0449107283431094,0.71715121,1.272545,0.14602683340378575,-0.23391328961550767,0.0694050161627513,3.379468071451903,1.2434491928389289,4.202196845671801,4.911091977300988,0.21192151458289787,0.04491072834310939
495,457.0,0.0003247788258780009,0.5011572173941319,0.5011571121564009,0.25115845106494344,1.4719196,2.911,0.3264240343893069,-0.15084868692315476,0.15697364779017775,2.937041608726186,1.279529904921239,3.75803257036314,4.509225562246828,0.5011571121564009,0.2511584510649434,0.0038911065710000026,0.5255550158764282,0.5255406111829283,0.2761929340025258,1.6513616,2.7687999999999997,0.3530916127904879,0.5814460327783385,-0.04892686510164168,3.142128892531165,1.257361796494234,3.950792829129423,4.676864417563664,0.5255406111829284,0.27619293400252587,0.00972859303492,0.2081850290318038,0.20795759373135164,0.0432463607905339,0.70800281,1.2453965999999999,0.13976643745343673,-0.30073762873651716,0.3069357506601422,3.4008344081833113,1.2630319177720595,4.295362404592975,5.065613912037155,0.20795759373135164,0.04324636079053391
496,457.7,0.0013740765439199994,0.49920532856448174,0.4992034374689578,0.24920407198082364,1.6500804,3.017,0.32895108237089093,-0.16444124265562834,0.2076081092895654,3.3054142365526875,1.2736192320181516,4.209839141460098,5.0161877811958115,0.4992034374689578,0.24920407198082367,0.002360510167900003,0.5276448372540804,0.5276395571530174,0.2784035022726322,1.5728616,2.6853,0.3593241274847886,0.5785141261031992,-0.17177454348034393,2.9809096743660723,1.2479179981629203,3.7199308335393915,4.377278005264438,0.5276395571530174,0.2784035022726322,0.012416383038339997,0.20350948725678542,0.20313036414028535,0.041261944835764924,0.70800281,1.2593966,0.1367152700734709,-0.26747412389060565,0.24007119316476278,3.4789670965395927,1.259551937820039,4.381939748058599,5.1786666523755445,0.20313036414028537,0.04126194483576493
497,458.4,0.0025514678159799984,0.49833106954144873,0.49832453770841767,0.2483273448823082,1.5090804,2.876,0.3213530929134994,-0.17253302647968918,0.22068040084642737,3.0282687398733064,1.2869518335978873,3.8972360074071153,4.696019528918019,0.49832453770841767,0.24832734488230818,0.005529915153460002,0.5281033787889599,0.5280744253670225,0.2788625987267111,1.5728616,2.5873,0.36528024203235987,0.5910805698631753,-0.2224074671768861,2.978321410491383,1.237736862500725,3.6863781981403383,4.305903848641946,0.5280744253670226,0.27886259872671115,0.010207129652159998,0.20669149198028314,0.2064393067254864,0.042617187361299456,0.68110621,1.2775,0.1397578683448323,-0.19934934667819978,0.03310726798543273,3.295279372529628,1.2511598172242153,4.122921137436896,4.873473086463147,0.20643930672548638,0.04261718736129945
498,459.1,0.0027827216208999995,0.5064091195160609,0.5064014739210507,0.25644245278941263,1.5950804,2.9859999999999998,0.33113802429665384,-0.20416740611613615,0.18573914140834313,3.149786089011005,1.27939858670872,4.029831870715466,4.816965382903381,0.5064014739210508,0.2564424527894127,0.0026785971524799996,0.5237144179611475,0.5237075679209516,0.2742696166976782,1.6133616,2.6638,0.359584626308805,0.5966516178151998,-0.1686155106927094,3.0806132973785907,1.2414115641420416,3.8243089720155283,4.486736867928478,0.5237075679209517,0.27426961669767824,0.010712069666842001,0.2086307069406466,0.20835552174590113,0.043412023442006675,0.65790621,1.2413,0.1428479328269012,-0.2068741932088153,-0.04770620722070218,3.1534485965537566,1.243782886065225,3.922205396479964,4.605640396611346,0.20835552174590113,0.04341202344200668
499,459.8,0.0020721538338780033,0.515034485841051,0.5150303173445662,0.26525622778404456,1.5950804,2.989,0.3354749987468352,-0.18436380576425151,0.2285669765987528,3.097036108941782,1.2817513223786041,3.9696301280904156,4.754692319721032,0.5150303173445661,0.26525622778404445,0.0034707005619400034,0.5190035449532036,0.5189919401220036,0.26935263391160136,1.4589616,2.5004,0.3539700514690305,0.581324576968546,-0.18543717718574282,2.811082148064227,1.2434404709120876,3.495413309961546,4.12170915009641,0.5189919401220036,0.26935263391160136,0.010433619659122,0.20814748979784856,0.2078858270540689,0.04321651708995425,0.67769621,1.26109,0.14112219066454537,-0.27013478548653824,0.1273167688042145,3.2558461822344054,1.2529335992312354,4.07935907565023,4.802194515325505,0.2078858270540689,0.043216517089954255
500,460.5,0.0026553148289180034,0.5130230551257918,0.5130161833643854,0.26318560439376065,1.5520804,2.893,0.3355873072342515,-0.16120422881482238,0.1595467509471038,3.0253618906453124,1.275813330686017,3.859797030234742,4.624967531673045,0.5130161833643853,0.2631856043937606,0.005064366137980002,0.5256546377613063,0.5256302411349547,0.2762871503955906,1.6002616,2.6347,0.3636106909501624,0.6204019382289427,-0.19144030715105353,3.044321280632666,1.2369865789199619,3.7657845660630387,4.401030112228842,0.5256302411349547,0.2762871503955906,0.01088444165424,0.20434236770011596,0.2040522780249337,0.041637332167164844,0.69846421,1.302858,0.13845332864370935,-0.3029733863304122,0.3735297431453555,3.4181076487526854,1.2551027356438733,4.290076260674743,5.0447628586626605,0.2040522780249337,0.04163733216716484
501,461.2,0.00030485883493999613,0.5153551870332144,0.5153550968634444,0.2655908758631301,1.5730804,2.971,0.33681758215906243,-0.18250097934368373,0.18572251215121316,3.0524198447596413,1.278001500517197,3.9009971418112905,4.670422458104076,0.5153550968634443,0.26559087586313007,0.0020564481452000024,0.530743269935038,0.5307392859044474,0.28168418960236274,1.5538616,2.5893,0.3675579988766822,0.5895137004559059,-0.2662628611748086,2.9277085325833525,1.2336398568365412,3.611737934995247,4.227527641212698,0.5307392859044473,0.2816841896023627,0.009213979652879999,0.20463546786404804,0.20442792687618333,0.041790777286894155,0.68487621,1.23727,0.14147356044848008,-0.23995167173324788,0.17435477782845954,3.346810878625427,1.2416790107283582,4.155664820866527,4.841019112185339,0.2044279268761833,0.04179077728689415
502,461.9,0.0032294488230000056,0.5015717527250809,0.5015613559595767,0.25156379379200927,1.5730804,3.0380000000000003,0.3246763322933388,-0.17421062356279807,0.2642107788398649,3.1363018181413205,1.286207057257011,4.0339335321813605,4.845072595494125,0.5015613559595767,0.25156379379200927,0.004640708152160002,0.5268970856943648,0.5268766485061387,0.2775990027410612,1.6201616,2.7176,0.36171858206946944,0.5861375795452086,-0.2047965178228197,3.0749109152214995,1.2408809715900593,3.8155984440329327,4.479066545961528,0.5268766485061387,0.2775990027410612,0.008628399655340001,0.20617726773521144,0.20599664184191155,0.042434616450144784,0.72672621,1.27412,0.13898748145898107,-0.24584976057249255,0.12542451620706885,3.5247639954823593,1.2548409997458274,4.423018375959181,5.228717020924481,0.20599664184191155,0.042434616450144784
503,462.6,0.0008616047339800015,0.49669212908036475,0.49669138177309674,0.24670232872766815,1.5740804,3.0389999999999997,0.32714892959560365,-0.17955647488234028,0.30624956209676224,3.1691269255956214,1.2776209150484052,4.048942842584017,4.811510164333281,0.4966913817730968,0.24670232872766817,0.004392368159180004,0.5245288168219882,0.5245104258054638,0.275111186778629,1.5623616,2.6228,0.353266987471204,0.6172361495392942,-0.08090440916416064,2.9786001262352495,1.254594008320198,3.73693387155653,4.422608552199782,0.5245104258054639,0.27511118677862906,0.010610063670779999,0.2065026192385899,0.20622986762663656,0.042530758301300035,0.72672621,1.25812,0.1413726107688962,-0.2641788189777934,0.21101858994506806,3.5192106166961103,1.2472949231053199,4.389493535543401,5.1405021527684,0.20622986762663653,0.04253075830130003
504,463.3,-0.0009976486830400018,0.5014023393800926,0.501401346859913,0.25140331063293475,1.5740804,2.989,0.32542697386733704,-0.2098155185606663,0.2764552425938702,3.1393559151441335,1.285613137547146,4.035997207945641,4.8369696626367755,0.501401346859913,0.25140331063293475,0.0013434001457000022,0.5233326108663678,0.5233308866025946,0.2738752168722578,1.5246616,2.5781,0.361312711468099,0.6249257167418127,-0.13295256333817784,2.913370136586653,1.2404406099469683,3.6138626292288305,4.219784003183666,0.5233308866025945,0.2738752168722577,0.010598921658284001,0.20396990998546932,0.20369434709672726,0.041491387039162005,0.70172421,1.287118,0.14194976487997626,-0.2581716102996405,0.15545013227933246,3.440332008039766,1.2383268968396626,4.260255659614049,4.943468631972258,0.2036943470967273,0.04149138703916201
505,464.0,0.002614992836939999,0.5044417617664827,0.5044349837457108,0.25445465282653557,1.5840804,2.99,0.3318542900514749,-0.23972393596567448,0.30849445806634046,3.1402641891757286,1.2775517726481398,4.011850081464925,4.773421490963063,0.5044349837457108,0.25445465282653557,0.0059403322616,0.5229593525317158,0.522925613116257,0.2734511968530132,1.5094616,2.5629,0.351525389518817,0.6203718284731006,-0.15059303849760708,2.8863841763083418,1.256542750920836,3.626865113112855,4.294032934765298,0.5229256131162568,0.2734511968530131,0.010416999667469997,0.2058113772887255,0.20554758363797432,0.04224980913941005,0.71888621,1.30228,0.14315918156054416,-0.25467373311600683,0.21903849803073427,3.4929371712599733,1.2401468217117204,4.331754931376783,5.0215864757229856,0.20554758363797435,0.04224980913941006
506,464.7,0.002006956127919997,0.5052653609105887,0.5052613749963557,0.25528905706320804,1.5720804,2.974,0.3274695382633298,-0.2089399495526324,0.3490446758883654,3.111395558893644,1.286989758728601,4.004334219649771,4.800692022644973,0.5052613749963557,0.25528905706320804,0.0033549802624000015,0.5191327825072847,0.5191219413405628,0.26948758998119465,1.4618616,2.5073,0.34886931449931846,0.5911498232908601,-0.17334696900744317,2.8159685715465033,1.254282201747746,3.532019259971803,4.190284267614645,0.5191219413405628,0.2694875899811947,0.009340269677369999,0.2076355485397114,0.2074253609849597,0.04302528037974084,0.71888621,1.30328,0.14509506665641203,-0.2324945059071393,0.07798110047681561,3.462250154445539,1.2339511277279613,4.2722474825543815,4.954587544332824,0.20742536098495967,0.043025280379740835
507,465.4,0.0011838811339600023,0.5131070017762789,0.5131056360022788,0.26327739369730296,1.5550804,3.0460000000000003,0.33313547351217127,-0.20316735360304713,0.30234914460456963,3.0307136613154904,1.2867297716240258,3.8997094972822963,4.668012036079924,0.5131056360022788,0.26327739369730296,0.0036292201715999984,0.5177524866153242,0.5177397668301109,0.2680544661572976,1.5921616,2.6406,0.34567226945895074,0.581876389786382,-0.11146010246077598,3.075140421648872,1.260744696810412,3.8769669785411494,4.605985902462079,0.5177397668301109,0.2680544661572976,0.01077591965231,0.2078932751652221,0.20761380834272491,0.04310349341456972,0.73171621,1.3161100000000001,0.14078636712266912,-0.1886733658967954,0.05177888885472459,3.5196723386962483,1.2522478815685607,4.407502229947839,5.197351312875667,0.20761380834272491,0.04310349341456972
508,466.1,0.001249444650029997,0.5120704264411257,0.5120689021251562,0.2622145605236628,1.6410804,3.0540000000000003,0.3365886238694962,-0.20554369337965653,0.2671336870407832,3.2047943315247873,1.27967114111629,4.101082819265343,4.87562645800022,0.5120689021251562,0.2622145605236628,0.004761810364999998,0.5190060311144923,0.5189841861707013,0.2693445854952652,1.5921616,2.6406,0.34847224326220205,0.5902586947778771,-0.17444536226070406,3.067713098788192,1.2545728682689747,3.8486696213730074,4.5689768146096075,0.5189841861707013,0.2693445854952652,0.010162339676190001,0.20497774402165825,0.2047256759581323,0.04191260239651418,0.69001621,1.25241,0.14087559196471902,-0.24090157942052381,0.07459937389348159,3.366298196389028,1.2422186607970271,4.1816784373618265,4.89805366832324,0.20472567595813226,0.041912602396514176
509,466.8,0.0016038478359800008,0.5085211947840758,0.5085186655539233,0.258591233216743,1.5290804,2.908,0.33271406396865966,-0.2132554155624353,0.20963672924854748,3.00691577004822,1.2794016789428508,3.8470530846394273,4.59577927593717,0.5085186655539233,0.25859123321674293,0.003325900368379998,0.5248435855753374,0.5248330474601576,0.27544972770631604,1.4140616,2.4425,0.3513495923153615,0.6144650734076368,-0.1512438206283191,2.694253371601932,1.2567423087345284,3.3859822025427997,4.0246570109316595,0.5248330474601576,0.27544972770631604,0.010853059676459999,0.20835042266828738,0.20806756047426805,0.04329210972171319,0.69001621,1.23241,0.14399573770220947,-0.2705869673257038,0.17108756323593788,3.311806144490371,1.2435030471568502,4.118241032266556,4.791921073573641,0.20806756047426805,0.04329210972171319
510,467.5,0.002772550841979999,0.5019557718773032,0.5019481147317597,0.25195190988276783,1.4600804,2.839,0.3322991156853436,-0.17170712511422842,0.23398309315087307,2.9087829681474373,1.2730668091377757,3.7030750517337663,4.393873865684797,0.5019481147317597,0.25195190988276783,0.005683670162579999,0.5244865993351931,0.5244558024997706,0.2750538887756784,1.4714616,2.8308999999999997,0.35540624031421825,0.6242441883991382,-0.10363264175941378,2.805527542295902,1.2525481942808985,3.5140584571080593,4.14022443359201,0.5244558024997706,0.27505388877567843,0.009866909669999998,0.21512391801455713,0.21489752021719088,0.04618094419549796,0.69093621,1.28333,0.14887137346535537,-0.2306532240521335,0.0005917086771098923,3.211805625226877,1.2410633791721604,3.9860543424882207,4.641162326354109,0.21489752021719086,0.04618094419549795
511,468.2,0.002956536840999998,0.49969118644874955,0.4996824398600243,0.2496825407044668,1.6190804,3.044,0.32605518744298684,-0.18401188512256378,0.3658513439496178,3.240162011875028,1.2860940931884786,4.167153224446171,4.96566367398497,0.49968243986002425,0.24968254070446677,0.0054985531545999975,0.5206669345452053,0.5206378997363783,0.2710638226419071,1.4935616,2.8529999999999998,0.35754325347608923,0.5681172216603445,-0.2303648429625924,2.8685547341403645,1.2420248005340666,3.5628161214917387,4.177289280330057,0.5206378997363783,0.2710638226419071,0.009207979640379999,0.21037703093257792,0.21017542257587873,0.04417370825494919,0.69093621,1.22933,0.14148570520394083,-0.29918434985628395,0.11598248134639633,3.2842758876154723,1.2584558886768868,4.133116330809201,4.883434754091011,0.2101754225758787,0.04417370825494918
512,468.9,-0.0007115893690700019,0.5030177037749626,0.503017200453032,0.25302630395160575,1.5180804,2.957,0.3292826654227727,-0.2142829831289448,0.24779241711379907,3.0179462643309884,1.2793136606956004,3.860899883203889,4.610265159421331,0.503017200453032,0.25302630395160575,0.0015504251428600014,0.5258623409327845,0.5258600553314393,0.27652879779318446,1.5099616,2.5684,0.36091837504345065,0.6045245389133113,-0.1866662802128607,2.8714009018436304,1.2421443745665859,3.5666944773504867,4.183665073351328,0.5258600553314393,0.27652879779318446,0.01017419965332,0.20457930976843292,0.20432615996671308,0.041749179646742816,0.69678621,1.22118,0.13971550520603873,-0.31131313495578605,0.11625371452078337,3.4059466267077796,1.2474638714710096,4.2487953649765124,4.987178831529457,0.20432615996671308,0.04174917964674282
513,469.6,0.0015553956147470022,0.5112280879436732,0.5112257218167192,0.2613517386470256,1.6820804,3.121,0.3292492880474457,-0.22413235032288925,0.26014900810125896,3.290273832108635,1.2880174646951075,4.237930159385219,5.108835344717915,0.5112257218167193,0.26135173864702566,0.004599016155979998,0.5282612253765954,0.5282412055934099,0.2790387712867791,1.4747616,2.5332,0.35823948031824154,0.5903142024348127,-0.16208906770193376,2.7917278974027444,1.2508293808600133,3.491975277437901,4.116691992434495,0.5282412055934098,0.27903877128677906,0.0100158096537718,0.20846347747932661,0.20822272930627225,0.04335670499975313,0.66797621,1.26337,0.14365335330701062,-0.20149042239822423,0.013671007266442992,3.2042841176639363,1.2418932325347103,3.9793787608452984,4.649917280889545,0.20822272930627223,0.04335670499975312
514,470.3,0.0017781868298799987,0.514118071256858,0.5141149961287551,0.26431422924446984,1.6820804,3.0090000000000003,0.3336077211363103,-0.21201398761382234,0.19478509851076753,3.2717783988565876,1.2829941634568593,4.1976725898572305,5.042090735402107,0.5141149961287551,0.2643142292444699,0.006054720156700003,0.5268375764739079,0.5268027831634196,0.27752117234872486,1.5337616,2.6252,0.3565552989589534,0.5893415779003356,-0.14188624829546015,2.9112608296951286,1.2520876917788877,3.645153852419263,4.301609328141177,0.5268027831634196,0.2775211723487248,0.009488804657219997,0.21015161305871666,0.20993728362860586,0.04407366305735771,0.71085221,1.293246,0.14316917512783514,-0.31709995298688737,0.1809761706639379,3.3825684212159097,1.2507048004996082,4.230594562433119,4.965120525177875,0.20993728362860586,0.0440736630573577
515,471.0,0.0007867238328800026,0.5115881918175653,0.5115875869025526,0.26172185907277673,1.7410804,3.1879999999999997,0.3309459197153465,-0.17876948375124468,0.2959512265641182,3.403284962098729,1.2861397466669593,4.377100058989131,5.2609211846380814,0.5115875869025526,0.2617218590727768,0.0032719061496999987,0.5208488910035277,0.5208386140540583,0.2712728618897523,1.5494616,2.6179,0.3580204918769177,0.6187299429515217,-0.17274697730518707,2.974877410249695,1.2418852337999375,3.694456328154095,4.327857301901822,0.5208386140540583,0.2712728618897523,0.00994352365285,0.2067130094147818,0.20647371406230114,0.04263139459868089,0.72672621,1.29112,0.14017742630899996,-0.3141292085084098,0.24932117732870962,3.5156288037091135,1.253868248415248,4.4081353301849395,5.184331237456464,0.20647371406230114,0.04263139459868089
516,471.7,0.001081944940979997,0.5127566470237319,0.5127555055405691,0.2629182084621647,1.7410804,3.1109999999999998,0.33531306869269695,-0.1903271842544952,0.23543504011141447,3.3955296535032877,1.2806820144115942,4.348593756642893,5.192402451798385,0.5127555055405691,0.2629182084621646,0.0045244451437799985,0.525576792769438,0.5255573179910539,0.2762104944939497,1.5870616,2.6855,0.3601289013421991,0.622740507367075,-0.1165309901181808,3.019656921374415,1.2444865875005653,3.7579225375037084,4.406926503496463,0.5255573179910539,0.2762104944939497,0.01062507967134,0.2085425343995486,0.20827168875237118,0.04337709633576458,0.72672621,1.31812,0.14312894288284886,-0.2509205032120997,0.10906019213374218,3.4847865069466284,1.2440397456560053,4.335212919767363,5.07742316377496,0.2082716887523712,0.04337709633576459
517,472.4,0.0010053431269600019,0.5052466396477482,0.5052456394275349,0.25527315616053853,1.5960804,2.966,0.33124677110382533,-0.20676062993967587,0.18085960902396758,3.1590124005827485,1.2761903889608845,4.031501264231955,4.818402892445788,0.5052456394275349,0.2552731561605386,0.002711082138880001,0.5303619693625802,0.5303550401191551,0.2812764685797906,1.5870616,2.6925,0.3638992942090695,0.6216998455027223,-0.07588804584095188,2.9924121480795893,1.2451917428169874,3.7261268978939492,4.361265947078732,0.5303550401191551,0.2812764685797906,0.00933024865742,0.21003950767304652,0.20983217399513945,0.04402954124352648,0.70014721,1.291541,0.14262005911876963,-0.1748886583577739,-0.0001262672901178874,3.333407213512751,1.2499271973792054,4.166516336109619,4.90917767336598,0.20983217399513945,0.044029541243526475
518,473.1,0.0015910102619800042,0.5006251596473043,0.500622631488265,0.2506230191582352,1.5960804,2.971,0.32664096245706953,-0.20705947782310893,0.2829792399283235,3.1881745638282655,1.2823280969479138,4.088285821171645,4.886344896836915,0.500622631488265,0.2506230191582352,0.0039015701447999993,0.5281297689124657,0.5281153572487166,0.2789058305619396,1.5361616,2.7626,0.36072888378202506,0.6153687598509691,-0.07163724757467982,2.9086820899403034,1.2478937573006255,3.629726222008641,4.258493481016188,0.5281153572487166,0.2789058305619396,0.00926171564653,0.21157299963119247,0.2113701842650079,0.044677354796223395,0.71658221,1.289976,0.1406259368666424,-0.2489094215531862,0.25304166210147905,3.3869265513516567,1.2678271458658594,4.2940374228574685,5.095661767427336,0.2113701842650079,0.044677354796223395
519,473.8,0.0029835560519579974,0.4944632415664495,0.4944542402019481,0.24448499565368578,1.5570804,2.932,0.3209876439993497,-0.17287061010099194,0.38309691647124033,3.14903165514832,1.288405023271419,4.057228202933806,4.850904479061987,0.49445424020194806,0.24448499565368575,0.006787072139600002,0.5193733086969845,0.5193289607162546,0.2697025694386251,1.4813616,2.4768,0.3617954948256299,0.6358655606986128,-0.16827206315195253,2.852209721205107,1.2357261881176433,3.5245502464968728,4.094472212026724,0.5193289607162546,0.2697025694386251,0.008120536651880002,0.20663905207380032,0.20647942930578878,0.04263375472644422,0.77302621,1.3664200000000002,0.13883000510892038,-0.2749678965335428,0.4617509844355894,3.740949265117209,1.2626696535041537,4.7235831123621645,5.568149402526601,0.2064794293057888,0.042633754726444234
520,474.5,0.0016652190179179964,0.4977465972915037,0.49774381177558874,0.24774890216089274,1.6090804,2.979,0.3232623037358483,-0.24468812184400435,0.2786572231769622,3.2327300854608296,1.2843502428061349,4.151957670188314,4.977630801378096,0.49774381177558874,0.24774890216089274,0.001163206546150004,0.518855061027526,0.5188537571458923,0.26920922130440866,1.5092616,2.6007,0.357404331978436,0.6067076541594728,-0.17661499466833952,2.9088308342046445,1.2402454032181598,3.607664070861555,4.222840813499321,0.5188537571458924,0.2692092213044087,0.010118039651940003,0.20274947332759952,0.2024968498723394,0.04100497420822076,0.67261621,1.23901,0.138487432500489,-0.1797712333758168,0.1923399338089058,3.3174745115771374,1.2505102962996888,4.148536034438992,4.856875442453054,0.2024968498723394,0.04100497420822076
521,475.2,0.0019177506768379997,0.5054467280594613,0.5054430899105818,0.25547271713835656,1.6540804,3.065,0.32783798545311305,-0.24302202767527095,0.313472574459043,3.2725118359167853,1.2842890071305908,4.202850976572676,5.0454202178977345,0.5054430899105818,0.2554727171383565,0.00583865755278,0.5232351202883206,0.52320254317149,0.2737409011811148,1.4709616,2.5444,0.359680055600689,0.5895161079798489,-0.17634064655149784,2.8112822380681353,1.240925776208351,3.488592593415451,4.089639047523497,0.52320254317149,0.2737409011811148,0.009765759648260002,0.20676872553437387,0.20653797664739929,0.04265793579760165,0.67261621,1.20301,0.14028255184012092,-0.22504235381054544,0.025696555173046587,3.2529881308775694,1.2508371730452736,4.068958477576728,4.794724655184318,0.20653797664739929,0.04265793579760165
522,475.9,0.0016286598267379996,0.5104469667688423,0.5104443685169623,0.26055345335068036,1.6670804,3.112,0.33070155172199295,-0.1789921128524255,0.2965556048653326,3.2659228255438792,1.2847586962785258,4.195922751492033,5.041041964633553,0.5104443685169622,0.2605534533506803,0.004856300162050003,0.5216761332544119,0.5216535290362857,0.272122404356011,1.4709616,2.5174000000000003,0.353488200388392,0.6030297586226869,-0.1317564495728889,2.8196835282143127,1.2511398827473634,3.527818518874727,4.161274968680126,0.5216535290362857,0.272122404356011,0.006428589639380001,0.20955569454802742,0.2094570656548846,0.04387226235275463,0.66535621,1.23675,0.14264088232297428,-0.2473773052378978,0.09285439662122164,3.1750805504715554,1.2534548967837578,3.9798202636714404,4.664554783764368,0.20945706565488453,0.04387226235275461
523,476.6,0.00136523883898,0.505938940735004,0.5059370987335979,0.2559723478749705,1.6670804,3.126,0.3329420461865088,-0.18658897158520388,0.28028592613235714,3.2950229084524407,1.2778390540091114,4.210508956275218,5.007118863762038,0.5059370987335979,0.2559723478749705,0.0032781361471999997,0.5208718988584786,0.5208615831906185,0.27129678884383757,1.4537616,2.4932,0.3570926217500664,0.6081201286006942,-0.1541879658105012,2.791015608993313,1.2443809166214437,3.4730865618238553,4.071105117981144,0.5208615831906184,0.2712967888438375,0.008625139667662,0.20788513888941396,0.2077061336041482,0.04314183793678426,0.77202621,1.34342,0.1418093802665081,-0.25939030505508054,0.2896318228579511,3.713715247392865,1.2526895808285163,4.652132396573038,5.444112431413916,0.20770613360414816,0.04314183793678425
524,477.3,0.0008713721449799992,0.5111716990836334,0.5111709563880107,0.2612957466546335,1.5700804,2.9459999999999997,0.3332128758225225,-0.2322172389613853,0.3013990612583264,3.0715323301635236,1.2851755335551174,3.9474582012496997,4.711943967124079,0.5111709563880106,0.26129574665463345,0.00360519115108,0.5208279431094779,0.5208154653237687,0.2712487489204137,1.6000616,2.7415000000000003,0.35591154303091904,0.5932550283198403,-0.13625023373554068,3.072150066387025,1.2446533782995777,3.823761958771882,4.495672116655678,0.5208154653237687,0.2712487489204137,0.00894158967209,0.20987408064271912,0.2096835179497009,0.04396717769976253,0.67268621,1.25308,0.1443083014700895,-0.19134041300289492,0.16542946882391618,3.205189549562115,1.2458267589973264,3.9931109085030707,4.661451927208958,0.2096835179497009,0.04396717769976253
525,478.0,-0.00013341316007999638,0.5051724556004427,0.5051724379836157,0.25519919209831,1.5940804,3.004,0.3305303853873252,-0.22566786005051953,0.33495449907328423,3.155517254212312,1.283145290868475,4.048987104996749,4.822795332816406,0.5051724379836156,0.25519919209830993,0.004176114158479998,0.5291927142137152,0.5291762360947572,0.28002748884741413,1.5521616,2.7016,0.36032280947360285,0.6016087159898261,-0.20581906901796287,2.933074394847314,1.2455604801193618,3.6533215514718265,4.307697318045338,0.5291762360947572,0.28002748884741413,0.008822429672710002,0.21002918614992067,0.2098438080322317,0.04403442376946812,0.76025621,1.3406500000000001,0.14261993251558647,-0.277616109815417,0.2814408456960611,3.6197645857529652,1.253487257818228,4.537328784543018,5.330644858613392,0.20984380803223174,0.044034423769468124
526,478.7,0.002114232532880002,0.5024375162853791,0.5024330679720609,0.2524389877918175,1.5310804,2.963,0.3256491427180973,-0.1894520895913745,0.3142363431404278,3.0473050884408135,1.2876835259367052,3.9239645608883302,4.70162576575674,0.5024330679720609,0.2524389877918175,0.004570715156900001,0.5252349013679,0.5252150132830383,0.2758508101779021,1.5784616,2.6619,0.3565358330301636,0.6311489578367073,-0.14862569344604282,3.005248881765321,1.2491615088040937,3.754041227477784,4.427217277390627,0.5252150132830383,0.2758508101779021,0.00876052966422,0.20822328043171348,0.2080389089419244,0.04328018763374631,0.71783621,1.32023,0.14180513163243924,-0.23713216881094662,0.2547684107245649,3.447434929042016,1.2518828522207193,4.315784671814452,5.062131403401119,0.20803890894192442,0.04328018763374632
527,479.4,0.0023986322357999997,0.5061160387267905,0.5061103547843054,0.2561476912198955,1.5310804,2.942,0.33196948070760585,-0.2040572151073818,0.2670011108506105,3.0251568471365946,1.279926308818858,3.8719778369536355,4.6121119228684595,0.5061103547843053,0.25614769121989545,0.005447894143079997,0.5202045390825808,0.5201760114918085,0.2705830829315261,1.5245616,2.771,0.35415051521645297,0.6206526548936667,-0.09064124576363009,2.930696457760013,1.2506641675304082,3.665317045628743,4.304840836016304,0.5201760114918085,0.2705830829315261,0.00838461864818,0.2070905262616965,0.20692071969107156,0.04281618423747101,0.71783621,1.3422299999999998,0.14163376565983227,-0.2498887034377515,0.2291811742194656,3.4662918819032966,1.2510472544149474,4.33649494185594,5.068256193399935,0.20692071969107156,0.04281618423747101
528,480.1,0.0007613573425599997,0.511637086200585,0.5116365197196363,0.2617719283108218,1.5420804,2.944,0.3362100082322275,-0.17945864395632463,0.25976540049281693,3.0140121613378006,1.2774316936907892,3.850194660062383,4.586658226232372,0.5116365197196364,0.26177192831082186,0.001874478141800001,0.5194084267526257,0.519405044366469,0.2697816001133336,1.4514616,2.6399,0.3585365716382005,0.5732333377856019,-0.18090919688043217,2.794451389775537,1.241435347052763,3.4691307308880694,4.048294413504547,0.519405044366469,0.2697816001133336,0.008197831655509998,0.20428794836312106,0.2041233974892666,0.041666361402561136,0.74903621,1.32343,0.13779050602348586,-0.25384659379354085,0.2155950981476633,3.666570720405841,1.2537542220589402,4.596978521186513,5.436050941509205,0.2041233974892666,0.041666361402561136
529,480.8,0.0013646023377499974,0.5176167342353428,0.5176149354693327,0.2679252214209214,1.6020804,3.004,0.3374174596586439,-0.20178455911739987,0.2961017090899385,3.095109361884711,1.282244204457532,3.9686860414389202,4.7480660948036935,0.5176149354693326,0.26792522142092134,0.0017262961547700043,0.5262606588712098,0.5262578274735169,0.2769473009771459,1.4584616,2.6178999999999997,0.35861365455384725,0.5625849999969962,-0.22070611118648076,2.771367335586689,1.2467458350927474,3.4551906831547887,4.066943858605937,0.5262578274735169,0.2769473009771459,0.009212359676,0.2065040692208501,0.20629848044512994,0.04255906303396966,0.74903621,1.3354300000000001,0.14287825949805746,-0.18042869260135946,0.027099396482964444,3.6272225183075086,1.2399310879580228,4.497505963390868,5.242478545241403,0.20629848044512997,0.04255906303396967
530,481.5,0.0037957735287579997,0.5175919858417393,0.5175780674554454,0.26788705591091366,1.6020804,3.041,0.3351475879199407,-0.15699151150986096,0.30518616082198324,3.0952573529410436,1.287611015952896,3.9854874648560887,4.780223572376422,0.5175780674554454,0.26788705591091366,0.007738575763160003,0.5199667791794085,0.5199091900470366,0.2703055658953656,1.4156616,2.4931,0.3518550725750805,0.5762898491352645,-0.22781102924435714,2.7226000904022034,1.250407263677528,3.4043589291280094,4.0234224552721765,0.5199091900470366,0.2703055658953656,0.007934110646200001,0.20906925376076013,0.2089186510494814,0.04364700275633498,0.70129521,1.276689,0.14121187036154412,-0.1785056314774278,0.07936334158254121,3.354367978002631,1.255683310669075,4.212023887820675,4.9662624551638395,0.2089186510494814,0.04364700275633498
531,482.2,0.0020106488349999996,0.5166558374559279,0.5166519250603335,0.26692921166854844,1.4899196,2.9699999999999998,0.33698026790229835,-0.1272593495547372,0.2191319704163437,2.8837757980951757,1.2812462934182913,3.694827052358819,4.421385291414086,0.5166519250603335,0.26692921166854844,0.0027516317658800036,0.514857937812954,0.5148505847832288,0.26507112465163263,1.4612616,2.5097,0.3482381905797963,0.6093097329885911,-0.12959739100109458,2.838184075023179,1.2519071449810941,3.553142922293075,4.196155503700167,0.5148505847832288,0.26507112465163263,0.008518669643802,0.20926854750912469,0.2090950913916406,0.043720757244078534,0.69578621,1.28118,0.14110864904499482,-0.21749996838455715,0.10194400417819116,3.324848469976893,1.2564465335637565,4.177494334727227,4.930854449454314,0.2090950913916406,0.043720757244078534
532,482.9,0.0008723335016599995,0.5165789947419623,0.5165782581979987,0.2668530968428782,1.4980804,2.938,0.3425661888871967,-0.16503104829865603,0.1201780860702697,2.9000025460739263,1.269179668779133,3.6806242708847483,4.3731122585869135,0.5165782581979987,0.2668530968428782,0.003458666154570003,0.5209710209410305,0.5209595399728955,0.27139884228877087,1.5196616,2.6071,0.3531770033739406,0.62074659295049,-0.11940713963040306,2.9169791387917003,1.2513391381307182,3.6501301614808908,4.302832816073804,0.5209595399728955,0.27139884228877087,0.0093450896667538,0.21161010032308916,0.2114036514771403,0.0446915038578682,0.66699621,1.22339,0.14288815025463364,-0.19223391394999573,0.1129132377273172,3.1520055469073602,1.2556662264623737,3.957866910873635,4.667960280900692,0.21140365147714027,0.04469150385786819
533,483.6,0.002638173785779997,0.5064044383760435,0.5063975663903137,0.2564384952460322,1.4810804,2.9210000000000003,0.330859035281537,-0.18921476696634068,0.20621169205050238,2.924698694880288,1.2799372961303093,3.743430939520921,4.47646955973171,0.5063975663903137,0.25643849524603224,0.004873583149980001,0.5279131663723218,0.527890669946468,0.2786685594165309,1.5055616,2.593,0.362944688606081,0.5858509565132767,-0.21948073988616246,2.851911442834088,1.2414958401107505,3.5406361926427685,4.148184688367348,0.527890669946468,0.2786685594165309,0.0082044196528218,0.21034818900100893,0.21018812553083147,0.044179048114164565,0.68844621,1.36984,0.14201874187580943,-0.16555102465911345,0.13200300010798705,3.2728886959739776,1.2566695268916592,4.112939489138679,4.847572939366149,0.21018812553083144,0.04417904811416455
534,484.3,0.0023674502258000016,0.4951988758032301,0.4951932166096495,0.24521632177621125,1.4460804,2.706,0.3201208069477546,-0.20243321680402765,0.2036421355658118,2.920201298224691,1.2861387226442804,3.755783967562874,4.517295872729723,0.4951932166096495,0.24521632177621125,0.004252362755270001,0.5234691887829118,0.5234519166227566,0.2740019090160373,1.6157616,2.6601999999999997,0.35543921848585397,0.6115106562103801,-0.21046006039084508,3.0866412668082996,1.2477027750207912,3.851210874090406,4.545816882231033,0.5234519166227566,0.27400190901603727,0.008840169634190001,0.2026416916918771,0.202448775280525,0.04098550661258451,0.68844621,1.20884,0.1346380927129712,-0.30442354005456934,0.28320120561576934,3.3973571985709805,1.265887151664933,4.300670827287375,5.11330928809031,0.20244877528052502,0.040985506612584516
535,485.0,0.002587898818839998,0.49925245161884574,0.49924574432550883,0.24924631322713134,1.4770804,2.8970000000000002,0.32429267751581803,-0.17445643255453955,0.2044334828142711,2.9585841696130055,1.283140566626351,3.796279367808984,4.5547756776837875,0.49924574432550883,0.24924631322713134,0.006154338054999998,0.5169833108091312,0.5169466778868741,0.26723386777827557,1.6261616,2.7026000000000003,0.3505966029066274,0.6002391746278779,-0.18114729173507627,3.1454818095673005,1.2494424465664968,3.9300984877761795,4.6382696994730646,0.5169466778868741,0.26723386777827557,0.009686849667619998,0.20447372339158323,0.2042441394535829,0.041715668501134624,0.67469621,1.22009,0.1404667435528818,-0.23107709798660656,0.006523893340275588,3.2996719520185183,1.2406406182555532,4.093707050592762,4.803245187683843,0.20424413945358288,0.04171566850113462
536,485.7,0.0014250598269300021,0.5088123341133892,0.5088103384861641,0.25888796055040486,1.4930804,2.9130000000000003,0.3359890050984901,-0.20304928669950414,0.15512031504295232,2.9344422292783214,1.272068977015994,3.7328129247106077,4.443837081997151,0.5088103384861641,0.25888796055040486,0.0017514061652199996,0.5272040782152118,0.5272011690647088,0.2779410726631957,1.6261616,2.9375999999999998,0.355351619424088,0.5829899420443468,-0.12438786356953546,3.0845011774286375,1.2523356466900213,3.8628307767512244,4.576204275178177,0.5272011690647088,0.2779410726631957,0.00917140966042,0.2087380031895424,0.20853642180779394,0.04348743922039816,0.68896621,1.2423600000000001,0.14392041902634006,-0.1787495560945318,0.04908153179120989,3.3006266203207444,1.2421095213590052,4.0997397515513905,4.787133157762045,0.20853642180779394,0.043487439220398154
537,486.4,0.0014508418219079985,0.5075493022790538,0.5075472286417908,0.2576041893019622,1.6240804,3.0940000000000003,0.32748380994519294,-0.19832461796072196,0.2834115929094554,3.1998475669405417,1.287219909644854,4.1189074959945104,4.959269285012297,0.5075472286417907,0.25760418930196216,0.002045427367130003,0.527884899816821,0.5278809370317334,0.278658283681501,1.5893616,2.9008,0.3557150267182538,0.551507999014275,-0.1544442753604498,3.0108108804618534,1.2512633589706734,3.7673173355121494,4.46807551163382,0.5278809370317334,0.2786582836815009,0.008074244632057201,0.210563258020632,0.21040839384845117,0.04427169220188495,0.72620621,1.3046,0.14039396936182946,-0.2534159770600851,0.1662720323031106,3.448874304219033,1.263559945910746,4.357859429291963,5.172631084518948,0.21040839384845117,0.04427169220188494
538,487.1,0.0029766284309199935,0.5111391075031494,0.5111304402031837,0.2612543269023003,1.6119196,3.192,0.3310169545732726,-0.17403099865120836,0.2785844853772468,3.1535829998882803,1.2864277290399178,4.056856616885171,4.869598302231953,0.5111304402031837,0.26125432690230027,0.006468811163660002,0.5222283415204308,0.5221882755954107,0.2726805951693086,1.5893616,2.7298,0.35161414181359607,0.6184658455962446,-0.12283875703558333,3.0434227207445046,1.2547923830515868,3.818863648396341,4.520186792835484,0.5221882755954107,0.27268059516930865,0.00648493664975,0.2091236019732088,0.20902302863296618,0.0436906264988978,0.76079621,1.3391899999999999,0.1433339230257362,-0.33016797728478475,0.3347881197147555,3.638021738442832,1.2495303156772042,4.545818451277003,5.307858697646864,0.20902302863296618,0.043690626498897794
539,487.8,0.001277301331699994,0.5008891983357409,0.5008875697307023,0.25088835751072913,1.6119196,3.192,0.3231901744218536,-0.1564043178364178,0.26613583008983976,3.2181161130161704,1.288140961607244,4.145387184384416,4.987526625410319,0.5008875697307023,0.25088835751072913,0.003269362154440001,0.5155266786020366,0.5155163116929964,0.26575706762155066,1.6028616,2.7433,0.3510145453557221,0.6213757886882073,-0.045713175001957485,3.109172942022147,1.2497503152354135,3.885689864413596,4.5663680357622844,0.5155163116929964,0.26575706762155066,0.008287049667060002,0.2079364344053545,0.2077712337187898,0.04316888556102798,0.76079621,1.33819,0.14495354862167953,-0.3053787718262308,0.146104431097565,3.6587922274212517,1.236458847302549,4.523946020036807,5.24855181010873,0.20777123371878978,0.04316888556102797
540,488.5,0.0006432174247600005,0.49802743514727105,0.49802701977976427,0.24803091243071373,1.4809196,2.91,0.32328289014411715,-0.12951948019112838,0.17382549001969494,2.9735703206030792,1.2826036766243147,3.8139122259064515,4.5808783735502265,0.4980270197797643,0.2480309124307138,0.0006682201490099979,0.5208730958761509,0.5208726672512568,0.27130833548943845,1.6028616,2.6923,0.35965234096619414,0.5802880953247884,-0.12436998171870561,3.077259341459855,1.2400852358894667,3.8160638763473087,4.456697252947014,0.5208726672512568,0.27130833548943845,0.008643959653389998,0.20607780383528218,0.20589643803398738,0.0423933431950836,0.63490621,1.2323,0.13917879476414172,-0.2277811781843646,0.06019551292997338,3.0809053579951775,1.2539688808682692,3.8633594438262673,4.561802759363874,0.20589643803398738,0.0423933431950836
541,489.2,0.0026985551178000024,0.49706800381459587,0.49706067860624753,0.24706931821650333,1.5690804,2.947,0.3243494221166797,-0.15659585740209495,0.25017301584019425,3.1566714975789507,1.281434140879896,4.0450666285401375,4.837623541180682,0.49706067860624753,0.2470693182165033,0.005355062157000002,0.5239876174009706,0.5239602527853049,0.27453434649884056,1.7054616,2.8349,0.35633442692409156,0.5907330791899599,-0.11476394277730195,3.2547746232234553,1.2483544153542905,4.063112271884098,4.78612637774488,0.5239602527853049,0.2745343464988406,0.007418269644081801,0.20476866477777503,0.20463424774548492,0.0418751753503605,0.74870621,1.3461,0.1377388742604445,-0.30115307908170014,0.27042930602787196,3.6563514774710897,1.2597749302676886,4.606179927565303,5.435692821071731,0.20463424774548492,0.0418751753503605
542,489.9,0.0007961284169800013,0.49841459628299195,0.49841396044601477,0.24841647596748156,1.5580804,2.8979999999999997,0.3234792151699895,-0.1780362516776388,0.2995120401454039,3.1260729754297696,1.287347911914887,4.024343517413071,4.816632188195532,0.4984139604460147,0.24841647596748154,0.0034962041666399993,0.51656081231564,0.5165489806171522,0.26682284937661904,1.7054616,2.8779000000000003,0.3486922279277212,0.6282910725905151,-0.11244155679122692,3.3015698429672837,1.252966241359826,4.1367555567296685,4.891022693954387,0.5165489806171523,0.2668228493766191,0.0071373396791999996,0.20277740801697464,0.20265175939129257,0.04106773558438633,0.74870621,1.3551000000000002,0.14092990349963305,-0.2924431334203442,0.26798541009642296,3.692256535488043,1.2386263304212612,4.573326163525474,5.312614224574059,0.20265175939129257,0.04106773558438633
543,490.6,0.0017952864289579983,0.5076435267423474,0.5076403522081814,0.2576987271900464,1.5940804,3.001,0.328463872854481,-0.2231809219347258,0.32364846461746977,3.1401570512078445,1.2873139234254167,4.042367893762358,4.853137686488352,0.5076403522081814,0.2576987271900464,0.004333844150620005,0.5186978567505078,0.5186797512844014,0.2690286843924484,1.4896616,2.5991,0.35660897847747447,0.5793851708062373,-0.1955534613708556,2.8719254969208845,1.2419432952868252,3.5667686154641767,4.177296955225416,0.5186797512844014,0.2690286843924485,0.009123459653259999,0.20888193483903805,0.20868259435337555,0.043548425186055485,0.67521621,1.20661,0.14303806865841728,-0.17597237224866052,0.07764700878533315,3.2325256395212616,1.2480622683315525,4.034393282100808,4.72053500395376,0.20868259435337552,0.04354842518605548
544,491.3,0.002053490517980001,0.5115821919127,0.5115780705414328,0.2617121222588952,1.6870804,3.094,0.332646145693645,-0.1791490939470219,0.3120523042645491,3.297769990179594,1.2847624063153582,4.23685090805771,5.071696822105192,0.5115780705414328,0.26171212225889523,0.0026206451636799992,0.5241612535428151,0.5241547022917007,0.27473815193450135,1.6841616,2.8606,0.3568410435067511,0.5504365121887167,-0.16515465924447215,3.2130600814476886,1.2461019451368944,4.003800417333673,4.719640945585726,0.5241547022917007,0.27473815193450135,0.007683429666289301,0.21129136811687105,0.21115162123285316,0.04458500714926229,1.0026062,1.57099999,0.14190965229423472,-0.3469946876200296,0.5385084824104567,4.74513563396225,1.262858328634652,5.992434055850297,7.065102223781097,0.21115162123285316,0.04458500714926229
545,492.0,0.0018816539490799974,0.5189004271988894,0.518897015529677,0.26925411272560584,1.6870804,3.144,0.3425792203772415,-0.1746776018557401,0.2638056611897617,3.2512603797748634,1.275417776827525,4.14671528545987,4.924643117998285,0.518897015529677,0.26925411272560584,0.002078503158500003,0.5292867396177557,0.5292826584725917,0.2801401325598141,1.6841616,2.8606,0.3610139160896482,0.5843773204463035,-0.1539548863388145,3.181945576827185,1.2466877995748489,3.9668927295416068,4.665087756843653,0.5292826584725917,0.2801401325598141,0.009736740640145099,0.20994717017823075,0.20972126775211314,0.043983010147553535,0.78539621,1.3207900000000001,0.13950509546838138,-0.30970066557905623,0.3989654500555275,3.740923058563983,1.2686046352683815,4.7457523322766395,5.629874717931066,0.20972126775211314,0.04398301014755353
546,492.7,0.0027050578359800004,0.5159908775792633,0.515983786961492,0.26623926840712236,1.5440804,3.017,0.3370204911076407,-0.1939852421522362,0.2513471878373381,2.9924567799414397,1.2823994430225532,3.837524907865965,4.581562370066209,0.5159837869614919,0.2662392684071223,0.0063672231599499985,0.5220893084558036,0.5220504807708642,0.27253670447309053,1.5555616,2.675,0.35173178953894885,0.5923377276101218,-0.11411817062419871,2.979493306616301,1.2541776084913623,3.736813789808054,4.422578925945349,0.5220504807708642,0.27253670447309053,0.008017079653549999,0.21215379705974652,0.21200226423483487,0.044944960040696744,0.78539621,1.4117899999999999,0.14449751406785163,-0.19719300863165348,0.18012337436023884,3.7020134491338736,1.251799354766434,4.634178046962443,5.435361397506132,0.21200226423483487,0.044944960040696744
547,493.4,0.002455688828890002,0.5074110432144617,0.5074051008497688,0.25745993636836395,1.5500804,2.896,0.32843013043581576,-0.206522595277704,0.28587077119967086,3.054881088476517,1.2888523514152048,3.9372906741767997,4.719665634645321,0.5074051008497689,0.25745993636836406,0.003886313167649999,0.5189019820432423,0.5188874285800036,0.26924416353836833,1.5462616,2.7546999999999997,0.35092120159203133,0.5913257815229049,-0.0930669973092253,2.9798722176997647,1.2509037300021055,3.7275332720502816,4.406292902751511,0.5188874285800036,0.26924416353836833,0.0083660596596618,0.205573030209612,0.20540272587123332,0.042190279795333026,0.66645621,1.2598500000000001,0.13957464424734997,-0.1995220027871588,0.12873935620451293,3.2419437964233424,1.251341577479014,4.056779064314688,4.774908892613234,0.20540272587123332,0.042190279795333026
548,494.1,0.00018298483394999909,0.5013744757519972,0.5013744423603387,0.25137633145214056,1.5950804,3.028,0.3302336339977703,-0.18193561126561353,0.29612977207073854,3.181415243780778,1.2770571030318627,4.062848934764087,4.830157306177874,0.5013744423603387,0.25137633145214056,0.0014757601546700014,0.5260636134464396,0.5260615434759425,0.2767407475242909,1.5462616,2.7527,0.36083886301319956,0.5685174710111398,-0.23560275238364614,2.939305362463413,1.2413143455207025,3.6486019122917632,4.2851858779508385,0.5260615434759425,0.2767407475242909,0.008965512654362,0.20444183548651126,0.20424515582979735,0.041716083679938204,0.74366621,1.25406,0.1390987873369417,-0.2897120513035287,0.23396483367075138,3.6375441857596993,1.2514555551592903,4.552224878406353,5.346316989799507,0.20424515582979733,0.0417160836799382
549,494.8,0.0018019928254800009,0.502068734216163,0.5020655004073443,0.25206976669927705,1.7210804,3.11,0.3276431584949925,-0.24329044226896762,0.30290429698455235,3.427977650683577,1.282840931934372,4.39755004405312,5.252911148536325,0.5020655004073444,0.25206976669927716,0.003372427152980003,0.5292437265888473,0.5292329816524557,0.28008754886874854,1.5702616,2.6277,0.3594257186976382,0.6185212702631296,-0.17777581006031928,2.966991427788593,1.2476846114176299,3.70186954665985,4.368807011612212,0.5292329816524557,0.2800875488687485,0.0078324526746955,0.20952353501263665,0.2093770866386535,0.04383876440929022,0.74366621,1.32306,0.14344497764223765,-0.2274566707805651,0.20904917601743778,3.5493206524753815,1.2468745350783632,4.425557538399274,5.184330760291645,0.20937708663865354,0.04383876440929023
550,495.5,0.001711563153350001,0.5001226818682909,0.5001197531298918,0.25011976747070386,1.5100804,2.9240000000000004,0.3268387117739356,-0.2068356166861022,0.22517127651277669,3.01941994384027,1.2802285025855908,3.8655474733796975,4.620261754808521,0.5001197531298918,0.25011976747070386,0.00297041626158,0.5211686031785296,0.521160138120993,0.27160788956629256,1.5149616,2.5884,0.3519299309720142,0.5994111186543336,-0.13380189540639842,2.9068550767649373,1.2527808483380054,3.641652369065216,4.304725079267189,0.521160138120993,0.27160788956629256,0.007105219685205301,0.207287741756147,0.2071659328547724,0.04291772373558807,0.64019621,1.1835900000000001,0.143562330863847,-0.24684896457252925,0.009575351636643248,3.088442203944341,1.2372543967918694,3.8211886960677073,4.459360656432608,0.2071659328547724,0.04291772373558806
551,496.2,0.0008612481566499981,0.513208624923209,0.5132079022649433,0.26338235094718354,1.5440804,2.9349999999999996,0.32961623379698285,-0.19842676011198018,0.2349100809344371,3.008679755199047,1.2902041712511385,3.881811170116665,4.684479226684659,0.5132079022649433,0.2633823509471836,0.002169615159850002,0.5203592870329213,0.5203547639557731,0.27076908037146835,1.5149616,2.6374,0.3512272783547728,0.5971356528688437,-0.11738231744108463,2.911376115987632,1.2543879442242805,3.651995100997396,4.313336956902719,0.5203547639557731,0.27076908037146835,0.007498379658845001,0.2117273363055432,0.2115945160951304,0.044772239241532404,0.69382621,1.29122,0.1448622419206108,-0.23730580611403385,0.13109125136635802,3.2769798274831228,1.2485888903903017,4.091600606628554,4.789558692459276,0.2115945160951304,0.044772239241532404
552,496.9,0.0034261478257799987,0.5144699926055297,0.5144585841470718,0.26466763480260974,1.6270804,3.034,0.3275193976786061,-0.1452468405549925,0.2646661140152591,3.1626342126576956,1.2947585679032185,4.094847743982402,4.96789018156613,0.5144585841470717,0.2646676348026097,0.0037102201455799975,0.5225485969993447,0.5225354251076716,0.273043270492455,1.5304616,2.7109,0.35683631495925294,0.5814846235897744,-0.17271381799369223,2.928840702641709,1.2471618191302272,3.652738298649286,4.288973783889577,0.5225354251076716,0.273043270492455,0.00918094964518,0.20848549293322124,0.208283246871228,0.043381910927220914,0.78167621,1.32707,0.14136253648580546,-0.20280419344293724,0.16806740560011013,3.749307441023602,1.2536459346334172,4.700304031130059,5.5295853444062235,0.208283246871228,0.043381910927220914
553,497.6,0.001133261216980003,0.5130351886621056,0.5130339370105805,0.26320382052457636,1.5530804,2.911,0.3351280951146236,-0.20723865314813225,0.21816754188423637,3.027239523374852,1.2791453609700734,3.872279392870198,4.6342888663775,0.5130339370105805,0.26320382052457636,0.0016875181588799975,0.5234118011757191,0.5234090808272951,0.2739570658924739,1.4761616,2.5846,0.35486580730051254,0.6105354695716222,-0.17427630263985439,2.8202680884996423,1.2482086098392815,3.5202829101202258,4.159774116388553,0.5234090808272951,0.27395706589247387,0.008132479633699998,0.2057017990896369,0.20554097626439552,0.0422470929237208,0.78167621,1.3040699999999998,0.13986419201430708,-0.25628223179888004,0.2510024045836783,3.8000455681934784,1.254254698437979,4.766225008185089,5.588822977077937,0.20554097626439555,0.04224709292372081
554,498.3,0.003327110345940002,0.5064656327500998,0.5064547042862816,0.25649636749370497,1.5220804,2.888,0.32801575161746627,-0.20225210364759424,0.21373787068305017,3.0052984873526936,1.2853520463370354,3.8628665605723818,4.640266183847958,0.5064547042862816,0.2564963674937049,0.005602057154939997,0.5170858951863387,0.5170555482308357,0.26734643995629004,1.4205616,2.605,0.3503248200269468,0.6210176146658916,-0.13511449706858114,2.747244922409036,1.2509768480654628,3.4367397938991027,4.054984171234945,0.5170555482308357,0.26734643995629004,0.008857449665311998,0.20746984803842333,0.2072806875483409,0.042965283430512924,0.67864621,1.3060399999999999,0.1453050817319771,-0.21179201624738045,0.03857893584333105,3.271059464382097,1.233845234303673,4.035981131251775,4.670491918870386,0.2072806875483409,0.042965283430512924
555,499.0,0.0027531985558800036,0.5032151428822633,0.5032076111544107,0.25321789992372856,1.5220804,3.005,0.3312614581030233,-0.19115018915205406,0.1852860974616819,3.0247110436343116,1.2745882825584942,3.855261254341568,4.594800761658871,0.5032076111544107,0.2532178999237286,0.004662049169000001,0.5155561474620769,0.5155350681413289,0.2657764064834846,1.5645616,2.662,0.35042060784672147,0.6417322465841827,-0.10754401753273157,3.0347065158700013,1.2479130442165502,3.787049846523134,4.4648104733736425,0.5155350681413289,0.26577640648348466,0.008332229653639998,0.20735313845430153,0.20718566064244828,0.04292589797584775,0.73965621,1.28305,0.14132082861343734,-0.24330991365513568,0.13954106193765137,3.5671329381060346,1.2488217084899358,4.454713050176303,5.23387965706897,0.2071856606424483,0.042925897975847754
556,499.7,0.001387520817799999,0.5040275089977194,0.5040255991637987,0.25404180461242637,1.4900804,2.847,0.3277498437562086,-0.18696381422248276,0.19830744827978775,2.956347368743999,1.2827139540626693,3.7921480229443834,4.546395454907897,0.5040255991637987,0.25404180461242637,0.0003960441752400019,0.5225558887047218,0.5225557386241135,0.2730644999689929,1.4898616,2.6263,0.3525969776067296,0.6455617709014503,-0.06367863039427446,2.851104795111914,1.2541600196018288,3.5757416457244258,4.225395266041454,0.5225557386241135,0.2730644999689929,0.008969599643309999,0.20516658128787885,0.20497041825491438,0.042012872359594534,0.73965621,1.28305,0.14011772268263606,-0.22303079402358095,0.17478772808531184,3.6051495587488187,1.2496133179452593,4.505042901796998,5.278819808364336,0.20497041825491438,0.042012872359594534
557,500.4,0.0025512808077699997,0.49911168454105753,0.49910516387997034,0.24910596461165205,1.5649196,3.055,0.31866349028777,-0.19642094408902594,0.2961957947257128,3.135409665752411,1.2942099679091275,4.057878442895396,4.910884515156709,0.4991051638799704,0.24910596461165208,0.005384238163650004,0.5251021125970501,0.5250745076970337,0.2757032386332822,1.4689616,2.4844,0.35604328712274,0.6126819723507928,-0.18843209890957002,2.7974779852528293,1.2492901869567536,3.49486179520391,4.125794961255933,0.5250745076970337,0.2757032386332822,0.00936425965283,0.20455973907138475,0.20434528986523617,0.041756997490107396,0.67418621,1.25058,0.13877853328478687,-0.26594609256499063,0.24649564732983142,3.2957913080087122,1.2546416914816865,4.1350371814506905,4.858000686723682,0.20434528986523617,0.041756997490107396
558,501.1,0.002413206617933999,0.4974431706997025,0.49743731716628625,0.24744388450959248,1.6570804,3.0709999999999997,0.320610596366743,-0.22502168544076606,0.24916918491799445,3.331195395986951,1.2875175102331178,4.288972402341144,5.1685141376440455,0.4974373171662863,0.24744388450959254,0.0045557841477300055,0.5235650879456054,0.5235452665685068,0.27409964614628884,1.4984616,2.6549,0.35544445087120374,0.6074625439388646,-0.1863994978157022,2.8620349876263695,1.2503400357717604,3.578516928808785,4.21574059273462,0.5235452665685068,0.2740996461462888,0.00960768966313,0.20665165939604108,0.20642819727564923,0.04261260063047436,0.75384621,1.30024,0.1418832779483536,-0.22286655823729748,0.13053378955090356,3.6479078474529865,1.245281740992806,4.542673035257575,5.313143457782282,0.20642819727564923,0.04261260063047436
559,501.8,0.0008259551919939985,0.5083634439414765,0.5083627729624383,0.2584327089340595,1.6570804,3.059,0.3248310179959456,-0.23594110718016176,0.2847544996942686,3.259637213785902,1.2942015832588667,4.218627642931235,5.101361348504849,0.5083627729624381,0.25843270893405945,0.002364170155929998,0.5175206491594114,0.5175152490563465,0.2678220330058524,1.5207616,2.6772,0.34976436833348945,0.5567467937441597,-0.1314986257535038,2.938552505045187,1.2527921618121514,3.681395545394073,4.347960334684524,0.5175152490563465,0.2678220330058524,0.008771609644991803,0.20861745933657963,0.20843297053078083,0.04344430320428535,0.69255621,1.36195,0.13919049874625977,-0.1684401370628489,0.09990268933659685,3.3197423274273623,1.2621318946326845,4.189952673408215,4.975599744509212,0.2084329705307808,0.04344430320428534
560,502.5,0.0021727838419999994,0.5135041444455863,0.5134995475880866,0.26368178537316955,1.4690804,2.871,0.34063526410857353,-0.2115587167818915,0.15704372000530764,2.8608929760170057,1.2715877138698013,3.6378763589996366,4.3127666298570535,0.5134995475880866,0.26368178537316955,0.0038005041665500026,0.5198867146809745,0.5198728231691448,0.27026775226985694,1.4404616,2.4669,0.35139458160224746,0.5759540892167776,-0.1801710376832606,2.770722081028616,1.2507206506965274,3.465399324083347,4.0992709490053985,0.5198728231691448,0.270267752269857,0.007667799635142001,0.2052209703932722,0.2050776719633603,0.04205685153791161,0.66939379,1.30682,0.13662276662251013,-0.22562734143970178,0.2043756675789692,3.2618196313818077,1.2660028644621257,4.129472996688164,4.899577182839085,0.2050776719633603,0.04205685153791161
561,503.2,0.0025685018209999997,0.5074057378704591,0.5073992369153313,0.2574539856222605,1.5979196,3.1310000000000002,0.32880115921582204,-0.1556757956752295,0.24989663202519896,3.1491949750240105,1.2863255530240076,4.050889967828186,4.859835664238459,0.5073992369153313,0.25745398562226046,0.003114532144699999,0.5233180715230162,0.5233088033581017,0.2738521036720884,1.4761616,2.5476,0.3562668116104984,0.6208686917942732,-0.1553474117401601,2.8207732167626403,1.247288242867736,3.5183172690642452,4.1434159789598,0.5233088033581017,0.2738521036720884,0.01003263666932,0.20489524709038798,0.20464947711072357,0.04188140848169257,0.71754921,1.274943,0.14059759893654641,-0.25051137773644533,0.18937780839720775,3.502029550170379,1.2478002344507264,4.3698332937559705,5.103566600193789,0.20464947711072357,0.04188140848169257
562,503.9,0.0025105558230009996,0.5071462325934997,0.5071400184793542,0.25719099834323966,1.5330804,2.963,0.3297665301400067,-0.19074850710768212,0.18968278191182186,3.0229553163788014,1.2818170266250188,3.8748755952609684,4.648987267898628,0.5071400184793542,0.25719099834323966,0.00619750316018,0.5183846606315553,0.5183476124500549,0.26868424733267227,1.4405616,2.519,0.35528959339373856,0.5997517847663949,-0.23104694048993757,2.778943339575179,1.2405842941479384,3.447513461403988,4.054612425429368,0.5183476124500549,0.26868424733267227,0.00882418466821,0.2116654143599045,0.21148139729321674,0.04472438140109138,0.74615621,1.43555,0.14755305574236116,-0.1199734196165606,0.004475560064853834,3.5251683051595575,1.234936095449226,4.353357582575109,5.056867214616316,0.21148139729321674,0.04472438140109138
563,504.6,0.0035824698268610003,0.4983695750861951,0.4983566988428412,0.24835939928153428,1.6750804,2.981,0.3230558323198818,-0.18950772590987647,0.24347824676841778,3.3611209105417155,1.283201753263743,4.3129962453385575,5.185111155465465,0.4983566988428412,0.24835939928153428,0.005220245149179999,0.5207183842920672,0.5206922169384938,0.2711203847803234,1.5665616,2.7350000000000003,0.35531444086429215,0.5973912300239373,-0.09295021685961258,3.008462246113682,1.2483162398257257,3.755512278726289,4.408944359788428,0.5206922169384938,0.2711203847803234,0.010081415654139999,0.20923383214143337,0.20899081695375513,0.043677161570997984,0.74615621,1.41655,0.14335869929712497,-0.1822644119694921,0.14758474803648225,3.566135564040281,1.2480214981865927,4.450613849370042,5.204819893444471,0.20899081695375513,0.04367716157099798
564,505.3,0.0014866197307500017,0.5035904152473206,0.5035882209610795,0.253601096290745,1.5440804,3.0469999999999997,0.3258588160959678,-0.17931924084014886,0.22610751139410956,3.0661433443717936,1.2842703878644797,3.937757102124456,4.738495089680977,0.5035882209610795,0.253601096290745,0.00098225513676,0.5193735457086416,0.5193726168723306,0.26974791515681273,1.4371616,2.5516,0.3571305878804554,0.5878708143160392,-0.14924775253426592,2.7671058949279246,1.2435501972039154,3.441035081321737,4.024190726785549,0.5193726168723306,0.26974791515681273,0.010236319637249998,0.20203843709912256,0.20177895783688682,0.040714747825740145,0.69659621,1.22299,0.1345897570990147,-0.2718375435438664,0.2176792381597661,3.4478400249069505,1.263932986236674,4.35783873874697,5.17570003107688,0.20177895783688682,0.04071474782574015
565,506.0,0.0026086504329699985,0.5037418546920158,0.5037351001384265,0.2537490511114705,1.4650804,2.894,0.32989811348862685,-0.19503925883324633,0.16944158664002318,2.9083952154337855,1.2778771912831706,3.7165719090399376,4.441008723896532,0.5037351001384265,0.25374905111147056,0.00379432543755,0.5238648186506064,0.5238510774202022,0.2744199513143067,1.5237616,2.6322,0.35710922395699085,0.6216035549157075,-0.08854198849323502,2.9086923682429577,1.2508156563222417,3.638237953623311,4.2669343096652055,0.5238510774202023,0.27441995131430674,0.01139416965538,0.20531741972059933,0.20500101399405118,0.042025415738589166,0.75856621,1.2989600000000001,0.13930288528242493,-0.2235421094260817,0.25199959061600374,3.694602294497342,1.2521832657065237,4.626319166610497,5.44544507073253,0.20500101399405118,0.042025415738589166
566,506.7,0.001843222815719999,0.5143011589083758,0.5142978559007902,0.26450228458415004,1.6760804,3.151,0.32874869551034586,-0.20008959415027003,0.3067744636182188,3.2589473520875316,1.2947982171629326,4.219679221310796,5.098363652509925,0.5142978559007902,0.26450228458415,0.005327913142969997,0.5222564751335845,0.5222292974934453,0.2727234391604974,1.5237616,2.6742,0.36150303037450987,0.5546941818446557,-0.21172847052216115,2.9176499910513263,1.2386528423334233,3.6139554543498122,4.215072826419777,0.5222292974934454,0.27272343916049746,0.010214559654560001,0.20921921406123123,0.2089697162353022,0.04366834230346272,0.75856621,1.3509600000000002,0.14129437063819072,-0.14482392147193615,0.1873752949956078,3.625700504629531,1.2567505980041789,4.556601277377217,5.368693788533467,0.20896971623530222,0.04366834230346273
567,507.4,0.0011760611329399992,0.5093015997241533,0.5093002418630814,0.2593867363617932,1.5310804,2.909,0.3347983694926566,-0.18096448462199735,0.18698818051100874,3.006235206858294,1.2768401521390245,3.838481818890635,4.573141745941455,0.5093002418630814,0.2593867363617932,0.0020158481573799964,0.5165848159909322,0.5165808827943517,0.2668558084685917,1.5107616,2.6612,0.3539081843282518,0.557005007895103,-0.1968990087928595,2.924518013759272,1.2436365297574714,3.6370374338447933,4.2687953172587845,0.5165808827943518,0.26685580846859175,0.011151479662830002,0.20550281570228127,0.2052000286620235,0.04210705176289526,0.68407621,1.24047,0.1396661187861298,-0.1982820537302552,0.21425540103257612,3.3287923947039433,1.2521650052001778,4.168197346224775,4.897939571497102,0.20520002866202347,0.04210705176289525
568,508.1,0.002464334831959998,0.5137941002239466,0.5137881902873701,0.2639783044787708,1.5400804,3.024,0.33319155376002546,-0.16226223475330087,0.22762671700128,2.997466104279375,1.2838670114490613,3.8483478492210215,4.6222072036952415,0.51378819028737,0.26397830447877074,0.004794981156680002,0.5201221318946387,0.5201000290735726,0.27050404024233105,1.5149616,2.5594,0.35514102317132207,0.593712675523586,-0.19167388219457582,2.9127035884465804,1.2459115948496056,3.628971173205648,4.265802881547632,0.5201000290735726,0.27050404024233105,0.010508479675819998,0.20470750858757503,0.2044376088860242,0.041794735927035,0.69265621,1.24905,0.14080253259443742,-0.25126157441632624,0.19982007944882518,3.383638513209093,1.2448076210678298,4.2119790081812996,4.919344824535949,0.20443760888602416,0.04179473592703499
569,508.8,0.002077391831859999,0.5019621521185148,0.5019578534126425,0.2519616866026279,1.5570804,3.041,0.3270953250100301,-0.17148937750056767,0.2710379904429092,3.101987656695616,1.282954887252734,3.979710224355297,4.760326060766089,0.5019578534126425,0.25196168660262797,0.00264008615828,0.5241855005997711,0.5241788520954554,0.2747634689841094,1.5149616,2.6353999999999997,0.3535087517182298,0.6109604093274483,-0.1504182291049725,2.890124961996443,1.252959602901574,3.62120982471899,4.285499560156649,0.5241788520954554,0.2747634689841094,0.009698079673645001,0.2072807910784304,0.20705379397814364,0.04287127360074355,0.74644621,1.31284,0.14234232889145243,-0.2324454612104624,0.18807523224540956,3.601135474813783,1.2448946269637635,4.48303420356428,5.24402133794808,0.20705379397814364,0.04287127360074355
570,509.5,0.0008182204888800002,0.5053824906836324,0.5053818283286641,0.2554107924048233,1.5720804,3.012,0.3279494766651083,-0.18868148641249652,0.3093654858904613,3.1106744475326837,1.2865291723174654,4.001973422333313,4.793666439069695,0.505381828328664,0.25541079240482323,0.00437375914699,0.525773905284121,0.5257557129586325,0.27641906970864005,1.5541616,2.5826000000000002,0.36010222970581485,0.589033835420857,-0.20694679176958353,2.955950427323228,1.2414693611406813,3.669721888572492,4.315889966217846,0.5257557129586325,0.27641906970864005,0.009377519654055,0.2099117730244988,0.20970220451732624,0.04397501457942652,0.70139379,1.4008500000000002,0.1398557963768064,-0.17391135706124455,0.16815078134189854,3.3413742349655653,1.2624759199439186,4.218404511165059,5.0151213476363194,0.2097022045173262,0.043975014579426513
571,510.2,0.002361042073910002,0.4966245370915541,0.4966189246512114,0.24663035632172556,1.5720804,2.894,0.31812152692602436,-0.19079729404098425,0.31929022747564595,3.1655310653935382,1.293954906603663,4.09605445407229,4.941760512691019,0.4966189246512113,0.24663035632172553,0.0065037151685900015,0.5185448303106314,0.5185040431191326,0.26884644273088726,1.4745616,2.5069999999999997,0.35027845880843295,0.5900462176550224,-0.23159473491948157,2.8436530726122022,1.248988097707924,3.5516888417032075,4.209683932652098,0.5185040431191325,0.2688464427308872,0.009570609645620003,0.20935335687576268,0.20913448177228358,0.04373723146616161,0.76695621,1.46835,0.1387940361856751,-0.23956561246601124,0.46970264375556026,3.663453127504125,1.2708844276274696,4.655825531088143,5.525858538863916,0.20913448177228358,0.04373723146616161
572,510.9,-0.000254410201239998,0.4952183220034631,0.49521825665394764,0.24524112172337517,1.6040804,2.923,0.3168896640118593,-0.2041043334813867,0.2897432784305396,3.2391378281613386,1.2912937396129818,4.182678399248327,5.061952414894695,0.49521825665394764,0.24524112172337514,0.0020419566632799992,0.5178371344255892,0.5178331084462358,0.268151128203091,1.5158616,2.6443000000000003,0.3500873117356568,0.6166551517563061,-0.13671589884607327,2.9272941224685813,1.2530303175562516,3.6679882838573556,4.329952983684806,0.5178331084462358,0.268151128203091,0.009638342655616,0.20437904080888178,0.20415164626524937,0.04167789467281151,0.70574321,1.315137,0.13871279706407438,-0.21165962538356192,0.27973415783635414,3.4531095126332065,1.253061672296701,4.3269591805238115,5.0878017381049725,0.20415164626524937,0.04167789467281151
573,511.6,0.0002577890188489973,0.5018015010517262,0.5018014348351222,0.2518046800025874,1.5610804,3.008,0.32894597826956434,-0.20462519636771753,0.20298448334954777,3.1109520332803515,1.278681326409938,3.9779162723126134,4.745704471634328,0.5018014348351222,0.2518046800025873,0.0033121541542800023,0.5241967870887212,0.524186323008333,0.2747713012289964,1.5158616,2.7323,0.3574534964391348,0.5663640245896159,-0.1977783161417972,2.891779647141252,1.2462604410926632,3.6039105785890424,4.2407239405982775,0.524186323008333,0.2747713012289964,0.006960082659915999,0.2057102463163532,0.20559246749066912,0.04226826268890184,0.70574321,1.325137,0.14061251854035398,-0.15790086353842744,0.1430550397746666,3.4307635260650406,1.2483527928393012,4.282803229334503,5.019063859505943,0.20559246749066912,0.04226826268890184
574,512.3,0.0021387255368789998,0.5002297399738586,0.5002251679068057,0.250225218607392,1.5410804,3.043,0.3258904767163536,-0.17783219209874426,0.2858419986640244,3.080745259329314,1.2841892654459643,3.9562599916042482,4.728829192947897,0.5002251679068057,0.250225218607392,0.006887284167880002,0.5209593900913335,0.5209138618247023,0.27135125144112504,1.4196616,2.4751000000000003,0.3517666754802252,0.56079903335679,-0.22185263432307556,2.725090721085012,1.2513523370510062,3.4100486425057412,4.035804693727468,0.5209138618247022,0.271351251441125,0.0066401096698799995,0.20751579689569657,0.2074095342669376,0.04301871490482796,0.66299621,1.17339,0.14278080009286892,-0.21466018995616462,-0.061458135888385446,3.1949192298514073,1.2417931532819875,3.9674288249184384,4.6434549292955865,0.20740953426693756,0.04301871490482795
575,513.0,-2.7109958019996938e-05,0.5082075309995067,0.5082075302764263,0.25827489382966473,1.5690804,3.0709999999999997,0.33391890847525846,-0.15789324062278176,0.27618358731410053,3.0874796304455456,1.280525544924794,3.953596536220484,4.6989863711664,0.5082075302764263,0.25827489382966473,0.0030291581734000015,0.512220958494176,0.5122120015398437,0.2623611345214529,1.4286616,2.4431000000000003,0.34445812110825486,0.604982060437323,-0.1654956006794781,2.7891510027234547,1.2540310945355515,3.497682084770225,4.147562540849505,0.5122120015398438,0.26236113452145293,0.0087863776594,0.2079922257873147,0.2078065580187201,0.04318356555558769,0.70455821,1.269952,0.13986204827245644,-0.2502262268050173,0.15175190129528904,3.3874256950375425,1.258701195889831,4.263756773331697,5.037522463760109,0.20780655801872008,0.04318356555558768
576,513.7,0.0017176253349799988,0.5065529140173244,0.5065500019372732,0.2565929044626514,1.5690804,3.0869999999999997,0.3295171159091375,-0.14914756498957463,0.29744601929159886,3.097564650366095,1.2837513089936978,3.9765026746000807,4.761756898942588,0.5065500019372731,0.2565929044626513,0.004349008153779999,0.517731486567119,0.5177132201432346,0.2680269783110773,1.4241616,2.5426,0.35092004456198445,0.5809728994269172,-0.18073313750157016,2.7507726243251596,1.249464340277768,3.4369923023065803,4.0583649240602,0.5177132201432345,0.26802697831107725,0.00831639965582,0.20506302888619454,0.20489432230480406,0.041981683312744926,0.80315621,1.3505500000000001,0.14131747607814665,-0.22138942206551107,0.1423259727938273,3.916630971279245,1.2425354833968434,4.8665529571855055,5.683346690651803,0.2048943223048041,0.04198168331274493
577,514.4,-0.0005458511731000039,0.5057476329000221,0.5057473383325634,0.2557803702304723,1.5460804,2.859,0.3293389279304493,-0.1859296168900051,0.1821808053244438,3.0570195477427657,1.2800410141877252,3.913110402284351,4.694496364931708,0.5057473383325634,0.25578037023047234,0.004271533150759999,0.5157135540314544,0.5156958636796458,0.2659422238162958,1.4241616,2.5426,0.3519346757610287,0.5888768457147994,-0.21394886177142514,2.7615361063656234,1.2438921502995595,3.435053085477008,4.046664617291183,0.5156958636796458,0.2659422238162958,0.00674499967625,0.20617974673243303,0.2060693886583294,0.04246459294201762,0.63615621,1.16255,0.14241978817309775,-0.22672562587985792,0.007565012451295594,3.0854447155062377,1.2400031535828038,3.8259611774331317,4.466768404590045,0.20606938865832938,0.04246459294201761
578,515.1,0.0004453363365800009,0.5029626767563412,0.5029624796000703,0.25297125588545116,1.4910804,2.926,0.32895921301285125,-0.15157406490565287,0.11701658619896005,2.9645945293915905,1.2763484265721001,3.783855563013212,4.532721203773518,0.5029624796000702,0.2529712558854511,0.002517621142730004,0.5181864918338386,0.5181803758372586,0.26851090190284255,1.4456616,2.5701,0.35509283751746684,0.5729368748465159,-0.2079719387950698,2.7898481006015206,1.2429586394454406,3.467665799383113,4.071221515215408,0.5181803758372586,0.26851090190284255,0.006523609666769999,0.20558845372275786,0.2054849260189909,0.042224054821030164,0.67881621,1.2212100000000001,0.1404077063896126,-0.2970872825085713,0.14055949175859705,3.301820689382702,1.2494085575292835,4.125323024741986,4.834607924698775,0.20548492601899093,0.04222405482103017
579,515.8,0.0024845161317000055,0.5020272019233081,0.5020210539913016,0.25202513865053733,1.4910804,2.9219999999999997,0.32763857985292144,-0.17674083680011998,0.21709383401786386,2.9701187391590467,1.2823864273019725,3.8088399585728094,4.5509915244699,0.5020210539913016,0.25202513865053733,0.006499205169740002,0.5153762739382839,0.5153352928634626,0.2655704640706707,1.4500616,2.5525,0.34476558342898667,0.5837167913071163,-0.15611033202759694,2.8135978959979138,1.2576147606346828,3.538422244497663,4.205934900977949,0.5153352928634626,0.26557046407067075,0.008077859645873,0.2024279564041767,0.20226671925334835,0.04091182571751285,0.71892621,1.24132,0.1371148263719828,-0.26325832328817267,0.17309506360125626,3.55151641487977,1.2552533657834124,4.458052933412869,5.243241952913277,0.20226671925334838,0.040911825717512854
580,516.5,0.0009202237427000002,0.5005990326035323,0.5005981868044028,0.2505985446318558,1.5879196,3.052,0.3285994219699369,-0.17247809175085252,0.2258713179435876,3.1720388905697523,1.2791674806382265,4.057568996136585,4.832387076278169,0.5005981868044028,0.25059854463185577,0.001556892159080002,0.5174933523606883,0.5174910103801886,0.26779694582430846,1.4820616,2.5244999999999997,0.35171958589883556,0.5678087399374169,-0.18545732739933607,2.8639239388084277,1.2483165225029327,3.5750835720062386,4.213759083710176,0.5174910103801886,0.26779694582430846,0.0077776896441948,0.20138172870989998,0.20123147915270698,0.04049410820198634,0.71892621,1.27432,0.13614181655269988,-0.28789273463769866,0.2062918270507157,3.5699674176282774,1.2548775286877423,4.479871890529134,5.280715567077121,0.20123147915270698,0.04049410820198634
581,517.2,0.00027709841697999994,0.5093404638220248,0.5093403884465699,0.25942763130290275,1.5879196,3.144,0.32488302367378136,-0.19662071693467145,0.24986595365449737,3.1175995484129753,1.2918139957942945,4.027358729921854,4.887665665148597,0.5093403884465698,0.25942763130290264,0.0027279606479799997,0.5207041394815998,0.5206969935614919,0.2711253591039764,1.5745616,2.678,0.3590223458174403,0.5887944580856845,-0.19274926720958918,3.0239083591069487,1.2392441055889611,3.7473606098644736,4.385692473862479,0.5206969935614919,0.2711253591039764,0.00618956966285,0.203672666347104,0.20357859475968357,0.041444244244327466,0.65578621,1.29718,0.13875957424664614,-0.19390739507349875,0.06324069556756085,3.219804708022985,1.2482199391925475,4.019024436860328,4.726060983974593,0.2035785947596836,0.04144424424432747
582,517.9,0.0029257723168200018,0.5107754657820557,0.5107670861569156,0.26088301630122607,1.5960804,3.053,0.32877369923443334,-0.21563406143280273,0.20288258751843724,3.124818059842045,1.28591081825545,4.018237348230891,4.8546474481278645,0.5107670861569156,0.260883016301226,0.00532593664658,0.5222236301552328,0.5221964709679163,0.2726891542913459,1.5745616,2.7430000000000003,0.3587018159361428,0.5586338289764652,-0.16303076351277035,3.0151098285842717,1.2420069872532227,3.744787474437532,4.389611454546715,0.5221964709679163,0.27268915429134594,0.005304209679879999,0.21098998447288628,0.21092330100664708,0.04448863890754065,0.68273621,1.3241299999999998,0.14341318849348683,-0.16308959693878297,0.03617354193175215,3.2358702319717763,1.2508966707373095,4.04773930011146,4.760623602138284,0.21092330100664708,0.04448863890754065
583,518.6,0.0022475468256599996,0.5128924754528557,0.5128875509401887,0.2630536399094246,1.4569196,2.8970000000000002,0.33404668886349087,-0.12415117772199982,0.13704249682208358,2.8405946075025192,1.2794570563707928,3.6344188148579204,4.361425059942367,0.5128875509401887,0.2630536399094246,0.0033825851651100003,0.5187367894736045,0.5187257607551252,0.2690764148709834,1.5391616,2.6016,0.3499623836852135,0.6037899611866174,-0.11949979234525099,2.9671340672827275,1.2531915009629928,3.718387195336471,4.3980772555957195,0.5187257607551252,0.26907641487098344,0.00620341967506,0.2092158392571712,0.2091238508167291,0.04373278498041757,0.68376621,1.31016,0.14362351202433937,-0.28770105950695934,0.15744041758281702,3.2682334780566236,1.247468589141733,4.0770186058570745,4.760823630911662,0.20912385081672913,0.04373278498041758
584,519.3,0.0017405523317799974,0.5105518370455946,0.5105488701272501,0.2606601487882117,1.6400804,3.1100000000000003,0.3322136842914794,-0.13405786226282995,0.24434354287760485,3.2123680319918884,1.2824858710596303,4.119816613673227,4.936823729876875,0.51054887012725,0.26066014878821164,0.0030248054592799966,0.5190242710679702,0.5190154569081458,0.2693770445095713,1.4266616,2.4611,0.3528333059046772,0.6040861519171751,-0.16995241806301964,2.748737736415351,1.246375029925032,3.4259580784807477,4.043443677580235,0.5190154569081458,0.2693770445095713,0.0060028896650118,0.20772253953050282,0.20763578387327894,0.043112618744671004,0.73262621,1.29602,0.14159844335864277,-0.25049140905672634,0.11302785771792578,3.5269461448713813,1.2479776297204972,4.401549890028432,5.173970791079905,0.20763578387327894,0.043112618744671004
585,520.0,0.00390044831794,0.5097440389816444,0.5097291160805308,0.2598237717802393,1.5260804,2.996,0.3296400576043573,-0.14640146767684736,0.19709498648328472,2.993817059732116,1.2853929454765383,3.848231328626974,4.629535655013269,0.5097291160805308,0.2598237717802393,0.004909500444860001,0.5256479659235539,0.5256250382972177,0.2762816808849516,1.5752616,2.8117,0.36241037943400894,0.5717070898812942,-0.20761616829202856,2.9967995733271677,1.2382336199172033,3.7107379838472294,4.346623853489379,0.5256250382972176,0.27628168088495153,0.005311789655274,0.20764746463127143,0.2075795135808282,0.04308925445845324,0.73262621,1.31602,0.14046755586761112,-0.14640511551200425,-0.055825095667124014,3.52822131154337,1.2494257096584347,4.408250416007088,5.21562581106267,0.2075795135808282,0.04308925445845325
586,520.7,0.001997622318760001,0.4997435634903376,0.4997395709317931,0.2497396387550927,1.5260804,2.958,0.3234045492943051,-0.18264090564420618,0.23475794380998982,3.0537269741734376,1.2865483649771046,3.928767445709317,4.7187969474456395,0.4997395709317931,0.2497396387550927,0.0034881051561400055,0.5207585102375686,0.5207468282258391,0.27117725910727153,1.6519616,2.7573999999999996,0.3580655487778457,0.5566668046435534,-0.21554221713394384,3.1722219945025567,1.2401330955676095,3.9339774818701123,4.613573145024698,0.5207468282258391,0.2711772591072716,0.0049444896523218,0.2039814575397849,0.20392152177279654,0.04158398704213314,0.69643621,1.27983,0.1377433771613062,-0.1676244803166841,0.13111317106044185,3.414213323111322,1.2563392592256213,4.289410237195924,5.056041345526393,0.20392152177279654,0.04158398704213314
587,521.4,0.0028901658307599995,0.49765396257312744,0.49764557006589183,0.24765111340620644,1.4640804,2.9130000000000003,0.32384681028310064,-0.16357537829892774,0.21004693096785276,2.9419647186771103,1.2830947108280373,3.774819369977295,4.5209041852847935,0.49764557006589183,0.24765111340620644,0.005077050152280002,0.5196060870198053,0.5195812826014662,0.2699647092297847,1.4906616,2.5961,0.3548865234912376,0.5775012380322115,-0.1440865286066786,2.8688301335145483,1.2477175261794662,3.57948963721788,4.200389424020508,0.5195812826014662,0.26996470922978466,0.005440699645040001,0.20162929666590515,0.20155587826049642,0.04062477206136005,0.66686621,1.30826,0.13663908098256242,-0.2157507191957442,0.2505907841825916,3.3073874730862207,1.2582869938533037,4.1616426410177345,4.880493964132444,0.20155587826049642,0.04062477206136005
588,522.1,0.001188239821840001,0.49884495549851354,0.49884354031343303,0.2488448777124397,1.6150804,3.0620000000000003,0.32309761086018984,-0.20883134845038837,0.2696700373946501,3.237640036644237,1.2873554124702695,4.167993424804401,4.998738293669632,0.49884354031343314,0.2488448777124398,0.0033812961625600004,0.5188376698922308,0.518826651720457,0.26918109453546046,1.5454616,2.7979000000000003,0.3514355004938322,0.5989997361915979,-0.06361875812195006,2.9786996775330756,1.2515237037113132,3.727913252669889,4.397568253145568,0.5188266517204572,0.2691810945354605,0.005169559657140001,0.20531088199963354,0.20524578904430346,0.042125833920418715,0.69742621,1.3388200000000001,0.1405307950074732,-0.1440568265534258,0.13694921724078402,3.3969276406948796,1.247748807253371,4.238512412003043,4.962799861503039,0.2052457890443034,0.0421258339204187
589,522.8,0.0021627066274100015,0.5067332326328446,0.5067286174616314,0.2567738917545764,1.6150804,2.999,0.32553184603026286,-0.20893251868213758,0.3316770659029298,3.187239944000697,1.2934854408505982,4.122648464062378,4.961359141034254,0.5067286174616314,0.2567738917545764,0.002248490151979999,0.5204336987303767,0.5204288415011383,0.270846179066217,1.6191616,2.7496,0.35891637950992344,0.5603707701022587,-0.15321361121571586,3.11117747361484,1.2395882998165981,3.856579194945918,4.511250231072926,0.5204288415011383,0.270846179066217,0.006273319657369999,0.20737741488472225,0.20728250689517116,0.04296603766474668,0.69742621,1.3058200000000002,0.14301681058927532,-0.20002217272460665,0.13994692147439336,3.363076979176773,1.2484311844932994,4.198570176655806,4.876533095140211,0.20728250689517114,0.04296603766474667
590,523.5,0.004417204827649998,0.5112645736880737,0.5112454915302024,0.2613719526099582,1.5950804,3.069,0.32822614997687044,-0.19705687695834576,0.33741354310678906,3.1198727275267277,1.2925678297783518,4.032647120603889,4.859699326553971,0.5112454915302024,0.2613719526099582,0.006475046154799999,0.5186530227852283,0.5186126028371734,0.2689590318215477,1.5873616,2.6168,0.3538947839301359,0.5848162544222226,-0.15832578810267872,3.0605463195330085,1.2465724331652357,3.815192672355169,4.485405471003971,0.5186126028371734,0.26895903182154773,0.00598263966385,0.21244415159949118,0.21235989633516053,0.04509672557148013,0.72413621,1.3355299999999999,0.14317613350627523,-0.21760016991762143,0.30859296516948875,3.4085956452459683,1.2622112581005502,4.3023677977419705,5.057660046171466,0.21235989633516053,0.04509672557148013
591,524.2,0.004123137029959997,0.5087004532695307,0.5086837434965444,0.25875915089765816,1.5300804,3.004,0.33176361851754993,-0.1321259040575117,0.2673229512681137,3.0078219709965532,1.2816088545549311,3.8548512709540477,4.611959583865764,0.5086837434965443,0.2587591508976581,0.0035750761650999996,0.511949165456813,0.5119366824543256,0.262079166842341,1.4669616,2.5094000000000003,0.345552747222425,0.6372259278709651,-0.08799510746717454,2.865443874082748,1.2520632148366009,3.5877168689178895,4.245260996451427,0.5119366824543256,0.262079166842341,0.0058761696551237995,0.20598384154946436,0.2059000087655633,0.04239481360965904,0.68726621,1.27066,0.13944058813512802,-0.20750801844537178,0.3655207444197668,3.336505450282914,1.2583755819393425,4.198576987643549,4.928738606107924,0.2059000087655633,0.04239481360965905
592,524.9,0.0009024763208799999,0.5074790715384658,0.507478269077636,0.2575341935860336,1.6050804,3.043,0.33146681149870755,-0.14002928897144976,0.19721598509523686,3.162850430726262,1.2801516168678186,4.048928092805301,4.842356291245944,0.507478269077636,0.2575341935860335,0.0022468301586799975,0.5194493744850855,0.5194445152344807,0.26982260440718464,1.5130616,2.6315,0.3531964760490744,0.6131712379587221,-0.08010818853761492,2.912818215441788,1.2488068199860072,3.637547252823176,4.283909106130973,0.5194445152344807,0.26982260440718464,0.005093089661000001,0.20415618025138288,0.20409264164231924,0.041653806372540146,0.64696621,1.26436,0.14070463461438856,-0.12563349711717298,0.07123099900848251,3.168976854893021,1.2442164155808324,3.9428930234536144,4.598044774950439,0.20409264164231927,0.04165380637254015
593,525.6,0.003463393128,0.49886021662854413,0.49884819398562413,0.2488495206427189,1.5560804,2.996,0.32832354406965725,-0.13845681665746878,0.21543040106684685,3.119271387316643,1.276831149729571,3.982782871786063,4.739472474961653,0.49884819398562413,0.2488495206427189,0.005657424647139998,0.5246243317716802,0.5245938267204866,0.2751986830332439,1.6432616,2.7617000000000003,0.35762214153159017,0.6071423722242444,-0.13251807939969762,3.1322634130419207,1.2486156553955297,3.9109931343467768,4.59496605261183,0.5245938267204866,0.2751986830332439,0.004513019658672001,0.2047955888620626,0.20474585678572207,0.041920865870919415,0.73474621,1.3401399999999999,0.13883117435123302,-0.1813088934850614,0.11319725949317494,3.587705253236088,1.2531979831852806,4.496104987618701,5.292371928952673,0.20474585678572207,0.041920865870919415
594,526.3,0.002875711039999999,0.49829991356837305,0.49829161557090484,0.24829453414826244,1.5780804,2.985,0.3248114058433765,-0.16590509542335935,0.36916557554915297,3.1669289057251007,1.2871748230911755,4.076391153969037,4.85845130931439,0.4982916155709049,0.24829453414826247,0.0024410241553999993,0.5203735399861891,0.5203678146454013,0.27078266251883065,1.4931616,2.5536000000000003,0.3526789526852763,0.607243361992536,-0.18687495880770566,2.8694033905713754,1.2501068073447337,3.5870607115713358,4.233770086451594,0.5203678146454013,0.2707826625188307,0.0054886996491408,0.20435880448615024,0.2042850830265639,0.04173239514717011,0.68847621,1.20087,0.13668158214835355,-0.26409774415671894,0.2543039953735189,3.36895790583204,1.2632715054739785,4.255908525578904,5.037081069582083,0.20428508302656392,0.041732395147170115
595,527.0,0.0019460373346779987,0.49909810322455916,0.4990943093054105,0.24909512958104474,1.4910804,2.827,0.3265206364885012,-0.19843498425469167,0.2718828540350735,2.987549722923147,1.281257871889684,3.827821600157127,4.566573237255435,0.4990943093054105,0.24909512958104474,0.004034358152230004,0.5178353569043184,0.5178196412019559,0.26813718081452237,1.4602616,2.4927,0.3490532416775915,0.6226188717263605,-0.1137596567655832,2.81993413645916,1.2542729794351517,3.5369671911475224,4.183492446544283,0.5178196412019559,0.26813718081452237,0.005205748161369,0.20668700106462243,0.20662143304886751,0.04269241659516764,0.70718771,1.3145815,0.14253708452234787,-0.17521544977093595,0.09636661266835578,3.421539363178877,1.242492675241603,4.251237596800573,4.96142959826797,0.20662143304886754,0.04269241659516765
596,527.7,0.001710700348857998,0.5134132521512119,0.5134104021042039,0.2635902409888003,1.5410804,2.927,0.33924763934744706,-0.201381159498821,0.19079713506122342,3.001637362383698,1.2750283992503924,3.827172881290256,4.54264148444574,0.5134104021042039,0.26359024098880024,0.0034701081559799954,0.5212964427831754,0.5212848929402983,0.27173793960777826,1.4600616,2.6085000000000003,0.35744267588654477,0.5452134591216206,-0.20692825711106932,2.8008278594897074,1.2423172171779318,3.4795166721956767,4.08474336864979,0.5212848929402983,0.27173793960777826,0.005326849663809999,0.20903829539220506,0.20897041324823462,0.043668633613137955,0.68457621,1.29597,0.14236638837809126,-0.16246521768058494,0.08089820791931812,3.2748841962931907,1.2507583627681371,4.0960887956109175,4.808552199708322,0.20897041324823462,0.043668633613137955
597,528.4,0.0014856804348800012,0.5133114403338036,0.5133092903223255,0.26348642753120943,1.4750804,2.8819999999999997,0.33594469820674117,-0.17622526426771148,0.2279836069421557,2.873655804438653,1.2807183391476678,3.6803436891427266,4.390842921093614,0.5133092903223255,0.26348642753120943,0.003218988050340003,0.5290595279536154,0.5290497351236784,0.27989362223443426,1.4600616,2.6085000000000003,0.35979667093787504,0.5772966349532724,-0.21695552818858177,2.7597302814816875,1.247306077483226,3.4422283523066035,4.058018647571378,0.5290497351236783,0.27989362223443415,0.00565387966169,0.2075317540994458,0.2074547242276347,0.04303746260436397,0.67501621,1.27041,0.13962448149662735,-0.25035570568875276,0.24926498626452975,3.2525924185873905,1.2589316787252134,4.094791633741126,4.834511847525143,0.2074547242276347,0.04303746260436397
598,529.1,0.004408686444000001,0.5182100204284904,0.5181912665766714,0.26852218875633493,1.6320804,3.04,0.3374776942985102,-0.17823286427684834,0.3285880761630504,3.1494574316615638,1.287210104304836,4.0540134291127226,4.836113401190808,0.5181912665766715,0.268522188756335,0.004321013161610003,0.5225970314971258,0.5225791673754944,0.273088986174865,1.4225616,2.5140000000000002,0.35444630064824867,0.6089277746520392,-0.23063336896095343,2.7221004220492286,1.248127667154477,3.397528849532521,4.013475658790259,0.5225791673754944,0.273088986174865,0.00797307865419,0.21031848568684164,0.2101673034474685,0.04417029543838031,0.71382721,1.288221,0.14208360395809327,-0.20095290599089446,0.30838581527144227,3.3940298099277344,1.2583452384291782,4.270861250409253,5.023994254893331,0.2101673034474685,0.0441702954383803
599,529.8,0.0011878892281000004,0.5097608869216211,0.5097595028582593,0.25985475075429965,1.6320804,3.004,0.32790930504776034,-0.18437351757240916,0.3379083933327953,3.201658742113226,1.2934279572732477,4.141114926697545,4.977231127254183,0.5097595028582593,0.25985475075429965,0.002730610174780001,0.5114279064265514,0.5114206167529023,0.26155104723991895,1.3712616,2.5797,0.3485226162074101,0.5912451739087448,-0.19503591206402104,2.681241251736296,1.2459511863825294,3.340695718578616,3.9344981824190866,0.5114206167529022,0.2615510472399189,0.0046267686791565,0.2101977259548087,0.21014679871024075,0.04416167700816244,1.0149062,1.67129999,0.14110219131403942,-0.23887157938356587,0.5475162084234593,4.828340532181585,1.2605733953414509,6.086477618516888,7.1927033205402715,0.21014679871024075,0.04416167700816244
600,530.5,0.0011253248249999993,0.5068640325977893,0.5068627833894802,0.25690988118533115,1.5890804,2.9859999999999998,0.33058682978396725,-0.1497405739079068,0.12377817290136983,3.135121645652414,1.2785277717695915,4.008340091842595,4.80684726925884,0.5068627833894802,0.25690988118533115,0.002827090174360001,0.51329731704566,0.5132895315973419,0.2634661432474187,1.3712616,2.4777,0.3484410537873693,0.5717293672288365,-0.19433041825105368,2.671476266216331,1.2459732849089171,3.3285880589737706,3.9354191622804326,0.513289531597342,0.26346614324741874,0.006343146668166499,0.2011542807153819,0.2010542442737004,0.040422809140468786,0.69883921,1.295233,0.13712145841111592,-0.18826050134498526,0.14415622378650994,3.4741453550710397,1.2484736147344877,4.337378809558571,5.096497791795276,0.20105424427370042,0.04042280914046879
601,531.2,0.002875181741980001,0.504878787615666,0.5048706007624284,0.2548943235142153,1.6470804,3.057,0.3332334480607305,-0.17080658256848458,0.13720041373600012,3.2623283853506315,1.272418285711244,4.151046291514981,4.94272231549765,0.5048706007624283,0.25489432351421526,0.00572681716088,0.5184931387486943,0.5184615111024912,0.26880233849467855,1.4946616,2.4861,0.3506688310955497,0.6302872679536494,-0.16504961005802432,2.8827027559268044,1.2501312920374994,3.6037569208268363,4.262316657372771,0.5184615111024912,0.2688023384946786,0.0054830466686,0.203619584062778,0.2035457472243738,0.041430871213128675,0.69883921,1.295233,0.13884485263302226,-0.2159885970608792,0.18861949864500804,3.4320824945037742,1.2484452391820011,4.284767050743123,5.033238155735498,0.2035457472243738,0.041430871213128675
602,531.9,0.0034512251198000016,0.5026506370414907,0.5026387887572833,0.2526457519633889,1.4890804,2.941,0.3245172174268474,-0.1537440232931772,0.2455265664096924,2.9624560087389,1.2857711877567644,3.8090405810333787,4.5886021450793075,0.5026387887572833,0.2526457519633889,0.0033964331522600014,0.5188305880717726,0.518819470876666,0.26917364336074373,1.4797616,2.5722,0.351203447555745,0.6275608739607602,-0.14533923851046193,2.8521094053061047,1.2517809824204973,3.570216313344816,4.213402830463741,0.518819470876666,0.2691736433607437,0.006226309658627999,0.20558510456459891,0.20549079854551136,0.04222646828687193,0.67685621,1.20025,0.13788304736521978,-0.23002109881658395,0.2654703367794302,3.2923407142433234,1.2602985429625213,4.149332205097047,4.908915366565456,0.20549079854551136,0.04222646828687193
603,532.6,0.001981408834740001,0.511325364470539,0.5113215254318549,0.2614497023699591,1.7020804,3.1260000000000003,0.3339124918559535,-0.18685015024720372,0.2589079808475625,3.3287619161283923,1.2826096050793778,4.269502006648711,5.097384618764908,0.5113215254318549,0.2614497023699591,0.003865553154079995,0.5171407735340133,0.5171263261043385,0.26741963715017064,1.5142616,2.5457,0.35389998805376566,0.6121189529446275,-0.15081249172968247,2.9281419634578554,1.245704948262465,3.64760093309442,4.278783981676621,0.5171263261043385,0.26741963715017064,0.007589949655128001,0.20527479934468262,0.2051344337507293,0.042080135910232346,0.65310621,1.2475,0.13877260076869416,-0.19336336517350744,0.11497109359699254,3.181619039867389,1.2550935039980575,3.9932293891340964,4.70630518115457,0.2051344337507293,0.04208013591023234
604,533.3,0.0034085818330799995,0.5189390038728516,0.5189278093438766,0.26928607131043475,1.6500804,3.067,0.3371296412594664,-0.13987089966363314,0.23061165942510797,3.1797193652537556,1.2857464521741697,4.088312892784519,4.894498133820402,0.5189278093438766,0.26928607131043475,0.006430822157,0.5193046014395649,0.5192647817854494,0.2696359136026904,1.5142616,2.6347,0.35410111259619714,0.5713794348915664,-0.17211067829415017,2.9159410407732063,1.247738046018307,3.6383305765189484,4.276353691457626,0.5192647817854493,0.26963591360269035,0.00625911964356,0.20464297113441965,0.2045472294019416,0.041839569056010516,0.68680621,1.2812000000000001,0.13702192219380666,-0.1642574108931196,0.17193627713297133,3.356119226537576,1.2617272213914807,4.234506986357782,5.012381953221814,0.2045472294019416,0.04183956905601052
605,534.0,0.0023005078438600004,0.5184669398828317,0.5184618360256887,0.2688026754151282,1.4749196,2.939,0.3407157040874882,-0.1520739571192747,0.14084458646683728,2.8447707781200418,1.2764270002253426,3.6311422306444787,4.328886465477604,0.5184618360256887,0.26880267541512814,0.0017382201589999978,0.5228799387850025,0.5228770495771322,0.2734004089744868,1.5205616,2.598,0.3608320460630476,0.5608603147605373,-0.25942318024494115,2.9080511360471677,1.2379334238027402,3.599973699440318,4.214042562434476,0.5228770495771323,0.27340040897448686,0.007290139642530001,0.20343463067021228,0.2033039665621851,0.041332502819918085,0.67069621,1.24009,0.13690127743423447,-0.20275521511327915,0.14474023753745557,3.2968635074097348,1.2585033560626642,4.1491137885556775,4.8991230949046,0.2033039665621851,0.041332502819918085
606,534.7,0.0028919883298599972,0.5126594613246188,0.5126513041914048,0.26281135968914826,1.4640804,2.8970000000000002,0.3332545624731419,-0.15376642635184,0.13397071732712007,2.8558536620334336,1.2803064788512626,3.6563679461525087,4.393279387189171,0.5126513041914048,0.26281135968914826,0.0034797371799000026,0.5196463567515599,0.5196347058408707,0.27002022751432825,1.5205616,2.6639999999999997,0.3489524402627542,0.6249406582395765,-0.1378272084372414,2.9261469463683207,1.2546722896961182,3.6713554891872455,4.357503844521183,0.5196347058408707,0.27002022751432825,0.0065986596631582,0.20294278551244233,0.20283547984068018,0.041142231882198975,0.78469621,1.33009,0.1365077917930164,-0.3148523037515133,0.37794805019922606,3.866588349118184,1.2595629155663755,4.870211294310278,5.748362050935647,0.2028354798406802,0.04114223188219898
607,535.4,0.0035011675379800003,0.5055320789846958,0.5055199548073841,0.2555504247084596,1.5010804,2.9219999999999997,0.3307870232774549,-0.15175498922087474,0.1794531569469009,2.9693079082434313,1.2786842054897,3.796807123506535,4.537905946633631,0.5055199548073841,0.2555504247084596,0.0039042801518199997,0.5165588666636304,0.5165441116935807,0.26681781932531035,1.4270616,2.5585,0.35463197240787914,0.5630956336976033,-0.20167319728571353,2.7626311193091286,1.241968685845192,3.43110134072339,4.0240635673950695,0.5165441116935806,0.2668178193253103,0.004776156673462,0.20549443255538713,0.20543892070075498,0.04220515013869109,0.71511921,1.341513,0.1382491117836457,-0.214341387006382,0.07173865921672462,3.4799931127440797,1.2530459775123077,4.360591371694504,5.172685746575593,0.20543892070075498,0.04220515013869109
608,536.1,0.001986759724058001,0.5020757944535107,0.5020718635433804,0.2520761561619228,1.4810804,2.902,0.3312938117351699,-0.12629346023684918,0.15172563513655124,2.949913969885954,1.2719775802067217,3.7522244332335397,4.470594824101176,0.5020718635433805,0.25207615616192286,0.0031878431373799985,0.5214903828827271,0.5214806392334281,0.2719420570953048,1.4555616,2.617,0.3619620147669662,0.5622107465767062,-0.15982830027304828,2.7911571292146475,1.2374109001850742,3.4538082558194847,4.021310360251755,0.5214806392334281,0.27194205709530483,0.004716056654681999,0.20441685576781823,0.20436244697015848,0.04176400973163084,0.71511921,1.2995130000000001,0.13877827734558867,-0.2215237864565284,0.13696427805264833,3.4983377829284796,1.2524586425479705,4.38152339078088,5.152962147088731,0.20436244697015846,0.04176400973163083
609,536.8,0.0036157701162499987,0.5071225507095116,0.5071096603739547,0.2571602076445877,1.5440804,2.892,0.32993908066369815,-0.14323105323087404,0.15313214649343054,3.0447874933577452,1.2796121213734453,3.8961469835068394,4.679895442801023,0.5071096603739547,0.2571602076445877,0.004738745847039995,0.5241554575446828,0.5241340362556823,0.274716487961673,1.4791616,2.6406,0.3591356311882477,0.5538371604333334,-0.21230466355558253,2.8219902677897912,1.2438497565789943,3.510131907658623,4.118671252713073,0.5241340362556823,0.2747164879616729,0.004091809635260001,0.2037866240780274,0.2037455404347002,0.04151224524702805,0.69111621,1.2755100000000001,0.13642258806322252,-0.2866257028745484,0.21343853348612907,3.391371799433608,1.263702158697288,4.285683863889357,5.065995447027548,0.2037455404347002,0.04151224524702805
610,537.5,0.0033650608289799953,0.5031096669534171,0.5030984131833408,0.25310801334759553,1.5440804,2.9,0.33242600643478004,-0.15825123166267893,0.16002858804990527,3.0690732089291504,1.2729883957920773,3.9068945808031623,4.644884485904201,0.5030984131833408,0.25310801334759553,0.00319097185684,0.5157093876152095,0.515699515389595,0.2659459901730632,1.4624616,2.5538999999999996,0.3488201624545895,0.6267796355153097,-0.07774543645971388,2.835825050156346,1.2546411413337861,3.5579427775510992,4.192594802172273,0.515699515389595,0.2659459901730632,0.004759219649539999,0.20532513066917915,0.20526996641652895,0.042135759112642925,0.72103621,1.28843,0.13759789610313083,-0.265243016911164,0.355213772589404,3.5116802685090556,1.2633435735582867,4.436458699612354,5.240168857375385,0.20526996641652895,0.04213575911264292
611,538.2,0.0006504448219000014,0.5064926926103184,0.5064922749550917,0.25653442458918424,1.4570804,2.876,0.3330385996830867,-0.13614281044998455,0.16491051312332417,2.8768043868325615,1.276191536726591,3.671353411293645,4.37510967613523,0.5064922749550917,0.25653442458918424,0.0032844561432800027,0.5140080905795603,0.5139975968125613,0.26419352952908837,1.4709616,2.5624000000000002,0.35535341348806104,0.5960815970621294,-0.1444385932280432,2.8617479509737764,1.2418208985916501,3.5537784120210687,4.139432869270639,0.5139975968125613,0.26419352952908837,0.004515029675080001,0.20632552120614997,0.20627611400262175,0.0425498352080226,0.72103621,1.33343,0.14114020513437608,-0.18842668231126244,0.15418046710200706,3.4946535250943445,1.2487924613807129,4.364096977275352,5.108652132916481,0.20627611400262172,0.04254983520802259
612,538.9,0.0038660614437600015,0.5116888264911795,0.5116742212822857,0.2618105087248334,1.5740804,3.034,0.33279535869600707,-0.17044792455178573,0.24520310875697504,3.076245402491965,1.2829408936333173,3.946641025708426,4.72987485813421,0.5116742212822857,0.26181050872483347,0.00616260513728,0.5159431054046932,0.5159062999349401,0.26615931031256035,1.4544616,2.6449,0.3525978999250644,0.5472112503600502,-0.19486509104494498,2.819034860169622,1.245828740103807,3.5120346481538323,4.12498656489193,0.5159062999349401,0.2661593103125604,0.0052480396523200004,0.20437623115117684,0.2043088396016358,0.041742101939366935,0.67281621,1.2852100000000002,0.13919781731279898,-0.2435587368471453,0.14691540479152998,3.2920472513377486,1.2515850136549598,4.1202770040183285,4.83352557524719,0.2043088396016358,0.041742101939366935
613,539.6,0.003135213240859997,0.5168733716786493,0.5168638629159419,0.26714825278838955,1.5740804,3.029,0.3368098401390937,-0.12821294775480835,0.26292679169541877,3.0453888442499175,1.2832940073560333,3.9081292538948356,4.673498848341087,0.5168638629159418,0.2671482527883895,0.002632012458260001,0.5187252184054475,0.518718540945086,0.26906892472019883,1.4544616,2.5899,0.3529475136096037,0.5543004062701976,-0.2798634349159683,2.803915345529161,1.2446235716544742,3.4898191319692935,4.120900541627797,0.518718540945086,0.26906892472019883,0.00579323964986,0.20290632943659234,0.20282361031149757,0.041137416899790225,0.67281621,1.31121,0.136181445448498,-0.2581654289267223,0.268607467978617,3.315895624686529,1.2617292424447515,4.1837624745616,4.940586493146382,0.20282361031149757,0.041137416899790225
614,540.3,0.001844494341889997,0.5133023543914826,0.5132990403891887,0.263475904864462,1.5600804,3.0149999999999997,0.3368259544690831,-0.1444871040477733,0.16643247678897355,3.0393010798664024,1.277852301269204,3.8837778791572592,4.631710767238984,0.5132990403891887,0.26347590486446204,0.002328277749730002,0.5146987857136529,0.514693519619034,0.2649094191378289,1.4490616,2.5845000000000002,0.3509420383608247,0.5967232836406644,-0.1416526514709182,2.815358497476949,1.2471944207267838,3.5112994103989923,4.129062470738066,0.514693519619034,0.2649094191378289,0.006422709669819999,0.2050166971688327,0.2049160679851974,0.04199059491851405,0.64468621,1.28308,0.14111796314064198,-0.1920145280320845,0.13384757140132164,3.1445546577559798,1.2454488931370413,3.9163821179111125,4.568420601121406,0.2049160679851974,0.04199059491851405
615,541.0,0.0029334228400500015,0.5052799059066915,0.5052713907827322,0.2552991783435165,1.5650804,2.894,0.33567697603154517,-0.15250082860835956,0.10981697691966463,3.0974522867509773,1.2696065338579967,3.9325456615724335,4.662459780538901,0.5052713907827322,0.2552991783435165,0.006371596138710002,0.5174005061524576,0.5173612727383685,0.2676626865294645,1.4415616,2.7039999999999997,0.3538016854700939,0.5812795182261268,-0.10420758712395894,2.7861619439066194,1.248442414320597,3.4783627439389475,4.0744904821032915,0.5173612727383685,0.2676626865294645,0.005122999676759999,0.20730730705282638,0.20724399733600674,0.04295007443180676,0.74436621,1.33276,0.1409426491059421,-0.1890100559647427,0.20724172533173268,3.590641451969271,1.2535497057445963,4.5010475355504305,5.281341132168473,0.20724399733600674,0.04295007443180676
616,541.7,0.0022326788330600035,0.5012622487075908,0.5012572763807216,0.2512588571246191,1.4950804,2.808,0.3246362569960115,-0.15485635740025155,0.1353715974704648,2.9826311553578586,1.2825469991169312,3.8253646377768864,4.605401792869884,0.5012572763807216,0.2512588571246191,0.0032939981656800008,0.5169443058627392,0.5169338109855012,0.2672205649399938,1.4546616,2.5331,0.34978091758181123,0.5507647056019035,-0.19283810844934912,2.8139619365229005,1.2493745212902947,3.5156923473724095,4.158779186859916,0.5169338109855012,0.2672205649399938,0.0047183696498999984,0.2036075882289648,0.20355290951559155,0.0414337869722626,0.74436621,1.30376,0.13859795291912194,-0.3234671747076124,0.3764038597783328,3.655886386527651,1.2571960077842932,4.596165770055508,5.370686899209621,0.20355290951559152,0.04143378697226259
617,542.4,0.003318295829818,0.5034482377066287,0.5034373019182189,0.2534491169626959,1.5690804,3.058,0.3256820167755098,-0.14409914172907334,0.2666346020238426,3.1166667841517812,1.2851698410597772,4.0054461556246315,4.817829413902075,0.5034373019182189,0.2534491169626959,0.0036639161649800007,0.5190571455199653,0.5190442139487449,0.2694068960336705,1.4149616,2.4954,0.35226018263373543,0.6124244779662434,-0.22608523929195323,2.7260227745878787,1.2480581356161309,3.4022349016992597,4.016808228000082,0.5190442139487449,0.2694068960336705,0.006065218655000001,0.19915660956767847,0.19906423148612046,0.03962656825715975,0.73392621,1.2583199999999999,0.13439922555282266,-0.29930964596806364,0.49122135457968463,3.685171240829912,1.260600774806718,4.645529721485622,5.4607919575514705,0.19906423148612049,0.03962656825715976
618,543.1,0.0025331928209100006,0.5061246217371168,0.5061182822845581,0.2561557156626717,1.5020804,2.991,0.32794499324577187,-0.1744864452142201,0.23836146723671048,2.967807404517433,1.285156183681542,3.8140960378914466,4.580281543967026,0.5061182822845582,0.25615571566267176,0.0025880231584800018,0.5202353360030076,0.5202288986228019,0.2706381069622934,1.4400616,2.6905,0.35471952764740133,0.5891998796778162,-0.18957082895647792,2.768096475460626,1.2459360700450226,3.4488712441408906,4.059718982912752,0.5202288986228019,0.27063810696229346,0.0053168986658836005,0.20206461453974917,0.2019946510125309,0.04080183903767414,0.69982721,1.278221,0.13887373243117482,-0.09722132833043501,0.055431545497867774,3.463383292488025,1.243966267563911,4.308331987499536,5.039305833785602,0.20199465101253086,0.040801839037674134
619,543.8,0.0014474733960399995,0.5081914390490482,0.5081893776374219,0.2582564435435102,1.5929196,3.1340000000000003,0.3310958037008948,-0.12970431525781945,0.21309736036131266,3.1344872770402166,1.279950605748597,4.0119888889588955,4.811053423796972,0.5081893776374219,0.2582564435435102,0.001676435362460002,0.5179701782170023,0.5179674652781087,0.26829029508662866,1.4690616,2.6095,0.35390414728742536,0.5394153010031018,-0.20216484063260332,2.8361895371214603,1.244897152127438,3.5307642776561425,4.151015497444547,0.5179674652781087,0.26829029508662866,0.004159509634941799,0.19973247188456797,0.19968915545095722,0.039875758804716555,0.65810621,1.1665,0.1349439044824719,-0.18400794949652427,0.0434349132382188,3.2949384934280563,1.2559095729333656,4.138144796122937,4.876887270484178,0.19968915545095722,0.03987575880471656
620,544.5,0.0021135823557100002,0.5163895514774509,0.5163852260132048,0.2666537016447086,1.5060804,2.9930000000000003,0.33391571536451486,-0.12974997335274624,0.21066034605366202,2.916558624571175,1.2841345221118916,3.7452536155750216,4.510360940502325,0.5163852260132048,0.2666537016447086,0.0061279631708600025,0.5155756913036698,0.5155392725395743,0.2657807415306335,1.4690616,2.5415,0.34878056572658367,0.548438327948586,-0.21778967440019414,2.849361645203585,1.2510622533268156,3.5647288003913995,4.211993856193318,0.5155392725395744,0.2657807415306336,0.0035628296406819996,0.20151745921996042,0.20148596133582086,0.040596592615419896,0.77874621,1.33014,0.13539296092882747,-0.28269208705148163,0.40819481252378464,3.8644106223569574,1.2633945338541193,4.882275256853575,5.751748131199867,0.20148596133582083,0.04059659261541989
621,545.2,0.0025506061156300055,0.518380170572973,0.5183738956117558,0.26871149565170754,1.5060804,3.008,0.33531464046079634,-0.1655394703963499,0.19694714850710593,2.9053588186741552,1.2825253610217278,3.7261963678177317,4.491543816668169,0.5183738956117558,0.2687114956517075,0.003235867173800002,0.5189816432723641,0.5189715553065668,0.26933147521731693,1.5022616,2.6497,0.3463938131516065,0.5924337579579141,-0.13319671069691408,2.8946334026916745,1.258802912859111,3.64377295896756,4.336860368064668,0.5189715553065668,0.26933147521731693,0.005116019660473801,0.20718220421925565,0.20711902879258343,0.042898292087983,0.77874621,1.38814,0.13900626061834825,-0.24171387263010002,0.43845591484743585,3.7587504821402167,1.2635256287757504,4.749277566357372,5.602238392255613,0.2071190287925834,0.042898292087982993
622,545.9,0.00030698882473999945,0.5117163328418337,0.5117162407574689,0.2618535110549559,1.5289196,2.999,0.3288129324864902,-0.15322633316669237,0.22404973007802997,2.9878264614089884,1.2887318322190662,3.8505070699642143,4.649815895130032,0.5117162407574689,0.2618535110549559,0.0017154021562000006,0.5152752946798186,0.5152724393006252,0.26550568670281643,1.4404616,2.5879,0.35112703268105394,0.580688320139413,-0.14350109731623428,2.795518463378053,1.2482725826687773,3.489569052179174,4.102394478150141,0.5152724393006252,0.26550568670281643,0.00595988965349,0.2063330886100137,0.20624699554336784,0.04253782317066599,0.68841621,1.2978100000000001,0.13898077671864933,-0.18851847733481097,0.11551346671381246,3.336431469317859,1.2565313749646072,4.192330821617154,4.953319633503127,0.20624699554336784,0.042537823170666
623,546.6,0.0025035978289899992,0.5052333576751147,0.5052271545607787,0.255254477705581,1.6030804,3.132,0.32660949067103656,-0.11646546896894408,0.1930431295642574,3.172950431018146,1.2854312658515088,4.078609689027745,4.908248063172892,0.5052271545607787,0.25525447770558096,0.0057391531461800024,0.5120362241713584,0.5120040595394009,0.2621481569848263,1.4466616,2.6391,0.3510877310794768,0.5645492106430448,-0.1226696479518683,2.8253110457979225,1.2451962533486125,3.518066728772023,4.120513113779288,0.5120040595394009,0.26214815698482635,0.0039797546384599996,0.20850510874805223,0.20846712433152317,0.04345854192705474,0.74141621,1.31281,0.13686638478979074,-0.23735154972832012,0.308254044827164,3.5558659183545114,1.2752915208753066,4.534765655046994,5.41708039661251,0.20846712433152315,0.043458541927054735
624,547.3,0.0022806068317480013,0.49845095991793825,0.49844574255940144,0.24844815827559308,1.5420804,2.9059999999999997,0.32794715443630296,-0.09232278350392985,0.0809087618890878,3.093745471478033,1.273147710892539,3.9387949650964167,4.702222230440233,0.49844574255940144,0.24844815827559308,0.0051202191610600035,0.5076002490632896,0.5075744243013595,0.2576317962048565,1.4357616,2.4602,0.34432338546672436,0.5911774809670781,-0.1847527778404654,2.828528162957981,1.2494480654822437,3.534099041369893,4.169805655383674,0.5075744243013595,0.25763179620485643,0.004322939637514899,0.20406838609236846,0.20402259285489527,0.041625218395234365,0.74720621,1.3616000000000001,0.13296701643312364,-0.2907723659219022,0.4636007448116706,3.661548093303332,1.279575928489297,4.685228801196826,5.6194854185948495,0.20402259285489527,0.041625218395234365
625,548.0,0.002249835044598,0.5032630341454882,0.5032580051818301,0.2532686197795949,1.4490804,2.832,0.3289440556393002,-0.12159115228435226,0.11469309870302347,2.8793698358164836,1.2769526763806045,3.6768190181354408,4.405248780628437,0.5032580051818301,0.2532686197795949,0.0034879651684400007,0.5101038892434571,0.5100919641792887,0.2601938119202848,1.4357616,2.6672000000000002,0.3455140403264733,0.6031453384488389,-0.10565877965881665,2.8146454678661637,1.2506233430614462,3.52006132455553,4.155436342451846,0.5100919641792888,0.2601938119202849,0.0057303396414018,0.20124525204444624,0.20116365148313167,0.04046681467802687,0.74720621,1.3616000000000001,0.13613305322244967,-0.22586619252254253,0.31057300410827793,3.7129134844631015,1.2587498903541439,4.673629441462351,5.4887934437128925,0.2011636514831317,0.040466814678026874
626,548.7,0.0027352207259600005,0.5089977804314116,0.5089904311985479,0.25907125905168377,1.4050804,2.793,0.3310003813084626,-0.12696163608088484,0.11698921740934631,2.760484336118509,1.2804842763779398,3.5347567875873467,4.244951001100483,0.5089904311985479,0.2590712590516837,0.004338599055310001,0.5122993060005075,0.5122809341434044,0.26243175548683895,1.4226616,2.6541,0.35158847662754616,0.555656627209975,-0.20532660075061981,2.77701254586238,1.2406674302368879,3.445349019010677,4.046382900959212,0.5122809341434044,0.26243175548683895,0.0060684096449218,0.20551751919220013,0.20542790730399257,0.04220062509929777,0.68868621,1.29508,0.1387221736375286,-0.15850762536165489,0.22351478674063685,3.350985418211185,1.2608083358691742,4.224950348656713,4.964499848448808,0.20542790730399257,0.04220062509929777
627,549.4,0.001420796834059999,0.5108684422285744,0.5108664665070575,0.2609845466014065,1.5610804,3.0460000000000003,0.33505400237622696,-0.09776131352716601,0.1460322600362951,3.05573856390514,1.2768766763121406,3.9018013011580295,4.659190425808097,0.5108664665070576,0.2609845466014066,0.0024545055656300004,0.5120615758263167,0.5120556931039425,0.262201032840159,1.4616616,2.5151000000000003,0.3494466661383104,0.5636126902828432,-0.20328461998696445,2.854464519508827,1.243999048536904,3.550951146351331,4.1827887962206995,0.5120556931039425,0.262201032840159,0.004462569657980001,0.20607163711134888,0.20602331201541035,0.04244560509379913,0.68868621,1.29108,0.13833964421194853,-0.15312151577445848,0.12325765562306623,3.341974760106724,1.2600724050636398,4.21113017362966,4.978227419356898,0.20602331201541038,0.04244560509379914
628,550.1,0.00471935573906,0.5166595671615511,0.5166380125590544,0.2669148360209696,1.4880804,2.973,0.341395232584942,-0.08546649671136186,0.12073731138492994,2.8801951896009337,1.2727632918544762,3.6658067106999117,4.358820094623768,0.5166380125590544,0.2669148360209696,0.006172218554620002,0.5157979943170636,0.515761063535839,0.2660094746596197,1.5015616,2.6580000000000004,0.35150647775326704,0.5971734803792138,-0.18401925956145515,2.911142766245389,1.247992339109584,3.6330838703285275,4.271789269994596,0.5157610635358391,0.26600947465961977,0.00448562965515,0.20745807583398237,0.2074095763346891,0.043018732355335224,0.65583621,1.22723,0.13903404336331426,-0.2365036941345976,0.2930321387653678,3.1612951550019712,1.265814432936529,4.0016130339738165,4.717090822757802,0.2074095763346891,0.04301873235533522
629,550.8,0.0024157391470999994,0.5128756275269262,0.5128699382060831,0.2630355735155115,1.4980804,2.995,0.3417352356112352,-0.1324582714021482,0.09993536051699614,2.9209428555295314,1.2666177367772087,3.6997180289263722,4.3837457888136715,0.5128699382060831,0.2630355735155115,0.004165685851450004,0.5142584339905205,0.5142415619062403,0.26444438399176956,1.5082616,2.6647,0.3521612184677604,0.6069957608708012,-0.15211119992242228,2.932886463905427,1.2448965015865303,3.6511400984663553,4.282872505275813,0.5142415619062403,0.26444438399176956,0.003612759668159998,0.20677411561207248,0.20674255211430193,0.042742482854734844,0.65583621,1.22823,0.1405762206147988,-0.20455041484073622,0.15522716291569516,3.1717519770724585,1.254585067761607,3.979232669078462,4.665342453593881,0.20674255211430193,0.042742482854734844
630,551.5,0.0010560407339799975,0.508024486554271,0.5080233889465118,0.25808776371669884,1.4980804,2.883,0.3336797825162873,-0.1026908226762156,0.1130031151191746,2.948835025966733,1.2747046087149168,3.7588935979397657,4.489574971258191,0.5080233889465118,0.25808776371669884,0.001454331552800003,0.5175624610501248,0.5175604177369021,0.26786878600799663,1.6198616,2.7633,0.35421566496820495,0.6156418189233339,-0.07743788878616353,3.12978958464903,1.2474921920074478,3.904388069475898,4.573094191487555,0.5175604177369021,0.2678687860079966,0.00610553964382,0.20392082265493022,0.20382939998420554,0.04154642429792125,0.74220621,1.3466,0.1369393092633798,-0.2318470709050645,0.37711683791417006,3.639678382702207,1.2650749869786941,4.604466082603628,5.419964610545032,0.20382939998420554,0.04154642429792125
631,552.2,0.0035657412231000015,0.5056672153484337,0.5056546431782952,0.2556866181677691,1.4680804,2.9130000000000003,0.3285300083859127,-0.09319297217533153,0.19491407409486206,2.903254067971182,1.2845035191273293,3.729240067229718,4.4686341050327965,0.5056546431782952,0.25568661816776905,0.004830867156,0.5128885122616171,0.5128657609281947,0.2630312887324561,1.6198616,2.6393,0.35028802096793327,0.570276278069686,-0.16696906487892793,3.1583113313595366,1.246068614086245,3.9354726235200608,4.624370526642384,0.5128657609281946,0.26303128873245607,0.003891469649241999,0.20367208398438638,0.2036349043226921,0.041467174258511964,0.75688621,1.39028,0.1351314914107207,-0.19575328758513663,0.4007706659726886,3.716200056449677,1.2706732709818127,4.722076081351708,5.601108979841779,0.2036349043226921,0.041467174258511964
632,552.9,0.00459479523689,0.5003621717198631,0.5003410744131934,0.25034119074494876,1.4699196,2.938,0.33003314779659504,-0.14528487732284318,0.27104519572093055,2.937711288100655,1.2770330615935435,3.751554440321091,4.453854437997047,0.5003410744131934,0.25034119074494876,0.004731638155700002,0.5132879112169371,0.5132661019410982,0.2634420914018098,1.4812616,2.5526999999999997,0.3514906341808197,0.5918061896075877,-0.2341162639079939,2.885829897080815,1.2432514917172708,3.587812324388022,4.214227794297314,0.5132661019410981,0.26344209140180974,0.004974099617280001,0.2032515448922036,0.2031906711295202,0.04128644883406483,0.69346621,1.25986,0.1340526119268802,-0.20456603322044145,0.35717271183394006,3.411861938701555,1.2754878568558334,4.351788472082435,5.173089878907061,0.2031906711295202,0.041286448834064834
633,553.6,0.0008848778296600004,0.5033519566135746,0.5033511788184671,0.25336240921794045,1.4509196,2.891,0.32998626608743764,-0.1612014014133788,0.20950083259751073,2.8825150691007986,1.2792095614310164,3.6873408373627283,4.396909050801359,0.5033511788184671,0.25336240921794045,0.0025865951554800005,0.5107737279018231,0.5107671785072208,0.2608831106402271,1.4474616,2.5479000000000003,0.34752517840977754,0.6082429474810104,-0.18822690801356368,2.833860711563888,1.247712923651038,3.5358446336451896,4.165055339654423,0.5107671785072208,0.2608831106402271,0.0051742396613599995,0.20054877077134362,0.20048201091824608,0.04019303670182374,0.64593621,1.25733,0.13553446111337097,-0.1512197153307934,0.13661956626057803,3.22084352606911,1.2558766143533577,4.044982062881605,4.765844824215529,0.2004820109182461,0.040193036701823746
634,554.3,0.002824016832900002,0.513694871840303,0.5136871093223508,0.26387444628395285,1.4669196,2.919,0.3369604969358635,-0.15025579306139106,0.17288164953230867,2.8556243801788126,1.2765945761869382,3.6454745953634595,4.353387454432711,0.513687109322351,0.2638744462839529,0.0036834771536000017,0.5125346431635227,0.5125214068103091,0.2626781924388184,1.5625616,2.6630000000000003,0.34578730493285026,0.6146429623786729,-0.09509104832011195,3.0486946020963295,1.254822661252267,3.825571073947937,4.518851842474205,0.5125214068103091,0.2626781924388184,0.00423827968116,0.20468027706563363,0.20463639169270165,0.041876052805008813,0.66555621,1.27695,0.14009578059530517,-0.12151437895081608,0.13799950468381716,3.251687067956137,1.2496818283956102,4.063574240453786,4.750722735344849,0.20463639169270165,0.04187605280500881
635,555.0,0.0017092172278000061,0.5160002993745425,0.5159974685316641,0.26625338753108563,1.5120804,3.023,0.33308508350343136,-0.07781092859326301,0.2789174610560643,2.9303866719318425,1.2899449705586024,3.7800375492504417,4.539622081228453,0.5159974685316641,0.26625338753108563,0.0023847431482500025,0.5048593480803859,0.504853715787325,0.2548772743442691,1.4449616,2.4934000000000003,0.3454090878410244,0.5872597536892002,-0.1576130688758881,2.8621072492648527,1.2442130472785502,3.5610711822458514,4.183334054792003,0.504853715787325,0.2548772743442691,0.003840169658701799,0.20686044079929866,0.2068247931575722,0.04277649506467253,0.76376621,1.36916,0.13944013324981386,-0.16446907509961683,0.4037910799582276,3.6921811006920637,1.2634455253706451,4.664869690527451,5.477377224186061,0.20682479315757224,0.042776495064672536
636,555.7,0.0027011100388999996,0.5158399578917157,0.5158328858867809,0.26608356616228473,1.5180804,3.029,0.335331396853427,-0.07889262550069646,0.26334371028686565,2.942929055369288,1.2837939386288324,3.7781144830977675,4.527104870718537,0.5158328858867809,0.26608356616228473,0.0052117451610999965,0.5102476281985463,0.5102210107341894,0.2603254797946178,1.4012616,2.5637,0.344748839244108,0.6077377007467095,-0.18932918471967808,2.746238341072199,1.251035410911882,3.4356414114852236,4.064586854222305,0.5102210107341894,0.26032547979461773,0.003456689655869999,0.2034402592116995,0.2034108904772468,0.04137599036474649,0.77644621,1.45984,0.1378610837111154,-0.24567953139421472,0.5031528511479313,3.816580911804835,1.2601030921838041,4.809285408534955,5.632091298709246,0.2034108904772468,0.0413759903647465
637,556.4,0.003821826644677997,0.5148157518331468,0.514801565631483,0.26502065197662616,1.5480804,2.993,0.3386973829466572,-0.0996850745628294,0.18924839010837013,3.0070571743145442,1.2766288327534312,3.8388958904680077,4.570688992432555,0.5148015656314829,0.26502065197662605,0.006292674551660002,0.5166050756064584,0.5165667492099559,0.26684120638934156,1.4203616,2.5778,0.3520885171786193,0.6119523960158738,-0.170444122006717,2.7494147213567235,1.246631032333262,3.4275057123971995,4.034103728749073,0.5165667492099559,0.26684120638934156,0.0033292796552258004,0.20497334645965382,0.20494630676312903,0.04200298865584658,0.69081621,1.3742100000000002,0.138459773613473,-0.12122182963543042,0.2980185261335926,3.3702733644736473,1.2585447590706567,4.241639879493738,4.989291777469577,0.20494630676312903,0.04200298865584659
638,557.1,0.0021415651359999975,0.5100310580854098,0.5100265619656401,0.26012709391049094,1.5110804,2.918,0.33664341695321526,-0.07513269708533633,0.19239917138791895,2.962722320621805,1.2752798296909529,3.77830001646416,4.48866760466016,0.5100265619656401,0.26012709391049094,0.000970015546899998,0.5157908361435215,0.5157899240189477,0.26603924571947185,1.4399616,2.5534,0.35315385735851096,0.6085721751575548,-0.08737996997301689,2.791754911286022,1.246802098633841,3.480765882262745,4.077434155103098,0.5157899240189476,0.2660392457194718,0.003972229644275799,0.20740144842176556,0.2073634061234031,0.04299958219909941,0.66997621,1.1933699999999998,0.13815085719727493,-0.14577300806488488,0.1772406179764885,3.2303352512637993,1.2663683277072224,4.090794250076628,4.84959864594467,0.2073634061234031,0.04299958219909941
639,557.8,0.003994341940859998,0.5037392572162457,0.5037234206320313,0.25373728449323435,1.4889196,2.935,0.33055073431879384,-0.04686027829700291,0.20873040314331215,2.9557346954216737,1.279164269240665,3.780870211738345,4.504360285474476,0.5037234206320313,0.2537372844932344,0.0042410791721000035,0.5129493497101827,0.5129318167315762,0.2630990486155553,1.4385616,2.4610000000000003,0.34673278054730244,0.5840670607802199,-0.19938651902835014,2.8044905424147433,1.2504663431522032,3.506921032978303,4.148905672343105,0.5129318167315763,0.26309904861555533,0.00335795894567,0.20265494310368734,0.20262712078119738,0.04105775007607795,0.73898621,1.32938,0.13287447340723826,-0.3137139825566069,0.5976455073473552,3.6465244749638384,1.279579579948064,4.666018255944563,5.561536321089526,0.20262712078119738,0.041057750076077947
640,558.5,0.0036049519368299985,0.508801073988175,0.5087883029444108,0.2588655372130535,1.4889196,2.903,0.3326169680438169,-0.0943118301079086,0.18104291086357716,2.9263295148520143,1.280230725599976,3.7463769581436206,4.476378967545212,0.5087883029444108,0.2588655372130535,0.006466615165679999,0.5176448388337398,0.5176044455561674,0.26791436205950747,1.4385616,2.6050000000000004,0.3479753278845977,0.6187591776351169,-0.14611916945138104,2.779051372831413,1.256738648342258,3.4925412659658464,4.134090795302257,0.5176044455561674,0.26791436205950747,0.002815588957499999,0.20379666330888938,0.20377721274632063,0.04152515243465922,0.71245621,1.35885,0.13730436693041562,-0.2390469021937936,0.4910681885943795,3.49591695188919,1.261816698728068,4.411206387260307,5.1888823780897315,0.20377721274632063,0.04152515243465922
641,559.2,0.0030440401318400003,0.5176829220083103,0.5176739722631785,0.267986341558738,1.6019196,3.073,0.33780802804834686,-0.11932041708065065,0.21544725666613873,3.0944030252832726,1.2800482063453236,3.960985042223396,4.742100444607356,0.5176739722631785,0.2679863415587381,0.0031952651516599984,0.5245178077185938,0.5245080751471138,0.27510872089453037,1.4304616,2.7069,0.3589204501550204,0.5752438697929944,-0.21357426656538658,2.7271935841832264,1.2434598707338858,3.3911557816547573,3.9854558283936545,0.5245080751471138,0.2751087208945304,0.004983049655579999,0.20642356746518767,0.20636341347531761,0.042585858421184904,0.69390621,1.2203,0.141026792589405,-0.13329772630015804,0.08594639749981159,3.36156485676968,1.2495275641610275,4.200367947248732,4.920385674658897,0.20636341347531761,0.042585858421184904
642,559.9,0.00402290341384,0.5235888278358398,0.5235733729694737,0.2741290768826316,1.6019196,3.149,0.3357062354105139,-0.10051098677640084,0.20892697929483095,3.0594992002049515,1.2891886918036106,3.944271771486415,4.77178983000156,0.5235733729694736,0.2741290768826315,0.00444924616924,0.5149646639559975,0.5149454430634753,0.2651688093318389,1.4304616,2.4919000000000002,0.3467464235950659,0.5684545757097382,-0.17207885843942217,2.7777859339145445,1.25409706906377,3.483613198208798,4.125382419720378,0.5149454430634752,0.26516880933183884,0.0036243206416800007,0.20705876215579458,0.20702703998602745,0.042860195285376206,0.70348521,1.259879,0.13937391199979696,-0.21677778382737778,0.08111193635338942,3.3975148053415176,1.2579641971204276,4.273951984306208,5.047466917632511,0.20702703998602742,0.0428601952853762
643,560.6,0.002602761221999998,0.522843558477299,0.5228370800500153,0.27335861227522606,1.5819196,3.129,0.33908717304673613,-0.056391454789853246,0.15005748644225747,3.025607898100717,1.2815854823772623,3.877575157571862,4.6652298457245545,0.5228370800500152,0.273358612275226,0.0024721921702000045,0.5125243810350248,0.5125184186165498,0.26267512942120896,1.4264616,2.5089,0.3457110161021699,0.6043483605014496,-0.12808031089841032,2.783207302488345,1.2539154088006617,3.4899065224766597,4.12616761850143,0.5125184186165498,0.26267512942120896,0.0014802596591800006,0.20457463032863063,0.20456927483235912,0.041848588205437284,0.74195621,1.2983500000000001,0.13788547162551185,-0.2701066570795406,0.5069457281287932,3.6268241512064057,1.2631460789081972,4.581208705485921,5.38096001887063,0.20456927483235912,0.041848588205437284
644,561.3,0.0016188773218999994,0.5131016884884103,0.5130991346376198,0.26327072196587425,1.5610804,2.932,0.3391536084680047,-0.09541333125768223,0.08284619198321508,3.042438633556087,1.270349997558236,3.8649619107090576,4.602871268424881,0.5130991346376198,0.26327072196587425,0.004389070167400002,0.5118661751157193,0.5118473574129907,0.26198771729066184,1.5225616,2.693,0.3434450752824335,0.6124548303079201,-0.05510079316504424,2.974530598072415,1.2590641430666851,3.745124818487679,4.433202597963925,0.5118473574129907,0.26198771729066184,0.0013890496595600009,0.2036724460683234,0.20366770934170536,0.04148053582849738,0.67682621,1.24122,0.13750973483318973,-0.19596994912173227,0.3195323986928491,3.3231113145906526,1.2584781038130222,4.182062825945644,4.922023963038283,0.20366770934170536,0.041480535828497374
645,562.0,0.004509084826780002,0.5069410093897377,0.5069209555296674,0.2569688551551111,1.5610804,2.988,0.33189407294633677,-0.10151746592194429,0.12877543273723369,3.079412340065463,1.2763373468232562,3.9303689758939475,4.703550100011602,0.5069209555296675,0.25696885515511114,0.0051941821651399975,0.5179418031019217,0.5179157575051228,0.26823673187210517,1.4607616,2.5792,0.3512963253437419,0.5718890629946736,-0.15428904647788055,2.8203199495611058,1.2486948456970612,3.521718984233549,4.1582034727253445,0.5179157575051228,0.26823673187210517,0.0018194416453500004,0.20476104296409878,0.2047529593140101,0.04192377434784468,0.73207621,1.29647,0.13711389439726132,-0.19250579759399433,0.2501974540774654,3.5752709568311616,1.2629829367530467,4.515506212746495,5.3391832623391835,0.2047529593140101,0.041923774347844674
646,562.7,0.0017262392221400024,0.4945402641484585,0.4945372513392444,0.24456709296217502,1.4990804,2.926,0.32246164613884626,-0.07956129469579523,0.17539353512625055,3.0312605639527535,1.2784090797678413,3.8751910280993873,4.648864191912369,0.4945372513392445,0.24456709296217505,0.001690365151049996,0.5085868681057119,0.5085840590062107,0.2586577450752328,1.4607616,2.5792,0.3506815567534064,0.5605000592326296,-0.2708354429960287,2.872196848968532,1.2376782079964763,3.554855449044499,4.165493085874442,0.5085840590062107,0.2586577450752328,0.0020560696404499997,0.20072566096237404,0.2007151303375397,0.04028656354641555,0.73610621,1.2865,0.13657784726819192,-0.22119501953829893,0.18617811237514337,3.6672252390190554,1.2526096334904322,4.593601662574521,5.38964572017701,0.2007151303375397,0.04028656354641555
647,563.4,0.00253264742001,0.4910877963569697,0.49108126560457427,0.24116080942779045,1.3430804,2.646,0.3238662612850634,-0.07279359644628822,0.03699361115694799,2.7349089306705565,1.2700582032407775,3.473493522514603,4.147021658479689,0.4910812656045742,0.24116080942779036,0.003377996147380001,0.5059137535543156,0.5059024759550451,0.255937315177445,1.4298616,2.6163,0.34780034405289034,0.6256810234567921,-0.16873515072831724,2.8262951737414825,1.2419945806906976,3.510243289219195,4.111156370168971,0.5059024759550451,0.255937315177445,0.001622239644039999,0.19956055809936604,0.19955396434916484,0.039821784687467755,0.66060621,1.209,0.13587734336979768,-0.2727560396756471,0.1975248512085961,3.3103044824672625,1.2518253840490448,4.143923180083855,4.86178338210605,0.19955396434916484,0.039821784687467755
648,564.1,0.00439704422286,0.5002568684969406,0.5002375440532904,0.25023760048046756,1.4870804,2.9379999999999997,0.3286850663962647,-0.11182856183004126,0.09774594738675946,2.9726336481257016,1.2724647340284123,3.7825714844261804,4.524332110078792,0.5002375440532904,0.2502376004804676,0.00717836014708,0.512510112574592,0.5124598390477246,0.26261508663681987,1.4797616,2.6662,0.35723915113057514,0.5698129307047043,-0.1907793463918117,2.8872827358789563,1.2346574175743656,3.564805046487362,4.142215642705773,0.5124598390477246,0.2626150866368198,0.002072560647159999,0.20406539057860887,0.20405486547584215,0.04163838812436403,0.69841521,1.320809,0.13640305645120449,-0.18418713326650843,0.0957195891926963,3.4225069131992796,1.2596230195225777,4.311068492340974,5.120231380224564,0.20405486547584215,0.04163838812436403
649,564.8,0.0021731714276399974,0.5119313448586629,0.5119267322329879,0.26206897917474525,1.5240804,3.0149999999999997,0.33558835564632233,-0.11383830186501954,0.13287644586580338,2.9771187392730902,1.275789672660242,3.798177341847888,4.541517529905695,0.5119267322329879,0.2620689791747453,0.003445328161239999,0.5159238662644683,0.5159123622236033,0.26616556549513837,1.4937616,2.6071999999999997,0.3525075022603105,0.5667787151931947,-0.16520941717241522,2.8953140137042648,1.2444219149402793,3.602992209287287,4.237531372869693,0.5159123622236033,0.26616556549513837,0.0029325406620399988,0.20662000940630643,0.20659919770494664,0.04268322849232763,0.69841521,1.3028089999999999,0.1365193920066997,-0.2125098836190109,0.2300564837314445,3.3801915506963627,1.270062323661163,4.293053935297252,5.11586815421596,0.20659919770494664,0.042683228492327634
650,565.5,0.0023752501127399994,0.5112026372900985,0.5111971190834843,0.261322494559254,1.4909196,2.966,0.32873428254414044,-0.07671367927991704,0.18110705139588879,2.916494343423994,1.2875825321717969,3.7552271717705885,4.5353334871601305,0.5111971190834842,0.26132249455925394,0.004240893151080003,0.5095777741642109,0.5095601267244452,0.25965152274743264,1.4581616,2.4796,0.3481632586202543,0.5705787122803478,-0.27984764388085326,2.861509418050303,1.242267352724884,3.5547597295586733,4.188154734587987,0.5095601267244452,0.25965152274743264,0.00190014767167,0.20339858392612872,0.20338970815156865,0.04136737338198027,0.70096821,1.2973620000000001,0.1370342705652927,-0.202397622829038,0.2202634784599291,3.446278712808448,1.2582196234695386,4.336175504400932,5.11527669033718,0.20338970815156865,0.041367373381980266
651,566.2,0.002412605321980003,0.5078099371475148,0.5078042059704935,0.2578651116013233,1.4819196,2.957,0.3257680368371768,-0.12538321797740895,0.1830353136880043,2.918256401842554,1.2894402654795156,3.7629173095291586,4.549002457047936,0.5078042059704935,0.2578651116013233,0.0037770011538800015,0.5010629396390606,0.5010487039620205,0.25104980374202046,1.4479616,2.5704000000000002,0.3422183966737193,0.5741745661760851,-0.23271952158268228,2.8897798768414913,1.2437397074234704,3.5941339785410684,4.23110392098683,0.5010487039620205,0.2510498037420204,0.0016903776489199994,0.20202084765534942,0.20201377554708969,0.04080956551078993,0.70096821,1.240362,0.13754853887871452,-0.221186613415491,0.2056449845046462,3.469781550446032,1.2544733801130168,4.352748589841818,5.096151625558809,0.20201377554708969,0.04080956551078993
652,566.9,0.0020859648327799987,0.5060155403024359,0.5060112407627745,0.25604737577828257,1.5970804,3.068,0.33181135024305536,-0.09415129584051858,0.07511716448702366,3.1561884424447824,1.2734230944930567,4.019163253181255,4.8132181097184334,0.5060112407627745,0.25604737577828257,0.0025707421635799994,0.5093099747752499,0.5093034868232242,0.2593900416902941,1.4890616,2.5735,0.34778613521454266,0.5534484448898337,-0.21119933103147748,2.923684344994615,1.2436178170098462,3.635945942748065,4.281543883517457,0.5093034868232241,0.25939004169029406,0.0026753096374599996,0.20091787350099383,0.2009000612506255,0.04036083461050508,0.69159621,1.23799,0.13326993277148808,-0.22524591134876276,0.34301822470624055,3.4421836044197387,1.2709348561924423,4.374791124271183,5.189439175195269,0.20090006125062554,0.04036083461050509
653,567.6,0.0024182697314700007,0.5015629513492709,0.5015571215102991,0.25155954613769693,1.5970804,3.16,0.3323945591700596,-0.09414713939543423,0.08156314515200958,3.184207277877367,1.2674102413315946,4.035696914504373,4.804772990230873,0.5015571215102991,0.2515595461376969,0.005784070269,0.5107340509206645,0.510701297532085,0.26081581530095527,1.4077616,2.4962,0.34565827393683274,0.5997554655261872,-0.1483739414135563,2.756349605949176,1.2509117534708518,3.4479501187565753,4.072697534378307,0.510701297532085,0.2608158153009552,0.0016546296357020003,0.200224323369793,0.20021748642328943,0.04008704186966009,0.74011621,1.28651,0.13272557884769068,-0.2513648174867615,0.35448894202587455,3.6964350661487027,1.27071954476334,4.697132284503725,5.576289185744074,0.20021748642328943,0.040087041869660084
654,568.3,0.0017902838305900019,0.4969205524178663,0.49691732742890277,0.24692683029908338,1.4609196,2.8,0.32548142537240604,-0.08705903685626899,0.13938403335090577,2.939946019321607,1.2767533233670023,3.753585850688451,4.488488393242286,0.49691732742890277,0.24692683029908336,0.0020593752463100015,0.5116760366697538,0.511671892403386,0.2618081254756621,1.4077616,2.4222,0.354475270251076,0.6046094926802704,-0.25344997940590597,2.751275219301697,1.2355213533272822,3.3992592823274475,3.971395801469811,0.511671892403386,0.2618081254756621,0.002988499648031999,0.19898453724987017,0.19896209421495012,0.03958591493439869,0.74011621,1.3195100000000002,0.13408074483669385,-0.24304204426317877,0.3187804164736061,3.7194659455906187,1.2593029197254937,4.68393432510181,5.519929135995167,0.19896209421495012,0.03958591493439869
655,569.0,0.001975625833929995,0.5000334225705579,0.5000295197187767,0.25002952059019057,1.4380804,2.863,0.3264051893890486,-0.09976243174740704,0.21438364558287715,2.8759685554760646,1.281472015205067,3.6854732204523177,4.405813531003407,0.5000295197187767,0.2500295205901905,0.0023047831632399983,0.5026452116782971,0.5026399275800626,0.2526468967976906,1.4048616,2.5463,0.3431880422009289,0.6074125799095815,-0.16588420045859653,2.7949368010674283,1.2444030195183933,3.478027794611387,4.09356220860832,0.5026399275800626,0.2526468967976906,0.0028953567583100003,0.20243535106580032,0.20241464440691026,0.04097168827037592,0.73776621,1.30316,0.13766195729240716,-0.26454817969184236,0.3228897058420346,3.644453432247581,1.2537035500091431,4.569064205851799,5.359259918358664,0.2024146444069103,0.040971688270375936
656,569.7,0.004849424732818,0.5107829355486014,0.5107599145659412,0.2608756903274075,1.4549196,2.908,0.3341039246679495,-0.07380498798275155,0.16091889726071607,2.8484107411250097,1.2776112053414828,3.6391614802763503,4.354691736847981,0.510759914565941,0.26087569032740743,0.00508742715618,0.5090068016475677,0.5089813770742668,0.259062042208417,1.4367616,2.5502000000000002,0.3515744399685557,0.5918713266155182,-0.20965453012539115,2.82267662308136,1.2376728793824352,3.4935503036545956,4.086649757953115,0.5089813770742668,0.259062042208417,0.0021358366614499993,0.2061861514376179,0.20617508881145633,0.042508167246411904,0.73776621,1.36516,0.13833705833198182,-0.11367739958114971,0.23922433842523638,3.5781559763154744,1.26225236248503,4.516535834444137,5.333106102556451,0.2061750888114563,0.0425081672464119
657,570.4,0.0014094715396300046,0.5189128607514857,0.5189109465440768,0.2692685704432697,1.4619196,2.886,0.3403349413042183,-0.06714117001488995,0.1517054539172369,2.8172737863595425,1.2763835277621711,3.595921854105482,4.295531908647665,0.5189109465440768,0.2692685704432697,0.0021746311739600007,0.5106866012032909,0.5106819711208006,0.26079607562782625,1.6164616,2.8019,0.34571670221610995,0.5565276255608532,-0.1641652220148737,3.1652712175946225,1.2492945067516446,3.9543559445200516,4.675682689433786,0.5106819711208006,0.26079607562782625,0.002603719642209999,0.2056279334853573,0.20561144830354972,0.0422760676734833,0.65226621,1.2796599999999998,0.13782361048595493,-0.13031599586751189,0.1590871355334058,3.172070053636208,1.2642430928730435,4.010267655419001,4.7326158972338765,0.20561144830354972,0.0422760676734833
658,571.1,0.00229649982774,0.5179693390487151,0.5179642480742314,0.2682869622831039,1.4900804,2.952,0.33700268505133557,-0.06786088130508001,0.16755970787267938,2.8767733679692915,1.2811723683471339,3.685642549039178,4.421568331934852,0.5179642480742314,0.26828696228310384,0.002358360168139999,0.5085631355649445,0.508557667322955,0.2586309009929654,1.4665616,2.582,0.34224808182470406,0.6036918133496509,-0.16118182114856205,2.88373556288316,1.2531028483126536,3.6136172476293806,4.285083475650151,0.508557667322955,0.25863090099296543,0.0040124896292400005,0.20137617764095492,0.20133619855420104,0.04053626484825666,0.67886621,1.2562600000000002,0.13160822074737144,-0.2919085163954411,0.4938574261677475,3.3711346493545493,1.2813137947618416,4.319481330217608,5.158235603709875,0.20133619855420104,0.04053626484825667
659,571.8,0.003719594914880004,0.5141553562252353,0.5141419015687866,0.2643418949487678,1.5140804,2.912,0.33230414283241344,-0.06841500277041342,0.17217248470887325,2.9447916503601084,1.284958746414678,3.7839357874991353,4.556309130228257,0.5141419015687866,0.2643418949487678,0.004512541162140002,0.5060548879817536,0.5060347681953139,0.2560711866224851,1.4150616,2.5785,0.3421846985801566,0.6022045822597224,-0.13389853036980615,2.796261104489167,1.2519307619880635,3.500725295260707,4.135373691084327,0.506034768195314,0.2560711866224852,0.0021674196479199988,0.20411978277326062,0.2041082752155652,0.041660188011472914,0.72465621,1.33005,0.138637433017495,-0.23013636593209966,0.3041950104691935,3.5501517792861814,1.257207430399424,4.463277195964324,5.2269880812677325,0.2041082752155652,0.04166018801147291
660,572.5,0.002300039813960003,0.503967933179686,0.5039626846208544,0.25397838749025875,1.4370804,2.833,0.3255593908324551,-0.10659879502445634,0.19896436452666233,2.8515314276704578,1.2847867966472326,3.6636099284956374,4.414188134230705,0.5039626846208544,0.2539783874902587,0.0016020255614800003,0.5105204049459654,0.5105178913420105,0.2606285173802929,1.4126616,2.6001000000000003,0.35033196308607006,0.5916586511739657,-0.20524114283894557,2.7671011507356287,1.2410096955570789,3.4339993566500655,4.032351451908301,0.5105178913420105,0.2606285173802929,0.002553889654680001,0.2043835454609591,0.20436758867986787,0.04176611130282366,0.72465621,1.25905,0.13975268344752562,-0.14157506248891633,0.12357413954242125,3.545570209018721,1.2503421004019044,4.433175702266887,5.1852758181355005,0.20436758867986785,0.04176611130282365
661,573.2,0.0032008698076600004,0.4979988361750067,0.4979885493303391,0.24799259526413556,1.5369196,2.9290000000000003,0.32050986462266073,-0.11034877954427305,0.2272431577737346,3.086191148165447,1.2876226897616019,3.973849747319239,4.795233375451423,0.49798854933033904,0.24799259526413553,0.005044541161100004,0.5128766250464385,0.5128518159502793,0.26301698512349914,1.5171616,2.6776,0.34839590143894317,0.5819630761263926,-0.18882885714175224,2.9581414435930444,1.2491027015461993,3.695022468747846,4.354705648757136,0.5128518159502793,0.26301698512349914,0.003029539632001799,0.2012160743608876,0.2011932664649202,0.04047873047082438,0.73286621,1.23426,0.13211183149988756,-0.18339315109062712,0.29656448292831694,3.6421852097441305,1.2749306499384814,4.643533556655409,5.547317009231105,0.20119326646492017,0.04047873047082437
662,573.9,0.002474639425010001,0.5020985219768358,0.5020924236941235,0.2520968019310392,1.5369196,2.947,0.3267721109404958,-0.08108318262677808,0.1875277871899126,3.060992081691301,1.2804964411723505,3.919589467062456,4.703337734595926,0.5020924236941235,0.2520968019310392,0.0031754311679000006,0.5163510820189716,0.5163413178693536,0.2666083565390608,1.5171616,2.6776,0.3460275663067638,0.6190948489439154,-0.14752882623997277,2.938236507741562,1.2558506520435524,3.689986234105411,4.384510795463593,0.5163413178693534,0.26660835653906073,0.0030203596526500007,0.20530558489600453,0.20528336663514454,0.042141260617059174,0.67865621,1.24505,0.13624338535192632,-0.2545228697914173,0.3638486272306465,3.3055905924028632,1.2696419335674374,4.196916431320702,4.98120483608788,0.20528336663514454,0.042141260617059174
663,574.6,0.001709325221108001,0.5057080514098049,0.5057051625878367,0.25573771146799035,1.5189196,3.0170000000000003,0.32437951869358067,-0.07973822968898851,0.19120978672771427,3.0035503602633575,1.2875132518147725,3.867110891332107,4.682538546568411,0.5057051625878366,0.2557377114679903,0.0016183506619800038,0.512316383270525,0.5123138271689788,0.2624654575085263,1.5201616,2.6306000000000003,0.3443388214704286,0.6330006846027423,-0.0811440471921081,2.9672320652632527,1.2546392424166573,3.7228057904363006,4.414726151145143,0.5123138271689789,0.26246545750852635,0.00229780963322,0.20475604035485842,0.20474314672948127,0.041919756132689896,0.66473621,1.23113,0.1388670570758686,-0.13775104113223072,0.2435367713839196,3.2464791214362205,1.2591236825182766,4.087718746601473,4.786853152917529,0.20474314672948124,0.04191975613268989
664,575.3,0.0026001691549400008,0.511844442849784,0.5118378383790823,0.26197797279657153,1.6299196,3.128,0.3295916439717457,-0.09453807926890392,0.26446378434897166,3.184404212586808,1.2883688736257828,4.102687268539664,4.945269790091296,0.5118378383790823,0.26197797279657153,0.005499540662860001,0.5140577218593904,0.5140283031660455,0.26422509645576403,1.4958616,2.6103,0.3508220802213826,0.5666104710173844,-0.15117441138484677,2.9099097949338097,1.2453038812878996,3.6237219618287497,4.263875292729728,0.5140283031660455,0.264225096455764,0.0007765096366799994,0.2034121523157102,0.20341067017856712,0.04137590074249382,0.68535621,1.32275,0.13836002191601665,-0.12003080131844258,0.2005080593758528,3.369298255771259,1.2565679187182641,4.233752096795569,4.95342657878448,0.20341067017856715,0.041375900742493824
665,576.0,0.0020245466596799993,0.5153356296990559,0.5153316528684662,0.2655667124481453,1.6299196,3.206,0.332381276702462,-0.09474375482848346,0.20055980645893623,3.162831184313484,1.2863839291002777,4.068615205958064,4.90376478534035,0.515331652868466,0.2655667124481452,0.00253137415198,0.5161590079424325,0.5161528006559867,0.26641371362501876,1.5329616,2.7014,0.3579133852736495,0.5590637442450866,-0.2707941634857165,2.9699406121203875,1.233629366612082,3.6638059562055725,4.283051886500263,0.5161528006559868,0.2664137136250188,0.0016014196377799998,0.20082169622679272,0.20081531099632308,0.040326789130549955,0.68535621,1.32275,0.13436217529573313,-0.16982664015226223,0.2859791764730826,3.4127597907848113,1.2656201158355502,4.319257441731981,5.100812103492079,0.20081531099632305,0.04032678913054995
666,576.7,0.0010149607276599987,0.5170965267852775,0.5170955306982632,0.2673877878681185,1.5760804,2.934,0.33611630753058364,-0.09232810154886775,0.16454888702170845,3.047942344146631,1.281610941543541,3.906276257452191,4.689092331102056,0.5170955306982632,0.26738778786811845,0.0030011061532800015,0.5129288694278229,0.5129200897355858,0.26308701845436133,1.4285616,2.561,0.35258243694630326,0.6088640906656769,-0.21293151336367355,2.7851066398223487,1.2411185506423985,3.4566475162008343,4.051709473599117,0.5129200897355858,0.26308701845436133,0.0027049796633199998,0.20366818023991512,0.20365021661481134,0.041473410727259574,0.65611621,1.1895099999999998,0.13833554962063696,-0.138032367405324,0.055109302315364594,3.2214959117674367,1.2515478521739771,4.031856289159784,4.742932758783215,0.20365021661481136,0.04147341072725959
667,577.4,0.00251890272455,0.5107729152800086,0.5107667041935126,0.2608826261127032,1.6220804,3.021,0.3332824935847106,-0.08416906779628609,0.15020280196347802,3.175736910620577,1.2786456648393558,4.060642233435329,4.866983508654393,0.5107667041935126,0.26088262611270313,0.004849234956680002,0.5092813224433099,0.5092582353874521,0.2593439503099415,1.6541616,2.8586,0.3462324774942662,0.6255183618559854,-0.04959034916295302,3.2480311511603315,1.2503124961751182,4.061053936261817,4.777603799537823,0.5092582353874521,0.2593439503099415,0.0010564696666199992,0.20590252736487424,0.2058998170156698,0.04239473464708631,0.72936621,1.30076,0.14049607990050234,-0.11469971980030806,0.17281194378472353,3.542288768061162,1.251252996732105,4.432299436327006,5.191363421075724,0.20589981701566978,0.042394734647086305
668,578.1,0.002406564823850001,0.5107484667112279,0.5107427970061045,0.26085820469361887,1.6220804,3.098,0.33236754306266275,-0.0835911022584579,0.16580755266478509,3.175888927175396,1.280175364098985,4.065694763684697,4.880381474836675,0.5107427970061045,0.26085820469361887,0.0026840679436000003,0.509124336879802,0.5091172617212779,0.25920038618257224,1.4852616,2.6397000000000004,0.35026602800579876,0.5818539023318017,-0.14518826667978457,2.9172865887781203,1.2425900949234796,3.624991419268799,4.240381542155756,0.5091172617212779,0.25920038618257224,0.0018718296362618004,0.20559579901574618,0.20558727788152628,0.04226612882673591,0.66338621,1.30478,0.13672993716847145,-0.1375115504446481,0.35643637937525074,3.226652554068931,1.2735693475201975,4.109365787959947,4.8517992748187275,0.20558727788152628,0.0422661288267359
669,578.8,0.0029236228330799985,0.5015726945075444,0.5015641736658315,0.25156662030508836,1.4759196,2.896,0.32697034818695203,-0.08842082404730665,0.26726280736251073,2.942583629774926,1.2820560741127387,3.7725572161376544,4.513924911491095,0.5015641736658315,0.25156662030508836,0.004800851149300003,0.5084005157223489,0.5083778478798939,0.25844803621499257,1.6162616,2.7707,0.34903606536463744,0.5977222264587869,-0.1873902559117262,3.1791108585001586,1.2428032864014174,3.9510094227784283,4.630643536253178,0.5083778478798938,0.2584480362149925,0.0023764496172999994,0.20095449006285476,0.2009404378507184,0.04037705956363843,0.67945621,1.2178499999999999,0.13287927402850994,-0.2377188465910793,0.47881427821500777,3.38114470489054,1.277298725386125,4.318731821902733,5.113334754178587,0.2009404378507184,0.04037705956363843
670,579.5,0.0029169540416,0.5042387391076754,0.5042303019415012,0.25424819739601745,1.5860804,2.995,0.3315615203802962,-0.1137661632776155,0.13978334223110211,3.145494935210259,1.274419367858637,4.008679666933203,4.783668497420295,0.5042303019415012,0.25424819739601745,0.003779931140480001,0.5072546813371455,0.5072405976053398,0.25729302385902225,1.4670616,2.6435000000000004,0.3521761329501531,0.5829871896433834,-0.23619489935141846,2.892159804484725,1.2350130368400123,3.5718550631632966,4.165704210874641,0.5072405976053398,0.25729302385902225,0.0022382496653120007,0.20128641335096667,0.20127396860531155,0.04051121043813194,0.67945621,1.24985,0.13645908850902147,-0.13423874300840152,0.1759827561795504,3.375569163802863,1.2538904680664555,4.232593998791466,4.979193525501824,0.20127396860531158,0.04051121043813195
671,580.2,0.002689738112542001,0.5045034204547422,0.5044962502927255,0.2545164665594203,1.5860804,3.037,0.32671277101825497,-0.12499929338094991,0.20533756051549457,3.1438446910238214,1.281858384211196,4.029963675846742,4.854662996664365,0.5044962502927255,0.2545164665594203,0.0009421582419799979,0.5095925043427958,0.5095916333891379,0.2596836328202095,1.5300616,2.7065,0.3522023963570774,0.5890048323346888,-0.10443385258550197,3.0025198309642893,1.240676361950073,3.7251553805637223,4.344267999950688,0.5095916333891378,0.25968363282020945,0.0009296496664599992,0.20294292453029625,0.20294079522956238,0.04118496636840717,0.67704621,1.2334399999999999,0.13889086146648097,-0.1107692603534463,0.17318647196837977,3.3361409941588156,1.2502373690800983,4.170968139417381,4.874663479305973,0.20294079522956238,0.04118496636840717
672,580.9,0.003145646115622,0.5121116584633203,0.5121019973057785,0.26224845564456767,1.5519196,3.069,0.3372932808270977,-0.0975825642743616,0.17366820853666232,3.0304320832234195,1.2729133436032976,3.8574774356186294,4.601098474877537,0.5121019973057785,0.26224845564456767,0.0025405471604599992,0.5062402358351079,0.506233860975845,0.25627272199851114,1.4610616,2.5475000000000003,0.34559912505740603,0.5704495245951648,-0.21023661402229532,2.8861032699026627,1.244767719496249,3.5925281855074047,4.227619499202462,0.506233860975845,0.25627272199851114,0.0010191696287099998,0.19953909599408273,0.19953649321215322,0.03981481212340367,0.69150621,1.2319,0.13234963861258114,-0.22619903172380404,0.3466590844664226,3.4655174042710226,1.2715027337118616,4.40641485325664,5.224843960656387,0.19953649321215325,0.039814812123403674
673,581.6,0.00301983882886,0.5145141950469828,0.5145053327986917,0.26471573747829247,1.5519196,2.987,0.33703901273980114,-0.08425511707442104,0.1774011298949989,3.0162814066933303,1.277790871226343,3.8541768465224906,4.6045696235115186,0.5145053327986917,0.26471573747829247,0.004120462152980002,0.5125384640490234,0.5125219009187587,0.2626786989213779,1.4610616,2.4975,0.3531272799628842,0.6011540219948132,-0.28255043408267166,2.850637956920736,1.237337324413345,3.5272007424874277,4.137492861365926,0.5125219009187587,0.2626786989213779,0.0014540096362000003,0.20057256328321035,0.20056729294173378,0.040227238997975256,0.69150621,1.2269,0.13461326975824478,-0.190226316384362,0.29064242520966,3.447661029408029,1.2634945403538438,4.356100887647757,5.136983978190952,0.20056729294173378,0.040227238997975256
674,582.3,0.0012656018388600002,0.5126545431973266,0.5126529809850374,0.2628130789128451,1.5069196,2.955,0.33524190716605945,-0.09374264172124634,0.1214907116126751,2.939444544081548,1.2775954934281704,3.7554211027006086,4.495021558428133,0.5126529809850374,0.2628130789128451,0.0011662531493000033,0.5150596227012857,0.5150583023219628,0.26528505479078246,1.5159616,2.7544,0.3550742457346749,0.5697143855034578,-0.2617264426581296,2.943274007869955,1.2384452022080863,3.645083573830311,4.26942144695221,0.5150583023219628,0.26528505479078246,0.0007636396753418003,0.20470321999762686,0.20470179562437418,0.04190282513184306,0.69287621,1.31027,0.13910158650557672,-0.10607526931146703,0.21360142758183276,3.384784128007525,1.253535946043524,4.242948574055017,4.9810805714442505,0.20470179562437418,0.04190282513184306
675,583.0,0.00417403323101,0.507730173814931,0.5077130162293719,0.25777250684872643,1.4999196,2.948,0.33394620692664195,-0.06098746645950714,0.03564481006808151,2.954166755010949,1.2722718858202313,3.7585033084252135,4.491500633602009,0.5077130162293718,0.2577725068487264,0.004490147152980004,0.5116149286728637,0.5115952245862777,0.261729673819484,1.5159616,2.6284,0.3493661714069525,0.5783495282783018,-0.18132948999129272,2.96309101834152,1.2453714256476744,3.6901488858357983,4.339176841006055,0.5115952245862778,0.26172967381948403,0.0003415396543817998,0.20656617998201549,0.20656589762840066,0.042669470063026904,0.68411621,1.35251,0.13530336590387132,-0.15820206907680054,0.41346912996797425,3.31185003304782,1.278674937751831,4.234779634850821,5.056165494700572,0.20656589762840066,0.042669470063026904
676,583.7,0.0032884982197599983,0.5060601978577212,0.5060495130273861,0.25608610963525463,1.4529196,2.901,0.3313330107967171,-0.05466351752967823,0.04998534016921763,2.8710410464023264,1.275017821919404,3.6606285016251006,4.385073483943954,0.5060495130273861,0.2560861096352546,0.0021746837761700026,0.5144752463818577,0.5144706501736973,0.2646800498901468,1.4428616,2.5173,0.34660377933422865,0.5929413615865666,-0.18562150395977017,2.804530655550857,1.2523273521030875,3.5121904497579415,4.162855935303159,0.5144706501736973,0.2646800498901469,0.00016716964277999812,0.19997956311018864,0.199979493238813,0.039991797716052456,0.72336621,1.39176,0.13204779115831358,-0.23245139956555863,0.4657507183891596,3.6172006716577614,1.2760437675584588,4.615706373077158,5.478063689325542,0.19997949323881298,0.03999179771605245
677,584.4,0.0024865668456800012,0.5078191702526259,0.5078130824047244,0.2578741266613874,1.5599196,3.018,0.3371281168111909,-0.08612266716468175,0.09496196353830966,3.0718013249164726,1.2675427053880224,3.893639361799137,4.627082471657608,0.5078130824047244,0.2578741266613874,0.003521425760049998,0.5141487935536333,0.5141367342188975,0.2643365814732732,1.3332616,2.5097,0.3505643042899287,0.578531775940333,-0.21852026442143657,2.5931434960391893,1.2458171353549583,3.230582601799884,3.803186986480366,0.5141367342188975,0.2643365814732732,0.0007255896143199998,0.19763550878603098,0.1976341768339295,0.03905926785282492,0.67180621,1.2511999999999999,0.13209120241988342,-0.19325595318161629,0.2484760494295295,3.3992181573369358,1.2649465934574997,4.299829428542236,5.085926978425888,0.1976341768339295,0.03905926785282492
678,585.1,0.003216459039780001,0.5063138719006954,0.5063036552014208,0.25634339127031924,1.4639196,2.922,0.3338334126773571,-0.08178101751329489,0.1467388127564626,2.8913282476430395,1.2737381145333204,3.682794990649774,4.3851799862072145,0.5063036552014208,0.2563433912703192,0.005083925146839997,0.5159115950562074,0.5158865452970658,0.26613892761854147,1.4543616,2.6308,0.3547864725705635,0.5880713081360377,-0.18672468223070737,2.8190132067908853,1.2438759588464825,3.50650275559791,4.099258885105158,0.5158865452970658,0.26613892761854147,-0.0005889103926400002,0.19620945243425686,0.19620856864342176,0.03849780240910035,0.67180621,1.2212,0.13062733210153277,-0.14472805573557876,0.23365678055180616,3.4239237797429736,1.2692945304117202,4.34596772617438,5.14292222915358,0.1962085686434218,0.038497802409100355
679,585.8,0.0015629098328400009,0.5126809783080782,0.5126785960343796,0.2628393428317826,1.4869196,2.966,0.33848012923186416,-0.06408425825725177,0.1202048363600352,2.9002823644970226,1.271755301100715,3.688449471738005,4.392930253762214,0.5126785960343796,0.26283934283178256,0.0019025001554800018,0.5086045188826019,0.5086009605977573,0.25867493712096146,1.3579616,2.4404000000000003,0.3501342409969075,0.5681045543851275,-0.2407801465109305,2.6699754909441733,1.239387974572372,3.309135515879173,3.8784027409989705,0.5086009605977573,0.25867493712096146,0.0007498096330200002,0.19993595569390382,0.19993454970251867,0.03997382416474891,0.66678621,1.25218,0.13436010806008183,-0.16504071509957036,0.190025532924043,3.3349989884802436,1.2623911571411972,4.210073232132297,4.962679917627285,0.19993454970251864,0.0399738241647489
680,586.5,0.003833085254840001,0.5167451097415826,0.516730893114849,0.2670108158992695,1.5290804,2.955,0.3468994207427795,-0.05438486993263036,0.07265949965036089,2.9590611912412155,1.2636078081937778,3.7390928261755816,4.407849389675946,0.516730893114849,0.2670108158992695,0.003236891159399999,0.5093881648748346,0.5093778804092045,0.2594658250501739,1.4095616,2.503,0.34946811588354576,0.5668268497467962,-0.2510000165555559,2.7671659791042718,1.241119834969971,3.434384583320412,4.033448363196922,0.5093778804092046,0.25946582505017396,0.0019909296395600002,0.20062290046446696,0.20061302148650703,0.040245584389945736,0.68544621,1.27084,0.13482627309239104,-0.1888269865747297,0.4063998293564821,3.416590072285401,1.265250347802718,4.322841777258417,5.083921659173143,0.20061302148650703,0.04024558438994573
681,587.2,0.0029040952408799993,0.5165620323817605,0.5165538689519291,0.26682789952920677,1.4670804,2.928,0.34036414433418843,-0.08878466931100537,0.12631151444932254,2.8400856199895226,1.2737987021828028,3.6176973768306944,4.310325938914232,0.5165538689519291,0.2668278995292067,0.0055618930643600035,0.5125194171134897,0.5124892372176141,0.2626452182638919,1.4116616,2.4911,0.3514776774255378,0.5840391156557487,-0.2977480611233432,2.7543573040617284,1.2396842225060125,3.4145332929895207,4.016362035677407,0.5124892372176141,0.2626452182638919,0.0013219596370099996,0.20001288011077448,0.20000851140120304,0.04000340463292517,0.74525621,1.29565,0.1343511110146294,-0.2454558880896253,0.39343209307090765,3.7260410908899955,1.2652578066056357,4.714402577981946,5.547078876920113,0.20000851140120304,0.04000340463292516
682,587.9,0.000913781034859999,0.5146264723323017,0.5146256610677413,0.26483957102940975,1.5249196,3.042,0.3394353248751381,-0.051717593941323185,0.15858518663013266,2.9631581000662894,1.2732521233701946,3.7728473427909943,4.4925188636773274,0.5146256610677413,0.2648395710294098,0.0021293848629400005,0.5149611028045195,0.5149567002396923,0.2651804031217523,1.4706616,2.5231,0.3497344268284625,0.6173940050884996,-0.1171403035080365,2.8558692918565285,1.2496845119738949,3.5689356222549584,4.205081019150937,0.5149567002396923,0.2651804031217523,0.0016082696408999994,0.20476382170271662,0.20475750571606424,0.041925636147064085,0.73876621,1.32216,0.13380961537950326,-0.1586943703341084,0.38079269247995473,3.607894225927112,1.278699910635024,4.6134140242736175,5.521024837450979,0.20475750571606424,0.041925636147064085
683,588.6,0.003807758131980002,0.5085784011866767,0.5085641465258878,0.2586374911316046,1.4699196,2.925,0.3303411274873076,-0.029087906687782578,0.2273549947354181,2.8902517223897153,1.2860901868262558,3.7171243776230964,4.449702073673759,0.5085641465258878,0.2586374911316046,0.0031318421696800007,0.5092567339405778,0.5092471037015809,0.25933261262844864,1.5598616,2.5903,0.3458328745545023,0.5811710813261357,-0.17370786331434163,3.0630161489077357,1.2474873413183887,3.8210738720162007,4.510449164236902,0.5092471037015809,0.2593326126284487,0.0019251496397000008,0.20367641269862616,0.20366731423732637,0.041480374888645845,0.73876621,1.32516,0.13546914964875006,-0.1716772197389401,0.43381165920625,3.627156430200536,1.2717821810112342,4.61295291566936,5.45339076768034,0.20366731423732637,0.041480374888645845
684,589.3,0.003702507827999999,0.5006438015092778,0.5006301103863456,0.2506305074254446,1.4849196,2.885,0.33224271865153393,-0.07055777255371669,0.15898096162552955,2.9660201435101197,1.2702239833605673,3.7675099214171057,4.4693819206236025,0.5006301103863458,0.2506305074254447,0.002547996155970001,0.5066210024108984,0.5066145949332812,0.2566583477994126,1.3607616,2.3912,0.3472343590739629,0.6016366860668829,-0.23001020746791134,2.6859557608635125,1.2415450985567773,3.3347352098404337,3.9188564277711646,0.5066145949332812,0.2566583477994126,0.0018245496368799997,0.20110271596584844,0.2010944389769724,0.04043897338746328,0.67680621,1.2522,0.1350516230407101,-0.2356044720773003,0.4300292693838239,3.36547523363601,1.2667725824752447,4.263291752969566,5.011462985498388,0.20109443897697243,0.04043897338746329
685,590.0,0.0006790049259799997,0.4989717773291256,0.4989713153311491,0.248972373523297,1.5220804,2.889,0.32974826763257437,-0.11183943658266851,0.15007209072778682,3.0504338504821367,1.2735298423662522,3.884818540753195,4.615885963337326,0.49897131533114913,0.24897237352329704,0.0016311431511000008,0.5092183240426837,0.5092157115730624,0.2593006409128603,1.4975616,2.5090000000000003,0.3478672111336113,0.5805547305116512,-0.21097930927662611,2.9409028098416807,1.244856422882133,3.6610017519035285,4.30498061349279,0.5092157115730624,0.2593006409128603,0.0011220796457,0.19972882257925206,0.19972567062389118,0.039890343506163065,0.67680621,1.2742,0.13510950122058274,-0.1467860359925044,0.18562072384023143,3.388625643809843,1.256189715746614,4.256756684269173,5.009316176032885,0.19972567062389118,0.039890343506163065
686,590.7,0.0032352033228800012,0.5056642489019488,0.5056538994975038,0.2556858660770317,1.5489196,3.0709999999999997,0.32735300540817125,-0.10322339149738075,0.20936726839781938,3.0631384428768356,1.2853386939107043,3.93717036543498,4.731649242287166,0.5056538994975038,0.2556858660770317,0.004854490157380001,0.5095702402236534,0.5095471162188082,0.2596382636469037,1.4744616,2.5109,0.34834391591121555,0.5933102678040961,-0.14505276068177864,2.8935394644570493,1.2458493087235953,3.604914141558257,4.232775520545634,0.5095471162188083,0.25963826364690373,0.0004683126589599996,0.20246869090136946,0.20246814929407475,0.040993351478567745,0.70041321,1.2978070000000002,0.13722823009527957,-0.08846197368381054,0.19601686223473624,3.459365528970596,1.255229583850143,4.342297953315291,5.104002358069421,0.20246814929407475,0.04099335147856774
687,591.4,0.002246515624779997,0.5164872247046545,0.5164823389532927,0.2667540064506638,1.5879196,3.06,0.3337707041041465,-0.08515176674934426,0.22495789082359652,3.074460555937329,1.2889487611576378,3.9628221248034423,4.757516404149483,0.5164823389532927,0.2667540064506638,0.0014925971659799978,0.5099534483428935,0.5099512639757923,0.26005029163050813,1.4459616,2.4824,0.34726526016775244,0.548235278771283,-0.23290948798503086,2.8354776395741386,1.2445354101716424,3.528852327199921,4.163853301368249,0.5099512639757923,0.2600502916305082,-0.00017780734491999918,0.20439497962350617,0.20439490228438087,0.0417772760798416,0.70041321,1.2478069999999999,0.13580941516701392,-0.17891893097162662,0.2230734438240991,3.426763276134058,1.2661728021925258,4.3388744597931,5.1573243956514725,0.20439490228438087,0.0417772760798416
688,592.1,0.0031177828328379986,0.5225383105569998,0.5225290091755393,0.2730365654299709,1.5809196,3.1109999999999998,0.3366401163949884,-0.06535615823463009,0.23191364692756622,3.025461613168264,1.288411052661334,3.8980381818085807,4.696171142434691,0.5225290091755393,0.2730365654299709,0.0024222641513800013,0.5082170899039201,0.5082113173737773,0.2582787431067902,1.4419616,2.4794,0.35386394300179885,0.5839362585382,-0.26198325537381795,2.8372945905313944,1.2324357760583993,3.496783360587857,4.074904009060538,0.5082113173737773,0.2582787431067902,0.00018484964650000024,0.204963314334367,0.20496323097945332,0.042009926053536734,0.73185621,1.3082500000000001,0.13576291802032062,-0.25427909010953315,0.34433056747988466,3.5706692798989677,1.271538985400991,4.540245193365221,5.390692986507979,0.20496323097945332,0.042009926053536734
689,592.8,0.0034367356129599972,0.5202999267686572,0.5202885763149107,0.27070020264379663,1.6000804,3.181,0.3362273801744159,-0.05146143848198818,0.17806199226096986,3.0753039116060634,1.2847115620167513,3.950878491955651,4.758923556939259,0.5202885763149108,0.2707002026437967,0.0055236311383000045,0.5097370453923689,0.5097071168272913,0.25980134494438994,1.4300616,2.5665,0.3548557703536529,0.572494264257697,-0.25774778814105925,2.805488855335624,1.2349230814408845,3.4645629421791284,4.029979838216484,0.5097071168272913,0.25980134494438994,0.00023409965767999917,0.2027067288823386,0.20270659370510913,0.04108996313152819,0.68712621,1.24452,0.13732969764561548,-0.15534083658247697,0.18913149924881045,3.38975530703198,1.2541025571109028,4.25110079852906,5.003478648683516,0.20270659370510913,0.041089963131528184
690,593.5,0.0015727489283400011,0.5140887526985346,0.5140863469417795,0.2642847721119436,1.5440804,3.04,0.3354856252729203,-0.07238765943885996,0.09146560985220198,3.003528849629317,1.2774783226808042,3.836942996947865,4.602523278736244,0.5140863469417793,0.2642847721119435,0.0019026441474600028,0.5145580997836072,0.5145545821369827,0.2647664179981648,1.4771616,2.6136,0.3561572710273913,0.5583424924646899,-0.18050763662148706,2.8707382132769985,1.2388802641535537,3.5565009159803087,4.147498086277718,0.5145545821369826,0.26476641799816475,-2.681034634300139e-05,0.20416828453703853,0.20416828277673899,0.04168468769200245,0.68712621,1.31452,0.1385829578272878,-0.11353613241091952,0.15868716048909004,3.365489461588473,1.2540706652973934,4.220561608145623,4.958230223779369,0.20416828277673899,0.04168468769200245
691,594.2,0.0031449342159799998,0.5096869612271778,0.5096772585016638,0.25977090783377177,1.4500804,2.8689999999999998,0.33140036288966856,-0.03958854678233474,0.13844075424397317,2.845041192555973,1.279953342484074,3.6415199839168944,4.3756150034234205,0.5096772585016638,0.25977090783377177,0.0032271561624999984,0.5078028142955433,0.5077925596831614,0.257853283669577,1.4609616,2.6384,0.347373486914383,0.5547575497475976,-0.21064270809950347,2.8770254100043537,1.2433999026726852,3.5772931147862557,4.205737210911789,0.5077925596831614,0.257853283669577,0.0013331196385209987,0.20179261944865765,0.2017882158501337,0.04071848405598015,0.72367621,1.29507,0.13475661662802602,-0.2064193606596246,0.2474716087046276,3.5862372567304224,1.2649298229496833,4.536338458211571,5.37024621208465,0.2017882158501337,0.04071848405598015
692,594.9,0.004352785193778002,0.5027292057459378,0.5027103615114755,0.2527177075709984,1.4740804,2.931,0.3259112986252235,-0.07933011817495368,0.23043917567806993,2.9321558866125432,1.2837861272408497,3.7642610501407767,4.522949668262638,0.5027103615114754,0.2527177075709983,0.003955542662180003,0.5026776601929559,0.502662096978987,0.2526691837393126,1.4248616,2.5303,0.34242818699973265,0.5929554436877078,-0.2368113319193914,2.834543312414278,1.2443762685684694,3.527238430197788,4.161052314309372,0.502662096978987,0.2526691837393126,0.00078894964011,0.19450758938225976,0.19450598933133947,0.03783257988576314,0.66347621,1.20987,0.13172223276736436,-0.26004544012812364,0.2461284325512132,3.411055641104526,1.2572913018858656,4.288690587809436,5.036934130715583,0.19450598933133947,0.03783257988576314
693,595.6,0.0016524335390779997,0.516352653511516,0.5163500094429966,0.2666173322517827,1.6000804,3.105,0.3358288629456407,-0.097272977363792,0.2704258476430912,3.098813164062328,1.2838816929242645,3.9785094911323386,4.764570817306429,0.5163500094429966,0.26661733225178263,0.0035174670509800004,0.5094451540861333,0.5094330107554764,0.2595219924473894,1.5144616,2.6199,0.3524203599958047,0.5759071022963912,-0.1818737402020072,2.9727667205250237,1.238068836125181,3.6804898337520875,4.297315853198801,0.5094330107554764,0.2595219924473894,0.000817779655819999,0.19945747424563431,0.19945579778207104,0.03978261526888241,0.66405621,1.2634500000000002,0.13690368315036677,-0.12609503295332547,0.06866338694081131,3.3293122381676543,1.2451358831703305,4.1454461340206725,4.8505357541815775,0.19945579778207104,0.03978261526888241
694,596.3,0.001994892732879999,0.5123299948107896,0.5123261109740631,0.262478043985808,1.5100804,2.952,0.33199811393272183,-0.1470939752549856,0.1953240130763727,2.947476070687006,1.284651924338967,3.7864808061511193,4.54846077922603,0.5123261109740631,0.262478043985808,0.0037267281606000024,0.5115025004236672,0.5114889240608056,0.2616209194368806,1.5144616,2.5509,0.3521998852063177,0.544011325671838,-0.22682691754052575,2.9608097687608605,1.2403196529036238,3.672350544703129,4.300005944388178,0.5114889240608056,0.2616209194368806,0.0008462496561099993,0.20276882071884306,0.20276705481223975,0.04111447851722984,0.63340621,1.1968,0.13860100060372213,-0.12292000675708648,0.04209728972721072,3.1237850462141505,1.2498780000024552,3.9043502059997195,4.569997382710019,0.20276705481223978,0.04111447851722985
695,597.0,0.0027231998348000008,0.520206189875439,0.5201990620593054,0.27060706416738106,1.5100804,2.983,0.338417588271316,-0.06563395910525226,0.09731659099738232,2.9028497341824826,1.2796813712589197,3.7147227283972297,4.462180608619369,0.5201990620593053,0.270607064167381,0.002483354165079997,0.5044031790918614,0.5043970658420479,0.2544164000300672,1.4453616,2.4728000000000003,0.34421049085442995,0.5982800371842809,-0.20968425985813832,2.865488680309789,1.2444548059871707,3.5659711597133525,4.1990631848907185,0.5043970658420479,0.25441640003006716,0.0016343496377200007,0.20258489399862056,0.2025783013496115,0.041037968177694006,0.65435621,1.2257500000000001,0.1370060547430766,-0.23949770876339835,0.3790428607046614,3.230034565185574,1.2625612069081606,4.078116338975774,4.776111619498094,0.20257830134961147,0.041037968177694
696,597.7,0.0026614818531000015,0.5231888291694192,0.5231820595949496,0.2737194674820133,1.5569196,3.099,0.3488121469056867,-0.0782927694520896,0.044727083829218195,2.9758272982847607,1.2651039142191969,3.7647307631003883,4.463490201850587,0.5231820595949496,0.27371946748201337,0.0027940901603600004,0.5068561287297548,0.5068484273341386,0.2568953282910895,1.4453616,2.7098,0.3468273627277075,0.6285149529287546,-0.15896113890336006,2.851621038147961,1.2442519574813629,3.548135058710637,4.16738053374049,0.5068484273341386,0.2568953282910896,0.0013900996549517993,0.2023816231176629,0.20237684896916702,0.040956388998689044,0.66840621,1.3128,0.13860142840485273,-0.18239511503825184,0.3260810538286609,3.3027020917378183,1.2521415470655346,4.135450506645169,4.822505927194309,0.20237684896916702,0.040956388998689044
697,598.4,0.003639122713900002,0.516769182442471,0.5167563688123573,0.26703714470813306,1.6440804,3.066,0.33407073449003116,-0.1044366396195904,0.1626196131895128,3.1814598390511146,1.2844824440151716,4.086529309600491,4.9213541632425155,0.5167563688123573,0.267037144708133,0.0065582941520400005,0.5150348069718883,0.5149930496330855,0.2652178411703856,1.4159616,2.6803999999999997,0.3525282919758562,0.5653510454058934,-0.2086802354598496,2.749254187935469,1.2422718725731992,3.415321148226305,4.01658996520193,0.5149930496330855,0.26521784117038566,0.0009557896384999997,0.20341119765918167,0.20340895211201893,0.041375201799309605,0.64439379,1.26,0.1378507197730263,-0.08298846981236531,0.15098623134083722,3.1679366594148415,1.2574070688869194,3.9833859493342345,4.674576897828361,0.20340895211201893,0.041375201799309605
698,599.1,0.000556660824799998,0.5067235203198865,0.5067232145600836,0.25676841617410456,1.6440804,3.032,0.33305981685681696,-0.08706406623638989,0.1178451191619172,3.2445314536852723,1.275050295571893,4.1369407890137095,4.936291671314986,0.5067232145600836,0.25676841617410456,0.001594558560520003,0.5208883840097094,0.5208859433496393,0.27132216597924363,1.4498616,2.5202999999999998,0.35610596319666227,0.5348853285645286,-0.2748839158101877,2.783440069903679,1.240948923296187,3.454106957806434,4.07143308408824,0.5208859433496392,0.2713221659792436,0.0013237096460417997,0.20408380362895456,0.2040795107217642,0.041648446696434666,0.65205621,1.2674500000000002,0.13534655349620286,-0.16027085147477033,0.2618363339560261,3.1950414408460635,1.2696278947498068,4.056513738179776,4.8176787155373955,0.2040795107217642,0.041648446696434666
699,599.8,0.004065021835058,0.5007798931756952,0.5007633942357819,0.25076397700654113,1.3940804,2.782,0.33323449619906187,-0.05235964070710466,0.04011540540305347,2.783818637684194,1.2670734930119962,3.5273028051624085,4.183481650012694,0.500763394235782,0.2507639770065412,0.0027584605375,0.51250316966016,0.5124957461356863,0.26265188980717374,1.4446616,2.5421,0.35289275308025936,0.6088033767453664,-0.22623223708738927,2.8188344687857305,1.24145092076605,3.499444646761124,4.093769530232991,0.5124957461356863,0.26265188980717374,0.0013507496450339998,0.20244678687649786,0.20244228064318628,0.0409828769920146,0.68139379,1.33499,0.13561970339207546,-0.13608831272235067,0.2607214878279689,3.365792070662413,1.2631552904959484,4.25151806076654,5.024297892984592,0.20244228064318628,0.0409828769920146
700,600.5,0.004847850842959998,0.5061410979379286,0.5061178808973422,0.25615530936401626,1.4450804,2.86,0.3350882570430657,-0.0580006249342208,0.10457771436094099,2.8550939765362022,1.27006194850804,3.626146219013137,4.312536681386234,0.5061178808973421,0.2561553093640162,0.006180501145199999,0.5093002729656084,0.5092627705305361,0.2593485694484375,1.3970616,2.4815,0.3506939463301136,0.5940587217065249,-0.18597974082214153,2.7431000416807936,1.242050371530453,3.4070684259148303,3.983706062279514,0.5092627705305361,0.2593485694484375,0.0006974196545800001,0.20005714083458068,0.2000559251927637,0.04002237320473266,0.68139379,1.33499,0.1330986913186314,-0.10380469613572135,0.2631454936511153,3.4059958427748276,1.2658910398781456,4.311619619230868,5.119462732873748,0.2000559251927637,0.04002237320473266
701,601.2,0.0024005050500800016,0.515207117871027,0.5152015255028608,0.26543261188047496,1.4840804,2.9050000000000002,0.341708662577709,-0.07150072720213464,0.1227365929107469,2.8805510415551234,1.269682028258308,3.65738388894329,4.3431161177030475,0.5152015255028608,0.26543261188047496,0.002351244137200003,0.5130768826258266,0.5130714951505722,0.2632423591360436,1.4259616,2.5164,0.35605237014115293,0.5597497460928418,-0.2532884767692791,2.7792357213644254,1.2353527123775228,3.4333363867240445,4.004920959898943,0.5130714951505722,0.26324235913604355,0.0012325696357599984,0.20263732958547442,0.20263358091299968,0.041060368113625186,0.66639379,1.30864,0.1357206099268544,-0.12815991421225503,0.2616141563549177,3.288603296160733,1.2671897081143002,4.167284250965644,4.910041226304155,0.20263358091299968,0.041060368113625186
702,601.9,0.0032977681167599957,0.5245702114861387,0.5245598454934006,0.2751630315040603,1.5119196,2.996,0.34213317509688557,-0.030793715141232546,0.15707005567198573,2.8822063603585906,1.280537225105412,3.6907725348747586,4.419096743751474,0.5245598454934006,0.27516303150406035,0.005242608161480002,0.5127419824407482,0.5127151798191016,0.26287685561693375,1.4813616,2.6118,0.3472205673995264,0.5599323422833622,-0.20682924128996794,2.8890975397576,1.2496123093571068,3.61025184861443,4.266341740912726,0.5127151798191016,0.26287685561693375,0.0008990596324100004,0.20702171656251442,0.20701976432279945,0.04285718282026743,0.68538621,1.2957800000000002,0.13818237343767786,-0.09293377110996898,0.22142123265404834,3.310697164435083,1.2689487606381196,4.201105063658035,4.960011852084148,0.20701976432279945,0.04285718282026743
703,602.6,0.004975780439879999,0.517293946109784,0.5172700148769945,0.2675682682908461,1.5530804,3.065,0.3386179627804983,-0.05450003379953608,0.17324418966059918,3.00231698375684,1.2781062607832263,3.837280133795429,4.586526914423469,0.5172700148769945,0.2675682682908462,0.0033017672580500012,0.5040953190772953,0.5040845058604895,0.2541011890486139,1.3798616,2.5103,0.3458528556799798,0.545508658088538,-0.2816171576392046,2.7373029420819104,1.241700031957307,3.3989091506599394,3.989736031778775,0.5040845058604895,0.2541011890486139,0.0009950396470699999,0.2046738137982337,0.2046713950478054,0.04189037995081482,0.67020621,1.3026,0.13602761811151629,-0.11189615887352045,0.22058133095774446,3.2745088273025758,1.268511542310673,4.153752242831504,4.926986293699275,0.20467139504780538,0.04189037995081481
704,603.3,0.002431399217929998,0.5150226723634397,0.5150169330674691,0.265242441346222,1.5530804,3.064,0.33307585987512955,-0.07230290387245582,0.14314739890575012,3.015557340170894,1.2831542894385621,3.8694253360882236,4.662842874840138,0.5150169330674691,0.265242441346222,0.0024171291543499964,0.5013893028306773,0.5013834764725337,0.2513853904796838,1.3808616,2.5513000000000003,0.34111537944383646,0.6024524706832565,-0.09210117099338033,2.754070723495923,1.2508815325326932,3.4450162073100037,4.048077815346213,0.5013834764725337,0.2513853904796838,0.0008766796335200007,0.2014980179585647,0.2014961108161898,0.04060068267405024,0.64325621,1.27665,0.13364424912427694,-0.09328013015542533,0.35042946674466746,3.1923699127019542,1.2718034514204397,4.060067073185113,4.813197830920734,0.2014961108161898,0.04060068267405023
705,604.0,0.0026841080137800003,0.5069556492806802,0.5069485436430076,0.2569968259017663,1.4330804,2.851,0.3283926048013904,-0.08230521652147964,0.18857346526427765,2.8268358426095044,1.2836208691406419,3.628585481208331,4.363924092830036,0.5069485436430076,0.2569968259017663,0.004967476142160004,0.5084770312510176,0.508452766233625,0.2585242154906254,1.4293616,2.6178,0.34926404243206877,0.6040219412352998,-0.13930338650116925,2.811064241158168,1.2442084516231033,3.497549886904478,4.092495723426806,0.5084527662336251,0.25852421549062543,1.3879634609999859e-05,0.19997940433968592,0.19997940385802562,0.03999176196741132,0.64439379,1.26741,0.13209843742140467,-0.12931632095768142,0.30503554329427907,3.2223007770611707,1.273943250271023,4.105028325280151,4.878133326773062,0.19997940385802562,0.03999176196741132
706,604.7,0.003233949027419998,0.5032798802784557,0.5032694899025619,0.2532801794667848,1.6260804,3.2,0.3271789619133187,-0.03634496033075985,0.2975062466459941,3.230966433826679,1.2855661923452866,4.153621215929993,4.970002932006388,0.5032694899025619,0.2532801794667848,0.003808819652459998,0.5081866368076559,0.5081723632024191,0.2582391507227314,1.3625616,2.359,0.3478997904400749,0.6253547766481883,-0.18984162357675727,2.681222805383837,1.2449796661864148,3.3380678732181717,3.9165346960296565,0.5081723632024191,0.2582391507227314,0.0013467896273320007,0.20094323375720288,0.2009387203863446,0.04037636935050159,0.66500621,1.2384,0.1334319275626572,-0.154657959047022,0.2685219915106325,3.3094232513622153,1.271241474177392,4.207076092738641,4.9838612253257395,0.2009387203863446,0.04037636935050159
707,605.4,0.002093049546660002,0.5079324004842267,0.5079280880255237,0.2579909426052641,1.5300804,2.995,0.33299510314118946,-0.04743772063357307,0.2090008837339492,3.0123701471718083,1.2783256338175655,3.850789977676515,4.594903605387999,0.5079280880255237,0.2579909426052642,0.0008997211474800015,0.5005160154309984,0.5005152067667678,0.25051547220478027,1.5503616,2.6508000000000003,0.34760217473478705,0.5885435175353044,-0.22636082180406625,3.0975264571004204,1.2352526856163855,3.8262278749011025,4.460160817989394,0.5005152067667676,0.2505154722047802,-7.185034842799976e-05,0.2036462207721457,0.20364620809704492,0.04147177807230493,0.65737621,1.3137699999999999,0.13638351639739454,-0.09993273966233804,0.24964930082144887,3.228030490855613,1.2652121138384096,4.084143280870269,4.820056172217587,0.20364620809704495,0.041471778072304934
708,606.1,0.004298385527779998,0.5162465059426941,0.5162286109660086,0.26649197877989467,1.5300804,3.0119999999999996,0.3360881191572214,-0.031947094715471185,0.21082064645107623,2.9638561857304784,1.281688354677876,3.7987399581907413,4.552616747764985,0.5162286109660086,0.2664919787798946,0.004437771144700005,0.50738269132398,0.5073632836956498,0.2574175016424324,1.5503616,2.7138,0.3496750134558697,0.6046914903837967,-0.11310506828431732,3.055606008069449,1.2434265182629862,3.7994215397972573,4.433721428012932,0.5073632836956498,0.25741750164243243,-0.0012506203590635003,0.2029432747310772,0.20293942127465273,0.04118440870729097,0.68130621,1.3427,0.1331754714399043,-0.08705192546613054,0.4526477921225358,3.3571263245988705,1.2787094796919365,4.292789255787924,5.115853562474084,0.20293942127465273,0.04118440870729097
709,606.8,0.0020900734408500045,0.5233534627004602,0.5233492892070972,0.27389447851357385,1.4819196,2.958,0.3442184548705396,-0.0367100372514714,0.13501272765890793,2.8315845897979126,1.2740314076568255,3.60752770083961,4.305171843727406,0.5233492892070972,0.27389447851357385,0.002143100146980002,0.510461688970211,0.510457190201177,0.2605665430280806,1.4882616,2.5097,0.35006975142120467,0.5795867789080503,-0.16322240924296239,2.9155206593512846,1.244039106565504,3.627021716232641,4.251328753649784,0.5104571902011769,0.26056654302808047,-0.0009781773791900001,0.20098053305712033,0.2009781526358999,0.04039221783693908,0.70158921,1.352983,0.13421805882734658,-0.1071982314437707,0.5348071133547405,3.490831670749935,1.2729754257308386,4.443742932227594,5.2272340706588505,0.2009781526358999,0.04039221783693908
710,607.5,0.0029627719260000005,0.5243110839593232,0.524302712891241,0.274893334745115,1.5630804,3.048,0.3378696082528374,-0.04893712362900786,0.2246651939634403,2.9812080038370232,1.2875311321478415,3.8383981163484893,4.626282926371711,0.524302712891241,0.274893334745115,0.0029339681649500015,0.5146947402870309,0.5146863778165701,0.2649020675099411,1.4882616,2.6427,0.3494481750894243,0.5598113575930291,-0.2062430009716869,2.8915422744946606,1.2468359169288352,3.60527876315804,4.2588907485899785,0.5146863778165701,0.2649020675099411,0.0006952366406699997,0.20315760125375407,0.20315641164677234,0.04127252759319282,0.70158921,1.320983,0.13683866494354818,-0.12822572679069563,0.39054230067728035,3.453423380027409,1.2649841754733024,4.368525926944197,5.1271269731361055,0.20315641164677234,0.04127252759319282
711,608.2,0.0035597623329599965,0.5144341727044753,0.5144218562019608,0.2646298461382708,1.5630804,3.0709999999999997,0.335197196657077,-0.008037340485960618,0.2536185763767751,3.0384458944136585,1.2822212122305419,3.895959778031995,4.663166683935926,0.5144218562019608,0.2646298461382708,0.006215817150599997,0.5055677578677942,0.5055295455387537,0.25556012141261886,1.3773616,2.4808,0.34500550627375975,0.5665897750374796,-0.22764931662020782,2.7243857595052168,1.2443100849320532,3.3899806757976125,3.992288745986193,0.5055295455387537,0.25556012141261886,-0.000890340346110001,0.20599346416226078,0.2059915400487037,0.0424325145716367,0.64577621,1.21817,0.1373770884756158,-0.10185460928968698,0.25968884886262167,3.134935434122914,1.2686474569893706,3.9771278663259038,4.700756269955628,0.2059915400487037,0.0424325145716367
712,608.9,0.002239507936859996,0.5149852083577612,0.5149803388785706,0.2652047494314875,1.4780804,2.944,0.3382345857725937,0.0030054217219863265,0.12019181097321896,2.870141464282941,1.2759337653341807,3.6621104055642912,4.369985986571351,0.5149803388785706,0.2652047494314874,0.0019556715663999976,0.5047450611739525,0.5047412724636468,0.25476375212822133,1.3758616,2.4242999999999997,0.34535597894066816,0.5890106597648007,-0.19317892389741909,2.725854507223857,1.2416706415729024,3.3846135148190344,3.9838939641938893,0.5047412724636468,0.25476375212822133,-0.0006291503506982002,0.20341456793332274,0.20341359496684727,0.04137709061733659,0.66139379,1.30717,0.13781406350800388,-0.05673022311437931,0.24814096478559966,3.251457340148805,1.2592309755238693,4.094335798309825,4.799174867676607,0.20341359496684727,0.04137709061733659
713,609.6,0.0026192438278,0.5149911969460375,0.5149845361694688,0.2652090724936829,1.5210804,3.026,0.3377370346055677,-0.03251972626109204,0.13852703737415428,2.9536046616334377,1.2765893516574374,3.770540260047015,4.503741799522878,0.5149845361694688,0.2652090724936829,0.004806137554580001,0.5121164177886283,0.5120938648436079,0.26224012641046335,1.5061616,2.6596,0.35092254304302967,0.5910426646265862,-0.18744266492493322,2.941053142767345,1.2427528599035211,3.655002204302357,4.292005828235767,0.5120938648436079,0.26224012641046335,-0.0007668903703100008,0.20227068022761016,0.202269226425821,0.04091283995890005,0.63409621,1.26349,0.13498068932789992,-0.06738728508748922,0.23607399369550697,3.1348893931956296,1.2677277827794473,3.974186379694703,4.697680928711446,0.20226922642582104,0.04091283995890006
714,610.3,0.003577988331029999,0.5094943038274136,0.5094817402342147,0.2595716436320838,1.5609196,3.082,0.3314452454616547,-0.020613206363168376,0.23399679042686916,3.063664477255367,1.2838724503920893,3.9333544195930474,4.709434277223882,0.5094817402342147,0.25957164363208374,0.0036830471548,0.5045514298031157,0.5045379871526265,0.254558580480024,1.4222616,2.4007,0.34469887979844666,0.586319507132596,-0.24065155995206844,2.8188634814789637,1.2439913257753494,3.5066417195047337,4.126098700499488,0.5045379871526267,0.25455858048002405,-0.0004845603547300002,0.20241974113128147,0.20241916115061248,0.040973516800917625,0.78450621,1.3779,0.13656116598233398,-0.20196284337174306,0.4210083816404704,3.8756408125786512,1.2633765701018673,4.896393796742431,5.74472401693968,0.20241916115061248,0.040973516800917625
715,611.0,0.0005358631348379972,0.5077538774738509,0.5077535947095118,0.2578137129404311,1.5609196,3.0780000000000003,0.32831783471362275,-0.015836557625222236,0.2994200683085295,3.0741657902561004,1.2877521319002274,3.958763550217041,4.754294269032085,0.5077535947095118,0.2578137129404311,0.002281176152780001,0.4985331272916385,0.4985279081882388,0.24853007524254103,1.3933616,2.3948,0.34502261591638705,0.5898533878389127,-0.27576682044184553,2.794922791930922,1.2359433841729017,3.454366333961078,4.038464540358328,0.49852790818823883,0.2485300752425411,-0.0003301603382600002,0.20113456663701393,0.20113429565941865,0.040455004890410436,0.78450621,1.2929,0.13800500973492785,-0.1914597370594355,0.2686833617682849,3.90040470475566,1.2497973025141682,4.874715278717195,5.684621243147873,0.20113429565941868,0.04045500489041044
716,611.7,0.0025343121307179997,0.5124065673396084,0.5124003000728872,0.26255406751478483,1.5380804,2.997,0.3293798125342215,-0.011997532450883185,0.2504403386334344,3.0016797169201856,1.2888614223139276,3.8687491892806185,4.669625585630565,0.5124003000728872,0.2625540675147848,0.006487230150560003,0.5013967091102389,0.5013547404299188,0.25135657575155124,1.6100616,2.7255000000000003,0.3473091589278244,0.5362033278750533,-0.26680396756100055,3.211153106403828,1.2355790361826398,3.9676334602453314,4.635816702820074,0.5013547404299188,0.25135657575155124,-0.001093310349433901,0.1983464878203005,0.19834347456654186,0.03934013390312843,0.61039379,1.2038000000000002,0.13371220475487688,-0.044773081240180194,0.1003609643859944,3.077411638127968,1.2580056054033881,3.871401090898607,4.56498186623265,0.19834347456654183,0.039340133903128426
717,612.4,0.003211595833700001,0.515219087062576,0.5152090772936704,0.26544039332579517,1.5819196,2.9829999999999997,0.3354903605225815,-0.02905023995459372,0.2532084122457463,3.0703823668859296,1.2816294429736086,3.9350924425880036,4.715246058145753,0.5152090772936704,0.26544039332579517,0.0034688131605200008,0.5092429600387317,0.5092311456345406,0.2593163596842667,1.4639616,2.5834,0.3482907488020918,0.5190096570210873,-0.25044406082576476,2.874780242202376,1.2417143572352534,3.5696559006389292,4.20327443388932,0.5092311456345406,0.25931635968426675,0.0006018696247899992,0.19871050003012516,0.19870958853356102,0.03948550057517713,0.67658621,1.28698,0.13255864365075443,-0.14402750169258138,0.3303081427911163,3.4048840393307214,1.268760884689855,4.319983686007613,5.104051998167449,0.19870958853356102,0.03948550057517712
718,613.1,0.002671006836860001,0.5087571356024746,0.50875012407754,0.25882668874891224,1.4999196,2.901,0.33508734757442704,-0.028796605877247323,0.14056434038275611,2.9482035632262575,1.2756755147806138,3.760951098196696,4.476204819004242,0.5087501240775398,0.2588266887489121,0.0040052321535799995,0.5090700540394277,0.509054297727759,0.25913627803510186,1.3853616,2.4577999999999998,0.3496343977249062,0.5692652947402695,-0.2815530404470006,2.721357481170368,1.2405454543842638,3.3759676530205094,3.962314946740476,0.509054297727759,0.25913627803510186,-0.0006218803501800008,0.20232971646307973,0.20232876075550976,0.040936927428860306,0.68530621,1.3017,0.13918119136162066,-0.23293485425011265,0.4030153162286534,3.3870764116108063,1.2524164368977684,4.242030170930085,4.923842103200834,0.20232876075550973,0.0409369274288603
719,613.8,0.003953745621860004,0.5090350966774431,0.5090197418027825,0.2591010975449714,1.5050804,2.9859999999999998,0.3335159521124631,-0.04064934387786526,0.14303344698674803,2.9567320796226246,1.2768179294461328,3.7752085318307174,4.512768850985815,0.5090197418027825,0.2591010975449714,0.006308248155979998,0.5097133909923988,0.509674353839952,0.2597679469621726,1.6027616,2.6862,0.34816097439617494,0.5984837369401761,-0.14369758309160208,3.1444369096904925,1.2476057491300163,3.92301756630648,4.6035073367419,0.509674353839952,0.2597679469621726,-0.0010931903400782002,0.20585692201910472,0.20585401933909409,0.04237587727806012,0.68530621,1.3017,0.14131844986817899,-0.14425917869888719,0.2586399413773526,3.329041371445356,1.2504105429933727,4.1626684289163896,4.84937536916977,0.20585401933909409,0.04237587727806012
720,614.5,0.0022875369246999995,0.503504771062186,0.5034995746345796,0.2535118216572026,1.5050804,2.975,0.3268529605978798,-0.0688229380813249,0.21018907522005836,2.9892078218542104,1.2824165664500622,3.8334096313079455,4.604762940641275,0.5034995746345796,0.2535118216572026,0.00367004135806,0.50812177134128,0.5081085172553499,0.2581742653074302,1.4247616,2.5542,0.34879426919907397,0.5680363319168169,-0.22220031495848191,2.8039766850357193,1.2421711024958677,3.483018810223528,4.084819407359067,0.5081085172553499,0.2581742653074302,-0.0014348803625800005,0.20390718992298892,0.20390214128506584,0.041576083220634955,0.67890621,1.2713,0.1351829891029091,-0.16419532553484353,0.33192246259981006,3.329486371993098,1.2724282276710377,4.236532443370051,5.02212752140861,0.20390214128506584,0.041576083220634955
721,615.2,0.004039158796779997,0.5066448304384906,0.5066287293534205,0.2566726694062614,1.4579196,2.879,0.3234716987188623,-0.0331222639036413,0.19031417280155338,2.877596912887083,1.2893458419640835,3.7102176144796433,4.5071009481639885,0.5066287293534205,0.2566726694062614,0.0018627128640400017,0.5168238022359044,0.516820445472471,0.2671033728583634,1.3921616,2.5216000000000003,0.3522986298917931,0.5562784439123684,-0.29301842828447544,2.693687082477961,1.243846170116217,3.350532361031738,3.9516520414161023,0.5168204454724711,0.26710337285836344,-0.0005223603645799995,0.20081599744508308,0.2008153180649154,0.04032679196951314,0.64114621,1.2085400000000002,0.13309669787971964,-0.19951056442842827,0.2197820216225641,3.1927048549771717,1.269240717453743,4.052311000749274,4.817145881255507,0.2008153180649154,0.04032679196951314
722,615.9,0.002088982820980003,0.5065297622877952,0.5065254546753836,0.256568036234104,1.5770804,3.028,0.3330659182661995,-0.08277854975939797,0.16700090268416634,3.113499970617619,1.2762433531808153,3.9735836426294,4.735039863008543,0.5065254546753835,0.25656803623410396,0.006242017168860003,0.5079849364363898,0.507946584660185,0.2580097328679466,1.4413616,2.4858000000000002,0.34576523610118326,0.5494409163609856,-0.2771130115440714,2.8374101210784395,1.2451114182147165,3.5328917399127664,4.168613410222091,0.507946584660185,0.2580097328679466,-0.0017522203650380001,0.20141841593329005,0.2014107941518234,0.040566308000868176,0.71239379,1.3383,0.13582298546901492,-0.0662621492507716,0.19163091614186056,3.5368850792469018,1.2587785874287098,4.452155203952096,5.24501642737427,0.2014107941518234,0.040566308000868176
723,616.6,0.0019155229286600029,0.5154726821572723,0.5154691230542543,0.265708416822322,1.5720804,2.993,0.33633743532542726,-0.07053306770341022,0.11285426942039001,3.0497841193461217,1.2769674746463142,3.8944751250978507,4.67411663075481,0.5154691230542543,0.265708416822322,0.0023132301432499986,0.5064943523763602,0.5064890699269362,0.2565311779554529,1.4243616,2.5598,0.34771230361843547,0.5480766884151969,-0.14632314590479778,2.8121964111094395,1.243052305304237,3.49570723179789,4.096379636778781,0.5064890699269362,0.2565311779554529,-0.0008890503633309994,0.20391307856206156,0.20391114044629577,0.04157975319810896,0.71239379,1.36306,0.13391431517771818,-0.07455240059943113,0.33382649288096644,3.493615000193236,1.2767866565744828,4.4606010154551825,5.319773237495779,0.20391114044629574,0.04157975319810895
724,617.3,0.003482813931700002,0.5118911114324214,0.5118792630793287,0.26202037997063665,1.4039196,2.754,0.3329403836912799,-0.05966790304571446,0.11170672692377215,2.7426137485986453,1.2797672712516965,3.5099073131414746,4.216729687263739,0.5118792630793287,0.26202037997063665,0.0046521421711999975,0.5025198123375818,0.502498277972191,0.2525045193650174,1.3596616,2.4951,0.33855186537499726,0.5336377939394706,-0.20209834839835894,2.7056875502584345,1.251154977988905,3.385234447388446,4.016110200704313,0.5024982779721912,0.25250451936501744,-0.0014656985786405002,0.1989700619251451,0.19896466337059113,0.03958693727017265,0.70662441,1.3000182,0.13092910857319914,-0.18797402242339945,0.3752641955646925,3.5514107155771026,1.2784399190716806,4.54026522781269,5.3970000842474555,0.19896466337059113,0.03958693727017265
725,618.0,0.0027732688367799996,0.5176487227318803,0.517641293876277,0.2679525091259061,1.5339196,2.997,0.33678730713019195,-0.05396423420568356,0.17734843234800257,2.9632442477685856,1.2808738496618148,3.795542067127577,4.554564758009221,0.517641293876277,0.2679525091259061,0.0033261761752800016,0.5062099902533247,0.5061990624095644,0.25623749078432206,1.3554616,2.3939,0.34319616818967524,0.5677889801449387,-0.26638760264808736,2.6776666326195593,1.2470421744207258,3.339163219915718,3.949524282715397,0.5061990624095645,0.2562374907843221,-0.0013263403692074997,0.20107614475479293,0.20107177029776072,0.040429856810675444,0.65162621,1.2420200000000001,0.1351014357062521,-0.22886747443321218,0.22939734357140384,3.240693771976984,1.2635189607343469,4.09467802682663,4.823236752397033,0.20107177029776074,0.04042985681067546
726,618.7,0.00046177381920000114,0.5168992264642888,0.5168990202005804,0.26718459708432,1.5129196,3.007,0.33420006600129243,-0.04718109153059154,0.2073111908583769,2.9269140338025323,1.2852347599114353,3.7617716555156084,4.526987735526507,0.5168990202005804,0.2671845970843201,0.002997838153759999,0.5045181161833783,0.5045092095528373,0.25452954252362864,1.3605616,2.399,0.3478959771842963,0.5765098114331881,-0.2560512290536816,2.6967546979135113,1.2395688868547234,3.3428132190128967,3.9108287799466237,0.5045092095528373,0.2545295425236287,0.0002362896426799995,0.20265934709118522,0.20265920934078038,0.04107075513063025,0.63239379,1.25534,0.13799302748252631,-0.1002501253705622,0.12376481657150551,3.120476795553173,1.2535225863628157,3.911588143446965,4.582795243622568,0.20265920934078038,0.04107075513063025
727,619.4,0.0019805168149800013,0.5185930020543018,0.5185892202242914,0.2689347793328386,1.5739196,3.068,0.3363669652120887,-0.03392471430064556,0.14977322445486463,3.0349804061474686,1.280683998273235,3.8868508412258667,4.6791741246278455,0.5185892202242914,0.26893477933283866,0.005334606151779999,0.504736151134815,0.504707959358273,0.2547301242395921,1.5136616,2.5791,0.3461307270211054,0.5818122021401412,-0.18273749649878335,2.9989165559011073,1.2415073052098566,3.7231768118660082,4.3730922505117675,0.504707959358273,0.25473012423959207,-0.0005234003593799994,0.2027796908108722,0.20277901532805784,0.04111932905741671,0.64389621,1.26029,0.1376345899786627,-0.09984500501838438,0.14189489823284207,3.1753486131929587,1.2558293249314905,3.987695905328258,4.678302235650372,0.20277901532805784,0.04111932905741671
728,620.1,0.0020597548201099964,0.5127986225716403,0.5127944858532048,0.26295818472145266,1.4489196,2.81,0.33632389096976967,-0.03024626832922653,0.060484959138023875,2.8255138298418094,1.2735138001120916,3.5983308547111124,4.308107865373844,0.5127944858532048,0.2629581847214526,0.00290198415199,0.5081223209568784,0.5081140339949158,0.25817987154258654,1.4355616,2.502,0.348640112259938,0.6081596457475941,-0.15052312555331238,2.8252283766959896,1.2438472801782454,3.514152632235706,4.11760307984779,0.5081140339949158,0.25817987154258654,-0.0013477003603981999,0.20135294214919633,0.20134843186843096,0.04054119101587618,0.68020621,1.2966000000000002,0.1338987702992239,-0.16492838361971607,0.3229704251874521,3.3781786485940106,1.2703521200038386,4.291476407993104,5.080003412129488,0.20134843186843093,0.04054119101587617
729,620.8,0.0014138342179200007,0.505024019315459,0.5050220402698732,0.25504726115834536,1.5249196,2.866,0.3296282207410905,-0.035756525162838254,0.14097816546647923,3.019499155836134,1.2796624840534963,3.863939790354703,4.626180357287315,0.5050220402698731,0.2550472611583453,0.0022930471468700013,0.5045129754679576,0.5045077644103352,0.2545280843503142,1.4355616,2.502,0.3495653692854891,0.6127597256665015,-0.19985540523378909,2.845440394607204,1.2376675712647525,3.5217093023721175,4.106704285193596,0.5045077644103352,0.2545280843503142,-0.002134450360789999,0.1979414675373475,0.19792995905748104,0.039176268692496116,0.66230621,1.2317,0.13330672349541306,-0.16086013261149557,0.2788684355481408,3.3459699892092414,1.2615019409021597,4.220947635587836,4.968288115061123,0.19792995905748104,0.039176268692496116
730,621.5,0.00269540465499,0.5101543263488448,0.5101472057026183,0.2602501714861895,1.5249196,2.882,0.33036517135593046,-0.042896674747114574,0.17466944937910256,2.9891339174045464,1.2845299091573272,3.839631919382748,4.615860666368715,0.5101472057026183,0.2602501714861895,0.005067818148240003,0.5067540267324749,0.5067286856186398,0.2567739608287943,1.4938616,2.6283000000000003,0.349016546176016,0.5701867277339963,-0.23356550065653048,2.947902771749731,1.2382772067401113,3.6503208099436883,4.280202805189115,0.5067286856186398,0.2567739608287943,-0.0011822103622199998,0.20071836158038503,0.20071488000189136,0.040286463054173646,0.66230621,1.2377,0.13503172618626025,-0.11934966036542788,0.19156746742718944,3.2996792360461513,1.2613000948030544,4.161885733244681,4.904819250302904,0.20071488000189136,0.040286463054173646
731,622.2,0.0014733664347100013,0.5166213218630678,0.5166192208918408,0.26689541939489253,1.6299196,3.076,0.33617808603749383,-0.04260325798451012,0.285438863228594,3.154959989111746,1.2845234041965132,4.052619945317614,4.848381461182498,0.5166192208918408,0.2668954193948926,0.003430584145880002,0.5089705506780494,0.5089589890648704,0.2590392525499349,1.4938616,2.5703,0.34975286088732715,0.561952541551186,-0.21159240525408363,2.935064903086988,1.240893481517789,3.6421029060722843,4.271191938816613,0.5089589890648704,0.2590392525499349,0.00047971963288000007,0.20346583338495597,0.20346526785696986,0.04139811522410849,0.62927621,1.2366700000000002,0.13659800421818366,-0.0991650087405038,0.11661295931886828,3.092785651187999,1.2610231875325943,3.9000744202161615,4.606774554296394,0.20346526785696986,0.04139811522410849
732,622.9,0.004219669325809996,0.5191294714870885,0.5191123217158736,0.26947760255724473,1.6109196,3.059,0.3350481337483882,-0.03848315540292277,0.1620876434072165,3.1031172154133144,1.284992109531641,3.9874811367579066,4.8080243933242,0.5191123217158736,0.26947760255724473,0.004111336363060007,0.5131912555742822,0.5131747867064574,0.2633483617112181,1.4731616,2.5496,0.3463847258712412,0.5543262862194542,-0.18754742515237366,2.8705898317606198,1.2511242984729511,3.5914646894650923,4.252963511294105,0.5131747867064573,0.263348361711218,-0.0005733303580799993,0.20318185897583127,0.20318105007400442,0.04128253910917509,0.65984621,1.23224,0.1341345350304832,-0.18734873138876312,0.30880273004958125,3.247564587340888,1.2741989153047508,4.1380432745718805,4.91928651968745,0.20318105007400442,0.04128253910917509
733,623.6,0.0036621058379599984,0.5218565990909201,0.5218437495990279,0.27232089899557294,1.5399196,3.0709999999999997,0.34181022085843193,-0.04672047475334477,0.15770273683208869,2.9508481883386293,1.2778096381802062,3.770622255865701,4.505188862207227,0.5218437495990278,0.2723208989955729,0.005598174369560006,0.5093991781140225,0.5093684158906691,0.25945618310696955,1.4325616,2.466,0.34669912937026937,0.5853596453273837,-0.18032761753809456,2.8122573838926366,1.2468338797076046,3.506417784695215,4.13200230009821,0.5093684158906691,0.25945618310696955,-0.0016095303426800003,0.20310157656741035,0.20309519890003216,0.04124765981624363,0.71539379,1.35002,0.13583661941277939,-0.12060235285953144,0.3129383286361249,3.522344838926238,1.2659262448781077,4.459028775107676,5.266575339497122,0.2030951989000322,0.041247659816243634
734,624.3,0.0005307982246999989,0.5156982481296556,0.515697974959414,0.26594440137724046,1.5050804,3.0060000000000002,0.33511283172498346,-0.023233294897987762,0.24442700469835366,2.918529208618906,1.283549499765977,3.7460767057751903,4.491264605573719,0.515697974959414,0.26594440137724046,0.0029711781511000037,0.5068422628441944,0.5068335540445383,0.25688025150541793,1.4325616,2.496,0.3494344077280666,0.5979560018230416,-0.19261355314040784,2.8264446456399313,1.2404759711584155,3.5061366667256975,4.09965809982523,0.5068335540445383,0.25688025150541793,-0.002018257341420001,0.20542660492551465,0.2054166902871509,0.042196016648527276,0.75158621,1.39598,0.13878375279450458,-0.08323863361816634,0.4166006671451523,3.6586605239010628,1.2609491125405246,4.613384740700095,5.415520151792297,0.20541669028715093,0.04219601664852728
735,625.0,0.0019126881199000004,0.5082581684573303,0.5082545695099612,0.258322707427756,1.6090804,3.105,0.330051391669679,-0.01814712171119553,0.23664515447341516,3.1658721883091325,1.283678159800627,4.063960984852652,4.875241979316951,0.5082545695099612,0.2583227074277559,0.006165227139990003,0.5070351622703495,0.5069976782519147,0.257046645752832,1.4996616,2.5690999999999997,0.35152184662726127,0.5964733443537289,-0.16444156422884726,2.9577072984149084,1.2379559404025062,3.6615113200445837,4.266197433783332,0.5069976782519147,0.257046645752832,-0.002000807344718001,0.20226080194669974,0.20225090549634483,0.04090542877409141,0.71065321,1.338047,0.1358768356861439,-0.0015248948621965912,0.2863966415052084,3.513548859493166,1.2629422918122852,4.4374094490027405,5.230127758063984,0.20225090549634486,0.040905428774091424
736,625.7,0.003210182041880003,0.507129270835566,0.5071191103374737,0.25716979206947077,1.5079196,2.9989999999999997,0.3337556396577537,-0.059586544244295075,0.17923466538587496,2.9734422497748803,1.2759081009228495,3.793839054114032,4.518034815969794,0.5071191103374737,0.25716979206947077,0.0035148399478699996,0.5010592952747466,0.5010469671411719,0.2510480632813666,1.6246616,2.6541,0.34486128711284303,0.6026953250956356,-0.1679587777563567,3.2424537680897565,1.2408548122094352,4.023414361500791,4.711058215903456,0.5010469671411719,0.2510480632813666,-0.0033350103697860002,0.1987203231254796,0.19869233636184472,0.03947864452892844,0.67813621,1.32453,0.13254184087435467,-0.07372504026888806,0.30702973290301605,3.4125156367212575,1.2683921091186217,4.328407905861152,5.116393476403055,0.19869233636184472,0.039478644528928436
737,626.4,0.002480191943999997,0.5041281075678546,0.5041220065498702,0.25413899748786734,1.6259196,3.201,0.3340968006345976,-0.07242989248177636,0.2421066599264048,3.225211162781981,1.2736922779391666,4.1079265527586095,4.866612301918663,0.5041220065498702,0.2541389974878673,0.0018995473578499991,0.4984018436907367,0.49839822382725324,0.2484007895141608,1.4143616,2.4028,0.3390157078210313,0.6114216221349693,-0.15931825887168038,2.8377936757345252,1.2484295338089098,3.542785435643126,4.171964800954448,0.49839822382725324,0.2484007895141608,-0.002683780377158001,0.19455317885757606,0.19453466715851744,0.03784373672647516,0.67813621,1.32453,0.12842464848919913,-0.1429053724852491,0.5215028119836411,3.4856084798102125,1.2772785612298359,4.452092984102503,5.280420993770781,0.19453466715851744,0.03784373672647516
738,627.1,0.002962151937599996,0.509607365849636,0.5095987568510183,0.25969089298410325,1.5399196,2.9779999999999998,0.3318519954771278,0.0016467930191756764,0.2676173786594904,3.021776573877793,1.2829846765045136,3.876893040105518,4.640380714860386,0.5095987568510183,0.25969089298410325,0.006278367569100002,0.5043152109487063,0.5042761288172438,0.25429441409490544,1.4853616,2.4908,0.34110435559779784,0.5882347339677947,-0.17266277536408614,2.945303984001933,1.2511825308431623,3.6851128928059875,4.3545665003217255,0.5042761288172438,0.25429441409490544,-0.0029239803557099993,0.19960182967259152,0.19958041173302968,0.03983234074752565,0.66847621,1.29687,0.1330241925754688,-0.07529274642536171,0.3525941335810363,3.349048508706092,1.2688588444181046,4.249469820656988,5.025222833964976,0.19958041173302968,0.03983234074752565
739,627.8,0.001813817944759998,0.5222216800652412,0.5222185301141911,0.2727121931946263,1.5399196,3.0460000000000003,0.34345041207102944,-0.01557058441253189,0.1419871277328597,2.948785274115042,1.2743153299568006,3.7576822795556644,4.483673758648824,0.5222185301141911,0.27271219319462625,0.003773706174179998,0.5098214084823652,0.5098074417744936,0.2599036276886536,1.4853616,2.5778,0.3413212001506519,0.5874430962313395,-0.1728818676225492,2.9134939711959524,1.2549895185290099,3.6564043961483814,4.351800003470025,0.5098074417744936,0.25990362768865366,-0.003404590341943999,0.20556919241664998,0.20554099745655902,0.0422471016354372,0.65707621,1.26247,0.13856480046805655,-0.08671039924103666,0.2434776132886265,3.196374915304578,1.2611046587285273,4.030963296733605,4.742013900936381,0.20554099745655902,0.0422471016354372
740,628.5,0.00237648293476,0.5159656845157303,0.5159602115731861,0.2662149399266469,1.5060804,2.979,0.33582097758742685,-0.0015139969812147079,0.18285098650694565,2.918954583992463,1.2805931778921833,3.7379933268378642,4.484771650716521,0.5159602115731861,0.2662149399266469,0.003412207170910001,0.5047305549987547,0.5047190208339426,0.2547412899915738,1.4780616,2.6445,0.3402960644778248,0.6055050678088887,-0.2152601956048188,2.9284171234762013,1.252094918690503,3.666656200110811,4.343457813031267,0.5047190208339425,0.2547412899915737,-0.003037830347331999,0.2044167245685635,0.2043941507727674,0.04177696887012077,0.72241621,1.34381,0.1358175704621668,-0.20073554258495546,0.4116703631171421,3.534036716050081,1.269978650841583,4.4881511806739,5.319018795150923,0.20439415077276737,0.041776968870120765
741,629.2,0.0027605248300999964,0.5215975834442765,0.5215902784346842,0.2720564185575714,1.5550804,3.106,0.3390797355462033,-0.020123689694614227,0.1890475917460983,2.9813796101801397,1.2809509682085258,3.8190010982574067,4.58617911063017,0.5215902784346843,0.27205641855757146,0.004560342157280001,0.5108738069114318,0.5108534524377686,0.26097124986758746,1.5633616,2.6517999999999997,0.3474045520375197,0.6214296729966686,-0.18992449723630989,3.0601717661971146,1.247452652243721,3.817419386063943,4.500118351446233,0.5108534524377685,0.2609712498675874,-0.0036583243390580006,0.20164591468562829,0.20161272671246214,0.04064769157243394,0.72241621,1.4148100000000001,0.1340211462532038,-0.16643165428996431,0.4398012382944767,3.58259779835494,1.2682691280763139,4.543698185967742,5.390315112177535,0.2016127267124621,0.04064769157243393
742,629.9,0.0007048368430000016,0.5181025042724235,0.5181020248352456,0.26842970813838146,1.5909196,3.146,0.34319904601864964,-0.03042457120266822,0.1217327071119394,3.070665721321197,1.2711182295105645,3.903179175104581,4.635559505353487,0.5181020248352456,0.2684297081383814,0.002121570157609998,0.509547032374555,0.5095426156287443,0.2596336771417822,1.5125616,2.635,0.34647201068769323,0.5891066405575007,-0.13328891127244047,2.968443546714947,1.2476766167551412,3.7036576013939366,4.365609784749422,0.5095426156287443,0.2596336771417822,-0.00270978035432,0.20376166922985287,0.20374365005508102,0.041511474937767315,0.69239379,1.37948,0.1335422490503909,-0.03641334534075165,0.4320687702784385,3.398057115536028,1.2790407362703498,4.346253474943902,5.184829482231738,0.20374365005508102,0.041511474937767315
743,630.6,0.00307664272278,0.5077030765279289,0.5076937543297932,0.25775294818548045,1.4989196,2.89,0.32908266448368634,-0.051171238311385765,0.1661534112422589,2.9523547705300226,1.2854573008985124,3.7951259946203697,4.554842177273991,0.5076937543297932,0.25775294818548045,0.0036707211626100023,0.511208098744631,0.5111949197989422,0.2613202460282469,1.5125616,2.635,0.3456644047753548,0.5879143647928182,-0.13545234757456637,2.9587981953227724,1.2513559017064864,3.7025095836756527,4.3758095398425665,0.511194919798942,0.2613202460282468,-0.002832420362830001,0.20023024543604365,0.20021021098402172,0.040084128582266496,0.66217621,1.28357,0.13145835668006078,-0.13003480991190694,0.37267008949303726,3.3070738566891906,1.2774181584970643,4.22451619602569,5.037155694952005,0.20021021098402175,0.0400841285822665
744,631.3,0.0039147167315199995,0.5068785816313514,0.5068634643664134,0.2569105715095224,1.6389196,3.037,0.33170559066697713,-0.04248359245635449,0.15813043196209664,3.233357374709458,1.2766063298877708,4.1277244913433995,4.9408862741943596,0.5068634643664134,0.2569105715095224,0.005185867157100002,0.5026682346576579,0.5026414834806964,0.25264846091567517,1.3938616,2.3823,0.3419550022027037,0.58501126454791,-0.24903419565937668,2.7729255677938136,1.2464682496408481,3.45636367887231,4.076155023384475,0.5026414834806964,0.25264846091567517,-0.0033273623692199987,0.19721743962612648,0.1971893687609673,0.038883647152348745,0.70218821,1.3025820000000001,0.13211897927318372,-0.1838143361807274,0.33078566401131937,3.5604772647447818,1.26539649809826,4.505415462366519,5.3148170979135285,0.19718936876096727,0.03888364715234874
745,632.0,0.0015787078247400017,0.5155303048731301,0.5155278876299386,0.2657690029241866,1.6389196,3.1239999999999997,0.3352956611903702,-0.04901230224683865,0.19676331608704656,3.179094583786556,1.2812665101221798,4.073267422716524,4.88798332248467,0.5155278876299386,0.26576900292418665,0.0022932481563700006,0.5049995294322945,0.5049943224826714,0.25501926573973227,1.4084616,2.5039,0.34556798577669234,0.5731724066228646,-0.2278388437660066,2.789035470158459,1.242926617231163,3.4665664222617796,4.075787277673791,0.5049943224826714,0.25501926573973227,-0.0027120803531199998,0.20135273772377557,0.2013344719838552,0.04053556960901778,0.68747621,1.32087,0.13501446003849474,-0.04358784858823364,0.12912377571690792,3.4142878699921613,1.2591241525366632,4.299012320820089,5.091870972960895,0.2013344719838552,0.04053556960901778
746,632.7,0.003271091835900004,0.5205645866310057,0.5205543091863816,0.2709767888125109,1.5549196,3.04,0.3443897458201003,-0.061093433699897476,0.15319660355087805,2.9869868983273373,1.2727337859996932,3.8016391438396324,4.514999702727058,0.5205543091863816,0.27097678881251097,0.004665693762639997,0.5041462261040985,0.5041246359747935,0.25414164859671806,1.4403616,2.5358,0.3461178436210868,0.5458649973490212,-0.2217332647457826,2.8570314036280955,1.2407384795813237,3.5448287998536183,4.1614774463255895,0.5041246359747935,0.2541416485967181,-0.002086930359260001,0.20636623423706504,0.20635568166363333,0.042582667354862776,0.68747621,1.32087,0.13810053056345398,-0.04684710928790788,0.20730445203327985,3.3313405777916927,1.2638977669933609,4.210473917365293,4.978085219478,0.20635568166363336,0.04258266735486278
747,633.4,0.0028963103429999987,0.525525038964209,0.5255170577295569,0.2761681779647304,1.5289196,2.956,0.34767496067516457,-0.0029195112867209452,0.15613441434393804,2.9093182753260356,1.2736466182011927,3.7054433826399316,4.397554534933799,0.5255170577295569,0.2761681779647304,0.004137833161140003,0.504395635768846,0.5043786630294634,0.254397835719389,1.3753616,2.4257999999999997,0.34374333491445214,0.5768299981885446,-0.16912833573102537,2.7267515863882283,1.24706376876592,3.400433109809755,4.001129506532216,0.5043786630294634,0.254397835719389,-0.003186280367380001,0.2082991276619278,0.20827475651681973,0.04337837420214054,0.65975621,1.30215,0.1364442639362041,-0.11127948692010595,0.40511083181156016,3.167349846374743,1.281866475888856,4.060119585479502,4.835353212858224,0.20827475651681973,0.04337837420214054
748,634.1,0.0012574310428,0.5181356145439899,0.5181340887512138,0.2684629339260507,1.5699196,2.9379999999999997,0.3418271166217437,0.003517642431221826,0.16232870743945904,3.029939567813116,1.2741938881885366,3.8607304788880885,4.5927298440083355,0.5181340887512138,0.2684629339260507,0.0018598671450799978,0.5027998182881115,0.5027963784324233,0.25280419816476063,1.4237616,2.5482,0.34239998686314677,0.6128918001754411,-0.1436151694786516,2.8316668944859567,1.2476940594583383,3.5330539626149697,4.1581824025275465,0.5027963784324233,0.2528041981647607,-0.00298663035769,0.20393228685745077,0.2039104157761837,0.04157945766201611,0.66041621,1.30281,0.13597022387953525,-0.14442346387221588,0.3728858108309767,3.238409278770226,1.2718821397823268,4.118874922973217,4.857064959936412,0.2039104157761837,0.041579457662016116
749,634.8,0.003510710232779997,0.512285906992018,0.512273877351067,0.2624245254162961,1.5699196,3.028,0.3365699089891438,-0.012051904880961525,0.12876584341225827,3.064537943700374,1.2745156508733118,3.9058015719412427,4.664468088413211,0.512273877351067,0.262424525416296,0.0049909401389799995,0.5055181544011447,0.5054935162251526,0.2555236949456686,1.4237616,2.5482,0.3500755811433951,0.5855252946848952,-0.1981149304979679,2.816440097362359,1.2373684938378062,3.484974241257666,4.067012030230153,0.5054935162251526,0.2555236949456686,-0.005008740380268201,0.20081961635202167,0.2007571439116831,0.04030343083157623,0.66735621,1.2777500000000002,0.13217653130123957,-0.07147816674241193,0.3559273090532096,3.323162458542769,1.2782927334351601,4.247974422779744,5.048976572694652,0.2007571439116831,0.04030343083157624
750,635.5,0.0015279928308800006,0.5095991420921714,0.5095968513040342,0.2596889508589859,1.5299196,2.9749999999999996,0.33214234938081305,-0.028755873994533464,0.08803262821110192,3.0022020714534148,1.2770949260585094,3.8340970324555026,4.606216590122004,0.5095968513040342,0.2596889508589859,0.0014731145632399972,0.5043228216690983,0.5043206701987979,0.25433933838976464,1.3705616,2.366,0.3468858067889553,0.5966237382209216,-0.2411785337559782,2.7176275613782708,1.2381120809004769,3.3647275151305394,3.9510454829126154,0.5043206701987979,0.25433933838976464,-0.00409644036728,0.19893549442724504,0.19889331341030486,0.03955855011932976,0.66735621,1.25175,0.1321772725725851,-0.08042233912332188,0.2690641815996089,3.3546361946186853,1.2698842145740896,4.259999549185163,5.048948257224188,0.19889331341030486,0.03955855011932976
751,636.2,0.002090166867860002,0.5035358931323631,0.5035315549943927,0.2535440268750711,1.5409196,2.942,0.3403885986487026,0.02027255760939057,0.05322758506273928,3.0601981328765824,1.258348860365072,3.850796832996569,4.5269424596395,0.5035315549943927,0.25354402687507116,0.004012955555800001,0.5021181209424882,0.5021020848059908,0.2521065035665224,1.4246616,2.4201,0.3478882689792997,0.6074206803780735,-0.2521943510339506,2.8373036952458017,1.233203007542178,3.498971450287658,4.095169992882891,0.5021020848059908,0.2521065035665224,-0.00468689035141,0.20013486030228908,0.20007997242865322,0.04003199536705063,0.66368621,1.25208,0.13164378999588205,-0.17792671173210453,0.35677005664247075,3.316194934743255,1.2754987389700585,4.229802457443918,5.04153070965794,0.20007997242865322,0.04003199536705063
752,636.9,0.004765306843000005,0.5028757998176496,0.5028532210227283,0.2528613618929329,1.5100804,2.9050000000000002,0.3358943405051361,-0.03310430019128831,0.07156389124117712,3.002889382522639,1.266352282059982,3.802715822331234,4.4957006352922155,0.5028532210227283,0.2528613618929329,0.0057286601432000005,0.5051832231559894,0.5051507412755503,0.2551772714112379,1.4246616,2.5261,0.34788753740925726,0.6152539390290049,-0.17189109840934025,2.8200888998249574,1.2414140104531632,3.5008978709661496,4.095178604584557,0.5051507412755503,0.2551772714112379,-0.005037980357459998,0.19886509046227235,0.1988012649821062,0.03952194295848561,0.67329621,1.26269,0.13353113467861746,-0.1634423614203904,0.4264026829036882,3.38569332825026,1.2673061701224617,4.290710045034007,5.0422413590694655,0.1988012649821062,0.03952194295848561
753,637.6,0.0035933754337999996,0.5126767580267959,0.5126641648036828,0.2628245458738577,1.5479196,3.016,0.3379328634410491,-0.05069118500186514,0.10434746248776028,3.0192895928375503,1.2720974348023084,3.8408305459739545,4.580553617183277,0.5126641648036828,0.2628245458738577,0.002947676162090002,0.5042145276707718,0.5042059114285581,0.254223601119503,1.4849616,2.5354,0.34766303760302514,0.5591189644347224,-0.2608961587238401,2.9450987992349353,1.2373049900484758,3.64398544047916,4.271266828473108,0.5042059114285581,0.254223601119503,-0.004273050347419999,0.20134202708207466,0.20129667883561145,0.040520352910247304,0.67329621,1.2726899999999999,0.13595818099988086,-0.17376374644597675,0.16240249400099804,3.3440420748597055,1.2584339597184386,4.208256109730763,4.95223020084823,0.20129667883561145,0.040520352910247304
754,638.3,0.004232550432929998,0.5148327512419438,0.5148153525956486,0.26503484726818194,1.4970804,2.939,0.33640580056698044,-0.015254689604932474,0.1999518349459577,2.9078965865876945,1.2800572930062677,3.7222742329696095,4.450221718759936,0.5148153525956486,0.26503484726818194,0.002667690153780003,0.5026974070260916,0.5026903285920661,0.2526975664599994,1.4192616,2.5217,0.34428210008615406,0.5573367535248545,-0.24971449186219852,2.8232920642981076,1.2424120842405968,3.5076921780245485,4.1223798729148,0.5026903285920661,0.2526975664599994,-0.00368579036045,0.20351917243418333,0.20348579433885222,0.041406468497713664,0.69282621,1.31122,0.13641031088946348,-0.1570031811499604,0.300614138081456,3.404230676223171,1.2650421062594568,4.306495144842415,5.0789871050247335,0.2034857943388522,0.04140646849771365
755,639.0,0.003789002891819999,0.5156653592754242,0.5156514386809545,0.26589640621373817,1.5310804,3.008,0.33914162336218523,0.0012806529670103337,0.13849565096276173,2.9691356467135273,1.2758457421707219,3.7881590727867662,4.514575311697696,0.5156514386809544,0.26589640621373806,0.004968894156079999,0.5041527731216655,0.5041282859919003,0.2541453287371312,1.4886616,2.6151,0.345442432177962,0.5699942488497602,-0.20810212531763472,2.9527985947242743,1.2428089192405296,3.6697644302442303,4.309434688188753,0.5041282859919003,0.2541453287371312,-0.0033276183593700004,0.20320653350915682,0.20317928589514844,0.04128182221686247,0.71083421,1.333228,0.1353377775174025,-0.2005385153748588,0.3701038763379292,3.4980873780220687,1.268861527826901,4.43858849494908,5.252297052894909,0.20317928589514844,0.04128182221686247
756,639.7,0.002304241689,0.5123583815579263,0.5123532000709046,0.26250580162289633,1.5200804,3.035,0.33902016115860034,-0.012699987375006067,0.06012639025679212,2.9668303568644605,1.2693982631194776,3.766089301973886,4.483746319997991,0.5123532000709046,0.26250580162289633,0.0027676521593799986,0.5043641796003581,0.5043565859245489,0.2543755657654669,1.4886616,2.6151,0.34573820900787927,0.6089589612982658,-0.14023519990858224,2.9515609161212986,1.243498650196175,3.6702620151686203,4.3057479943331165,0.5043565859245489,0.2543755657654669,-0.0036093183646400007,0.20046967899821033,0.2004371847202713,0.04017506501858816,0.71083421,1.3312279999999999,0.13347944006906884,-0.12731123214323872,0.32890653682206095,3.5458440076932827,1.2696089693447505,4.501835356064728,5.325420975935915,0.20043718472027133,0.04017506501858817
757,640.4,0.004507308233899998,0.5059284779828251,0.5059083998180922,0.25594330900650264,1.5320804,2.897,0.3343285060599969,-0.04815403971781874,0.10934094613828771,3.028254914822189,1.271621448845099,3.850793902258484,4.582559884154959,0.5059083998180922,0.25594330900650264,0.004276779166540001,0.5011115685311482,0.5010933179316088,0.25109451327570836,1.4743616,2.5107999999999997,0.34209201280762014,0.5808254550550838,-0.20659983878069443,2.9421823254283064,1.2435663783196285,3.6587990187889017,4.3098392970347605,0.5010933179316088,0.25109451327570836,-0.004417870365218001,0.19599064135494554,0.195940842909688,0.03839281392015903,0.67639379,1.3046600000000002,0.13014778040155014,-0.07817566976149284,0.39189264067761354,3.451153510820083,1.2722642946855387,4.390779387295034,5.197121210312579,0.195940842909688,0.03839281392015903
758,641.1,0.0026305148540000005,0.5019843646060143,0.5019774723037945,0.2519813827005068,1.5899196,3.122,0.3334720296193525,-0.032902759224349626,0.23227093859073733,3.1672691663372,1.2721724113481745,4.029312452727919,4.767774981952284,0.5019774723037944,0.25198138270050674,0.0024826441740600004,0.5003770040223459,0.500370845106191,0.25037098263228375,1.3443616,2.3388,0.3419172641797114,0.5835926803556004,-0.2660450115112374,2.6866974085403084,1.2421037272623634,3.3371568651740495,3.9318330509728363,0.500370845106191,0.25037098263228375,-0.003436880372798,0.19671777197440357,0.1966877466032811,0.038686069663876506,0.64717621,1.24157,0.13307267642386844,-0.12429713095664005,0.28302669621208176,3.289871593727734,1.2610536515875548,4.148704586524527,4.863329027354859,0.1966877466032811,0.03868606966387651
759,641.8,0.0016499878480799946,0.5035061008330094,0.5035033973233565,0.2535156711161618,1.5899196,3.044,0.33171318074368505,-0.059416892586249784,0.24200559000132227,3.1576967932853424,1.2778473335095353,4.035054427331286,4.793055242590833,0.5035033973233565,0.2535156711161618,0.00259422915288,0.5023076879717625,0.5023009888210851,0.25230628337063987,1.3066616,2.4520999999999997,0.3472634552772388,0.5581333048990462,-0.27030122068180207,2.601317143434712,1.2389192289806301,3.2228218296782285,3.762738578284383,0.5023009888210851,0.25230628337063987,-0.0044003003627,0.200307777096843,0.20025943903396054,0.04010384292219656,0.64717621,1.24357,0.13554468749474416,-0.09969977545082719,0.2536371312650245,3.230909050960658,1.2589941253348071,4.067695514650525,4.774633532023118,0.20025943903396054,0.040103842922196556
760,642.5,0.0034453081419800005,0.5101133336081055,0.5101016986607486,0.26020374297658116,1.4869196,2.91,0.3357988581085819,-0.029131148194519594,0.18157464914578814,2.914880874575072,1.276300015193526,3.720262504507483,4.428006719186635,0.5101016986607486,0.26020374297658116,0.006001425149340004,0.49867945978306993,0.49864334599562365,0.24864518650571124,1.3613616,2.5068,0.3436118271861413,0.5830050271323595,-0.17998608761605528,2.7299331730891914,1.2416129895799706,3.3895204883928067,3.961917175983944,0.49864334599562365,0.24864518650571124,-0.0051711403702800005,0.19841044532812363,0.19834304656976307,0.0393399641225752,0.67139379,1.31125,0.13157485734063215,-0.1316965355460748,0.47364140031037083,3.383863127214268,1.2743933169064867,4.312372554648148,5.102751419002787,0.19834304656976307,0.039339964122575205
761,643.2,0.0027466667440989995,0.5202143116647792,0.5202070605851643,0.2706153858826568,1.4869196,2.8680000000000003,0.3450340659694695,0.0009147236989235002,0.06449584569833622,2.8582827628128693,1.2695095761358268,3.628617338694905,4.309486357012559,0.5202070605851644,0.2706153858826569,0.0012517501712600004,0.5047928976047407,0.5047913456010306,0.254814302593699,1.4149616,2.5094000000000003,0.34022725796996384,0.5569856151225497,-0.16607421978197667,2.803053701258557,1.2522737276100564,3.510190507166218,4.158871950597552,0.5047913456010306,0.254814302593699,-0.003770260383879999,0.19862235039383735,0.1985865635248519,0.039436623212610045,0.67143621,1.3298299999999998,0.13161206399942538,-0.20634583638217707,0.5639986421799681,3.3804665420011695,1.2779894090755373,4.3202004384117,5.101631184835241,0.1985865635248519,0.039436623212610045
762,643.9,0.002466981825717998,0.5226232531806363,0.5226174305988875,0.27312897876578307,1.5139196,2.9139999999999997,0.33912505492869194,-0.02060548779775537,0.1376818713476231,2.896770457086298,1.2820004641181715,3.713661070428442,4.46419271592402,0.5226174305988877,0.2731289787657831,0.0019066321700999995,0.5037062516818681,0.5037026431707157,0.25371635273716536,1.4149616,2.4634,0.343624780708516,0.5431755084120038,-0.27072409531667674,2.809100731379575,1.2435817796897413,3.4933464868567663,4.117751918480695,0.5037026431707158,0.2537163527371654,-0.0022459503760100005,0.20007494307774903,0.200062336671531,0.04002493855447302,0.66025621,1.3186499999999999,0.132728876836233,-0.09103721960608785,0.3550892890496615,3.300044472552591,1.2718219722787087,4.197069069689287,4.9744729687922735,0.200062336671531,0.04002493855447302
763,644.6,0.0032859502308599992,0.5169372530662847,0.5169268092668403,0.26721332613879634,1.5959196,3.1029999999999998,0.34016801318824613,-0.03276998454130345,0.19283251297757475,3.087259799005745,1.276005870528317,3.939361627377403,4.6915628105127904,0.5169268092668403,0.26721332613879634,0.005637660365499997,0.5030230482774772,0.5029914550804699,0.25300040388396844,1.2948616,2.2833,0.34535671682394725,0.566866784391682,-0.31981778093054825,2.5741595826156445,1.239746589953715,3.1913055645444235,3.749345349087513,0.5029914550804699,0.25300040388396844,-0.00434080638742,0.19912792390180473,0.19908060547765538,0.03963308747734987,0.71585221,1.347246,0.1308166374483814,-0.15818916669386124,0.45890804737468516,3.5949363402844785,1.2798311015493646,4.600911336386126,5.472180174960286,0.19908060547765538,0.039633087477349865
764,645.3,0.0021648608519799985,0.5162801262805027,0.5162755874237163,0.2665404821697033,1.5209196,3.028,0.3444593140342844,-0.01178425916764752,0.07472054996630995,2.945919322824489,1.265535095274679,3.728164290882207,4.415382421183772,0.5162755874237164,0.2665404821697034,0.0030462131598000017,0.5044776662763706,0.5044684691405779,0.25448843635703816,1.4969616,2.6234,0.3463276768083759,0.5836518094596066,-0.2593551396015572,2.967349597553664,1.2394340705682314,3.677834190494941,4.322385129006808,0.504468469140578,0.2544884363570382,-0.0035938763483799995,0.19889399315761516,0.19886152108181718,0.039545904566974016,0.71585221,1.396246,0.1325868045725025,-0.10622969248409966,0.4006828239185558,3.59916455311306,1.2684149048237734,4.565233964082001,5.399121068707484,0.19886152108181718,0.03954590456697402
765,646.0,0.003257823248977999,0.5142306726491264,0.5142203528457925,0.26442257128085134,1.5019196,2.912,0.3444987745842707,-0.03165092663045537,0.10016778135542959,2.9207118125853233,1.2653626132232867,3.695759531645087,4.359724071043402,0.5142203528457925,0.26442257128085134,0.0040641091576800025,0.512103272064732,0.5120871451971426,0.2622332442761594,1.4969616,2.5854,0.3484628227488666,0.5868961849929791,-0.18907045861653593,2.9231635134148832,1.2472691284493278,3.6459716076918562,4.295900458451041,0.5120871451971426,0.2622332442761594,-0.005335540340039999,0.2020704906227126,0.2020000375984707,0.040804015189783584,0.68039379,1.31915,0.13692567819694285,-0.06603311456283376,0.20851410439516016,3.3671110903094137,1.2560671907688363,4.22931776821154,4.969073726415117,0.20200003759847074,0.04080401518978359
766,646.7,0.003587472729857998,0.5052065008068938,0.5051937633195391,0.2552207384969585,1.5489196,2.941,0.3281358960300184,-0.051382968369635344,0.2094899356521327,3.065913834295745,1.2833753362132676,3.93471819789021,4.720360127434221,0.5051937633195391,0.2552207384969585,0.0037784311524000015,0.5101246081956505,0.5101106148128978,0.26021283934479256,1.4041616,2.4386,0.34697969444188254,0.5932767993506556,-0.16518448003667574,2.752585500563531,1.249368261690511,3.4389929619935646,4.046812025293285,0.5101106148128978,0.26021283934479256,-0.0031879603804181996,0.2022248026352936,0.20219967287188262,0.04088470770949634,0.72611621,1.29751,0.1329747296999739,-0.21562184442063026,0.4608165434568363,3.5906387373735207,1.2797176294221624,4.595003693103028,5.460557894257878,0.2021996728718826,0.040884707709496336
767,647.4,0.0012025388159800018,0.5100732637423396,0.5100718461992961,0.2601732882851584,1.6319196,3.072,0.3276875346904834,-0.04868540197402766,0.3179929860065758,3.1993827475426238,1.291886420719281,4.1332391262338595,4.980108875796653,0.510071846199296,0.26017328828515834,0.0023172181455600018,0.504896264208428,0.504890946751566,0.2549148681116926,1.3709616,2.4383999999999997,0.3458892196419911,0.6211734416854544,-0.19070301987132954,2.7153332222597877,1.2431039050585917,3.375441332126471,3.9635858018905563,0.504890946751566,0.2549148681116926,-0.002701920361320001,0.2039979243969291,0.20398003035742562,0.04160785278461628,0.72611621,1.33251,0.1330554548679319,-0.16314363883950703,0.4715976667562547,3.5594294017774364,1.2830878491198197,4.567060615220457,5.457244956403538,0.20398003035742562,0.041607852784616275
768,648.1,0.002353256630999999,0.509385417578363,0.509379981766767,0.2594679658247119,1.6319196,3.165,0.3304808834435745,-0.03167074140209159,0.3386992636070043,3.2037030187440503,1.2886515342700278,4.128456810450039,4.938015122071743,0.509379981766767,0.2594679658247119,0.005120919145440003,0.5052786928193314,0.5052527423026203,0.25528033360431807,1.4530616,2.7465,0.3452511577756572,0.5747681371862253,-0.09418226569201016,2.875762664545129,1.2469315062499176,3.585879070918534,4.208708840722248,0.5052527423026204,0.2552803336043181,-0.0037888103642000005,0.20126518240021468,0.201229517125634,0.04049331856261583,0.68939379,1.33332,0.13156805826992768,-0.04345362600385351,0.3224043797296776,3.4253007985710333,1.2792463313687876,4.381803480406573,5.239826437094829,0.201229517125634,0.04049331856261583
769,648.8,0.002757708530900002,0.513897925182036,0.5138905258418958,0.2640834725500601,1.5620804,3.036,0.3349983603110052,-0.055788446290863165,0.20013291550231305,3.0396705716347663,1.2816028351723614,3.895650422597109,4.662949390408354,0.5138905258418958,0.2640834725500601,0.0030281271557900014,0.5046519578872924,0.5046428727777753,0.2546644290454059,1.4142616,2.5286999999999997,0.34597841693681225,0.5385852460406451,-0.20345096863662748,2.8024494463882714,1.2426660973508679,3.482508916566413,4.087716258492198,0.5046428727777754,0.25466442904540604,-0.00510930037568,0.20005209218159542,0.1999868361565446,0.03999473463590462,0.68939379,1.36789,0.132319405619837,-0.050349664349394654,0.36048553166055886,3.446071383118599,1.275262730535044,4.3946464016545,5.210073207105216,0.1999868361565446,0.03999473463590462
770,649.5,0.00334754782891,0.5108060413510485,0.5107950722200266,0.2609116058042622,1.5339196,2.979,0.33194469948170036,0.0006233394567700235,0.19390401933287915,3.002939424801796,1.282022781748498,3.849836754806633,4.621009470538519,0.5107950722200266,0.2609116058042622,0.001642953165370003,0.5057079407980468,0.5057052719629261,0.25573782209109713,1.4552616,2.5387,0.3427469786149656,0.6094000255693782,-0.1529937747834884,2.877672036756004,1.249441837994545,3.5954838387499275,4.245877252895667,0.5057052719629263,0.2557378220910972,-0.003753150387,0.20068462322503486,0.2006495249462275,0.04026023186114677,0.69639379,1.38229,0.13138023523095546,-0.14228696197508853,0.550250564702627,3.470090427501806,1.2838206069996523,4.454973598979051,5.300597831749943,0.20064952494622745,0.04026023186114676
771,650.2,0.0028949238138599996,0.5067714424757733,0.506763173805169,0.2568089143250879,1.5380804,3.072,0.325981048379578,0.010614533518296436,0.31217560953422785,3.035057367253936,1.290278686688367,3.916069833844261,4.7183123302586365,0.506763173805169,0.25680891432508796,0.006150730155180003,0.4999843964022695,0.49994656230871304,0.2499465651642999,1.4552616,2.5217,0.3429890181180896,0.632816823406967,-0.09498905722392914,2.9106140321010114,1.2435223197534906,3.6194135131053105,4.242881034456211,0.49994656230871304,0.24994656516429986,-0.004639390373400001,0.20287755503484187,0.20282450146340433,0.041137778393878506,0.69639379,1.3487200000000001,0.13464359056110978,-0.06724575010580461,0.4111500092375713,3.4325817357193724,1.273910460972878,4.372801781277348,5.172127296203769,0.2028245014634043,0.04113777839387849
772,650.9,0.0014108528148500032,0.5058336644303195,0.5058316968768761,0.2558657055653399,1.4740804,2.931,0.3254415713813272,-0.025514339171547537,0.20175343471567153,2.9141603330417722,1.289183019137075,3.756886016400296,4.529477883674508,0.5058316968768761,0.25586570556533994,0.00228543114468,0.5056880074877993,0.5056828430167108,0.2557151377214635,1.5566616,2.7260999999999997,0.3494075006176487,0.5942177487019228,-0.12310991761940526,3.078304363461808,1.2384007192089355,3.8121743376551076,4.45514649012481,0.5056828430167108,0.2557151377214634,-0.005246980368511,0.1998919091814276,0.19982303308980315,0.039929244553208565,0.67335621,1.2417500000000001,0.1309083024241811,-0.1170698867711067,0.3655194922122442,3.3686016245352017,1.280195391737091,4.312468276328043,5.143724252248947,0.19982303308980315,0.039929244553208565
773,651.6,0.0041374588199499995,0.5091914285461184,0.5091746187108603,0.25925879233934995,1.5659196,3.04,0.3304731546723449,-0.03778672962690531,0.19013869976736641,3.0753062840651717,1.2833304065883047,3.946634063912925,4.738416957203579,0.5091746187108603,0.25925879233934995,0.0030737401494799997,0.5080659123249519,0.5080566143532422,0.25812152338807914,1.3993616,2.5218,0.35134394859457657,0.5601213887886201,-0.28479759417936235,2.754291453241578,1.2372146782348439,3.4076498140872595,3.9828823168796164,0.5080566143532422,0.25812152338807914,-0.004377410384070001,0.19965301706886032,0.1996050237419591,0.039842165503028056,0.67728621,1.31168,0.1320813825568689,-0.1242040401575461,0.4141726287273908,3.392316429490289,1.2742498506465167,4.322658703623726,5.127794673926796,0.19960502374195913,0.03984216550302806
774,652.3,0.0030471624308800005,0.5073207003504263,0.5073115490555747,0.2573650078051668,1.7339196,3.175,0.3362474315144384,-0.025311347023445847,0.18075274149600506,3.4177978521324155,1.2716062008273872,4.346092941946105,5.156677605507733,0.5073115490555747,0.2573650078051668,0.0034862161544000035,0.5083083391584069,0.5082963839679591,0.25836521395490286,1.3624616,2.4959,0.34864298906286545,0.5970719804839629,-0.23035974685366867,2.680384119323702,1.243004119702042,3.3317285027032915,3.907899033513415,0.508296383967959,0.2583652139549028,-0.005499310377380001,0.19978985402762695,0.19971415412472326,0.039885743357753724,0.62539379,1.2296999999999998,0.1332836288879964,-0.09502766138500042,0.32334838352890527,3.1302580055617866,1.270053357207535,3.975594688889509,4.6922025999572945,0.1997141541247233,0.03988574335775373
775,653.0,0.0010165039289600011,0.5126033965882112,0.512602388712278,0.26276120891353344,1.7339196,3.167,0.33439665429298787,-0.027481312135230546,0.2568889962246623,3.382575323418909,1.2831447477887328,4.340333760244747,5.18521814659304,0.512602388712278,0.2627612089135334,0.0021862701628999983,0.5072623129913783,0.5072576016228222,0.2573102744041378,1.4399616,2.5734,0.34590838006685204,0.5788207631888235,-0.15733602111726164,2.8386922566914103,1.2465211575916064,3.5384899578573066,4.16284103820123,0.5072576016228222,0.2573102744041378,-0.00459990037342,0.2005042736444479,0.200451502030397,0.04018080466624225,0.61049621,1.19989,0.1330170658185335,-0.07336765944801077,0.33381045963851586,3.044803978006905,1.274692807113421,3.8811897298357327,4.589608154737529,0.20045150203039702,0.040180804666242256
776,653.7,0.0030627823309600016,0.5170018156597104,0.5169927434305344,0.2672814967598304,1.5100804,2.984,0.3342258815305152,-0.033355609687228165,0.2513890571675499,2.9208415797787683,1.2883367649511626,3.7630275918270217,4.518143218247831,0.5169927434305343,0.26728149675983026,0.004183538669980003,0.5120248398270615,0.5120077485782073,0.2621519346041247,1.4065616,2.585,0.3489048592756115,0.515913814822433,-0.23759234745854219,2.747057350723594,1.2438610677436999,3.416957689424229,4.031361451715726,0.5120077485782073,0.2621519346041247,-0.0046839003819185996,0.19932012574780233,0.1992650837586254,0.039706573605331995,0.64089621,1.27629,0.1314942607160858,-0.14903996116959964,0.2900557994528872,3.2154114271978695,1.276335658496476,4.103944261269687,4.873948159484946,0.19926508375862542,0.039706573605332
777,654.4,0.005120497323980004,0.5146888230409404,0.5146633512019517,0.26487836507042356,1.7340804,3.2560000000000002,0.3338487651081203,-0.014943358851780799,0.24083178827453544,3.369182158949009,1.2841233435480455,4.326445458972024,5.19420941826279,0.5146633512019517,0.2648783650704235,0.0034233121573600013,0.5118656446356645,0.5118541971031962,0.26199471909215766,1.4065616,2.585,0.351204970027079,0.5635321795156403,-0.3194182670178649,2.7479117122641856,1.2384109774538081,3.4030440295418574,4.004959268917948,0.5118541971031962,0.26199471909215766,-0.004260610376578,0.19860723750593484,0.19856153199690468,0.0394266819889578,0.74439379,1.40798,0.13213121108126316,-0.15268911234407415,0.3963411080403878,3.748069805249448,1.270736916325248,4.762810666494457,5.633746818094204,0.19856153199690468,0.0394266819889578
778,655.1,0.0012220418299799959,0.5186684760553868,0.5186670364187251,0.26901549466738317,1.7340804,3.2270000000000003,0.34103970953108437,-0.04470809034791824,0.14647783080403265,3.3433310101823572,1.2750934556075264,4.263059491013224,5.084687652309725,0.5186670364187251,0.26901549466738317,0.0005443971504800005,0.5123651591455959,0.512364869929657,0.2625177599380344,1.3922616,2.4387,0.35347059739789827,0.5831466995446921,-0.29755646218504017,2.717322938822952,1.2371766442187455,3.3618084747115993,3.9388328484723876,0.512364869929657,0.2625177599380344,-0.0034251103682599996,0.20297009135540992,0.20294119001274402,0.041185126603788674,0.68939379,1.35476,0.13462296480913186,-0.07924080469119693,0.3125453050093343,3.3965289437291526,1.270667520514357,4.31585901128357,5.120922652219263,0.202941190012744,0.04118512660378867
779,655.8,0.002426117424759998,0.5156109681721767,0.5156052603045188,0.26584878445369065,1.4969196,2.915,0.3415204779769939,-0.023195693160816086,0.030690160376586118,2.903195805369558,1.2672735397420458,3.6791432248349394,4.383103493140572,0.5156052603045188,0.26584878445369065,0.00295118817182,0.5028382618762071,0.5028296014506898,0.2528376080950595,1.3929616,2.6024000000000003,0.3411125223856888,0.5804554242553408,-0.18886288196809975,2.770198104660005,1.249604860857029,3.461653017120071,4.083583886800285,0.5028296014506898,0.2528376080950595,-0.00475181035616,0.20616870174658228,0.206113934216516,0.042482953878210286,0.62739379,1.2336,0.13923556229168693,-0.06512446274977737,0.1983829418085561,3.043108797237214,1.260595177771154,3.8361282752302084,4.505988123103651,0.206113934216516,0.042482953878210286
780,656.5,0.002282144829700001,0.5101144526903182,0.5101093477466563,0.26021154665851914,1.6190804,3.116,0.3373473578619071,-0.015178357785386237,0.09644666077339181,3.1739551613584966,1.2704725355970143,4.0324228617223605,4.7994459190718475,0.5101093477466563,0.26021154665851914,0.003257377176180001,0.4987941833314381,0.4987835470614567,0.2487850268192084,1.3929616,2.6024000000000003,0.33836329118489106,0.5703573865105019,-0.2119598354798775,2.7926580672942745,1.2474021374925095,3.4835676424285786,4.116763361421636,0.4987835470614567,0.2487850268192084,-0.005189610383090001,0.20093524194474893,0.20086821400974947,0.04034803939946652,0.68282621,1.28922,0.13154946199249853,-0.1532535373639568,0.49514829421704665,3.3982401662907713,1.283087735299501,4.360240278969825,5.190642361113856,0.20086821400974947,0.04034803939946652
781,657.2,0.002420566730430002,0.5087051568240546,0.5086993979120572,0.25877507743608946,1.5499196,3.009,0.33262656983746663,-0.005233848689733235,0.1719072306751932,3.0467935683539165,1.2783925685924908,3.8949982558190444,4.65963858737246,0.5086993979120571,0.2587750774360894,0.0017588615678799954,0.5040667361958474,0.5040636675511527,0.254080180945119,1.3224616,2.3589,0.34236737414963003,0.5620523481864064,-0.26207845872944,2.623584349129076,1.246756081892355,3.2709697436342715,3.86269749938855,0.5040636675511528,0.2540801809451191,-0.005760450392679999,0.19688092550206313,0.19679663624620825,0.03872891603782241,0.68082621,1.26422,0.1310810840964285,-0.21757933160188245,0.5670274123229788,3.4580607962088514,1.2754068673815402,4.410434487307646,5.1939317918606545,0.19679663624620827,0.038728916037822414
782,657.9,0.0038921072418359984,0.5097191221927443,0.5097042623229276,0.2597984350301598,1.5499196,3.042,0.33663134464187544,-0.02543782183604449,0.1900705342060287,3.0407326947681512,1.2714152255474664,3.8660338449482046,4.604204643061028,0.5097042623229275,0.25979843503015976,0.00467112244428,0.5029638804281374,0.5029421891534257,0.25295084563044024,1.4537616,2.5262000000000002,0.3493688488700115,0.5387996331897722,-0.27923550569934275,2.890389661306327,1.235442459552028,3.570910112228041,4.1611082519291696,0.5029421891534257,0.25295084563044024,-0.006299780377160001,0.19975546533677035,0.19965610108160783,0.03986255869910921,0.68239379,1.36322,0.13562259030353402,-0.05368294585194452,0.41293884753411714,3.4161457802896327,1.262191336896974,4.311829609458727,5.031564346859539,0.19965610108160783,0.03986255869910921
783,658.6,0.0004774272949599967,0.5106652667466577,0.5106650435702575,0.260778786724613,1.4950804,2.98,0.33907740864592417,0.0034463525424404044,0.1317021854275504,2.9277111590628566,1.2689585235729142,3.715144029852348,4.409259838248948,0.5106650435702575,0.2607787867246131,0.0016367054549599968,0.5014128583213735,0.5014101870577257,0.2514121756852635,1.4537616,2.6322,0.34140611738585114,0.5297205330622016,-0.20656422972075905,2.899330513515136,1.2456442737987719,3.611534452010182,4.258159200928976,0.5014101870577257,0.2514121756852635,-0.0066011873789982,0.20076991180669873,0.20066136103409882,0.04026498181205695,0.70658321,1.3889770000000001,0.13325062317513534,-0.06447029855326951,0.41903658401168276,3.5193680349887204,1.274417461686051,4.485144077889351,5.302663455999874,0.2006613610340988,0.04026498181205694
784,659.3,0.0025297727316200033,0.5186790086818825,0.5186728393671166,0.2690215142971467,1.6999196,3.189,0.34024122364425574,0.03111335377313102,0.14553675377504183,3.2774019606461438,1.2741631115499013,4.175944679976638,4.99621880556536,0.5186728393671166,0.2690215142971467,0.0042276862633800006,0.495667613214093,0.4956495833330379,0.24566850945821408,1.3376616,2.5161,0.33706399127886266,0.563689853900257,-0.22318589654657028,2.6987068840873123,1.2465472874824273,3.3640657460691923,3.9685686831297096,0.49564958333303794,0.24566850945821414,-0.005733467363359999,0.2003357429055147,0.20025368220708892,0.040101537237497764,0.70658321,1.395977,0.13291852446048008,-0.09076140412012519,0.46968166924854104,3.526995231865585,1.2723094750185482,4.487429451847825,5.315912231707661,0.20025368220708892,0.040101537237497764
785,660.0,0.0046378128396800024,0.5188130825870674,0.5187923528306478,0.2691455053555594,1.5110804,3.02,0.34146607935438156,0.004329530946800992,0.20422336927658913,2.912571889022112,1.2777551184853415,3.7215536391545236,4.42527235166971,0.5187923528306478,0.26914550535555937,0.003670717153599998,0.5052639575884921,0.5052506236251113,0.25527819267356383,1.4293616,2.4528,0.3456317072963836,0.5787255995656306,-0.27199520433361224,2.828940355892417,1.24242585336583,3.5147486357906708,4.1355048446822735,0.5052506236251113,0.25527819267356383,-0.00637103538434,0.20144059562830433,0.20133982088801386,0.0405377234752175,0.69957121,1.311965,0.13182040108832882,-0.14919676359386,0.3490415090187615,3.472841250384506,1.280654184880934,4.447508680732053,5.30700259007131,0.2013398208880139,0.040537723475217516
786,660.7,0.002830225334799999,0.5205177912810354,0.5205100967941368,0.2709307608646417,1.5539196,3.065,0.3393588291494009,0.02833717641369784,0.2331093300219047,2.9853342691239835,1.2819267944956763,3.8269799901162007,4.578986802538428,0.5205100967941367,0.27093076086464163,-0.00012856414329999842,0.5098848842595024,0.5098848680511976,0.25998257866758717,1.5140616,2.5255,0.3521086004280857,0.5703571992062311,-0.26127367071103036,2.9694184839365207,1.2353596447683926,3.6682997634845194,4.2999847153953015,0.5098848680511976,0.2599825786675872,-0.00568910537146,0.2035399658541061,0.20346044278916506,0.04139615177996311,0.69957121,1.326965,0.13423545987730018,-0.09798017488564795,0.3945208876308306,3.4370213587509415,1.2764731352631957,4.387265429771383,5.211523174572895,0.20346044278916506,0.04139615177996311
787,661.4,0.0008637605259200019,0.51463861849439,0.5146378936335413,0.26485216156356817,1.5149196,3.0,0.3343917537349281,0.012790190441574647,0.16065524075496063,2.943657054793128,1.2818882702219119,3.77343945009529,4.530373680210054,0.5146378936335413,0.26485216156356817,0.0030989888586999987,0.5085996736880254,0.5085902322534513,0.2586640243436196,1.5280616,2.6055,0.3499711053999828,0.5722514258658167,-0.23248830680826815,3.0044486440966764,1.2391938373839444,3.7230942445011492,4.36625074591108,0.5085902322534513,0.25866402434361957,-0.00555000377094,0.2018581345254207,0.2017818226011089,0.040715903932225385,0.70685961,1.3412533999999998,0.13236704732417306,-0.10174791085218035,0.5691456236091068,3.5017643042321027,1.2825606260618574,4.49122501835699,5.340147901530718,0.2017818226011089,0.04071590393222539
788,662.1,0.002944594524860001,0.5047013244335807,0.5046927344910909,0.2547147562480947,1.5029196,2.9219999999999997,0.33212748809495085,0.01529853993397103,0.12718000960750153,2.9778396196734884,1.2737298010203602,3.7929630662372578,4.525128614378149,0.5046927344910909,0.2547147562480947,0.0022953761420999993,0.504993677213398,0.504988460535363,0.25501334527387587,1.5280616,2.7475,0.3496610242284259,0.5470406107407341,-0.19332025323758684,3.02590243987209,1.2384759988975045,3.7475075467869834,4.370122759240535,0.504988460535363,0.25501334527387587,-0.006414140376258201,0.19803146144349987,0.19792755878018106,0.03917531852468203,0.68483621,1.3382299999999998,0.13200802384828222,-0.08232055153507263,0.4593157139563844,3.458219239549418,1.2724245411909625,4.400323029221427,5.187837754370803,0.19792755878018106,0.039175318524682035
789,662.8,0.0027610912509800005,0.505521288308587,0.5055137478924556,0.25554414930827724,1.5069196,2.903,0.33776365855003593,-0.01584968515734181,0.1381407313979901,2.980922138891461,1.2668331798450134,3.776331072082268,4.461461622215247,0.5055137478924556,0.2555441493082772,0.0018939981441999949,0.5034332955316833,0.5034297327541559,0.2534414958209209,1.4162616,2.5717,0.347981796314131,0.5795802704270395,-0.19868112660317294,2.813206064378927,1.2393275940390447,3.4864839033027857,4.069930137154383,0.503429732754156,0.25344149582092096,-0.00645864038272,0.19706125467297414,0.19695538595756518,0.038791424057693466,0.75666621,1.35206,0.13155355449291378,-0.16397976037312015,0.4400130142547325,3.8397513060378,1.2705576260101976,4.878625303868943,5.751773206863509,0.1969553859575652,0.03879142405769347
790,663.5,0.0032825082409899996,0.5181405462712709,0.5181301485437214,0.26845885082993887,1.6030804,3.099,0.33706921614909996,-0.013635140675156402,0.2560586355168981,3.0939103521937312,1.2850443601943962,3.9758120490336117,4.755938315324796,0.5181301485437214,0.26845885082993887,0.004055315157599996,0.5040329638921439,0.5040166496345848,0.2540327831088718,1.5217616,2.6772,0.34336047565051403,0.6144414333974736,-0.0830127635795943,3.0191707864679183,1.2497139138847537,3.7730997402433326,4.4319649695176615,0.5040166496345847,0.25403278310887173,-0.005645880376,0.20115535120125422,0.20107610338297247,0.04043159935167983,0.65182621,1.25922,0.13369997300011144,-0.09039890971218797,0.3760293251840041,3.2404119806281138,1.2723847351194908,4.123050739649527,4.875290513330595,0.20107610338297247,0.04043159935167983
791,664.2,0.0001542340071199999,0.5193904255806175,0.5193904026805714,0.2697663903966861,1.5449196,2.972,0.33256071333725157,0.02566208062248017,0.26822903358521444,2.97448609737648,1.291791419914239,3.842415619245126,4.645526479952215,0.5193904026805714,0.26976639039668604,0.0022446201604600026,0.4993670769285501,0.4993620321975828,0.24936243920049972,1.3641616,2.4846000000000004,0.34523337308312774,0.5435891358208751,-0.2613613726491337,2.731781214713892,1.2365947998475,3.3781064444362854,3.951418681853587,0.4993620321975828,0.2493624392004997,-0.0053945303402600005,0.20449220788600792,0.20442104130568922,0.041787962128502304,0.67039379,1.31796,0.13844928338871607,-0.041225322012321305,0.20337159386030157,3.27833415722962,1.2561987632014988,4.118239313673077,4.842161501968732,0.20442104130568922,0.041787962128502304
792,664.9,0.0013720979160900025,0.5127045909167753,0.5127027549120899,0.2628641148944466,1.5989196,3.085,0.3298438816922384,0.0017927379596370443,0.29818236056339487,3.1185981719823226,1.2900454411966429,4.023133354689979,4.8475041943990815,0.51270275491209,0.26286411489444667,0.0017539091601000015,0.500782010646023,0.5007789392429874,0.25077954598933166,1.3712616,2.4917,0.3434311765651047,0.5549836349711035,-0.26733760410967067,2.738240533502858,1.239213497267483,3.393264627881655,3.992827947989306,0.5007789392429873,0.2507795459893316,-0.0062750803508579995,0.2020136763827452,0.20191619254597384,0.040770148812262784,0.67039379,1.3151199999999998,0.13214867454113216,-0.16704563582792561,0.3906812704824496,3.3185564561967498,1.2780755009743179,4.241365705265218,5.073026970023339,0.20191619254597382,0.04077014881226278
793,665.6,0.004454030127980001,0.5189971228041939,0.5189780102226399,0.2693381750946505,1.6020804,3.201,0.3372669107330179,-0.008853579066317065,0.18093235717650824,3.086877228420454,1.2816571634540501,3.956318312508259,4.750185532633572,0.5189780102226399,0.2693381750946505,0.004939593146660002,0.5025633038317717,0.5025390281140871,0.2525454747778512,1.3782616,2.4727,0.3476762777418288,0.5769140823254725,-0.24282168996287323,2.742463664759256,1.2369073192099258,3.3921733796080002,3.9642094909433103,0.5025390281140871,0.2525454747778513,-0.00732789334215,0.2023851606265988,0.20225245417799081,0.040906055221020275,0.70996921,1.3493629999999999,0.13451813606326918,-0.09685837092032655,0.40391325842392467,3.508010210837025,1.2699327683387707,4.454937118408938,5.277869815755353,0.20225245417799081,0.040906055221020275
794,666.3,0.00270891282004,0.5169128347025347,0.5169057365434663,0.26719154047154337,1.4719196,2.885,0.3389078747173427,-0.013246802838751013,0.10258937221098252,2.8475199321507243,1.274838703940201,3.6301286197469183,4.343125993244083,0.5169057365434663,0.2671915404715434,0.0020176300314799986,0.5051041973550513,0.5051001676447422,0.2551261793547467,1.5042616,2.6007,0.35367885560704465,0.5817289738274553,-0.148379837990261,2.9781213616457323,1.2332454438757503,3.6727546005586444,4.253184990146292,0.5051001676447422,0.2551261793547467,-0.005479110351261399,0.20525534059090428,0.2051821975485369,0.04209973419084682,0.68720621,1.3086,0.1374139710920399,-0.004238905271659153,0.37340989113884193,3.34805519808459,1.2677757023227183,4.244583030166919,5.000992290221416,0.2051821975485369,0.042099734190846824
795,667.0,0.0010437415298699985,0.5127760177922284,0.5127749555374896,0.2629381550264745,1.4669196,2.892,0.3361025476393521,-0.022718620259982295,0.10349327770780414,2.860741433103412,1.2765600717490082,3.6519082890978516,4.364500091722149,0.5127749555374896,0.2629381550264745,0.002052916369980002,0.49911237951744586,0.4991081575389695,0.24910895292194477,1.4902616,2.5867,0.3405664254205377,0.561186270017576,-0.1851535755908129,2.985823756647394,1.2455229521060043,3.7189120198477017,4.375832403795522,0.4991081575389695,0.2491089529219448,-0.0046729903700382,0.20344101239990597,0.20338733659522715,0.041366408687300224,0.68720621,1.3416000000000001,0.13452366941796298,-0.10808085660293285,0.3300822393075169,3.377913833072911,1.274163226036754,4.304013586822357,5.108440863777369,0.20338733659522715,0.041366408687300224
796,667.7,0.00156112753784,0.5077959756661379,0.5077935759573328,0.2578543157835355,1.5400804,3.0519999999999996,0.3313011279290198,-0.019522341200869535,0.2571552993980766,3.0328724011246617,1.281362854284965,3.8862100365871926,4.648581819286644,0.5077935759573329,0.25785431578353557,0.004189620176299996,0.4996920135459916,0.4996744495012985,0.24967455548442574,1.4902616,2.5917,0.3390223817416606,0.5529580858429985,-0.27867525297809825,2.982360253117867,1.2468816345608644,3.7186502272569593,4.395761696747203,0.4996744495012986,0.24967455548442577,-0.005870490375718199,0.20048277727801025,0.20039680967483706,0.04015888132785287,0.66946621,1.27586,0.13185797984515957,-0.20753767062765505,0.3965999414364658,3.3392704305549823,1.2789841077969963,4.270873812316256,5.077176298212305,0.20039680967483706,0.04015888132785286
797,668.4,0.0030941008357599983,0.5154576589119793,0.5154483724593925,0.26568702467103655,1.5400804,3.0519999999999996,0.3369158879815857,-0.041903092575285635,0.17230699494561152,2.987792252909346,1.2791581337799658,3.8218587623537585,4.571112419857664,0.5154483724593925,0.26568702467103655,0.0006750851502800026,0.5050093421588644,0.5050088909393268,0.2550339799277689,1.5754616,2.6619,0.34669272608311835,0.5552140587631025,-0.24591602400702328,3.1196682288392115,1.2417810709983594,3.873944954367511,4.544259170935962,0.5050088909393268,0.2550339799277689,-0.0059050903587114,0.20240550138672567,0.2023193438588294,0.04093311689946725,0.63139379,1.26173,0.13594307059779734,-0.09143254440037678,0.2658239829210496,3.1194497465443325,1.2634694338928383,3.941329405323526,4.644545597090775,0.2023193438588294,0.040933116899467256
798,669.1,0.002573837819849999,0.519545701721945,0.5195393262657075,0.26992111153662535,1.4689196,2.87,0.3375196954294445,-0.013813834203131762,0.12624655304891919,2.827315470287827,1.281912118957663,3.6243699654784494,4.352100395596217,0.5195393262657076,0.2699211115366254,0.005259991447880005,0.5105785288741869,0.5105514338803655,0.2606627666372972,1.5754616,2.6498999999999997,0.35283120083845054,0.5271575063035336,-0.26387051120764715,3.0856401335047403,1.2379151602852152,3.819760700450013,4.465199212133596,0.5105514338803655,0.26066276663729726,-0.0076412903542800005,0.204319138379959,0.20417620084145563,0.04168792099005043,0.64489621,1.27629,0.1383433109429892,-0.07322970508184046,0.15388338036967086,3.1563181751517004,1.2583330147824336,3.971699364951229,4.661564087227603,0.2041762008414556,0.04168792099005042
799,669.8,0.0007812670218099998,0.5230004295900744,0.522999846054703,0.27352883897324304,1.4840804,2.927,0.34232857665639055,-0.03196631534034996,0.11547976617551114,2.837627497100177,1.2757522667137882,3.620109711514924,4.335251279619678,0.522999846054703,0.27352883897324304,0.001709434466220002,0.504977711698908,0.504974818329064,0.25499956714647115,1.4543616,2.5628,0.34224064766238094,0.5477112660295484,-0.24218768811842617,2.880051072169221,1.2465317803187026,3.5900751903998875,4.249529124999559,0.504974818329064,0.2549995671464712,-0.007136010352819001,0.20537884411066334,0.20525483420488935,0.04212954696447662,0.75700621,1.3484,0.13727742552627228,-0.19635547007549728,0.28288857819636304,3.685901599446659,1.2668881343082368,4.6696250005667235,5.514426039808879,0.20525483420488938,0.04212954696447663
800,670.5,0.0017484721988799982,0.5256625810025353,0.5256596730882224,0.27631809191121676,1.5699196,3.074,0.33959480451408763,0.012885993704285085,0.167825611307177,2.9865538403092615,1.2864971105647947,3.842192886104056,4.622919959704136,0.5256596730882224,0.2763180919112168,0.0007490791645599972,0.5058558264886746,0.50585527186434,0.25588955607294533,1.4265616,2.47,0.3424977839325281,0.5788427186493014,-0.2688465640211124,2.8200952233806857,1.247060353200114,3.5168289453270725,4.165170307440681,0.5058552718643401,0.2558895560729454,-0.0052609803467365,0.20567962484975622,0.20561232979597235,0.0422764301641277,0.75700621,1.3554,0.13930204032239085,-0.1931581063371078,0.3328750045705089,3.680511429136328,1.2601659055518601,4.638055017991551,5.434279413625515,0.20561232979597238,0.04227643016412771
801,671.2,0.005785386275020001,0.5230649706047077,0.5230329748489598,0.2735634927793526,1.6770804,3.1559999999999997,0.3371664476776164,-0.033835132329212286,0.19146060444511415,3.2062563816138403,1.2877409303337797,4.1288275757480255,4.974042973586594,0.5230329748489598,0.2735634927793526,0.004806225168380001,0.5102500074397057,0.5102273711707855,0.26033197029185057,1.5165616,2.596,0.3443507856537317,0.5748261198978009,-0.16849898890957693,2.9721931952724296,1.2510443951841468,3.718345638350033,4.404118309533949,0.5102273711707855,0.26033197029185057,-0.006851370343619999,0.20331636925504606,0.20320089746718345,0.041290604731468804,0.68188621,1.35628,0.13875245740742562,0.014122101136869743,0.20778117561717968,3.353818546428113,1.2529986823682955,4.202330219576777,4.91440816790541,0.20320089746718348,0.04129060473146881
802,671.9,0.0014618912839600001,0.517789167396342,0.5177871036892199,0.26810348474687096,1.6770804,3.122,0.3406673259741691,-0.03967149537563347,0.06806690103319735,3.238925233668085,1.2729032654802757,4.1228385065825695,4.9229270673500505,0.5177871036892199,0.26810348474687096,0.0036555451489799985,0.511549463352512,0.5115364018776246,0.2616694904459067,1.5165616,2.545,0.35356023531307385,0.5379729237963243,-0.3055535508241678,2.96464312573216,1.2354964665303603,3.6628061063656063,4.289400923882463,0.5115364018776246,0.2616694904459067,-0.00737390037552,0.20373164377405695,0.20359815389175592,0.04145220826813113,0.66409621,1.27549,0.13475417409690546,-0.05437226543974773,0.29009253650059597,3.2596615709658625,1.2735082190743308,4.15120580202577,4.928205114614334,0.20359815389175595,0.04145220826813114
803,672.6,0.0010770829417899987,0.5121388800105848,0.512137747398913,0.2622850723108328,1.4899196,2.925,0.3380562174688217,-0.024528127033453983,0.08946555179129279,2.9092100954514652,1.272333807242868,3.70148635681515,4.407313112463055,0.5121377473989129,0.26228507231083276,0.0018166391492600003,0.5059135892390523,0.5059103276262917,0.2559452595989419,1.3828616,2.4722999999999997,0.3481955828801763,0.5755705833060516,-0.2647166680855588,2.7333948512432147,1.2405635799666923,3.3909501021208066,3.971508163777829,0.5059103276262917,0.2559452595989418,-0.00715669036195,0.2016942779951175,0.20156726807454353,0.040629363559034896,0.72555621,1.37795,0.13240166108943122,-0.1610952591253504,0.41983364859859496,3.5973068607209764,1.2769382066791761,4.59353857160374,5.479963046006804,0.20156726807454353,0.040629363559034896
804,673.3,0.002920711849690004,0.5114278134598529,0.51141947344877,0.2615498778226172,1.5379196,2.932,0.3381187559744179,-0.02737506323395191,0.12831726552661982,3.007109819850904,1.2732816028060152,3.8288976112334665,4.548459891164272,0.51141947344877,0.2615498778226172,0.0038283201413399997,0.5017185591704978,0.5017039531247642,0.25170685658101566,1.3745616,2.4210000000000003,0.345790337188293,0.5914302480320072,-0.21928052854998548,2.7397065045243547,1.2418628471899504,3.4023397201734418,3.975130164645147,0.5017039531247642,0.25170685658101566,-0.0069370503513999995,0.20176093875785517,0.2016416468413039,0.04065935374087312,0.72555621,1.37795,0.1340225803246048,-0.10027138185129018,0.3456598648438223,3.5961183292806815,1.2698819359108462,4.56664570575143,5.413686322429337,0.2016416468413039,0.04065935374087312
805,674.0,0.002932677125979996,0.517520603544508,0.517512294054882,0.2678189744979466,1.4529196,2.8360000000000003,0.33768150976273964,-0.03195596934051688,0.15064266241381175,2.8074623310626228,1.2795677447699176,3.592338243484296,4.302632978100709,0.5175122940548819,0.2678189744979465,0.0025086831607000017,0.5063587734862376,0.5063525589895702,0.25639291399528613,1.4184616,2.5189000000000004,0.3440137243731185,0.5669855833001374,-0.17021413690024234,2.8012975666127224,1.2479500695609196,3.4958794931151815,4.1232703799384804,0.5063525589895702,0.25639291399528613,-0.006985030353460001,0.20228789560398824,0.20216726257940798,0.04087160205885129,0.64473621,1.27713,0.13535074401142075,-0.05028299708465421,0.16542515366581734,3.1872209064954484,1.262793524279058,4.024801921169281,4.763447845884008,0.20216726257940798,0.04087160205885129
806,674.7,0.0023437611170600073,0.5218156747002768,0.5218104111137791,0.27228610514673124,1.5939196,2.992,0.3378757177810086,-0.023892957270462034,0.11773229770258942,3.0545644320008667,1.2822202346505187,3.91662432275528,4.717473071068948,0.5218104111137791,0.27228610514673124,0.004466479158780002,0.5037408933011724,0.5037210916249064,0.25373493814778736,1.4334616,2.4219,0.3481351122038239,0.5375019990641863,-0.30947780937410974,2.845632782770673,1.2360576908670733,3.517366286527162,4.117543878081295,0.5037210916249064,0.2537349381477874,-0.0079488803708,0.2039059778445113,0.20375098306898312,0.04151446310157705,0.67072621,1.27512,0.1345622926887296,-0.09291549867717644,0.3097122269394581,3.289389634822099,1.2762794718848736,4.198180465954326,4.984503434045438,0.20375098306898315,0.041514463101577054
807,675.4,0.002412424934038,0.5228828929111077,0.5228773277787311,0.27340069990502663,1.4219196,2.824,0.3442200672046579,0.02777736337371498,0.01710608843955619,2.719384434406678,1.2705742400272453,3.4551798110881853,4.130844583080597,0.5228773277787311,0.2734006999050266,0.0040807511637,0.5010952038288843,0.5010785874194297,0.251079750770251,1.5206616,2.5091,0.3446540051798149,0.6216578092089915,-0.18339458860329394,3.0346760224016847,1.242505956306285,3.770603033293958,4.412139644820408,0.5010785874194297,0.2510797507702511,-0.00821336037466,0.20362605462577113,0.20346034216479017,0.04139611083381349,0.73939379,1.38245,0.13360773674841828,-0.07610948947152302,0.4539611932080474,3.6311354721225424,1.2802416760745,4.648730962883734,5.534064179174515,0.20346034216479017,0.04139611083381349
808,676.1,0.0018786307258579996,0.5192323873078353,0.5192289887669888,0.2695987427759898,1.5619196,3.016,0.341980937431743,-0.014186109569324019,0.0035461190980483615,3.0081320776201714,1.2695085125378904,3.8188492793770976,4.567270947117478,0.5192289887669889,0.26959874277598983,0.001257529449779997,0.5012884838924438,0.5012869065743368,0.25128856270286787,1.4031616,2.5406,0.34433567197763804,0.6167014598689032,-0.12981302138149564,2.7991099837455304,1.2426674251045982,3.4783627960856314,4.074981810455945,0.5012869065743368,0.25128856270286787,-0.007603010369720001,0.20058378330101906,0.20043963768842757,0.04017604835666811,0.73939379,1.46906,0.1322331050090672,-0.019553071803975395,0.651701275702731,3.6862092130866873,1.2807011712267373,4.72093245658691,5.591593647818373,0.20043963768842757,0.04017604835666812
809,676.8,0.0030516799327800024,0.5121571320179275,0.5121480402446315,0.2622956151264166,1.4540804,2.9080000000000004,0.3382037209012167,-0.004743484955911603,-0.00461528780553877,2.8391294567564507,1.268073119592507,3.600223747156132,4.299421650729594,0.5121480402446315,0.26229561512641664,0.005538896152600002,0.5054388712735555,0.5054085211229591,0.25543777322369654,1.5178616,2.5493,0.3468603925062387,0.5855471480200226,-0.19517350439283598,3.003056722122382,1.2423903013333364,3.7309685459187274,4.376001506060394,0.505408521122959,0.2554377732236965,-0.008525350368480001,0.19709569443266656,0.19691122660983482,0.038774031164989724,0.65734621,1.28974,0.13234412628500108,-0.02088610666301184,0.3929794691140436,3.3351627081055697,1.2668167806442034,4.225040084806901,4.966946614498137,0.19691122660983482,0.03877403116498972
810,677.5,0.0022956595228400003,0.5104233236691943,0.5104181612098675,0.2605266992928623,1.4969196,2.873,0.33047799430846253,0.003405126958721462,0.08167228939023063,2.932702191661905,1.280641036079192,3.755738773241619,4.529559080423373,0.5104181612098674,0.2605266992928622,0.004599687152600003,0.5129989872063054,0.5129783657746138,0.2631468037527934,1.5072616,2.5437000000000003,0.3518255719553807,0.5696291738797659,-0.2226702917878729,2.9381375745169773,1.2410839156816356,3.6464752857928735,4.284116107942132,0.5129783657746138,0.2631468037527934,-0.00893411036378,0.2001993207628228,0.199999874264719,0.039999949705903405,0.64339379,1.2385,0.1336406082980247,-0.0840897842635983,0.2167952212259392,3.2137660984486156,1.2681221920090238,4.0754481093689465,4.814358436360917,0.19999987426471896,0.0399999497059034
811,678.2,0.0010155506220799985,0.5109893940681811,0.5109883849042959,0.26110912950710086,1.5239196,2.9,0.3343016449872958,0.007582807664173067,0.10973006683319575,2.9822920351976308,1.276593630032551,3.8071750150301082,4.5585166057376485,0.5109883849042959,0.26110912950710086,0.0018854251454800005,0.5042230068567094,0.5042194817890736,0.254237285815642,1.4378616,2.5163,0.35227393810016183,0.5709073351819125,-0.34951466916076557,2.851638224450581,1.2282423114497913,3.50250272421776,4.0816576092869346,0.5042194817890736,0.254237285815642,-0.00732635034816,0.20166951351703422,0.2015363919315151,0.04061691727277326,0.63639379,1.26534,0.13461817007524546,-0.07832031052565308,0.3016899107055373,3.1556271391820774,1.267761028937386,4.000581108912209,4.7273989064350275,0.2015363919315151,0.040616917272773265
812,678.9,0.0027787118309180042,0.5128581024305919,0.5128505747186682,0.26301571198926826,1.5239196,3.04,0.33470359258929266,-0.03387923073548319,0.1200454500886492,2.971425415290657,1.2774760631145683,3.7959248413640796,4.553042255121437,0.5128505747186681,0.2630157119892682,0.004848899143680003,0.5028173255763749,0.5027939449484974,0.2528017510768726,1.4594616,2.5999,0.34835068323804175,0.5986006803429457,-0.18453447438548265,2.902568240517632,1.2383496147255124,3.5943942623595184,4.189633235203654,0.5027939449484974,0.25280175107687264,-0.007877140364338,0.19891323170650235,0.19875719963715835,0.03950442440760522,0.67739379,1.29043,0.12965412655266917,-0.037597948471837485,0.45215203495922207,3.4054737545036646,1.2827342208105836,4.368317722974152,5.224621907616828,0.19875719963715835,0.03950442440760522
813,679.6,0.0020710458339799993,0.5216026953729774,0.5215985837686953,0.2720650825895086,1.5849196,3.018,0.3443939894862202,0.012973161788911893,0.15238935420977562,3.0385571509876628,1.2728554084727415,3.8676439035881707,4.602053602516241,0.5215985837686953,0.2720650825895086,0.004474999156400001,0.5061463632372125,0.5061265804132465,0.2561641154008065,1.4650616,2.4275,0.34822831783435126,0.5770603192611019,-0.21084743570446784,2.8945413943701075,1.2411283572763128,3.5924974058628596,4.207186851176518,0.5061265804132465,0.25616411540080647,-0.007753540370328199,0.20032967721343112,0.20017957484259774,0.04007186218416319,0.70739379,1.32043,0.13438920383136346,-0.019664073926455566,0.3919685020001391,3.5311482544163595,1.265842712487376,4.469878284565467,5.26376948320688,0.20017957484259777,0.0400718621841632
814,680.3,0.0030934878240100033,0.5241242500351033,0.5241151207587339,0.27469665980794217,1.6059196,3.117,0.3401204630195751,-0.022650116661716926,0.2570013270286351,3.0640055290180586,1.2850745268982502,3.9374754556165046,4.721620057031305,0.5241151207587339,0.27469665980794217,0.0037367721696000005,0.5072923595055523,0.5072785965783132,0.257331574546463,1.5185616,2.621,0.34628469917968374,0.5644235628702464,-0.24008940287074365,2.9934643633901987,1.244713576642573,3.726005734307497,4.385298003629185,0.5072785965783132,0.25733157454646305,-0.008014690368489999,0.2013361755836782,0.2011765899327229,0.04047202033695894,0.64223621,1.26463,0.13456743974669041,-0.014660714784258424,0.40061384671721356,3.1898699184989607,1.2707108185900164,4.0534022153314835,4.772597377262618,0.20117658993272286,0.04047202033695893
815,681.0,0.0030865496239600044,0.5156608667012781,0.5156516291630737,0.26589660265853216,1.5969196,3.08,0.33314765219936676,0.044430076327873665,0.28826358392632967,3.0968407787381977,1.2884602410556942,3.9901562162841224,4.793428947967941,0.5156516291630738,0.2658966026585322,0.0036838158635800014,0.49852300495823665,0.4985093940672265,0.24851161597327331,1.5089616,2.5304,0.34300416600451217,0.5891910014896511,-0.2659300766806876,3.026864527799298,1.239772124025099,3.7526222647659635,4.399251523901753,0.49850939406722655,0.24851161597327337,-0.007915070379238,0.1995660287789857,0.19940900557273397,0.03976395150350665,0.67439379,1.33639,0.1326906466259302,-0.08063896495435101,0.4533049339626607,3.3793015480950115,1.2736153333400764,4.303930267633664,5.08245160565983,0.19940900557273397,0.039763951503506645
816,681.7,0.0009335168250600034,0.514723454675261,0.5147226081484791,0.26493936333917284,1.5360804,3.058,0.33628553558445673,0.028184875547096002,0.21590310015271053,2.9842828921971565,1.2799171971175178,3.8196349947867443,4.567786114649048,0.5147226081484791,0.2649393633391728,0.001117041856980003,0.4998201801519739,0.49981893191899146,0.2498189647046414,1.5217616,2.6092,0.3424421347284384,0.6012483795260479,-0.1527446285549492,3.0446181655516544,1.2424427581299697,3.782763791060606,4.443850349218209,0.49981893191899146,0.24981896470464143,-0.009336220348116401,0.19862494407842526,0.19840540163959494,0.03936470339976898,0.66939379,1.30901,0.13394903569272476,0.01654797747003858,0.3701777663007557,3.3701396020818812,1.261739259613472,4.252237446324834,4.997376700311379,0.19840540163959494,0.03936470339976898
817,682.4,0.0021507398273,0.5159137384500491,0.5159092554313218,0.2661623598397008,1.5949196,3.114,0.33885778524481985,0.00770455454215188,0.12563625976790327,3.0914462654000845,1.2743663584597333,3.9396351196118475,4.7067521227163,0.5159092554313217,0.26616235983970077,0.0034296947500800055,0.5044745751447061,0.5044629165373338,0.254482834161353,1.5052616,2.5927,0.35025866828177654,0.544229557458402,-0.2590151607799811,2.983820541537149,1.2334849361447953,3.680497690145479,4.297571298903716,0.5044629165373338,0.254482834161353,-0.009039090355458001,0.2010164727727748,0.20081313993748912,0.04032591717155359,0.66939379,1.3246799999999999,0.13384643317075337,0.0635525599632952,0.4522602605068582,3.3300444524099775,1.2713822590766364,4.233759438730617,5.001207534204718,0.2008131399374891,0.04032591717155358
818,683.1,0.0030501938449999993,0.5115640088406088,0.5115549153889369,0.26168843145858245,1.5949196,3.015,0.34147898369150886,0.011031501153893897,0.1242233364253611,3.117732233772019,1.2653238740348598,3.944941028239768,4.670623013921249,0.5115549153889369,0.26168843145858245,0.004693646159670003,0.5038271362925137,0.5038052728489878,0.253819752950443,1.5405616,2.61,0.34777071402600007,0.5617384803817943,-0.2839104184340622,3.0577185884358067,1.2383296513513744,3.7864635935483295,4.429819814801382,0.5038052728489878,0.253819752950443,-0.009324940366998,0.20025430264931493,0.20003707460547243,0.04001483121671535,0.65528621,1.2616800000000001,0.13372913521283136,-0.04801699337673472,0.38634861136136855,3.2722703149481704,1.2685654505003687,4.151089066241209,4.900100557422322,0.20003707460547246,0.040014831216715355
819,683.8,0.0009738738508999978,0.5132576769839138,0.513256753051186,0.2634324945526461,1.6169196,3.1879999999999997,0.33909268393112185,0.06030303855644477,0.26519364143392465,3.1503076768409963,1.2764388080292401,4.0211749759522855,4.768370645025289,0.513256753051186,0.26343249455264617,-0.0006463138467999947,0.5000405774800579,0.5000401597921924,0.25004016140500135,1.3323616,2.4898,0.3437903649860571,0.6105452991579786,-0.23785419713082456,2.664506962043767,1.2421726963332622,3.3097777974406553,3.875505935292968,0.5000401597921924,0.2500401614050013,-0.00975762036185,0.20259658470222383,0.20236147108053784,0.04095016497787935,0.67825621,1.2796500000000002,0.136585017716064,-0.06689396144985775,0.35245847071337577,3.3478166031125354,1.2639367189543198,4.2314283329988545,4.965817051837811,0.20236147108053784,0.04095016497787936
820,684.5,0.0029800472417800023,0.5198951740209329,0.5198866331121554,0.2702821112886929,1.6169196,3.0869999999999997,0.3382340944713886,0.040070341427581105,0.2938033766588748,3.1100877269056872,1.285382307968888,3.9976517403957446,4.780474903120022,0.5198866331121553,0.27028211128869284,0.003863240152299999,0.5025840670320394,0.5025692189241111,0.2525758198099911,1.3891616,2.4676,0.3444379513986945,0.5611836902394287,-0.24109241124902114,2.764038279612716,1.2435583343556624,3.4372428390904792,4.03312583401129,0.5025692189241111,0.2525758198099911,-0.010139280360369998,0.20052880254899605,0.2002723037404525,0.04010899564550806,0.67825621,1.3406500000000001,0.1355378177287527,-0.07200689138240504,0.46320137943110584,3.3823381049426993,1.2623860674753855,4.269816499170762,5.004184229654424,0.2002723037404525,0.04010899564550806
821,685.2,0.0019721922207799987,0.5172529140697856,0.517249154249216,0.26754668757152933,1.5860804,3.0869999999999997,0.33287160493705575,0.01441102609457437,0.17428616328696434,3.0663537253383413,1.2849490498390488,3.9401083058439292,4.764841387717404,0.517249154249216,0.26754668757152933,0.004147842144069996,0.507208913632179,0.5071919532814801,0.2572436774734831,1.3891616,2.4246,0.34700620797705073,0.5178256071934019,-0.22017943547692775,2.73883514793157,1.245545815705488,3.4113446584132885,4.003275930129389,0.5071919532814801,0.2572436774734831,-0.00960048037228,0.19756419256040203,0.19733079070095746,0.03893944095866508,0.65577621,1.29917,0.13117949897023132,-0.08527716668327544,0.42264933534269655,3.3193070135900618,1.2742967734319195,4.229782217447756,4.999075428309235,0.19733079070095744,0.03893944095866507
822,685.9,0.0014181958184799988,0.5195020548813697,0.5195001191016091,0.2698803737465861,1.5860804,3.102,0.33610916488632203,0.038903714379677344,0.2016404534498797,3.053078202668876,1.2823964976720064,3.9152567942213103,4.718944217235016,0.5195001191016091,0.2698803737465861,0.0019561922546999983,0.5083623226670716,0.5083585589122331,0.25842842441932246,1.4638616,2.5903,0.34762539697379774,0.5337322529530397,-0.2526046180796815,2.879563521387655,1.2438305312759421,3.5816890246504296,4.211031796708278,0.5083585589122331,0.25842842441932246,-0.009094214391137998,0.19997173094036597,0.19976483284075336,0.03990598843989413,0.71488021,1.301274,0.13034498092651364,-0.1440967076063302,0.5805216239632713,3.5749063462034347,1.2887210294170974,4.607056986549005,5.484524259534303,0.19976483284075336,0.03990598843989413
823,686.6,0.00308569223166,0.5204623396234276,0.5204531923907698,0.27087152546974363,1.5860804,3.114,0.3375960673454125,0.04117525215596922,0.16848535176412538,3.0474450872806353,1.2811541262347625,3.9042468480434422,4.69816017843951,0.5204531923907697,0.2708715254697436,0.0031100789536800005,0.5032588986737628,0.5032492886266513,0.2532598465032306,1.4562616,2.5827,0.3451238439946498,0.5890051993340009,-0.21272558307129907,2.8936628916799747,1.2436725437087608,3.5987690891312827,4.219533438039058,0.5032492886266512,0.2532598465032305,-0.009617664367677999,0.20397884142267378,0.20375197736524425,0.041514868280247,0.71488021,1.3492739999999999,0.13493843726605226,-0.10588857805939206,0.6065677415461881,3.5046782549306887,1.2783860953445714,4.4803319497598695,5.297824878396225,0.2037519773652442,0.04151486828024699
824,687.3,0.0016394633227599968,0.5149907381261932,0.5149881285192647,0.26521277251577463,1.4789196,2.9450000000000003,0.3324184226677312,0.01865926296655405,0.15155085197656026,2.8717401896995005,1.2839935745919955,3.6872959514717567,4.448970030395259,0.5149881285192647,0.26521277251577463,0.0018752881616800013,0.5033370046104589,0.5033335112075689,0.25334462350453985,1.4451616,2.4916,0.3413130844873822,0.5760678898605787,-0.1797588087125317,2.871161044712846,1.24793119624478,3.583011437139915,4.2341230549965205,0.5033335112075689,0.2533446235045399,-0.009595490356978199,0.2004882237803243,0.20025846908282935,0.04010345443939852,0.67397621,1.28037,0.1339089205015309,-0.02916676040538754,0.4565023732589051,3.36167480209949,1.2702410104542505,4.270137197437449,5.033094191751736,0.20025846908282935,0.04010345443939852
825,688.0,0.0019675668184899985,0.5100982366509424,0.5100944419567964,0.26019633971521555,1.6449196,3.143,0.33014133825186315,0.015194827679700125,0.171703900944717,3.224711402258012,1.2811090091300796,4.1312068292772315,4.982470867507962,0.5100944419567964,0.26019633971521555,0.004875690160860002,0.5058768435985279,0.505853346865141,0.25588760853466475,1.4451616,2.5456000000000003,0.3424163881012341,0.5525633127825406,-0.23028719548407306,2.856745902263326,1.2476726253446773,3.564283659819533,4.220480240486456,0.505853346865141,0.25588760853466475,-0.0090847303824082,0.20178539184470357,0.2015807829030325,0.040634812035799515,0.65591621,1.21031,0.13313391931510862,-0.1149645939287386,0.20728468774987618,3.2505634030475354,1.2739103979383635,4.140926518300167,4.926740032700019,0.20158078290303247,0.04063481203579951
826,688.7,0.004102500839839999,0.5088533093956409,0.5088367714402674,0.25891485996975494,1.6449196,3.143,0.33485985984391775,0.006881418602241715,0.09418368708329172,3.232600770453182,1.2709280073415417,4.108402855722795,4.91226270227407,0.5088367714402674,0.25891485996975494,0.005414050147400001,0.5006971249788013,0.5006678529954153,0.2506682990230388,1.4991616,2.6006,0.3437578355164401,0.564148599864968,-0.2272482797582036,2.9941486084296414,1.2426403365581495,3.720649834484125,4.361097973949464,0.5006678529954153,0.2506682990230388,-0.00925482838488,0.20168224082992953,0.2014697853717726,0.04059007441774811,0.70031421,1.350708,0.1330236327079836,-0.073185157414123,0.36526407648399495,3.472364285115945,1.2759041687684882,4.430404066862245,5.264584914301245,0.2014697853717726,0.04059007441774811
827,689.4,0.0031913608276800003,0.5102461719390785,0.5102361915765592,0.2603409711945512,1.4639196,2.92,0.33410385444974966,-0.012486103128876843,0.09519684045982357,2.869045728332846,1.2750583932314703,3.658200836475692,4.381630383794865,0.5102361915765592,0.2603409711945512,0.0022214116355599987,0.4992227563643268,0.4992178139873831,0.24921842580234138,1.4991616,2.6006,0.3455777607290127,0.5643739387945864,-0.10723522246037209,3.002991311770111,1.2403534220677115,3.724770549993663,4.338131009464982,0.49921781398738313,0.24921842580234144,-0.008108048342179998,0.20250403764161168,0.2023416536782186,0.04094214481323615,0.71639379,1.416708,0.1368873557812745,-0.020966350810143693,0.46249076372778397,3.537676573480782,1.2612358162949069,4.461844400941403,5.233454806042787,0.2023416536782186,0.04094214481323615
828,690.1,0.004089633128699996,0.5148127093523124,0.514796465228289,0.26501540061154105,1.5049196,2.918,0.3369090188765543,-0.010745769730512042,0.1532926367266656,2.923237077603124,1.2788546581432694,3.7383953535498726,4.466842725131714,0.514796465228289,0.26501540061154105,0.0036228511588199982,0.49926792283683974,0.49925477836801274,0.2492553337232935,1.4185616,2.454,0.340072384862867,0.5362311583049395,-0.15153443104793585,2.8412832772026184,1.2472372135760672,3.5437542376384705,4.171351933124561,0.4992547783680128,0.24925533372329356,-0.0082832203666095,0.19955109201959337,0.1993791026827295,0.03975202658657039,0.61221621,1.21861,0.13126803270803178,-0.09735011526433031,0.30891480656742765,3.0679672248543155,1.2774073390857699,3.919043849103505,4.663863679298828,0.19937910268272951,0.0397520265865704
829,690.8,0.0037525778205799967,0.5154069878338144,0.5153933267589194,0.26563028126762617,1.5270804,3.032,0.33248066626973766,-0.017611622160650188,0.18606586512002687,2.96286320528581,1.2866341832995274,3.812121080361128,4.592990074078767,0.5153933267589194,0.2656302812676262,0.004923503166159998,0.5001043974161185,0.5000801610057249,0.25008016743151174,1.4185616,2.38,0.34369394160995936,0.5572460103382227,-0.31522879505863166,2.836530946996787,1.2392344668447903,3.5151269157903116,4.1273977462478895,0.5000801610057249,0.25008016743151174,-0.0081950103761313,0.20069162830935333,0.20052424162278917,0.04020997147839474,0.66139379,1.30623,0.13078971668903533,-0.15647765384166706,0.383832093677146,3.2955723941832975,1.284247978231416,4.232332184345167,5.056925014774097,0.20052424162278917,0.04020997147839473
830,691.5,0.002525920837859998,0.5197256061558078,0.5197194679997496,0.27010832541794266,1.5209196,3.0250000000000004,0.34483312133946054,0.022654105532737938,0.10776812539753466,2.926389583244905,1.2687167819454337,3.712759574773115,4.410596041622048,0.5197194679997496,0.27010832541794266,0.0023924626336799984,0.5048539410591436,0.5048482721823416,0.2548717779254957,1.5368616,2.6783,0.3539500184942601,0.6079217225526009,-0.26164320701708643,3.0441707492186474,1.2294166477819104,3.742554197780136,4.342030003382872,0.5048482721823416,0.2548717779254957,-0.00905283035202,0.203198859906181,0.202997100791586,0.04120782292978933,0.70439379,1.37765,0.13433333647208467,-0.032910076564854375,0.37272396213666115,3.4665243216680737,1.2729388872060905,4.412673612497005,5.243626105768448,0.20299710079158603,0.041207822929789334
831,692.2,0.00454715882983,0.5161236727526526,0.5161036416479382,0.26636296892226347,1.5790804,3.1390000000000002,0.3389173002828948,-0.007654159869365141,0.03852620936439566,3.0595000449761574,1.2727199246029968,3.8938866665649203,4.659190896073878,0.5161036416479382,0.2663629689222634,0.004213070444579998,0.5017770522401559,0.5017593648276524,0.2517624601922491,1.4127616,2.5542,0.34800251688979966,0.5922196566202144,-0.17564556361946426,2.815516559979784,1.2362673108916757,3.480731086377189,4.059630409073658,0.5017593648276523,0.25176246019224907,-0.00882194035116,0.20686762142389245,0.20667942849257995,0.04271638616201946,0.75881621,1.49021,0.13810556138685956,0.04341088285863069,0.49632106677812704,3.668124594738341,1.271488500606431,4.663978241001425,5.49446526540965,0.2066794284925799,0.04271638616201945
832,692.9,0.0026559518438799986,0.5148853246294398,0.5148784744369944,0.2650998434385667,1.5790804,3.04,0.3417135984489857,0.01593471295676059,-0.007146541616421587,3.0668584332568725,1.2658387035024847,3.8821481029795413,4.621063976286973,0.5148784744369943,0.26509984343856663,0.003023886064640001,0.5022064618947533,0.5021973580992978,0.25220218648191434,1.4127616,2.4472,0.34005875120715007,0.5856073820118399,-0.1740552543382612,2.8131091636492536,1.2488655526481698,3.513195130320456,4.1544632949010705,0.5021973580992978,0.25220218648191434,-0.008735087375199999,0.2031755491532263,0.2029876893367248,0.0412040020222627,0.75881621,1.49021,0.13448305884815862,-0.09591847958615991,0.6531248887846299,3.7347811444955576,1.278925248317224,4.776505902634468,5.642466913670963,0.20298768933672479,0.041204002022262695
833,693.6,0.0014473037529799987,0.5052770474445415,0.5052749746287858,0.2553027999861201,1.4959196,2.841,0.3374143935872462,-0.012773143562578658,0.017093830011816635,2.960592822424197,1.2634939186148604,3.740691026627778,4.4334789162252966,0.5052749746287858,0.2553027999861201,0.002765565058460002,0.5039311240862376,0.5039235353431375,0.2539389294727264,1.4315616,2.388,0.3455600738159762,0.5649307512837206,-0.29565435360006775,2.840788218024448,1.2410203255752563,3.525475919223053,4.142728597639902,0.5039235353431375,0.2539389294727264,-0.008809287347940002,0.19814696154118966,0.1979510414835626,0.039184614824427116,0.71352321,1.329917,0.13500119861909227,-0.10681380816637613,0.4108030144403001,3.600979820483782,1.2571619059551618,4.527014654425468,5.28531018463929,0.19795104148356255,0.039184614824427096
834,694.3,0.0040059128289999975,0.5134086298108207,0.5133930013416922,0.26357237382663073,1.6209196,3.1159999999999997,0.3337491634706765,-0.02823782590060328,0.18492395866830158,3.157172485778573,1.2804188539352874,4.042503175916623,4.856700113174711,0.5133930013416922,0.2635723738266308,0.004802150150760005,0.5054289721863374,0.5054061587270846,0.255435385279267,1.4338616,2.5972999999999997,0.3500555372793688,0.5478384122348562,-0.29467843052581744,2.8369200795861294,1.2363990705004235,3.5075653494842776,4.09609746825881,0.5054061587270845,0.25543538527926696,-0.009046390349559999,0.20156073183251633,0.20135762076093108,0.04054489143850294,0.62198621,1.23838,0.13526874305409756,-0.062299560685227545,0.18036446235143178,3.085850127379124,1.2618221610288294,3.893794076340615,4.598151767783125,0.20135762076093108,0.04054489143850294
835,695.0,0.0030863163270799998,0.5126344036101841,0.5126251129395616,0.26278450641629825,1.5169196,3.012,0.3319266876432904,0.010849082558501234,0.18911523597976165,2.959067103801897,1.2834169383905518,3.7977168428536277,4.570044098503398,0.5126251129395616,0.26278450641629825,0.0007711031577600021,0.49875938772600265,0.49875879164656045,0.24876033224473712,1.4493616,2.6128,0.34217745526546967,0.5402527077483426,-0.25413090660911974,2.9059334734692115,1.240063934386349,3.6035432961752196,4.235701615337427,0.49875879164656045,0.24876033224473712,-0.0094685103643582,0.20105050408183892,0.2008274196992073,0.04033165250304156,0.63990621,1.2223000000000002,0.13416138183601778,-0.05438406172200992,0.16233787685845869,3.1828132584015907,1.2664133171664518,4.030757096493721,4.769675157208368,0.2008274196992073,0.04033165250304156
836,695.7,0.002697633333959998,0.5218679256645969,0.5218609533313111,0.27233885461186486,1.5009196,2.9699999999999998,0.3432543100374532,0.030141937124036403,0.10996959510746196,2.876052591445593,1.2746232275303755,3.6658834366554816,4.372616908542915,0.5218609533313111,0.2723388546118649,0.00161596216556,0.5012550440947146,0.5012524392924923,0.2512540078966737,1.4258616,2.4703,0.33890393988061457,0.5564627820000408,-0.17569108168119163,2.844583045693155,1.251630735698665,3.5603675702368727,4.207273602373248,0.5012524392924923,0.2512540078966736,-0.0095186603736582,0.20138777730199375,0.20116270019893945,0.04046643195132839,0.74265621,1.40005,0.13491399384268163,-0.1318235504092484,0.42724896036486637,3.6876925697746787,1.2683663074453189,4.677345007718648,5.504664037045592,0.20116270019893942,0.04046643195132838
837,696.4,0.003017338851959999,0.5268083006495431,0.5267996595476423,0.2775178812995118,1.5019196,3.001,0.34763516641838993,0.010399392650367996,0.12642903989289778,2.850979375511293,1.2718675993833104,3.6260682942228777,4.320390297316446,0.5267996595476423,0.2775178812995118,0.0032212788557799987,0.49993861110094817,0.49992823308158785,0.2499282382320784,1.3487616,2.3802000000000003,0.34547926976906906,0.574657009474518,-0.2484780207850643,2.6978544366273334,1.2389686841160006,3.342557161284681,3.9040304817755387,0.4999282330815878,0.24992823823207838,-0.010151690375137998,0.20025069498408613,0.19999320994507994,0.03999728402413682,0.67195621,1.31535,0.13283679369311555,-0.06786166823812885,0.4710940707776259,3.3555749209929098,1.2744637487542334,4.276558593034314,5.058509704415013,0.19999320994507994,0.039997284024136825
838,697.1,0.0027308968369999993,0.520111296863218,0.5201041273891259,0.2705083033272041,1.6560804,3.151,0.33657108452856754,0.012114508721518395,0.22744779944510896,3.184088501802963,1.2859399455616296,4.094546594671913,4.920447644275974,0.5201041273891259,0.2705083033272041,0.0007769571554399994,0.5003136132400529,0.5003130099556635,0.2503131079308959,1.4230616,2.5295,0.34052054638990864,0.6162865107227503,-0.0944428454652626,2.84433915516348,1.2499701219028414,3.5553389605127204,4.179077048615275,0.5003130099556635,0.2503131079308959,-0.009436210383678,0.2032147578792651,0.20299555599451755,0.04120719575352331,0.76804621,1.46044,0.13451996282541945,-0.09476553606787377,0.593387797128714,3.779480476788576,1.2794524450720737,4.8356655371293105,5.709533320320445,0.20299555599451755,0.04120719575352331
839,697.8,0.00482744442884,0.5174390893165336,0.5174165700216896,0.26771990693301007,1.4959196,2.9109999999999996,0.3342881497703115,0.0779879968742616,0.16132720431848524,2.8910061703608543,1.28488607426399,3.71461356890793,4.474940559597587,0.5174165700216896,0.26771990693301,0.0032831227505800012,0.49732091975144116,0.49731008267219357,0.247317318327424,1.3898616,2.5012999999999996,0.34093626864979626,0.5847578113857828,-0.15318401533552128,2.794697638487934,1.2450882558523204,3.4796452083395404,4.076602367663152,0.49731008267219357,0.247317318327424,-0.009140430374709997,0.20262841235338663,0.20242214806048067,0.04097472602541916,0.76804621,1.43244,0.13279462024329275,-0.06730899391199353,0.5287489736409006,3.7904171536443627,1.2825561786221886,4.861422939962107,5.7837147965246185,0.20242214806048067,0.04097472602541916
840,698.5,0.0029708268559399988,0.5177654368924682,0.5177569138391496,0.2680722218282406,1.5849196,2.9939999999999998,0.34566768128639414,0.04131945574916193,0.13371101063313606,3.0610764780136592,1.267371292420935,3.879520452139495,4.585096281207891,0.5177569138391496,0.26807222182824053,0.0027569787613800014,0.49592567546845395,0.495918012031174,0.24593467465695165,1.3467616,2.4392,0.3372384806511717,0.5788953459124653,-0.17416574613381774,2.7156520959069965,1.2493223431656597,3.3927248396812635,3.9934991920244287,0.49591801203117397,0.24593467465695162,-0.00811438038233,0.19880625504493135,0.1986405896990873,0.039458083876001145,0.67638621,1.31278,0.13243927660481067,-0.08857246538919084,0.372812335341564,3.4022380726759973,1.2715539224806451,4.326129166524154,5.107142135926098,0.19864058969908732,0.03945808387600115
841,699.2,2.8892837838004003e-05,0.5098497307191475,0.5098497299004787,0.25994674707959115,1.5149196,2.9130000000000003,0.3394169734511781,0.04533025410317256,0.07491245266106095,2.9713060706400545,1.2656074162826625,3.7605069990477493,4.463299476736117,0.5098497299004787,0.2599467470795911,0.0009795221615000007,0.5008305256556739,0.5008295677821685,0.25083025596487374,1.4869616,2.5544000000000002,0.34368650111447063,0.5929668662591795,-0.20217485549744119,2.9689915526880273,1.242902050183192,3.6901656878125277,4.326505682295454,0.5008295677821685,0.25083025596487374,-0.008252140416450001,0.1925632115062378,0.1923863108543414,0.03701249260414328,0.65226621,1.3036599999999998,0.12393700697485775,-0.13590399909592701,0.6066708076858696,3.3872836088365235,1.2967210558163853,4.392361977600032,5.262884960037164,0.19238631085434138,0.03701249260414327
842,699.9,0.0031028565417800017,0.5118210177729806,0.5118116123296255,0.2619511265154508,1.5759196,3.0220000000000002,0.3399333738778086,0.01844050883721324,0.082682350203521,3.0790443246295185,1.2676693306851299,3.9032100581529496,4.635966107189214,0.5118116123296256,0.2619511265154509,0.004569474256079996,0.5049743718695667,0.5049536970357644,0.2549782361500865,1.6039616,2.7484,0.34686548489856256,0.6108811957394595,-0.08221895276409397,3.1763227786425134,1.2447718832204708,3.9537972868869202,4.6241602864264895,0.5049536970357643,0.25497823615008647,-0.008858380361949999,0.19663181530489948,0.1964321763038406,0.038585599887463115,0.76739379,1.44264,0.1272246830492082,-0.05009181374387182,0.6417589940977848,3.9026939196491197,1.289903708003975,5.034099358159967,6.031799581714705,0.1964321763038406,0.038585599887463115
843,700.6,0.002750580734879998,0.5225179514385655,0.522510711738215,0.273017443881176,1.5759196,3.092,0.3408522594807505,0.04220651960682763,0.21198887712289594,3.0160104464569524,1.2794298761755571,3.858773872054605,4.623468251026805,0.522510711738215,0.27301744388117594,0.0019278001565399979,0.5095605728013931,0.509556926103689,0.25964826094024035,1.5311616,2.6196,0.3484337521822636,0.5821950920980201,-0.12797721060232936,3.0048667061939014,1.2456979387194476,3.743156262032439,4.394412396647092,0.509556926103689,0.2596482609402403,-0.008604091369338,0.20337483598763764,0.20319274968538273,0.0412872935247066,0.76739379,1.4808810000000001,0.13378370131144135,-0.018995307368267555,0.5279867698703824,3.7732976465517436,1.2808355560090572,4.832973789108769,5.736078330001859,0.20319274968538273,0.0412872935247066
844,701.3,0.0020348282359600035,0.5243273329699205,0.5243233845380157,0.2749150115734,1.5179196,3.0069999999999997,0.33866195919190023,0.01954599846938203,0.22812586747733743,2.894984687145958,1.2873136294947873,3.726753244941695,4.482108364405588,0.5243233845380159,0.27491501157340004,0.0011844431597799999,0.5059762049248281,0.5059748185873808,0.25601051704453287,1.5311616,2.6196,0.34818154490286185,0.5556053771769482,-0.2429416538979865,3.026153374598874,1.2388164264193142,3.748848509317326,4.39759551422283,0.5059748185873808,0.2560105170445329,-0.00957413138656,0.2026610752290047,0.20243479795027633,0.0409798474211692,0.72045621,1.3728500000000001,0.1329867658602116,-0.14034445496307604,0.6356829716863621,3.5549806946691307,1.2848294805874678,4.567543999430215,5.4175030525767065,0.2024347979502763,0.04097984742116919
845,702.0,0.002972198838829999,0.5255887463674939,0.5255803424237024,0.27623469634221637,1.5989196,3.178,0.3458621554920771,0.028985400313464475,0.10431489594518961,3.0421496104142776,1.2736923781475706,3.8747627719692668,4.622996689895515,0.5255803424237024,0.2762346963422163,0.00429499415808,0.5062309752051506,0.5062127549581695,0.25625135328233983,1.4523616,2.4828,0.3513693311668165,0.5965742539406776,-0.2835479587776346,2.8689702352003037,1.234582805854597,3.5419813228869135,4.133433032351008,0.5062127549581695,0.25625135328233983,-0.0105319903689,0.20363775619549662,0.20336522054472816,0.041357412927205926,0.69039379,1.3570799999999998,0.13484519120836366,-0.09391407623793664,0.38727612294220437,3.390303462866715,1.27339473181217,4.317194568859032,5.119899225276777,0.20336522054472814,0.04135741292720592
846,702.7,0.0027422168299999993,0.5226905737210645,0.5226833803591932,0.27319791610371297,1.5849196,3.164,0.3441930844392563,0.02708147029077905,0.07361649614430288,3.0322329877060255,1.2705078837867734,3.852475916358828,4.604739815101396,0.522683380359193,0.2731979161037129,0.0007627241369200024,0.5087414919511959,0.5087409201986995,0.2588173238846196,1.4750616,2.5545,0.35452702063587266,0.6097525038184061,-0.16499779121722247,2.8994324688215216,1.2342253942134382,3.5785531818264844,4.160646478664331,0.5087409201986995,0.2588173238846196,-0.009849910371860001,0.20601780277584408,0.20578220118915272,0.04234631432625292,0.69039379,1.34162,0.1365116470621627,0.07124978252405233,0.4688846314569295,3.3511365556654202,1.2755764170294803,4.274630760652211,5.057398433451018,0.2057822011891527,0.042346314326252917
847,703.4,0.003997930540820003,0.5163692489131195,0.5163537719185267,0.2666212177744899,1.5300804,3.0599999999999996,0.34050732764626634,0.009371827805232805,0.11418519818728301,2.963151665635767,1.2718634181085702,3.7687242058296087,4.493531491896448,0.5163537719185267,0.2666212177744899,0.002759462144470001,0.5019244095004723,0.501916824006798,0.2519204982210711,1.4710616,2.5385,0.34577005334239413,0.5848585400127237,-0.12286613756409048,2.9308429160957465,1.2428064394497873,3.6424704491395867,4.254450568462912,0.501916824006798,0.2519204982210711,-0.01006692136988,0.20300818477766291,0.2027584281376594,0.04111098018085439,0.71222721,1.399621,0.13600758828782228,0.003975205867847827,0.4235146328599164,3.5083669694403707,1.2692654584533538,4.453049009889336,5.236672592802462,0.20275842813765937,0.041110980180854385
848,704.1,0.003875071829659997,0.5110980490587802,0.5110833587292842,0.26120619957000624,1.5079196,2.961,0.3316915090823224,0.019549831944758872,0.274844468068149,2.9503528780376493,1.2851575386402456,3.7916682428590303,4.546150741608974,0.5110833587292843,0.2612061995700063,0.003481449153989999,0.4972331567010352,0.49722096861924914,0.24722869163466435,1.4801616,2.5276,0.34346090027756526,0.5443723463918417,-0.27301892873471223,2.9767958553294087,1.2372263490603435,3.6829702679871663,4.3095490601807045,0.49722096861924914,0.24722869163466435,-0.011802031371858,0.19975679853786327,0.19940784993975075,0.039763490617594155,0.71222721,1.310621,0.13002485056994662,-0.13486253921943214,0.4168614204974195,3.5654716896406384,1.2832164114473532,4.575271786697792,5.477623753290597,0.19940784993975078,0.03976349061759416
849,704.8,0.00245771683778,0.5080461335161875,0.5080401887731847,0.25810483340869317,1.5260804,3.045,0.33520162016847443,0.018293513548924493,0.2609233961277546,3.003822486430507,1.2747264176204383,3.8290518772952775,4.552723818079944,0.5080401887731847,0.25810483340869317,0.0018543061383000028,0.4945250040175505,0.4945215274862195,0.2445515411473038,1.3457616,2.4242,0.3456255725954003,0.5857047134190574,-0.2724182133680615,2.721321650203635,1.2320962114766099,3.352930095425175,3.893697997790774,0.4945215274862196,0.24455154114730382,-0.010123210353198,0.1988167149635837,0.19855882443511744,0.03942560676105579,0.67271621,1.3201100000000001,0.1341332522244076,-0.0634566315313247,0.4446164907261152,3.3835998654500363,1.262046710021361,4.270261078219939,5.015282928311708,0.19855882443511744,0.03942560676105579
850,705.5,0.0031616818209000037,0.520266333484133,0.5202567265543873,0.2706670615250865,1.5260804,3.045,0.3391338658229875,0.028757633801049152,0.1613899936914751,2.933267639633926,1.2783587609908462,3.74976838545697,4.499935140056301,0.5202567265543873,0.2706670615250865,0.0025775523634000027,0.5043454426536033,0.5043388560772142,0.254357681749273,1.4704616,2.4759,0.34709102362591443,0.5777160552991518,-0.205838623601855,2.91558419218224,1.241311216539496,3.6191473605210596,4.236530189224441,0.5043388560772142,0.2543576817492729,-0.01005635037035,0.20281641488412827,0.20256694686863308,0.041033367963679616,0.66614621,1.31554,0.13324821545646565,-0.010678422937411964,0.43486153097281033,3.2844787754510807,1.279202159338304,4.2015123418578515,4.999288040879172,0.20256694686863308,0.041033367963679616
851,706.2,0.00505128093488,0.5182930587432669,0.518268443282406,0.2686021793023684,1.5189196,2.96,0.33959936137115754,0.047673814218006996,0.16704705371844852,2.9306192208767103,1.2773018413557387,3.743285327138343,4.472680966970167,0.518268443282406,0.2686021793023684,0.0030906933841600044,0.4959000813860953,0.4958904499313746,0.24590733833314113,1.4988616,2.5012999999999996,0.33502994605251213,0.6102653532661124,-0.1560517544364961,3.022507267614308,1.250267083874037,3.7789413474682245,4.473813811751235,0.4958904499313746,0.24590733833314113,-0.010090218358880002,0.20507746891708412,0.2048290891228776,0.04195495575090773,0.69951421,1.3659080000000001,0.13470071491181543,-0.14164257631625804,0.4268029789034169,3.410975441104279,1.2794115974617393,4.364041538005986,5.193099460963896,0.2048290891228776,0.04195495575090773
852,706.9,0.0013470601509800036,0.5180868585985516,0.5180851073727802,0.26841217848146526,1.5529196,3.083,0.34126784137038496,0.05328355586706688,0.23905058335380813,2.9974116776494153,1.2762892067242926,3.825564172293303,4.55044223846039,0.5180851073727802,0.26841217848146526,0.0006469311707399983,0.4983554331231687,0.49835501322194137,0.24835771920344138,1.4988616,2.4882999999999997,0.33729051958911865,0.622341126149056,-0.17740811135270418,3.0076156501529616,1.2497959255024995,3.758905785038723,4.443829615566683,0.4983550132219414,0.2483577192034414,-0.010500268364278,0.2044276228344178,0.20415777560996573,0.041680397342009116,0.76922621,1.39162,0.13515430106684306,-0.24429941832855087,0.5368462492093946,3.762829109562447,1.2758017440949185,4.800623940710899,5.691466745254115,0.2041577756099657,0.04168039734200911
853,707.6,0.0015252951320000037,0.5190540004235313,0.5190517592980797,0.2694147288304316,1.6099196,3.1109999999999998,0.33907770398778797,0.04415909150441799,0.16017814302565725,3.1016418304961673,1.2796036330930822,3.968872154856373,4.7479370688966975,0.5190517592980796,0.26941472883043155,0.004120109344520003,0.5051130722905236,0.5050962685446814,0.2551222404977609,1.5349616,2.6323999999999996,0.3503686000800605,0.5930562966026455,-0.2517023279519597,3.038847506043445,1.234965854152638,3.7528729059405572,4.380990761298974,0.5050962685446814,0.2551222404977609,-0.011794290346454002,0.19951550569760323,0.19916659290401567,0.0396673317289939,0.67036621,1.31176,0.13316365962159438,-0.08678400347411895,0.4630134907697716,3.3599704827756303,1.2675448388200932,4.258913244030107,5.034152800433329,0.19916659290401564,0.03966733172899389
854,708.3,0.002247192126100001,0.5196744987181998,0.5196696400075346,0.27005653474556063,1.6099196,3.0620000000000003,0.3431834273825254,0.01660119915579665,0.1166098303330192,3.097938428710545,1.2707584708851312,3.9367315005644983,4.691134453312403,0.5196696400075346,0.27005653474556063,0.0019793411450800004,0.5140697320013004,0.5140659214230411,0.2642637715685202,1.4421616,2.6106,0.35367589341790345,0.5768895090981832,-0.21736070100143623,2.8053812746095543,1.240588453728609,3.4803236175870613,4.077636126293577,0.5140659214230411,0.2642637715685202,-0.010672340354878001,0.20135946122434,0.2010764376447577,0.04043173377590612,0.66006621,1.3154599999999999,0.13445617791295478,-0.02979314157211253,0.363572825508939,3.278049146469469,1.2677761474570568,4.155832518085957,4.909154939889177,0.2010764376447577,0.04043173377590613
855,709.0,0.0029475806419999987,0.5129386319694936,0.5129301628244283,0.2630973519350945,1.6169196,3.042,0.3451537421119201,0.06363782754523703,0.09711480427644892,3.1522671509292053,1.2609619885512495,3.9748890550804727,4.684635867212168,0.5129301628244283,0.26309735193509454,0.0012455611580999974,0.507348449205521,0.5073469202514672,0.25740089748864864,1.3751616,2.5436,0.34597075118105697,0.5800853792710666,-0.24067848111380075,2.710487441428914,1.2454457271636044,3.3757650024582513,3.9747914969850626,0.5073469202514672,0.25740089748864864,-0.010358470369576,0.19910696415393775,0.19883733368308898,0.039536285266200066,0.65999621,1.24839,0.13409197706277234,-0.1453860540173071,0.35626658650651466,3.314782146393081,1.2654650241770753,4.194740869027058,4.921966432719809,0.19883733368308898,0.039536285266200066
856,709.7,0.0024512108378600007,0.5168666789685293,0.5168608665718321,0.2671451553933851,1.5429196,2.968,0.34379909864429886,0.06356243093458898,0.04748123222387912,2.98514039070788,1.2653461094469474,3.7772357795351565,4.487852371004423,0.5168608665718321,0.2671451553933851,0.004420076165199998,0.5029295979906819,0.5029101743470327,0.2529186434617628,1.4759616,2.5484,0.34143543971156404,0.5976456166583318,-0.1557847324878292,2.934728053184386,1.2501782387278204,3.668933148675181,4.322813124633034,0.5029101743470327,0.2529186434617628,-0.012847280363726,0.19905226820680907,0.19863723937250857,0.03945675286553127,0.71098621,1.38538,0.13243793215337904,-0.09420927502646424,0.6069971647339272,3.5718568615420527,1.2759616165943166,4.5575522552967,5.368448437994279,0.19863723937250855,0.03945675286553126
857,710.4,0.0009492410289599993,0.524629648086398,0.5246287893289185,0.27523536659272674,1.5429196,3.047,0.3418874595302601,-0.004804528235070706,0.13546323408222483,2.9409691305625683,1.2794151116844774,3.7627203486393084,4.512945874411161,0.5246287893289185,0.2752353665927268,0.0006915491576000015,0.5041175440507064,0.5041170697164286,0.25413401997947854,1.3792616,2.4497,0.3465730417775836,0.5546951384936064,-0.24889863967362036,2.7359920643056763,1.2392257235231146,3.390511745442702,3.9797140392851262,0.5041170697164286,0.2541340199794785,-0.0115456103662,0.1983498149663691,0.19801350453558658,0.039209347978464766,0.68939379,1.2864,0.13211977551498746,-0.06172471147654529,0.3971977521843071,3.475646247095764,1.270005658381568,4.414090400344282,5.217945514309448,0.19801350453558658,0.03920934797846477
858,711.1,0.0027661808177599943,0.5293174716392727,0.5293102436438158,0.28016933402627575,1.6069196,3.1109999999999998,0.34255502947102073,0.04159528836438123,0.1608871843727928,3.0358332873907248,1.2835496481744662,3.8966427479466983,4.690982358313152,0.5293102436438158,0.2801693340262757,0.0029241471590599967,0.5055533474929961,0.5055448907117607,0.25557563652476606,1.3028616,2.4353,0.3450348489953585,0.5496550839485698,-0.3193799542639031,2.5771001348538194,1.2421315883305444,3.2010974837928345,3.776029012123139,0.5055448907117607,0.25557563652476606,-0.011221820353335,0.2016245030563112,0.20131197426050426,0.04052651098066193,0.66339379,1.30935,0.13295677885689608,-0.12398978723128817,0.37107209554465337,3.290243893693429,1.2747606339587356,4.1942733918034945,4.989544690414194,0.20131197426050423,0.040526510980661914
859,711.8,0.003572523834800003,0.5228056537069965,0.5227934473780729,0.2733129886214498,1.5489196,2.9450000000000003,0.34458557857914046,0.08260849088020185,0.08990192565477528,2.962706292514739,1.2724425150245429,3.7698734461264936,4.49502154555276,0.5227934473780728,0.2733129886214497,0.0024593097618700027,0.5003236879689819,0.5003176436408956,0.25031774453837824,1.4389616,2.4624,0.3422370968293689,0.5524556274043563,-0.34180260733074874,2.8760613071136665,1.2413394460808116,3.570168349866934,4.204575171222397,0.5003176436408957,0.2503177445383783,-0.01132241036838,0.20194502101076278,0.2016273655397189,0.04065359453448743,0.69197621,1.31537,0.13310644177451247,-0.12983596850729553,0.41754761283921216,3.4265574191260733,1.277391476732713,4.377055241726889,5.198668079282254,0.20162736553971888,0.04065359453448742
860,712.5,0.0015780619359,0.5212327460690112,0.5212303572271753,0.2716810852951687,1.5289196,2.995,0.34728639854335003,0.07923492626310209,0.002692381663539134,2.933276183299449,1.2644116421867277,3.708868555912874,4.402474748256381,0.5212303572271751,0.27168108529516866,0.0011499596476700015,0.4913345996216921,0.4913332538900834,0.2414083663782172,1.4389616,2.4634,0.33687066041494645,0.5624450608700395,-0.2124029924422639,2.928679561968448,1.242431603907931,3.638684045508836,4.271555136999861,0.4913332538900835,0.24140836637821722,-0.01136791035344,0.2024995319577378,0.20218019452285388,0.04087683105729903,0.69939379,1.2812000000000001,0.13560464759303237,-0.004323777290384616,0.42680796928911846,3.453804476673879,1.2665028008741441,4.374253043379126,5.157594539819712,0.20218019452285388,0.04087683105729903
861,713.2,0.0006293801359799978,0.5158032375162763,0.5158028535331272,0.2660525837129167,1.5179196,2.856,0.34321500015828493,0.0208290627833504,-0.02149584013278316,2.942826817662426,1.2643949899546272,3.7208954845564906,4.42264935769113,0.5158028535331273,0.26605258371291673,0.0035152771510099977,0.4955688117724671,0.49555634394902714,0.2455760900281265,1.4399616,2.4644,0.33946759973089574,0.589627399082595,-0.1148291256408287,2.90567438021329,1.2459252049634297,3.62025294772423,4.241823376197,0.49555634394902714,0.24557609002812647,-0.01034944037252,0.19955994456420847,0.19929139609738702,0.03971706055844561,0.69939379,1.39386,0.12953274292520572,-0.028784082197529492,0.6024651781699175,3.504680217902996,1.2875587690195818,4.512481747170462,5.3993590671035285,0.19929139609738705,0.039717060558445615
862,713.9,0.0025997037178599994,0.5099740891849385,0.5099674628646292,0.260066813180587,1.5399196,2.886,0.3335467851929143,0.07954262584297832,0.06685420391974661,3.0196036086091405,1.2754534011354721,3.8513636926814736,4.616802404824117,0.5099674628646292,0.260066813180587,0.0023748231542600005,0.503835546180596,0.5038299492984568,0.25384461781008555,1.4034616,2.4899,0.34456710213775876,0.5755375558390482,-0.21174770031767975,2.785554950696035,1.2439218568672101,3.4650126866754616,4.073115486918692,0.5038299492984568,0.25384461781008555,-0.010429450355619999,0.19973630821675506,0.19946382976704882,0.039785819385338234,0.69446621,1.2888600000000001,0.1322603219037924,-0.16864339082647842,0.40725821528518,3.4769152198725983,1.273592632101917,4.4281736064727575,5.250752455488217,0.19946382976704882,0.039785819385338234
863,714.6,0.0017631795278780019,0.49969286109944566,0.4996897503768737,0.24968984663170235,1.5089196,2.8200000000000003,0.32780811314621383,0.08459598193786798,0.12371464303536728,3.019694131070855,1.2745377729617213,3.848714232840628,4.603057518979005,0.4996897503768737,0.24968984663170235,0.0014387589581399992,0.5031595868820063,0.5031575298491833,0.2531674998439317,1.4024616,2.4889,0.34553439079197856,0.5750575418231723,-0.26338564176897217,2.7873097056359675,1.2403563775416864,3.4572573695694127,4.05881914325663,0.5031575298491833,0.2531674998439317,-0.01157162035276,0.20192205358981474,0.20159021139018535,0.040638613328339616,0.69522621,1.34862,0.13583358410873414,-0.07785387025872281,0.3212089486553009,3.4430424891195157,1.2633128995536453,4.349639990215976,5.118220317616553,0.20159021139018535,0.04063861332833961
864,715.3,0.0028450251401780056,0.5064987978265886,0.5064908074503734,0.2565329380317312,1.5089196,2.867,0.3349684395300425,0.0415283411024022,0.11077575098278558,2.9791178310291135,1.269058425097581,3.7806745828259283,4.504661997760146,0.5064908074503733,0.25653293803173116,0.0023634081603,0.5001836690566496,0.5001780853784378,0.25017811709283977,1.5570616,2.6455,0.34037195037248075,0.5646698362346964,-0.1675164798588038,3.1129796839161714,1.247416145878386,3.8831811195084263,4.574588470924392,0.5001780853784378,0.25017811709283977,-0.0101720503616,0.20496258847554652,0.20471001945688275,0.04190619206603731,0.73239379,1.40165,0.13739888982871712,-0.1301326325251668,0.3702653030846781,3.573304745257839,1.2667413874982547,4.526453010962013,5.330419997665263,0.20471001945688275,0.04190619206603731
865,716.0,0.0009084000051199994,0.5177665473759738,0.5177657505002309,0.26808137239106733,1.5309196,2.84,0.3360016202900864,0.05907111985807674,0.011464789182560331,2.956775805155156,1.2767113119676454,3.77494911739383,4.556286361590409,0.5177657505002308,0.2680813723910673,0.0006938521622800009,0.5050644421546513,0.5050639655510636,0.255089609298166,1.5570616,2.6245,0.3398132051114025,0.5625582311548696,-0.12687365701236963,3.0828968940229333,1.2533970099703364,3.8640937490151814,4.582110337617814,0.5050639655510636,0.255089609298166,-0.01070716038688,0.19996687772579552,0.19968001628568866,0.03987210890385289,0.65568621,1.28708,0.12986154811203487,-0.11634895790202704,0.5107264534193217,3.278974085393829,1.2895304914198662,4.228337063690911,5.0491174603457125,0.19968001628568866,0.039872108903852885
866,716.7,0.002371270826919999,0.5208820499710941,0.5208766524396681,0.27131248705675476,1.5869196,2.987,0.33983417075032313,0.0725032569148255,0.0988396177074482,3.0466006653292523,1.2767643935793074,3.889791250947417,4.669688149653182,0.5208766524396681,0.2713124870567548,-7.563384741999779e-05,0.5098845356626884,0.5098845300531059,0.25998223398747655,1.4982616,2.5656999999999996,0.34809491769706274,0.5524920396410891,-0.2305761257966794,2.938433106335995,1.2443382240292535,3.656404632966894,4.304175452811107,0.5098845300531059,0.25998223398747655,-0.009369630372420001,0.20151600526703187,0.2012980635909512,0.04052091040546664,0.67690621,1.3083,0.13143654830132756,-0.1103251277571777,0.3801878912135779,3.3590692168744685,1.2825094597380424,4.308038046556363,5.150060761243856,0.20129806359095123,0.04052091040546665
867,717.4,0.0035206878369179974,0.5159563484109774,0.5159443363607598,0.26619855822274485,1.5979196,3.115,0.33612181444492534,0.08299398157852667,0.1577222094630324,3.097005405440231,1.2797862977691195,3.963505081999304,4.7539895696410515,0.5159443363607598,0.26619855822274485,0.004388321859780003,0.5034978900087225,0.5034787660611821,0.25349086787449054,1.4587616,2.5292000000000003,0.34420759279037455,0.5486188901558918,-0.2352536165060326,2.8972546438570554,1.2428511688366315,3.6008563205351,4.238028534392031,0.5034787660611821,0.2534908678744906,-0.012017860381270002,0.19981154370715903,0.19944980328517303,0.039780224030494214,0.69539379,1.3353899999999999,0.13272897478325435,-0.13038877192877477,0.3895078895554498,3.480248323486051,1.2729687926999445,4.4302475066440445,5.239201094829324,0.19944980328517303,0.03978022403049422
868,718.1,0.001873939833034,0.5128671557839499,0.5128637322246725,0.2630292078314206,1.4799196,2.907,0.3349575406000086,0.052646931492336145,0.07823912637853914,2.8855807655256243,1.27613830695831,3.6824001527093344,4.418230434069415,0.5128637322246724,0.26302920783142053,-0.00022745212662000157,0.4962610358868172,0.4962609837625631,0.24627496400498694,1.5047616,2.6062,0.3423206944420876,0.5590391490561004,-0.24718374129116327,3.0321977571964616,1.236764339690723,3.7501140569907734,4.395765796316965,0.49626098376256317,0.24627496400498697,-0.01137546036224,0.19674948219242966,0.1964203595469072,0.0385809576445363,0.63999621,1.23139,0.13077518429741908,-0.11360432184733489,0.2701218481355534,3.2528482559057283,1.2687536692204597,4.127063160097766,4.89386586177138,0.1964203595469072,0.0385809576445363
869,718.8,0.002372004732860002,0.5168572544643385,0.5168518115339843,0.26713579508596125,1.6159196,3.097,0.3453603032516253,0.03585388170134093,0.021366083404243064,3.126433045183258,1.2622056382506512,3.946201417243462,4.678938444244591,0.5168518115339843,0.26713579508596125,0.000982013164420004,0.498559260399469,0.49855829326189177,0.24856037178021045,1.5047616,2.4901999999999997,0.3396068064080006,0.5630824941398348,-0.1624364233334452,3.018220138553468,1.24528599045933,3.7585472546628518,4.430893526298153,0.49855829326189177,0.24856037178021045,-0.01080957037312,0.1999882498120969,0.19969590193905892,0.03987845325125424,0.67939379,1.30176,0.13177968823080516,-0.010648914699477674,0.341518957442124,3.3971685368432323,1.275261656376656,4.332278775285361,5.155527373915756,0.19969590193905892,0.03987845325125424
870,719.5,0.0025912214068600035,0.5035799724857083,0.5035733057463703,0.2535860742603273,1.4810804,2.924,0.33355253888412717,0.029940390061045,0.03940808615458469,2.9411026667507776,1.2685680082021724,3.7309887518781317,4.440321170856123,0.5035733057463703,0.25358607426032737,0.00252946417338,0.5021774071744303,0.5021710366871323,0.2521757500874291,1.4181616,2.4146,0.3390844837721039,0.5778538965218504,-0.20852199596229104,2.8240250949947745,1.2512457436120332,3.533549379965779,4.182325254826864,0.5021710366871323,0.2521757500874291,-0.011181900379733002,0.20139046227055418,0.2010797936080233,0.040433083397445245,0.68480621,1.3102,0.13094232478632747,-0.08816619724307627,0.5113104157931487,3.400390476685088,1.2876201916673453,4.378411437333069,5.2298308519989325,0.20107979360802325,0.04043308339744523
871,720.2,0.002535889438020002,0.5126755720378262,0.5126693002599927,0.2628298114290706,1.5759196,2.925,0.33577705556441,0.056573322065634014,0.19109387031250336,3.0739120136656823,1.2775064098913442,3.9269423008999187,4.693351061021801,0.5126693002599927,0.2628298114290705,0.0008225889612000003,0.4942799351173032,0.49427925063365385,0.2443119776069664,1.4055616,2.386,0.33507485559267786,0.6095194366020454,-0.15857142547579883,2.843654982002112,1.250738142893065,3.5566677512179337,4.19476894950489,0.49427925063365385,0.24431197760696638,-0.011238810360259999,0.19902397153753607,0.19870639241921753,0.03948423038826007,0.68480621,1.3081999999999998,0.1329824676399791,-0.1470822266117946,0.3510488545321966,3.4408227547144743,1.2677545134141506,4.362118577147386,5.149597703766205,0.19870639241921753,0.039484230388260065
872,720.9,0.00323884252503,0.5180705135783636,0.5180603892775896,0.2683865669384476,1.6319196,3.089,0.33780676732467696,0.058041208215480186,0.2096957477569461,3.1499951400981536,1.2807103085627698,4.034231247846331,4.830926310104112,0.5180603892775895,0.26838656693844753,0.003432323050079999,0.4929368840202401,0.4929249342304196,0.24297499078606352,1.5602616,2.6847000000000003,0.3392444534280778,0.5628049702706848,-0.20258372155026416,3.165236058772862,1.2401144546974494,3.9252549890138115,4.599225084547436,0.49292493423041966,0.24297499078606355,-0.012982340367100002,0.1985894754142157,0.1981646754189206,0.03926923858388615,0.66090621,1.2993000000000001,0.13397170519704318,-0.08098384307839948,0.31535195124076765,3.3280021945850318,1.262076390908233,4.200192998676556,4.933177561843757,0.19816467541892058,0.039269238583886146
873,721.6,0.0018742245228599993,0.5231674450914717,0.5231640879169517,0.27370066288597594,1.7179196,3.149,0.34037773885380235,0.03665220666075117,0.14482865970042846,3.283689794000151,1.279361438183457,4.201026097400373,5.047097397688143,0.5231640879169516,0.2737006628859759,0.001485470163880001,0.49922514504072335,0.4992229349892926,0.2492235388193235,1.3978616,2.4743,0.34137664339245516,0.5601603623424818,-0.17256470918952393,2.800062484604961,1.245124842410238,3.4864273598825717,4.09477809058244,0.49922293498929265,0.24922353881932355,-0.0123595203808562,0.19935548626984054,0.19897198838489746,0.03958985216183977,0.74839379,1.4093,0.13136161202519528,-0.041176121435786105,0.5207042898504675,3.754066687620528,1.2791160139406683,4.801886817536618,5.69720315137772,0.19897198838489746,0.03958985216183977
874,722.3,0.0019132535428900007,0.5229676939516349,0.5229641941643532,0.2734915483779714,1.7119196,3.112,0.34681980813560637,0.04686890727824131,0.10496940636942131,3.2734710380758663,1.2686388805447812,4.15285263324033,4.936049094781347,0.5229641941643534,0.27349154837797146,0.002175568767040001,0.5026853662001146,0.502680658363024,0.25268784429228325,1.4092616,2.4527,0.34047325253879346,0.5967072941183866,-0.25960437742276987,2.8034665314664946,1.2473401612884836,3.4968763955262827,4.139125730117167,0.502680658363024,0.25268784429228325,-0.012631250372578201,0.1953362828816251,0.1949274606720036,0.03799671492403551,0.72199621,1.33139,0.12862491328165698,-0.14434453550526583,0.550783733510178,3.6961705186001406,1.279825739085559,4.730454165753679,5.6131910341428615,0.1949274606720036,0.0379967149240355
875,723.0,0.004523887230749997,0.5191745578294038,0.5191548477493785,0.2695217559416804,1.7119196,3.172,0.338122826797872,0.08559767922281293,0.2233083455495759,3.2973873125780595,1.280545435690052,4.2224542728241214,5.063011025349603,0.5191548477493785,0.2695217559416804,0.0025135661405599973,0.5003453075265786,0.5003389938323052,0.2503391087491236,1.4094616,2.5449,0.34163716258596843,0.6184435621424356,-0.1468620073199811,2.816977752759535,1.24770052392393,3.5147446180001274,4.125609723869919,0.5003389938323052,0.2503391087491236,-0.014242710366359998,0.199718972574175,0.1992104746430369,0.03968481320750405,0.67039379,1.2727,0.13350907381465962,-0.045718056079841016,0.3085019636194719,3.356685553502023,1.2679030308865085,4.255951787018172,5.021335036228744,0.1992104746430369,0.03968481320750405
876,723.7,0.0019532287377599994,0.5152092842106336,0.5152055817189207,0.26543679143433146,1.6979196,3.106,0.33596191611980203,0.10074655090205134,0.18974819746736493,3.2955920089860755,1.2780270760996157,4.211855819261733,5.053904977118097,0.5152055817189207,0.26543679143433146,0.0009414771572599991,0.5089807454622521,0.5089798747220485,0.2590605128720722,1.4479616,2.6254,0.3476519830620103,0.5904022860045156,-0.1499146850323334,2.844825885672695,1.2463990761383692,3.5457883556769647,4.164974372494026,0.5089798747220485,0.2590605128720722,-0.014475740378200002,0.1987579266563634,0.19823008436975276,0.0392951663492393,0.66539379,1.30654,0.1297897537819335,-0.08751072175681411,0.4557675363418783,3.3477597658301836,1.283586354795402,4.297138754552674,5.126705079647216,0.19823008436975273,0.03929516634923929
877,724.4,0.0019417728279599986,0.5152448683145825,0.515241209379448,0.2654735038427961,1.6979196,3.108,0.33161423234160803,0.07771444586981545,0.26877806611932176,3.2953644071294974,1.2895272135186482,4.249462081454233,5.120165042406596,0.5152412093794478,0.26547350384279605,0.00025093786403999863,0.5066208575062265,0.5066207953593423,0.25666463029053266,1.4285616,2.5620000000000003,0.3437291327680133,0.5616364163397677,-0.24920186926604249,2.8197844183358414,1.2471144971901855,3.5165940270576224,4.1560678563843245,0.5066207953593423,0.25666463029053266,-0.0132072003822,0.19906024378149878,0.19862162649725268,0.03945055051241415,0.63319621,1.23459,0.1284696947490921,-0.11336130386160059,0.3851772655392489,3.1809275321446737,1.2901221019522273,4.103784913928198,4.928759356334307,0.19862162649725268,0.03945055051241415
878,725.1,0.003611217829868,0.5158796182905108,0.5158669786615038,0.2661187396733484,1.6509196,3.2279999999999998,0.33692593596531245,0.0557891627400732,0.23810395299815168,3.2002031897881773,1.2809018693533374,4.0991462481101895,4.899948100670906,0.5158669786615038,0.2661187396733484,0.002844166863419996,0.5107758986277329,0.5107679799417942,0.2608839293338211,1.4285616,2.553,0.3460481956287955,0.5913776209730301,-0.26445109681769186,2.796846139056326,1.247616661931814,3.489391843946336,4.128215716900926,0.5107679799417942,0.2608839293338211,-0.012001730368798001,0.19960124136327545,0.19924009140209514,0.039696614021915225,0.64716621,1.22156,0.13060089605285036,-0.12325583991555228,0.3259963561187038,3.2422955167004877,1.278110572464015,4.14401217894757,4.955296859051494,0.19924009140209514,0.03969661402191523
879,725.8,0.0024963048599580028,0.5127636971569167,0.5127576206981973,0.2629203775840763,1.5409196,3.011,0.3318738349814354,0.0737562364205541,0.09738298138380097,3.0051261595620438,1.281037556524375,3.8496794724928396,4.643088540216486,0.5127576206981973,0.2629203775840763,0.0008981831668400026,0.5022920016248509,0.5022911985723999,0.25229644816329805,1.4560616,2.5575,0.3399668520176347,0.5649291837948897,-0.1711189047416899,2.898834931254779,1.2511143810436562,3.626774070764553,4.282951680019885,0.5022911985723999,0.25229644816329805,-0.013020660357238001,0.19873999356680921,0.19831300372592017,0.039328047446796834,0.68666621,1.28306,0.13148605955082152,-0.08203519686834407,0.3841812595060303,3.4550982803024377,1.2726283777499579,4.39705611942796,5.2223499004059235,0.19831300372592017,0.03932804744679683
880,726.5,0.002396522976940004,0.5228260475415158,0.5228205549378337,0.2733413326655044,1.5409196,3.011,0.3419897533133335,0.05145097211889161,0.10203274584372934,2.9472892700083784,1.2763953699160222,3.761906378041868,4.5057478625337595,0.5228205549378336,0.27334133266550437,0.002806340161300002,0.5020884291752238,0.5020805863270784,0.25208491516654286,1.4560616,2.5484999999999998,0.34060229138578646,0.5706967167145696,-0.11464223032012377,2.900010267896154,1.250853779548544,3.6274888043274895,4.274961257823065,0.5020805863270784,0.25208491516654286,-0.013266680369731,0.19953911994445334,0.1990976031502497,0.03963985558017433,0.68666621,1.26906,0.13130502100324432,-0.10963862471938915,0.3428294108757517,3.441261093018505,1.276392731424328,4.392400646062158,5.2295502849280515,0.19909760315024974,0.039639855580174334
881,727.2,0.00223885512688,0.5209224477599262,0.5209176365875069,0.27135518410791387,1.5299196,3.0389999999999997,0.3374080626568011,0.05489841170879862,0.17012288137325315,2.9369431219156885,1.28445962451956,3.7723848596111296,4.534330294164242,0.5209176365875069,0.27135518410791387,0.002469215161800003,0.5019631552304857,0.5019570820154144,0.2519609121854295,1.4366616,2.4521,0.34161793670852103,0.5579906587257311,-0.2565142958521669,2.8620857627295972,1.2459534827096814,3.566025723886737,4.20546302059603,0.5019570820154144,0.2519609121854295,-0.012652830375310998,0.19937180117669634,0.19896989970328108,0.03958902098793373,0.66995621,1.26235,0.13297978355681037,-0.15476545645104697,0.34584356790509485,3.3603358451190446,1.2715037931480242,4.272679773320137,5.038030534271306,0.19896989970328105,0.039589020987933723
882,727.9,0.0019888378268780047,0.5236297654842103,0.5236259884928816,0.27418417582514737,1.6259196,3.059,0.33701373942438584,0.05673244742757222,0.15340651270344763,3.1050939178304384,1.285468308916394,3.991499827580074,4.824490546815822,0.5236259884928816,0.2741841758251473,-0.00016456602951999777,0.5040580972550687,0.5040580703911229,0.2540745383264223,1.3856616,2.4451,0.3437071220879477,0.5902603542589316,-0.2534828987688589,2.7490116864421945,1.244611878919747,3.4214526002351615,4.031518438088802,0.5040580703911229,0.25407453832642224,-0.0109261403622,0.2048240131521919,0.20453238330532106,0.041833495820554775,0.70439379,1.3667,0.1333452126067251,-0.014814811361897783,0.40747421354292745,3.439019571775547,1.2830239301334665,4.412344406785373,5.282482784571111,0.20453238330532106,0.041833495820554775
883,728.6,0.004090305129877999,0.5179229524089587,0.5179068005307103,0.26822745403595694,1.6340804,3.221,0.3389335509019406,0.024279005535097382,0.12168579768714682,3.155064652762693,1.2765112187907226,4.027475425261633,4.821241200971479,0.5179068005307103,0.26822745403595694,0.0037301890513000008,0.5043931801481825,0.5043793868405394,0.25439856586963844,1.4725616,2.5599999999999996,0.34481815661510734,0.5806120011681032,-0.1527746443678657,2.9194716700320678,1.2467025114599297,3.6397126631650942,4.270545421550123,0.5043793868405393,0.2543985658696384,-0.013389870345318201,0.20435703554062928,0.2039178985451978,0.04158250934708958,0.67739379,1.3096299999999998,0.1362587569961726,0.07504367715281406,0.44440850002601007,3.314756392937222,1.2699748061760108,4.209657107641141,4.971378023204978,0.2039178985451978,0.041582509347089576
884,729.3,0.003958125835857998,0.5168828368382914,0.5168676815761141,0.26715220025786723,1.5129196,2.981,0.34161480428819707,0.044937333660868786,0.049953980771433315,2.927006842119856,1.2696819402820991,3.7163677265217183,4.428729613028284,0.516867681576114,0.2671522002578672,0.0021922231688600038,0.5007162537763438,0.5007114547854821,0.2507119609533938,1.5266616,2.5530999999999997,0.33781644743350525,0.6014329576767181,-0.09919428814107523,3.048955548149467,1.2527659108599583,3.819627574448991,4.519204472128324,0.5007114547854821,0.2507119609533938,-0.0134092783823882,0.20378612598602042,0.203344477175196,0.0413489763976538,0.72691621,1.40431,0.13431991480355537,-0.07515941110640609,0.6140698514568848,3.567054462038627,1.2817021402483926,4.571901338377487,5.4118275094435875,0.20334447717519596,0.041348976397653794
885,730.0,0.0002637066218000008,0.5091777381122613,0.5091776698245281,0.25926189944793615,1.6269196,2.992,0.3336493510892859,0.059847174748547866,0.1269049831823854,3.1951899665364074,1.2755141963662282,4.075510162404122,4.876135963365413,0.5091776698245281,0.25926189944793615,0.00036546616609999894,0.5030303670541141,0.5030302342932065,0.2530394166130782,1.3491616,2.3786,0.34172338983060285,0.5781402481599243,-0.22945463438187463,2.6820678996003084,1.2476950005193967,3.346402709384864,3.9481101971650188,0.5030302342932065,0.2530394166130782,-0.013426030377590001,0.19860272329184747,0.19814838734453066,0.03926278340723816,0.79733621,1.43473,0.1307976983387042,-0.21754230254655182,0.6201053453461363,4.014729490029758,1.280611152854136,5.1413073606245066,6.0959498533015175,0.19814838734453066,0.03926278340723816
886,730.7,0.003099632726880004,0.5163704897207362,0.5163611865074595,0.2666288749313914,1.6219196,3.043,0.3382789770627738,0.019503784292138327,0.1443651016397034,3.1409997904356763,1.275754445007672,4.007144444416481,4.794621333205177,0.5163611865074595,0.26662887493139137,0.004932638142080003,0.5058690706452965,0.5058450214408512,0.25587918571649526,1.3487616,2.3782,0.3525241343459058,0.565217029851938,-0.32926447537692827,2.6662266548130593,1.2316595559026025,3.2838835376027338,3.826012089931296,0.5058450214408512,0.25587918571649526,-0.01519964035536,0.19970007747782065,0.19912079720038106,0.03964909187771528,0.64839379,1.28083,0.13543705134403722,-0.007845227813257555,0.22609136362729965,3.2468379491340595,1.2561823031724535,4.078620372970948,4.787418092505203,0.19912079720038106,0.03964909187771528
887,731.4,0.004338991928909997,0.516648813368371,0.5166305928843032,0.2669071695039867,1.5569196,2.931,0.3364467785892281,0.049884349900049516,0.19101472983217738,3.0134969048886893,1.2816442944946704,3.862231114627937,4.627536059427877,0.5166305928843032,0.26690716950398663,0.001971176155280002,0.507675450835203,0.5076716240300333,0.25773047784529146,1.5686616,2.7441,0.35104698052952255,0.5430737527097173,-0.24874379964174453,3.0898905933294865,1.2354161015634155,3.817300591068583,4.46852326612756,0.5076716240300332,0.2577304778452914,-0.014274650366060002,0.20087990477419956,0.20037208013847196,0.040148970499018236,0.64839379,1.26209,0.1329576831903394,-0.00912744926786992,0.30140563012466526,3.2277683062864426,1.2724434801194426,4.1071527366703595,4.876692902897331,0.20037208013847196,0.040148970499018236
888,732.1,0.0037645654320800003,0.5254390818544495,0.5254255958622064,0.2760720567871546,1.5669196,3.074,0.34477528518783435,0.05513698535349172,0.09112894425984219,2.9821146810583996,1.2751801309616682,3.802733389534763,4.5447561565973,0.5254255958622064,0.2760720567871546,0.0013979191786399985,0.5047308698367486,0.504728933971623,0.2547512967881309,1.4156616,2.4151,0.34033950473615693,0.5730725849198859,-0.2536584563367037,2.8047850539791335,1.2492146568232192,3.503778598669437,4.159557090198713,0.504728933971623,0.25475129678813097,-0.013830134387379999,0.19984330880458007,0.19936417796783296,0.03974607545678977,0.71004021,1.312434,0.13139556778081452,-0.21585497788752522,0.41056648110894933,3.5529846570661214,1.2817916052863931,4.554185907138709,5.403836841623475,0.19936417796783293,0.039746075456789765
889,732.8,0.00200943453186,0.5254894478838924,0.5254856059019886,0.2761351220101801,1.6099196,3.02,0.34446832310157616,0.07128542478559485,0.06574769724952301,3.0636573321938787,1.2738659870517626,3.902688871463525,4.673636128583208,0.5254856059019887,0.27613512201018015,0.0021990201576800004,0.5065138594904492,0.506509085966142,0.25655145416625663,1.4218616,2.4463,0.34804892212894234,0.5960494225922841,-0.21818065130137088,2.8071524073011282,1.241445199865599,3.4849258813351467,4.08523488968956,0.506509085966142,0.25655145416625663,-0.01391080036442,0.2005504917075617,0.2000674620156062,0.04002698935736603,0.65539379,1.30464,0.13240869200867397,-0.1338661682871334,0.39066171627900514,3.2679739870978763,1.2755131307344678,4.168343731442013,4.949779202992699,0.2000674620156062,0.04002698935736603
890,733.5,0.0012285573136400006,0.5206522811615684,0.5206508316767313,0.271077288525672,1.6579196,3.0940000000000003,0.33634873876979854,0.06499137218918309,0.2530276717047317,3.184312563273906,1.284795624644437,4.091190848794626,4.9291684757429755,0.5206508316767313,0.271077288525672,0.0013171991389,0.5055488456777193,0.5055471297045439,0.2555779003525029,1.4581616,2.6006,0.3501621276609887,0.5791119860387391,-0.19661104662012674,2.884313973747175,1.2374288081174851,3.569133202770574,4.164247029626592,0.5055471297045439,0.2555779003525029,-0.0137124303557095,0.20447765015519853,0.204017348935652,0.04162307866673158,0.67480621,1.3401999999999998,0.13541639075970083,-0.08254680836038006,0.3094480990468722,3.300146541628496,1.2716937660737784,4.1967757841188975,4.98319447309342,0.204017348935652,0.04162307866673158
891,734.2,0.0051688722209399995,0.519066466879051,0.5190407303846823,0.26940327979826456,1.6579196,3.209,0.3390036026668907,0.05295994169081667,0.1383547698941907,3.1940410444320153,1.2774599508911015,4.0802595157642845,4.890566315394273,0.5190407303846823,0.26940327979826456,0.0034194361609399997,0.5010477244713141,0.5010360562416871,0.2510371296542231,1.4329616,2.5584,0.34177192043269283,0.5817232126415834,-0.19211311546778242,2.859930361947068,1.2456203621658293,3.562387493217558,4.192742335841489,0.5010360562416871,0.2510371296542231,-0.014336253392780001,0.20245689592149194,0.20194867304546427,0.040783266544823824,0.72234621,1.35474,0.13024333712501884,-0.09553168613129352,0.5943153018549134,3.5679012399760834,1.2961206166757413,4.624430355395943,5.546127932107801,0.20194867304546427,0.040783266544823824
892,734.9,0.003069708833839999,0.5194952113621234,0.519486141793843,0.26986585151585274,1.5699196,2.92,0.34576662583987894,0.0741314332179712,0.007558569693949746,3.0220097619064665,1.2630331921878906,3.816898636403691,4.54040234851068,0.5194861417938429,0.26986585151585263,0.0027489111677600035,0.5010758876153574,0.5010683472710186,0.25106948863691003,1.4329616,2.5284,0.34115446944986677,0.5508082042821348,-0.2606453510171214,2.8597696185692123,1.2455274213927314,3.561921478793786,4.2003307249960455,0.5010683472710186,0.25106948863691003,-0.014373230380599998,0.2008048245789906,0.2002897596549194,0.04011598782262538,0.72234621,1.37874,0.13296733948690623,-0.08961301428778366,0.49567468050868335,3.597255252778305,1.2773682897429253,4.595019790010178,5.432508560277932,0.2002897596549194,0.04011598782262538
893,735.6,0.0003778038490600031,0.5138446406484755,0.5138445017584723,0.2640361719874126,1.5699196,3.004,0.347841425466348,0.07202551053875299,-0.003445273808416527,3.0552417517068013,1.255130096749313,3.8347258754122984,4.513319820648798,0.5138445017584723,0.2640361719874126,-0.0009661288453199974,0.49847487236733623,0.4984739361056768,0.24847626497668637,1.4077616,2.5102,0.34214319897512163,0.5573914143316383,-0.2611971972005236,2.824137540402622,1.2397937462061301,3.5013480610171333,4.114539187734557,0.49847393610567686,0.2484762649766864,-0.0142462603679364,0.19543077488207333,0.19491083047521138,0.03799023183653659,0.66585621,1.3032499999999998,0.13029108967654954,-0.10395108519868623,0.43587078580698435,3.407120554077475,1.2696952457948656,4.326004769362138,5.110527601334845,0.19491083047521135,0.03799023183653658
894,736.3,0.0029275398408600017,0.5153838051128445,0.5153754903786895,0.2656118960830747,1.6899196,3.0949999999999998,0.34268732002373603,0.06647517308240987,0.06192950441878686,3.278953632681547,1.2663660400306083,4.152355527262908,4.931374758432699,0.5153754903786893,0.26561189608307456,0.0038987131543000014,0.5012414350235544,0.5012262724760271,0.2512277762202126,1.3567616,2.4592,0.34569274210318207,0.5889018320947422,-0.2058164512852727,2.7068025609978608,1.2406207512635374,3.3581154267472333,3.924761601141846,0.5012262724760271,0.2512277762202126,-0.015577130376678199,0.19636883208351974,0.19575002228115723,0.03831807122307355,0.63585621,1.23725,0.1295343366950969,-0.09047067667054345,0.4703425036455564,3.238070946664067,1.2775346333363309,4.136747779563505,4.908785008076305,0.1957500222811572,0.03831807122307354
895,737.0,0.003665520624900002,0.5208322552127238,0.5208193564265063,0.27125280202852026,1.6899196,3.135,0.3393659116096145,0.07517674856633003,0.17703520551977325,3.24465234840301,1.2796321736261036,4.151961537247985,4.97963862069912,0.5208193564265063,0.27125280202852026,0.0030402251682799986,0.49851869017984096,0.49850941965979984,0.2485116414895504,1.4310616,2.4535,0.33950071964811207,0.5858162699719567,-0.23345911838079925,2.870627778235844,1.2459272999355495,3.576593516857371,4.21519459953804,0.49850941965979984,0.2485116414895504,-0.01491276036791,0.19903589777387357,0.19847644238261916,0.03939289818086114,0.67168621,1.2900800000000001,0.13122959197126108,-0.07821899726728745,0.396219852798783,3.3746988232399593,1.274717278876455,4.301786900988016,5.118405078536687,0.19847644238261913,0.03939289818086113
896,737.7,0.0027610374419560013,0.523198054455351,0.5231907690872504,0.27372858085810853,1.4939196,2.939,0.34401899765222854,0.08923124604421281,0.12937402169854328,2.8553615352319492,1.2759716694050867,3.6433604248649814,4.342549714391688,0.5231907690872504,0.2737285808581086,0.0016342491600799987,0.5007761962811196,0.5007735296433601,0.2507741279914692,1.3864616,2.5169,0.3430558619060567,0.5687755677863586,-0.26158608946824735,2.768625206821303,1.2421422952751244,3.439026469157579,4.041503888890469,0.5007735296433601,0.2507741279914692,-0.013778620356878,0.20095294648294545,0.20048001476765348,0.04019223632123856,0.68752621,1.32492,0.13370845010867405,-0.06929643752986352,0.43862573409196504,3.4213293312340123,1.2712794421268117,4.349465643543272,5.141980252117201,0.20048001476765348,0.04019223632123856
897,738.4,0.0026285923461560044,0.521870723277643,0.5218641033033484,0.2723421423166079,1.5849196,2.926,0.34719864989872556,0.08368421095975943,0.07198990378297676,3.036996576557906,1.2666437561903583,3.8467927512685653,4.564878349792851,0.5218641033033484,0.2723421423166079,0.0019328211626600002,0.5037957357102101,0.5037920280454475,0.253806407522145,1.3082616,2.4387,0.3466786788098603,0.5518504058688959,-0.3172551133324619,2.596809594181498,1.238961886045556,3.2173481125083043,3.7737007781708156,0.5037920280454475,0.253806407522145,-0.013905830369577998,0.20244034200424055,0.20196217455881785,0.040788719952526406,0.69539379,1.34101,0.13273923922648662,-0.08378461293783976,0.49599604102529726,3.4350554001011986,1.2804693721058518,4.398483231316397,5.2387959585445785,0.20196217455881785,0.040788719952526406
898,739.1,0.001951536449280001,0.5211417562717486,0.5211381022679975,0.2715849216354898,1.5849196,3.047,0.3518220529331527,0.04995746967288041,-0.027978406179448356,3.0412446919213014,1.255154671735843,3.817232482956856,4.504889863459297,0.5211381022679974,0.27158492163548975,0.002177015156880001,0.5106425160239842,0.510637875383634,0.2607510397763118,1.4379616,2.5023999999999997,0.352233374865271,0.5823479218555978,-0.27343220733593565,2.815984871758036,1.2380075213256179,3.486210451175604,4.082411556116791,0.510637875383634,0.26075103977631175,-0.01390205034408,0.20519123496711783,0.2047197496666153,0.04191017590356163,0.64132621,1.27372,0.13634101413107125,-0.015231414002380452,0.3616823463659311,3.125504898407446,1.2693286956265397,3.967293055869884,4.703839223195611,0.20471974966661527,0.04191017590356162
899,739.8,0.003718356845849997,0.5160199371950543,0.5160065400798276,0.2662627494051547,1.5129196,2.975,0.3436508235321096,0.047407766003018256,-0.006813626684464058,2.931901445947659,1.262989295212876,3.702960140851046,4.402490831972757,0.5160065400798275,0.26626274940515465,0.003622723177880001,0.5024115928354821,0.5023985315387204,0.25240428449226265,1.3841616,2.3576,0.3410185672177269,0.5600589734793554,-0.23288816471942742,2.755035153922598,1.2465429503960188,3.4342696492154254,4.058903922132391,0.5023985315387204,0.25240428449226265,-0.015491680353239999,0.20452118118265764,0.20393362006344742,0.041588921392182523,0.63756621,1.26696,0.1366563256202686,-0.020326700925842277,0.3208356918629307,3.1173602964408382,1.2672712982982908,3.950541230134126,4.665471628233486,0.2039336200634474,0.04158892139218252
900,740.5,0.004063460837889999,0.5069094069329931,0.5068931200195734,0.2569406351231777,1.5209196,2.888,0.33658775616363923,0.05282474155740646,0.06503639662396399,3.000377541230056,1.2668687103777698,3.8010844263045453,4.518642084118392,0.5068931200195735,0.2569406351231778,0.004849684178020002,0.4999691445281141,0.499945623086699,0.24994562604354767,1.4853616,2.5038,0.33664579322042093,0.5441267005217599,-0.2755858875111734,2.9709065374462837,1.2509066018273707,3.716326601103651,4.412238708794589,0.49994562308669893,0.24994562604354761,-0.01667818139264,0.1967590300288533,0.1960508968694849,0.0384359541633294,0.69829721,1.264691,0.12867089393306883,-0.20327321620350775,0.47003186921746476,3.5489970137462037,1.2850509897569513,4.560642125159024,5.4270020876923075,0.1960508968694849,0.0384359541633294
901,741.2,0.0015460813227699984,0.5110018617383856,0.5109995228301485,0.26112051233263944,1.6269196,3.0759999999999996,0.33410265270315925,0.043874764860791254,0.07103623138200099,3.1837840951603495,1.2746839263399368,4.058318411037637,4.869520151477133,0.5109995228301485,0.26112051233263944,-0.00035847484483999745,0.5013227382658705,0.5013226101006977,0.2513243593981761,1.4853616,2.5518,0.343144960421129,0.5560564640083625,-0.23366364946369744,2.9628849573790057,1.242089549229121,3.680168441128633,4.328670886429663,0.5013226101006977,0.2513243593981761,-0.013777871369779997,0.19808122405468095,0.19760147161273497,0.03904634158351851,0.69829721,1.3846910000000001,0.1313433621375295,-0.10916550526392299,0.4235212897472267,3.525307425438934,1.2729334042119942,4.4874815819578036,5.316577850876191,0.19760147161273497,0.03904634158351851
902,741.9,0.0038407192418800007,0.5175083356092948,0.5174940833485998,0.2678001263008075,1.6189196,3.004,0.3445979236990653,0.07031963652974685,0.12595580959438513,3.128296664234297,1.267460124135041,3.964991278381637,4.697995805145332,0.5174940833485998,0.2678001263008075,0.0030617591549800018,0.49874218304355034,0.4987327849439248,0.24873439077792317,1.5531616,2.6196,0.34238868129867667,0.5862444877319024,-0.15957625375678752,3.114157279662822,1.241187147639913,3.8652519912467684,4.536252758440712,0.49873278494392487,0.2487343907779232,-0.013779210360179999,0.20017037303003038,0.19969554727342176,0.039878311600831426,0.68639379,1.32808,0.13254977308161128,-0.017210133708229644,0.34249391205296265,3.4290478636267734,1.271680380318379,4.36065289134682,5.1783852513831565,0.19969554727342176,0.039878311600831426
903,742.6,0.004141911443918001,0.5238992546355364,0.5238828815463065,0.27445327357726135,1.5279196,2.985,0.34766390403935243,0.07382940647740205,0.10969507929498779,2.9164378198303322,1.2697647197357986,3.7031898509237453,4.394818047682779,0.5238828815463065,0.2744532735772614,0.004650449160180002,0.4924951174472012,0.49247316072243075,0.2425298140319411,1.5531616,2.5906000000000002,0.3373919703315575,0.5910591339031025,-0.11429309095051421,3.153658878996926,1.2445390052552934,3.924851484181358,4.603433799783963,0.49247316072243075,0.24252981403194113,-0.014157040376760001,0.2037952831508318,0.20330296515864815,0.041332095642298505,0.73487621,1.34627,0.13374634954761863,-0.12307490704399499,0.5371280142334327,3.6059529869300637,1.282683749433173,4.625297297555203,5.494551533448448,0.20330296515864812,0.0413320956422985
904,743.3,0.0021453715471279992,0.5266365852832668,0.5266322154404763,0.27734149033974426,1.5589196,3.016,0.3487615683205669,0.10146143183226893,0.16390545290429914,2.9601429972083872,1.2719421144578102,3.765130542966716,4.469872089137721,0.5266322154404764,0.27734149033974437,0.00031289087683999825,0.4929100655691172,0.49290996626021943,0.24296023483865065,1.4474616,2.4659,0.33561115824334,0.6236784015348542,-0.1293637336075304,2.936563282246532,1.2479350987580942,3.6646403896397186,4.312912620594385,0.49290996626021943,0.24296023483865065,-0.014154040356257997,0.20362062850560633,0.20312809627082992,0.041261023494611554,0.72837621,1.3787699999999998,0.13568928324074156,-0.17459495272215256,0.5923232288574236,3.577123866798915,1.2732052304152583,4.554412817051633,5.3679715346989205,0.20312809627082992,0.041261023494611554
905,744.0,0.0036913079459200003,0.5221842555839871,0.5221712085374405,0.2726627710254511,1.5769196,3.1029999999999998,0.34608025207999576,0.08531664686325768,0.13665372097589712,3.0198528261570146,1.2697962034332053,3.8345976535812123,4.556514249288914,0.5221712085374405,0.2726627710254511,0.00208246687088,0.49941696287486875,0.4994126211249469,0.24941296613888972,1.4824616,2.5229,0.3385233912949246,0.6193851307330678,-0.11952065190605543,2.968384556796557,1.2485467836831285,3.7061669911230104,4.379199896140903,0.49941262112494683,0.2494129661388897,-0.014089180362217998,0.19765634514538327,0.19715355886453523,0.03886952577295176,0.66875621,1.31915,0.13334180350609423,-0.037286116054499885,0.47824688851430297,3.383428998993713,1.2631394119013462,4.2737425159988796,5.015352968204268,0.19715355886453526,0.03886952577295177
906,744.7,0.00272248593088,0.5164278706187578,0.5164206944170427,0.2666903336221807,1.5260804,2.993,0.34019927254454146,0.052967542925610865,0.11692781742972436,2.9550697915887603,1.2753421687219364,3.7687251167294904,4.4858426315423525,0.5164206944170427,0.2666903336221807,3.6791419000006264e-06,0.508453437039477,0.508453437026166,0.25852489762372133,1.4192616,2.4596999999999998,0.3539093668831072,0.5528451984591548,-0.3097515348947488,2.791330526279453,1.2296035584576193,3.4322299479445944,4.010240284114233,0.508453437026166,0.25852489762372133,-0.01617974036924,0.2035744827598621,0.2029304955706002,0.041180786032529386,0.65381621,1.27521,0.1351457927446745,-0.06857156553793607,0.3674282049070392,3.2116805659344165,1.2724690427618022,4.08676409539125,4.837858409956044,0.20293049557060017,0.04118078603252938
907,745.4,0.0031546366450000015,0.5131922801683012,0.5131825841666668,0.2633563646919781,1.5929196,3.053,0.3408533040068019,0.0503428059668296,0.16080295047440174,3.103943027899022,1.2702584196071538,3.9428097651696556,4.673328910927067,0.5131825841666668,0.26335636469197815,0.0017429961533799983,0.5074398714722826,0.5074368779702713,0.257492185124216,1.4536616,2.4581,0.3491818960331926,0.5662566424503034,-0.2793246272525147,2.864697241433465,1.2384726306464866,3.5478491286038367,4.163049735722317,0.5074368779702713,0.25749218512421596,-0.015609110364460001,0.20320827329076688,0.20260789226346812,0.041049958007445105,0.66130621,1.3176999999999999,0.1351523881694383,-0.11903724137528653,0.3718505134479213,3.2543271949058368,1.27228876872589,4.140443939837926,4.893041247417185,0.20260789226346815,0.04104995800744511
908,746.1,0.004489676234800001,0.5173301274802542,0.5173106451698465,0.26761030360604277,1.5400804,3.067,0.34142811972518594,0.05332875771219578,0.17291804564025304,2.9769779840606376,1.2729637203766009,3.789584970069063,4.510701699788536,0.5173106451698464,0.2676103036060427,0.00312639515258,0.5012372638544081,0.5012275135401123,0.2512290203296035,1.4608616,2.5373,0.3458994910682351,0.5983782364103218,-0.18015982981555068,2.914511161373527,1.2400539777854074,3.6141511589612096,4.223370191983943,0.5012275135401124,0.25122902032960354,-0.0156342273585449,0.20180241542018293,0.20119588913375297,0.04047978580432142,0.71704321,1.373437,0.13470437954560083,-0.12315850919960585,0.4897205048431075,3.553194388218835,1.2714364732671362,4.5176609417895355,5.323087581998497,0.20119588913375297,0.04047978580432141
909,746.8,0.001786792750957996,0.5275440311971705,0.5275410052530763,0.2782995122234263,1.7449196,3.197,0.3467850812733503,0.030544011893609547,0.21288550329211464,3.3076283623950875,1.277498862968289,4.225491472081388,5.03170319090106,0.5275410052530763,0.2782995122234263,-0.002205871842459998,0.5064810508597322,0.5064762472311938,0.25651818900939327,1.4914616,2.6349,0.34808458270319037,0.5513522363821883,-0.18349307178320862,2.944753011920784,1.2405503873301698,3.653114489530013,4.284767766551041,0.5064762472311937,0.2565181890093932,-0.0145436803515249,0.20036192310002765,0.1998333845736844,0.03993338159017405,0.63357621,1.26097,0.1339684578230185,-0.1293810670475878,0.3355800512696878,3.162158758496726,1.2688591472388904,4.012334065740144,4.729293897202262,0.19983338457368444,0.03993338159017406
910,747.5,0.0030189877419579975,0.5317098021867489,0.5317012313832699,0.2827061994544855,1.5749196,3.084,0.34814180635903025,0.0327847103625678,0.21813527361799112,2.9619909084295037,1.2784863461285505,3.786864933784022,4.523787638350516,0.5317012313832699,0.2827061994544855,0.0011440941578000022,0.5092226445533402,0.509221359306987,0.2593063927744555,1.4243616,2.5678,0.35052495293787134,0.5179377580739661,-0.3280221461152726,2.79712934064306,1.2364081063810948,3.458393391367486,4.063509853041647,0.509221359306987,0.25930639277445555,-0.015222180348699998,0.20634525542272422,0.20578301596803597,0.04234664966090095,0.65639379,1.30451,0.13692886812174856,-0.12288111635575898,0.2845920876182504,3.181046196847583,1.2718468867511765,4.045803702072269,4.793684480151955,0.20578301596803597,0.042346649660900945
911,748.2,0.004639019862979999,0.5326431651422812,0.5326229631432523,0.28368722086749826,1.6819196,3.191,0.3519209117415558,0.08536267638632973,0.21641503417383134,3.1576855014195497,1.2753408269830946,4.0271252387329355,4.77925449691711,0.5326229631432523,0.28368722086749826,0.0040906941628,0.5019086755838333,0.5018920051640433,0.25189558484758406,1.4334616,2.4259,0.3427335858852096,0.5733589903424503,-0.2880199117800242,2.856020765794813,1.2429486828305851,3.549887248981462,4.1824369102831485,0.5018920051640433,0.25189558484758406,-0.0151369703693182,0.2044870458500782,0.20392602592246625,0.041585824048530375,0.73666621,1.39306,0.13150058529857392,-0.14680961585304067,0.5345870867543918,3.6025079580840265,1.2909780655608576,4.650758754894912,5.601999476484375,0.20392602592246625,0.04158582404853038
912,748.9,0.0031554118620799984,0.530456088736744,0.5304467036883772,0.2813737054538651,1.6819196,3.169,0.3541403107491389,0.05926842756457873,0.12802804482654828,3.170704674170885,1.2658898355790638,4.013762818655951,4.7493028863111135,0.5304467036883773,0.28137370545386514,0.0006218372712800022,0.49526638605649514,0.49526599567895774,0.24528840647586936,1.4765616,2.473,0.3377361885412965,0.6015140248391897,-0.22368573247536894,2.9813483038026494,1.245219465042017,3.71243293996506,4.371937773021484,0.49526599567895774,0.24528840647586939,-0.0139310203606582,0.20168336051250135,0.20120165153230357,0.040482104579326515,0.73666621,1.4380600000000001,0.13244247605709886,-0.07953691788839852,0.6760228690985386,3.6525879384796234,1.2823822552541138,4.684013958061474,5.562159753660955,0.2012016515323036,0.04048210457932652
913,749.6,0.002771836138879997,0.5229763573585703,0.5229690117783827,0.2734965872804582,1.6040804,3.15,0.3475174778302164,0.07863913546332052,0.08626183092957929,3.0672139905173346,1.2657101350145625,3.8822038340562504,4.615826547819536,0.5229690117783827,0.2734965872804582,0.00010152416620000127,0.4924093912633045,0.49240938079726077,0.24246699829714174,1.4065616,2.367,0.33947596547323994,0.5987447693701448,-0.19177496793072368,2.8564881680899417,1.2392044856411557,3.539772951077943,4.14333190875298,0.49240938079726077,0.24246699829714177,-0.013793350360519999,0.19874588129501602,0.1982666608826722,0.03930966881756454,0.67539379,1.3257400000000001,0.1310487385755118,-0.0603064848384452,0.5064124643065373,3.3982781710955483,1.27747947696526,4.341230620593602,5.1537603287255624,0.1982666608826722,0.03930966881756454
914,750.3,0.00254207813501,0.5111459877683582,0.5111396664811352,0.2612637586504461,1.6089196,2.9509999999999996,0.338276679652546,0.0629044841676893,0.12908966446442882,3.1476713864555115,1.2685592044693692,3.993007509933,4.7562238155245256,0.5111396664811351,0.26126375865044604,0.0015651233630599988,0.5034928567185692,0.5034904240951202,0.25350260715548406,1.4065616,2.426,0.34288113331611236,0.6088036417576914,-0.21949352881458584,2.7936078560618136,1.2462111494203327,3.481425257332464,4.10218429458832,0.5034904240951202,0.25350260715548406,-0.0136512303808301,0.19647698570754696,0.19600216790079925,0.0384168498218131,0.69691621,1.2353100000000001,0.1309467902936394,-0.2176820334200268,0.4101474435560206,3.5470628149667838,1.2710125430053183,4.508361328650534,5.322132817743849,0.19600216790079927,0.03841684982181311
915,751.0,0.003827072834949998,0.5143045073285388,0.5142902680121091,0.26449447977196705,1.6089196,3.1639999999999997,0.3335344563987551,0.0560228892752368,0.21627637262435373,3.1283404618739197,1.2830561913533864,4.013836598268645,4.8238482385653905,0.5142902680121091,0.264494479771967,0.0005284823808600002,0.4991188926451385,0.49911861285838904,0.24911938970168243,1.3836616,2.5461,0.3337772869227894,0.5997755175236095,-0.23531654468202223,2.772208426467539,1.2556683465818324,3.480974371242718,4.1454636196383055,0.499118612858389,0.2491193897016824,-0.0144844803722501,0.20031631124908902,0.19979195274281644,0.0399168243807878,0.72376621,1.40916,0.13255953574024418,-0.13820642175565792,0.38853841723133886,3.6131167027133015,1.2741835377106852,4.603773822424801,5.459933198757194,0.19979195274281644,0.0399168243807878
916,751.7,0.0056442005318799995,0.5138666740154393,0.5138356757408401,0.26402710166404575,1.5169196,2.925,0.33613023553675925,0.04253012201634389,0.13660055205055066,2.9519711565385998,1.276829023000719,3.7691624477294834,4.512892443542496,0.5138356757408401,0.2640271016640458,0.0031337281636600023,0.49675377256035097,0.4967438880356125,0.24675449030073712,1.3765616,2.539,0.33850423629769194,0.5750278562955847,-0.17086743714656194,2.7711145360909373,1.248083231436782,3.4585815848858164,4.066600805519626,0.4967438880356125,0.2467544903007371,-0.014746140366260001,0.2024049349828227,0.2018670578616017,0.04075030904969924,0.68539379,1.3119399999999999,0.1328592482093843,-0.03031210808715563,0.46553349571576996,3.3862503898838567,1.2797729074444701,4.3336315067966344,5.158796239158519,0.2018670578616017,0.04075030904969924
917,752.4,0.0027931672239800056,0.5246621858983118,0.5246547507918456,0.2752626075284536,1.5119196,2.9589999999999996,0.3418856839338221,0.03127676604428946,0.05697669905834157,2.8817011033706073,1.2774662801983885,3.6812759891664415,4.422295729389646,0.5246547507918456,0.2752626075284536,-2.8939232540000414e-05,0.5055154147022134,0.5055154138738716,0.2555458336640717,1.4221616,2.4505999999999997,0.3418064277531753,0.5664020557829194,-0.19010806903802546,2.813290274912309,1.2497737396426374,3.51597630757742,4.160722223243177,0.5055154138738716,0.25554583366407163,-0.015348320374180002,0.20100489295533655,0.2004180532129724,0.04016739605367784,0.72560621,1.4060000000000001,0.1304804243641713,-0.08704910246496318,0.6496984783081619,3.6098932684252136,1.2895753386441344,4.6552293340986255,5.5610350252604235,0.2004180532129724,0.040167396053677834
918,753.1,0.003174142533779999,0.5284719147263482,0.5284623822692661,0.2792724894737079,1.5290804,3.0389999999999997,0.3471460211706836,0.043025954779026016,0.07916138545028373,2.8933995495139677,1.2748362322667504,3.6886105801446996,4.40471820717826,0.528462382269266,0.27927248947370786,0.001213470560520003,0.5101006488142312,0.5100992054589955,0.26020119940989844,1.4221616,2.5465999999999998,0.34832921362848374,0.5993823404736351,-0.22918112905505028,2.788001942961503,1.244612046494928,3.469980803861151,4.0828088611506175,0.5100992054589955,0.2602011994098985,-0.015232340367038003,0.20133177943747688,0.20075472900632638,0.040302461218403536,0.65700621,1.2793999999999999,0.13077300014159593,-0.1511519108829738,0.5312966800129097,3.263301063725172,1.285864823407275,4.1961640460317415,5.024020319856692,0.20075472900632635,0.04030246121840353
919,753.8,0.005064439530860002,0.52071810541201,0.520693476775071,0.2711216967561114,1.5619196,3.102,0.3395033166978592,0.0721892615104329,0.18761645472312516,2.9995492451028865,1.2793111214719686,3.8373567086629703,4.600601888640839,0.5206934767750709,0.27112169675611136,0.00440746017026,0.5041725058607949,0.5041532405537039,0.2541704899608009,1.3860616,2.5105,0.34254525157903537,0.6119831870316408,-0.21342435680826233,2.7491812502419557,1.247566535798629,3.4297865286469005,4.046360571663608,0.5041532405537039,0.2541704899608009,-0.015329090353238,0.20392176249324853,0.20334479144373266,0.04134910420729513,0.64408621,1.26648,0.1354908145163816,-0.09610885983144868,0.30751956762747534,3.1584966809088093,1.269815858155144,4.010709173348394,4.753726016770874,0.20334479144373263,0.04134910420729512
920,754.5,0.0048800015290899985,0.5144824883533432,0.5144593437846415,0.264668416407324,1.6439196,3.184,0.3349414402611031,0.03953014842770851,0.08608493026107977,3.1952877643348803,1.2745822983205233,4.072657222461398,4.9080806445403855,0.5144593437846415,0.26466841640732397,0.0008169167476000019,0.5015284461491566,0.5015277808295519,0.251530114943815,1.3566616,2.3991,0.34623071875039974,0.5819783974559479,-0.2254050719415992,2.7050541408303754,1.2385324290104092,3.3502972756473106,3.9183744437709103,0.5015277808295519,0.251530114943815,-0.015561900371158,0.20107310428777822,0.20046999906410407,0.04018822052476188,0.62819621,1.22859,0.1335103289303534,-0.11062595071171538,0.29711355785345805,3.1242179913874417,1.271981509459333,3.973947516565003,4.705225543468648,0.20046999906410404,0.040188220524761877
921,755.2,0.004001591636889998,0.5132480409133475,0.5132324412639567,0.26340753876576084,1.5579196,3.0380000000000003,0.3395330143746891,0.07153793048518921,0.06885004029440589,3.0354126578400833,1.2685127786997425,3.8504597450970945,4.588418604503565,0.5132324412639567,0.26340753876576084,0.0005402551658000004,0.5021397148757568,0.5021394242437672,0.2521440013798621,1.4170616,2.4045,0.34518863921906134,0.5563197534229971,-0.19656806623321676,2.8220464504597493,1.2398178442468986,3.498823546573618,4.105180295637464,0.5021394242437673,0.25214400137986215,-0.01626011609188,0.19735486832832805,0.1966838902339749,0.03868455267757029,0.70724191,1.3636357000000001,0.1295865851918047,-0.07318504638244676,0.6221032150922272,3.5836050865662052,1.2834975343649515,4.599548292745423,5.45767842368245,0.1966838902339749,0.03868455267757029
922,755.9,0.004904547748777997,0.5145363576893353,0.5145129821448508,0.2647236087955875,1.5579196,3.0380000000000003,0.34595482052253895,0.06124017838831694,0.012594020627079594,3.0278124698442292,1.2589168679255505,3.811764191202222,4.503245821656361,0.5145129821448508,0.2647236087955875,0.002691706976759997,0.5070568374795429,0.5070496929772336,0.2570993911483068,1.4411616,2.4476,0.3434515493592985,0.5976427571734332,-0.19889529072457846,2.842209183419489,1.2495136954936397,3.5513793001404457,4.196113258736076,0.5070496929772336,0.2570993911483068,-0.01635437038064,0.20000725838094366,0.19933749766291942,0.0397354379745144,0.72010621,1.3605,0.13113283318592017,-0.12835304009625886,0.5306705097270146,3.6004003846122936,1.2831770383190486,4.6199511022895665,5.491425697933584,0.19933749766291942,0.0397354379745144
923,756.6,0.0032443468399780007,0.5057086067962507,0.5056981997213228,0.2557306692013869,1.6099196,3.1100000000000003,0.3327028635784655,0.036123906488330575,0.20667532494424412,3.1834925851848004,1.2776434140992645,4.0673683352952015,4.838911161401268,0.5056981997213228,0.2557306692013869,0.0017407461551799976,0.4965850190302113,0.49658196798520443,0.24659365092805857,1.3911616,2.4926,0.3399204145231366,0.6088904805960105,-0.19750244913871828,2.801457044992661,1.2453043101712482,3.488666532888969,4.0926097420527565,0.49658196798520443,0.24659365092805857,-0.016362140369339997,0.19802826261352954,0.19735114176580545,0.03894747315626704,0.72010621,1.2835,0.1316942547005323,-0.2092459162790802,0.38757311913119885,3.6363809917645633,1.2724826010649921,4.627231542863868,5.4680153787839405,0.19735114176580545,0.03894747315626704
924,757.3,0.0039503178328799985,0.5155116705108692,0.5154965348301832,0.26573667742192625,1.5779196,3.0780000000000003,0.3387553046630925,0.023056632151684454,0.17854643739389475,3.0608804616126157,1.2762864973300712,3.9065604030976164,4.657992297919327,0.5154965348301831,0.2657366774219262,0.0028384365479,0.4852748471564844,0.48526654589072266,0.23548362056071281,1.3826616,2.4520999999999997,0.3356250907654461,0.5677572079306666,-0.23367706854820725,2.849234012646321,1.2381965953532148,3.527911853823253,4.11966100879592,0.48526654589072266,0.23548362056071281,-0.01570536038324,0.19757560878618075,0.19695040706345976,0.0387894628424625,0.67839379,1.32526,0.13039673404842606,-0.041028211048196414,0.43648725623392837,3.433590786675332,1.2767342240058028,4.383782868579404,5.202536665895801,0.19695040706345976,0.0387894628424625
925,758.0,0.004233640447979997,0.5203022248587196,0.5202850002464906,0.2706964814814907,1.5399196,2.979,0.3438875756286451,0.037963769111209286,0.15123710186018124,2.959663684732739,1.2723651581534354,3.7657729523059507,4.4779739343154334,0.5202850002464906,0.2706964814814907,0.0013836001573800018,0.483740520073232,0.4837385413747033,0.2340029764113255,1.4009616,2.4964,0.3346242056306754,0.5550785445422899,-0.2415766106809425,2.8961014053317524,1.23686388276011,3.582083229065643,4.186671425516183,0.48373854137470323,0.23400297641132548,-0.01537418970063,0.19801400261890933,0.19741625952340014,0.03897317952421048,0.70786551,1.3862592999999999,0.12868858779721784,-0.0005260386991060683,0.6190377796651991,3.5748255206089268,1.2903129044643695,4.612643500450257,5.500608267730976,0.19741625952340017,0.038973179524210484
926,758.7,0.00232475982286,0.5195298945139282,0.5195246931430877,0.26990590678541937,1.6109196,3.0999999999999996,0.3389503086836312,0.028163939302456358,0.11771673086855605,3.100725515530103,1.27772541630777,3.9618758001868253,4.752671877645632,0.5195246931430876,0.2699059067854193,-0.0008096688529599972,0.4976622579861104,0.4976615993425477,0.24766706746018252,1.3485616,2.444,0.3464561211078271,0.5669771479552246,-0.2955831013718013,2.7097927929218977,1.2324592768570763,3.339709265997039,3.8924455878794793,0.49766159934254767,0.24766706746018247,-0.017021769680730003,0.19780194305184964,0.1970681811760167,0.038835868032023345,0.70786551,1.2772592999999999,0.12920659859658543,-0.17212691422155815,0.5944858559351145,3.578658020636571,1.2869375775044343,4.605509483794842,5.478555411942459,0.1970681811760167,0.03883586803202335
927,759.4,0.005857194532039999,0.5175873265046025,0.5175541844390747,0.2678623338303958,1.6019196,3.043,0.33787222816983065,0.04621463317350047,0.18944001236205654,3.0949745443308405,1.280640671809078,3.963550279683842,4.741199383794275,0.5175541844390747,0.2678623338303958,0.003266783155380001,0.4988479259431932,0.49883722930996366,0.24883858134564127,1.3485616,2.435,0.34493128776638704,0.590845139264284,-0.24651550917114973,2.703352123696248,1.2384812920841686,3.3480510311138105,3.9096528724101876,0.4988372293099637,0.2488385813456413,-0.017093810362854,0.20421499237114057,0.20349831634788476,0.04141156475642378,0.63090621,1.2323,0.13396250712513147,-0.10975614493127914,0.42649552695804616,3.08942160746646,1.280488010301776,3.955967327128042,4.7095730256129364,0.2034983163478848,0.041411564756423797
928,760.1,0.00469701193008,0.5107815120025088,0.5107599153051243,0.26087569108249775,1.6019196,3.043,0.3370918702698458,0.014994405469766324,0.14276954119532004,3.1362129645603383,1.2737099544229207,3.9946256721507214,4.752175122816357,0.5107599153051242,0.2608756910824977,1.003116596000142e-05,0.5004505729359753,0.5004505728354416,0.2504507758513216,1.5803616,2.6668000000000003,0.3420828028136466,0.5725875479120897,-0.1529659819705138,3.1578774917341983,1.244259239293522,3.9292182456473284,4.619821829689929,0.5004505728354415,0.2504507758513215,-0.01770599036469,0.2020703641752152,0.20129314440166513,0.04051892998310961,0.63063621,1.2570299999999999,0.1323029804448288,-0.029298118838539687,0.3793749821490908,3.1208743180824645,1.2783725131609305,3.9896399452664855,4.766606223682008,0.20129314440166513,0.0405189299831096
929,760.8,0.003974011624899999,0.5031088735804243,0.5030931781558646,0.2531027459069685,1.5449196,2.983,0.33404942216284617,0.029467273274871107,0.048257516318540805,3.0707460772962043,1.2686295642385401,3.89563925792749,4.624823446773889,0.5030931781558645,0.25310274590696846,-0.00011881385231999886,0.49938253776849734,0.499382523634311,0.24938290491137322,1.3665616,2.357,0.34623812077309396,0.5724861855100172,-0.23884453925006355,2.736502573971675,1.2368625330417795,3.3846775053179554,3.946883713869195,0.499382523634311,0.24938290491137322,-0.017273940391420002,0.19674490212956022,0.19598512060185563,0.0384101674973239,0.64639621,1.27279,0.12777038577766192,-0.1728670738821713,0.5533281561212151,3.2854534120245513,1.2888984277292852,4.234615737136259,5.059045615819135,0.19598512060185563,0.0384101674973239
930,761.5,0.0033985557330299993,0.5124087526750004,0.5123974820750773,0.2625511796368792,1.4999196,2.907,0.33894572471395534,0.04835122479531588,0.0577445839901225,2.927193558208668,1.268028760918683,3.711765620584489,4.42525009355353,0.5123974820750774,0.26255117963687924,0.0028201251543800037,0.5042569866701809,0.5042491006435258,0.2542671554998046,1.4119616,2.4364,0.3448802971985765,0.6087754960580467,-0.2492219108517113,2.8000833648806154,1.24234616574012,3.478672832112126,4.094062813878334,0.5042491006435259,0.25426715549980466,-0.017801520368368,0.2007182661366397,0.1999273073731388,0.039970928233473514,0.74542621,1.39582,0.1336744423951437,-0.14075879382065826,0.5200130064511357,3.7137935891322833,1.2735549182612946,4.729720090846685,5.576430293208246,0.1999273073731388,0.03997092823347352
931,762.2,0.003693137132879997,0.5155669871107382,0.5155537595019184,0.26579567893656186,1.5190804,3.001,0.3388031481525205,0.009447768088982574,0.14380738233595736,2.946426823239786,1.2751878331077713,3.7572476361377567,4.4836667199920734,0.5155537595019184,0.26579567893656186,0.0004929691338599999,0.5023089546426206,0.5023087127410746,0.2523140428955954,1.4585616,2.5,0.34762630692882496,0.6066013251571816,-0.14647051939094258,2.9037141116421616,1.238642038456862,3.596662366340403,4.195774516853911,0.5023087127410746,0.2523140428955954,-0.016152570357738,0.20287258058240792,0.202228530190485,0.04089637842300391,0.66011621,1.28451,0.13454147902985936,-0.06441034701807097,0.38613662845840757,3.2538463704899603,1.2728808165700973,4.1417586250629075,4.906414101880786,0.20222853019048503,0.040896378423003914
932,762.9,0.0029001414240000015,0.5150916237818322,0.5150834593247245,0.2653109700699252,1.5209196,2.933,0.3348649672616019,0.06301425957994694,0.22050970543329518,2.952716623177293,1.2842953213002921,3.7921601442721946,4.541889264910274,0.5150834593247245,0.2653109700699252,0.001530584146199999,0.4930295332525047,0.493027157437959,0.24307577797135402,1.4564616,2.5159,0.3436720410291642,0.549037578415126,-0.2288768853535088,2.9541061980440717,1.23132117068161,3.6374535020934267,4.237940321355393,0.49302715743795905,0.24307577797135405,-0.016454740374817603,0.19692314305346986,0.1962344663642315,0.0385079657892547,0.67680621,1.2942,0.1297159512473903,-0.07503811285866657,0.46583326373046763,3.436905380980178,1.2791758471676005,4.396406352350205,5.217602025746362,0.1962344663642315,0.0385079657892547
933,763.6,0.002849698922100003,0.5212774131139236,0.5212696237445623,0.2717220206387975,1.6259196,3.158,0.3438445219715053,0.05042858089506197,0.08164787930706696,3.119106178584147,1.2708571244180547,3.9639383088700364,4.728647676797194,0.5212696237445623,0.2717220206387976,0.0007735891625800004,0.494983733734743,0.4949831292294663,0.2450082982217945,1.4214616,2.4579,0.3348995391369381,0.5548246312953405,-0.25646275256591,2.8717339644169955,1.2479397363402542,3.583750926393898,4.244441791897403,0.49498312922946625,0.24500829822179448,-0.016630090372078,0.2001945029898002,0.1995025792353313,0.03980127912154965,0.67680621,1.3392,0.13199005707504344,-0.11389770555447089,0.3741870251218389,3.380743226673326,1.276936724932771,4.316995183706886,5.127706018152558,0.19950257923533132,0.039801279121549654
934,764.3,0.0018181134110999986,0.5183434921323932,0.5183403035647804,0.2686766702996288,1.4669196,2.931,0.3397404772467239,0.07750738895871345,0.021961296154875853,2.8300145024784555,1.2732956311815113,3.603445102186136,4.3177651714861875,0.5183403035647804,0.2686766702996287,-0.00034263363307999816,0.49630117026930065,0.4963010519965385,0.2463147342128708,1.4455616,2.545,0.3386661353932627,0.574467557854282,-0.24252338173275367,2.912670141832662,1.2419475208720638,3.6173834617671567,4.268397247104139,0.4963010519965385,0.2463147342128708,-0.016937930367438,0.20211727496168705,0.20140630415358413,0.04056449935280604,0.76239379,1.39154,0.1329336184870468,-0.06683758210239882,0.5211298804467037,3.772036755119115,1.2785288233047565,4.822657713984734,5.735146599310306,0.2014063041535841,0.040564499352806024
935,765.0,0.0037937733497499975,0.5106467445777141,0.5106326517483853,0.26074570503158784,1.5559196,2.9859999999999998,0.3457516410428408,0.014148532866266238,-0.031604755785424654,3.0469588155050076,1.2542094535478816,3.8215245509774363,4.500107635952513,0.5106326517483853,0.26074570503158784,0.002973144194520001,0.4882328030131638,0.4882237502945646,0.23836243035168939,1.4455616,2.545,0.3304610785481873,0.6071892367503996,-0.125498204510325,2.9608039260750463,1.2488640271303464,3.6976415146614228,4.374377782553931,0.4882237502945646,0.23836243035168939,-0.01852701136519,0.20326407298359273,0.20241796663279038,0.040973033215753435,0.71139379,1.4214609999999999,0.1355869651216557,0.008024668780276191,0.5796205535484105,3.499850118901352,1.2736432849994226,4.457560602443137,5.246771246496301,0.20241796663279035,0.04097303321575343
936,765.7,0.004504226848929996,0.5076782650605595,0.5076582834499926,0.25771693275539304,1.5559196,3.035,0.3376517627520175,0.06215049441777699,0.11826464575634965,3.0647748920556976,1.2670551826014593,3.883238910486,4.608060053703076,0.5076582834499926,0.25771693275539304,0.0015888301831300002,0.486885133841867,0.4868825414562139,0.23705460917486187,1.4297616,2.4162,0.3260464312764359,0.5692313095174237,-0.16325631518910955,2.9365480698048283,1.2553368071291802,3.68635687793015,4.38514721477748,0.4868825414562139,0.23705460917486187,-0.017186050372826004,0.19995735287702215,0.19921742554849123,0.039687582642168644,0.67078621,1.31118,0.13166462061979053,-0.11112796873262254,0.5729016656143866,3.3546463800835933,1.2806304636435575,4.296062349086633,5.094657979056024,0.19921742554849123,0.03968758264216865
937,766.4,0.0013623328339470023,0.5048065818439845,0.5048047435615646,0.254827829122257,1.5759196,3.0549999999999997,0.3312957856565312,0.07525284158336623,0.24280244776334436,3.121828551132191,1.2758945207319723,3.983123943054194,4.756835638210697,0.5048047435615646,0.254827829122257,-0.0010705058426999999,0.48545569247783804,0.4854545121598707,0.23566608337637804,1.3626616,2.3211,0.3329240981232485,0.58585771744122,-0.2689306501063915,2.806974191701765,1.2417707541345873,3.4856184588658246,4.0930098111898845,0.48545451215987073,0.23566608337637807,-0.0174396003912562,0.1957220996197806,0.19494358316643462,0.038003000617768616,0.66383621,1.30423,0.1284224282339445,-0.14462062127585582,0.6068617857006084,3.3917284317386796,1.2833859491256923,4.352896612543541,5.169161019060496,0.19494358316643462,0.038003000617768616
938,767.1,0.004187904937859996,0.5050793274267146,0.5050619649568296,0.2550875884460538,1.5739196,2.993,0.3336876760552319,0.014414015044719938,0.1984082878294151,3.1161829727200048,1.2730056810424877,3.966918627440433,4.71674476746179,0.5050619649568296,0.2550875884460538,0.0020325131492800017,0.4912884728741782,0.4912842684936493,0.2413602324693401,1.4370616,2.5435,0.3377585193919831,0.5733232553680325,-0.23843324993246817,2.9250871521425656,1.2418095961922608,3.6324012952293296,4.254701265824265,0.4912842684936493,0.24136023246934013,-0.0176266503556282,0.19687026916119635,0.1960795860788224,0.03844720407684232,0.64630621,1.2407,0.13105967510558938,-0.06855925729114005,0.36615433086870297,3.2829040807111807,1.2697487181899245,4.168463248423494,4.931388769881336,0.1960795860788224,0.03844720407684232
939,767.8,0.004342278939099996,0.5081206639778669,0.5081021095950333,0.2581677537749233,1.5549196,2.974,0.3376045359596466,0.043570503834769986,0.13318058789838894,3.060138487238792,1.2696742070032137,3.885378907104927,4.605742620075038,0.5081021095950333,0.2581677537749233,0.0015489701624399974,0.4912332699745492,0.49123082784096944,0.24130772622132418,1.5054616,2.6119000000000003,0.33749295146083197,0.530453907176115,-0.23350472846093817,3.0646572453816048,1.2408254184071092,3.8027046087750085,4.460720123142239,0.4912308278409695,0.24130772622132424,-0.019662230374180002,0.19533200838365167,0.19433988318382728,0.037767990195903635,0.60832621,1.20672,0.1289704531053773,-0.0750471586292145,0.40557707339268667,3.114319127898313,1.2763556598767298,3.974978845555373,4.716787414113818,0.19433988318382728,0.03776799019590363
940,768.5,0.004213515431779998,0.5121211105481934,0.5121037767453205,0.26225027815682106,1.6759196,2.9834,0.33693775302930135,0.0975587188336273,0.15673573211418823,3.2725063768725207,1.2738839313477168,4.168793288730839,4.9739739311856095,0.5121037767453205,0.26225027815682106,0.0012980496713599948,0.4934710497541072,0.49346934252542096,0.24351199201247123,1.3436616,2.4090999999999996,0.3321191733315266,0.5806742998718044,-0.1842519503276514,2.7228782735472246,1.2531634084363799,3.4122114180358056,4.045721258792656,0.49346934252542096,0.24351199201247126,-0.018773100387660002,0.194689786579962,0.19378256810246372,0.037551683700385995,0.64921621,1.27961,0.126564966540595,-0.19931184134596375,0.6575384246744962,3.3346187358079886,1.2899376367100135,4.301450211397089,5.129509592939114,0.19378256810246372,0.037551683700385995
941,769.2,0.00357336454988,0.5149376451036053,0.5149252464296542,0.26514800941064015,1.5979196,3.012,0.3419597067984627,0.06631905132636196,0.16190583383307233,3.103132224249208,1.2727693808295801,3.9495716796899822,4.672830068080944,0.5149252464296543,0.2651480094106402,0.0030046961718600026,0.4941717352780803,0.49416260051592725,0.24419667574866388,1.3344616,2.4829,0.3370502250858494,0.5869762396160106,-0.2681690277661204,2.7004004979140945,1.2442762969759356,3.360044331896522,3.959236637982075,0.4941626005159272,0.24419667574866383,-0.02002192035182,0.19863863067803741,0.19762699285034707,0.03905642830307113,0.68839379,1.3388200000000001,0.13123295266271431,-0.15642335750745526,0.5768279536149086,3.465558474956365,1.2781397523909996,4.429468051077259,5.2455863868982755,0.19762699285034707,0.03905642830307113
942,769.9,0.0034056833260800007,0.5094232278356725,0.5094118435800231,0.25950042637959797,1.5979196,3.0469999999999997,0.3337409985197663,0.03343438174335339,0.20272551136995354,3.1367230873804006,1.2786900572066169,4.0108966240437605,4.7879032156289325,0.5094118435800231,0.25950042637959797,-0.001645909838959998,0.4997731872341928,0.4997704769782081,0.2497705296590256,1.4333616,2.5818000000000003,0.3425865531025523,0.5723895699953695,-0.23077717151833932,2.8680242090064936,1.2414320169473425,3.560457078440738,4.183940049657838,0.499770476978208,0.24977052965902552,-0.020091040340508202,0.20156194695590485,0.20055814258885396,0.040223568558691074,0.63311621,1.2175099999999999,0.1350594197556723,-0.08626767133682615,0.4089319155942772,3.1410502803810734,1.2688058671405704,3.98538302473104,4.687686435683877,0.20055814258885396,0.040223568558691074
943,770.6,0.0045378508361,0.5084264141894973,0.5084061629793443,0.25847682655537957,1.6949196,3.266,0.33541646411787435,0.06707508890106509,0.2301565540331585,3.3336576399201023,1.274580427707012,4.249014780518112,5.053179498679468,0.5084061629793443,0.25847682655537957,0.002980709169259997,0.501893548332628,0.5018846971474268,0.2518882492307643,1.4943616,2.5728,0.339838626967174,0.5465282648714136,-0.2173450428903041,2.977447319186533,1.2478811509054708,3.7155003874268995,4.397268236798593,0.5018846971474268,0.2518882492307643,-0.0208981303834282,0.19645489918129797,0.19534020466563246,0.03815779555881117,0.65552621,1.23892,0.12881073021316866,-0.09041259366309702,0.44225985042826554,3.336777106256073,1.2808820121895936,4.274017774089448,5.089065242586319,0.19534020466563246,0.03815779555881117
944,771.3,0.003308223828770003,0.5022337291148784,0.502222833327733,0.25222777431573584,1.5000804,2.96,0.32804731794388703,0.03590572510431363,0.0785279719980263,2.986817318390178,1.2765466847854474,3.8128117458507416,4.5727561785967445,0.502222833327733,0.25222777431573584,0.0017670891758600016,0.49155385585024186,0.49155067958155124,0.24162207059708488,1.4943616,2.5338000000000003,0.3298190736704253,0.5412994905075171,-0.18129431023051978,3.0400770581184826,1.2539284670346555,3.8120391651537346,4.530852577353529,0.4915506795815513,0.24162207059708493,-0.018615700375227497,0.19648065488965905,0.19559678792201332,0.03825810344540905,0.65552621,1.24692,0.12965314987893978,-0.11706944661888509,0.5112968195896404,3.3363397041206673,1.2794125959674112,4.268555041878168,5.055999106940945,0.1955967879220133,0.038258103445409045
945,772.0,0.0016120705368699965,0.5064558219591466,0.5064532563079231,0.2564949008248989,1.5769196,3.023,0.33643645735786837,0.039239584018155506,0.1097112489809704,3.113637027411253,1.269012038159741,3.9512428702447915,4.687124613022026,0.5064532563079231,0.2564949008248989,-0.0012245588553199992,0.48845731956194954,0.48845578457958133,0.23858905348925435,1.4322616,2.5377,0.33643517874431844,0.5870048606967951,-0.10146853404117451,2.932214428242078,1.2438095659406663,3.647116355236738,4.257169554461128,0.48845578457958133,0.23858905348925438,-0.017680280375279998,0.19641860606436,0.1956212577766479,0.03826767649411773,0.63576621,1.2691599999999998,0.13007942041053505,-0.0986976155775934,0.47592160608473977,3.2367921895936886,1.2759413346877029,4.129956946496903,4.88752339142887,0.19562125777664793,0.03826767649411774
946,772.7,0.003984860826838,0.5093124626965518,0.5092968736819589,0.25938330554221717,1.6119196,3.15,0.3302284271574458,-0.022820544941411475,0.23011451754786894,3.164893298439432,1.285343686342019,4.06797561909529,4.881226046694858,0.5092968736819589,0.2593833055422171,0.0014712891474600008,0.489340868714359,0.4893386568649243,0.23945232110236808,1.4322616,2.4516999999999998,0.33619999914909543,0.5847477124746572,-0.1683237013716914,2.9269200501543398,1.2430579739682432,3.638331307511883,4.26014754201362,0.4893386568649243,0.23945232110236808,-0.0195992003666,0.1956743167115869,0.19469029140030655,0.03790430956553628,0.63339379,1.2642,0.1313032131301163,-0.13583584357945702,0.38798063077928857,3.2369796948548304,1.267866371651694,4.104057700825802,4.82390167689447,0.19469029140030655,0.03790430956553628
947,773.4,0.0043449588378600005,0.5196604538871699,0.5196422891440964,0.2700281086669166,1.5499196,2.987,0.3362581308719425,0.0669590161046169,0.27620644117014503,2.9825621488152008,1.2884673969319598,3.8429340880717144,4.609314861713358,0.5196422891440964,0.2700281086669166,0.002498271150599999,0.49229176226070404,0.49228542313479845,0.24234493783100758,1.3274616,2.3589,0.3378555790294652,0.5475299866490478,-0.24278164779553002,2.6964936278925853,1.2419460795424173,3.348899689672306,3.9290800045786094,0.49228542313479845,0.24234493783100758,-0.01780376037209,0.2005938001757813,0.19980214910149105,0.03992089878557446,0.64715621,1.24655,0.13405921456087272,-0.10174680599088418,0.35774109052384695,3.2262024520842316,1.2700069619369643,4.0972995747650796,4.827390732668687,0.19980214910149108,0.03992089878557447
948,774.1,0.0012354228451999974,0.5182778289110037,0.5182763564654452,0.26861038167109724,1.5499196,3.0380000000000003,0.3408348526718997,0.05821035910897662,0.21025409923631644,2.990518817400821,1.277710197451099,3.82101638866243,4.547421098076522,0.5182763564654451,0.2686103816710972,0.0008493591532299994,0.4869538435715804,0.4869531028324638,0.23712332435816405,1.4737616,2.4702,0.33436309057521435,0.5888443277708209,-0.25181527121099334,3.0264913594081992,1.2384121367294603,3.748043631197957,4.40766831489877,0.4869531028324638,0.23712332435816405,-0.01842348036382,0.20070993578722818,0.19986258703168336,0.0399450536949972,0.64739379,1.29455,0.13362327915516284,-0.07023834553739954,0.34269977606411306,3.2255193917569662,1.2686944237291322,4.0921984659522455,4.844917697673388,0.19986258703168336,0.0399450536949972
949,774.8,0.0027685467179379944,0.5150466024925798,0.515039161509317,0.2652653378882202,1.5250804,3.0229999999999997,0.33794251587163526,0.04506527659834373,0.07507079762950042,2.96105321852302,1.2731290151355603,3.7698027678621937,4.5128396942493305,0.5150391615093168,0.2652653378882201,0.0021194543703199997,0.4871706636085759,0.48716605320362005,0.23733076339399237,1.3363616,2.3838,0.3310480968680978,0.6035971396471546,-0.21065505628819148,2.743107702958318,1.2469323663812975,3.42046977928858,4.036759651068037,0.4871660532036201,0.2373307633939924,-0.01922853038518,0.19742238228500164,0.1964837414299502,0.03860586064631153,0.68075621,1.32815,0.12925840868354171,-0.10404681431730799,0.6292457520867751,3.4482220410918303,1.285083250631919,4.43125238946692,5.266629977370901,0.19648374142995023,0.03860586064631154
950,775.5,0.0015541918318180033,0.5206830512826741,0.5206807317164578,0.27110842438078586,1.5259196,2.968,0.346903972052774,0.01614146484830317,0.0022146407283005765,2.9306112350708955,1.2617732224173073,3.6977667817277684,4.398680104383077,0.5206807317164577,0.2711084243807858,-1.887884131999851e-05,0.49566641231904107,0.4956664119595143,0.24568519194481894,1.4217616,2.4202,0.3416752789825181,0.624041270556007,-0.2169395261863447,2.8683839870208265,1.2381051004379,3.5513608443448845,4.161148574265874,0.4956664119595144,0.24568519194481903,-0.0186720403533582,0.20137114152802965,0.20050359485391855,0.04020169154934431,0.68075621,1.31915,0.13379935351948793,-0.04918626261684846,0.44059572290842164,3.380604613125475,1.271602453074228,4.298785118924406,5.087888633937589,0.20050359485391855,0.04020169154934431
951,776.2,0.002848858642900003,0.519921336909905,0.5199135318287222,0.2703100805786158,1.6079196,3.0149999999999997,0.3459444579503626,0.04455984447098061,0.04593263869178488,3.092620913687621,1.2659022680943874,3.9149558289932966,4.6479125855246695,0.5199135318287222,0.2703100805786157,0.0003212352620000032,0.5040782943096833,0.504078191952465,0.25409482360206614,1.3866616,2.4401,0.3428047422097449,0.586774576458773,-0.1633663688357183,2.7508853597812264,1.24843709660079,3.434307331646894,4.045047892457601,0.504078191952465,0.25409482360206614,-0.0180348203718982,0.2020769620173231,0.2012705736870246,0.040509843832304,0.64394621,1.2453400000000001,0.13249403186715863,-0.0647043629983787,0.44265978486903457,3.1866384152429883,1.280297382820103,4.079844823029599,4.860190311406889,0.2012705736870246,0.04050984383230401
952,776.9,0.0037070343208499977,0.5076266973043602,0.5076131614848816,0.2576711217126765,1.4429196,2.872,0.3310329753074158,0.07653318648404267,0.13269551832418536,2.842481704887286,1.2787870262081318,3.634928726443833,4.3588394741038226,0.5076131614848816,0.2576711217126765,0.003026961284820002,0.496039321191321,0.49603008545180677,0.24604584567332674,1.3441616,2.3616,0.3325078770384021,0.5901164346555282,-0.21012831155404355,2.7097884030075927,1.2543050400309332,3.398901251309797,4.042495510098125,0.49603008545180677,0.2460458456733267,-0.017790150388359998,0.19492947093570506,0.19411596840145176,0.03768100918843342,0.64394621,1.2643399999999998,0.1279950904709169,-0.19336376820074,0.5538849201029019,3.3034830849789625,1.2838624143992008,4.241217769408011,5.031022734003362,0.19411596840145176,0.03768100918843342
953,777.6,0.0028677398289999986,0.5083564195440401,0.5083483307338672,0.25841802535990926,1.4939196,2.958,0.33260315320124406,0.05437418325366792,0.17325257236436542,2.9387247658639595,1.277783445909846,3.7550538579062556,4.491597826482699,0.5083483307338672,0.2584180253599092,-0.0008268510409199989,0.49455984476274084,0.49455915355910907,0.24458875636910243,1.3836616,2.4291,0.3374427574612578,0.615680224061363,-0.2007364374768299,2.7977637381049303,1.244858705623439,3.482820545657498,4.100433538446472,0.4945591535591091,0.24458875636910246,-0.01891348039112,0.1956440189312,0.1947276621413775,0.03791886240304646,0.62039379,1.23423,0.13015648964791152,-0.11462963653704329,0.4274484403416907,3.1710337652497675,1.274127292553021,4.040300665911897,4.766522143292566,0.1947276621413775,0.03791886240304646
954,778.3,0.0024116218379800014,0.5180320860233614,0.5180264725183703,0.26835142622982583,1.6229196,3.0869999999999997,0.34026392294528934,0.018262736970238655,0.09350817918076748,3.1328553651149944,1.2749028967610252,3.9940863801184254,4.769590575316289,0.5180264725183703,0.2683514262298259,0.0007934691362799975,0.4995736377041552,0.49957300757315964,0.24957318989569222,1.4496616,2.4951,0.34527491200175714,0.553778789534768,-0.23372388085190243,2.9017976342027914,1.238212834659599,3.5930430742547568,4.198572064200896,0.49957300757315964,0.24957318989569224,-0.018633640378660003,0.2008141181693886,0.19994773692739795,0.03997909750238794,0.65039379,1.27739,0.1321371386676203,0.0047243076962084785,0.40747208844654503,3.2387851806882755,1.278856369269695,4.141941057019501,4.922111955488987,0.19994773692739795,0.03997909750238794
955,779.0,0.004297522837859998,0.5148047088435153,0.514786770949793,0.26500541954491463,1.6229196,3.072,0.33625689621744154,0.06064462412747032,0.17779249570396694,3.152495639843336,1.2792669817101712,4.032883582036859,4.826427705293913,0.514786770949793,0.2650054195449146,0.003297020163280003,0.4872607727551456,0.48724961808500633,0.23741219032398453,1.4496616,2.4501,0.33092508843740814,0.5698715070822222,-0.18616028467987666,2.975124781342643,1.2495952599313103,3.717701824469943,4.380633716365062,0.48724961808500633,0.23741219032398453,-0.020332298384778198,0.20225657650738152,0.20123200635803096,0.04049432038287861,0.71274421,1.363138,0.12955089979466056,-0.17994254479321836,0.5932903430511223,3.5239606163015806,1.2996963136633572,4.580078622502017,5.501653876041822,0.20123200635803096,0.04049432038287861
956,779.7,0.002550481939000003,0.5165329780892609,0.5165266813008208,0.26679981249563967,1.5289196,3.057,0.3406801226266013,0.10710410652940897,0.12401585496945344,2.959965122954436,1.2732247412686972,3.7687008278380287,4.487845044237452,0.5165266813008208,0.2667998124956397,0.0008701001769800054,0.4881351844690694,0.4881344089923742,0.23827520124233445,1.3658616,2.4833,0.3274449317812747,0.5969407610662976,-0.14623969339958487,2.798121593069773,1.2563513194527813,3.515423755442528,4.171271158694746,0.48813440899237415,0.23827520124233442,-0.017702158386279997,0.19898092748945426,0.19819193498482854,0.03928004309303051,0.71274421,1.302138,0.12873921053882872,-0.21531423117383552,0.6382834107899562,3.581972498533934,1.2940965525536003,4.6354182616945705,5.536341313705904,0.19819193498482857,0.039280043093030514
957,780.4,0.0025580108390800015,0.5099865842811914,0.5099801689549741,0.2600797727273439,1.5039196,2.917,0.3376059864625925,0.09678216852355523,0.13477211720959792,2.9489395336148365,1.2704824396257792,3.746575892975885,4.454659159803251,0.509980168954974,0.26007977272734384,0.002022373656399999,0.4906585332272092,0.4906543653463915,0.24074170623347024,1.4191616,2.5506,0.3347166833839298,0.6115412957848106,-0.12502752531398142,2.892360988131086,1.2488218655617707,3.612043645075949,4.239889047813551,0.4906543653463915,0.24074170623347024,-0.0180987903598762,0.19749521542001525,0.19666416526990238,0.038676793901307474,0.65539379,1.30178,0.13276778841016007,-0.022111701094168136,0.23581935307339208,3.3185299634027428,1.2611087633115419,4.185027218159129,4.936391558886929,0.19666416526990238,0.03867679390130748
958,781.1,0.002134874042900002,0.5048915727029605,0.5048870591521334,0.2549109424992898,1.5830804,3.0869999999999997,0.33333210569443716,0.05461429159520482,0.08761333975137475,3.1354858856623524,1.2699399812488188,3.981878886843984,4.7492586911240915,0.5048870591521334,0.25491094249928986,0.0001649614594000024,0.4965325475289481,0.4965325201266318,0.24654454354330402,1.4191616,2.5506,0.33796649384569893,0.5535622236047856,-0.25137299612164377,2.8581441580468847,1.2458265961760429,3.5607520077999917,4.199119219930508,0.49653252012663185,0.24654454354330407,-0.0186696203836454,0.194185104805512,0.1932855405948884,0.03735930020305825,0.62039379,1.23991,0.12428252903316407,-0.0797163834191723,0.3994787091215075,3.1948577653335537,1.2918060672237561,4.127136645174816,4.9918021046582615,0.19328554059488837,0.037359300203058235
959,781.8,0.001863267842000003,0.4971858447541567,0.4971823533240629,0.24719029245685334,1.5139196,2.8579999999999997,0.3300784374214024,0.047089891172000437,0.030523449880275777,3.044977277558228,1.2664906612413518,3.8564352857196114,4.5865449795110935,0.49718235332406296,0.2471902924568534,0.0015378133790600003,0.4944793449644153,0.4944769536858602,0.24450745772644836,1.4494616,2.4599,0.3334660181230199,0.5624338984413828,-0.2793663554160144,2.931288464848434,1.2502806370626285,3.6649332092450337,4.346654595147608,0.49447695368586025,0.24450745772644839,-0.0178927303601282,0.195637112463047,0.1948171706322075,0.03795372997313865,0.61951621,1.20991,0.12736055101913893,-0.19054024954013526,0.4227587109464088,3.166659956285225,1.2816248793761629,4.0584701844993765,4.864270804755729,0.1948171706322075,0.03795372997313865
960,782.5,0.0038667133549600023,0.5038840592941476,0.5038692228530918,0.2538841937385787,1.5909196,2.976,0.33767440508480745,0.07096368871434187,0.03526381144348756,3.157312819597026,1.262113583303795,3.984887396352611,4.711401207919321,0.5038692228530918,0.2538841937385786,0.0038477579750399974,0.49856079155629524,0.49854594335507857,0.2485480576358052,1.4545616,2.549,0.3353176383968571,0.5884872118678012,-0.14343361285338618,2.917521041836194,1.253225024061523,3.6563103778551636,4.337861876142909,0.49854594335507857,0.2485480576358052,-0.017112440342147997,0.19692313835701455,0.1961782016583706,0.03848588680591232,0.67514621,1.26554,0.13130670536790248,-0.12403900703434556,0.40689352226469655,3.4284757780773543,1.2678426013145858,4.346767649021642,5.14174967765993,0.1961782016583706,0.03848588680591232
961,783.2,0.001521360165000004,0.515579959310503,0.5155777147102737,0.2658203799058683,1.6109196,3.098,0.3468114398027184,0.039191720865126005,0.16187321348145645,3.1244806375994902,1.2663282096169017,3.956617971794038,4.644943664246952,0.5155777147102737,0.2658203799058684,-0.00045374984629999957,0.5007752575712676,0.5007750520010421,0.2507756527066464,1.4545616,2.549,0.34545059700383085,0.5667848901536059,-0.1839686056069345,2.904619543414632,1.2381946182738075,3.5964842867889213,4.210621178876902,0.5007750520010421,0.2507756527066464,-0.0170496103762182,0.19939331645723346,0.19866304496265427,0.039467005433833593,0.62485621,1.21725,0.12996291155576797,-0.11191627369475453,0.5191110651053048,3.1337871354079274,1.2865210870819268,4.031683232128365,4.8079579206092955,0.19866304496265427,0.039467005433833593
962,783.9,0.003845443416920001,0.5151306824270441,0.5151163291361276,0.2653448325426793,1.5739196,3.093,0.3444129353936548,0.07381287792309045,0.23102210888201524,3.0553792536380473,1.269918834983805,3.8800836622137167,4.569862041334341,0.5151163291361276,0.2653448325426793,0.0005681791639100049,0.5048728920100887,0.5048725722982665,0.2548963142590684,1.3620616,2.4575,0.34552928378421327,0.5508530960305885,-0.3278618349517082,2.697830724436642,1.240488605645608,3.3466282736242903,3.941957061013162,0.5048725722982665,0.25489631425906834,-0.01878139038318,0.19872289488071002,0.19783338526407598,0.03913804832504431,0.64840621,1.2968,0.12875300044620402,-0.1619293338282355,0.4145138684160927,3.2628661654170608,1.2885209976016025,4.2042715665037065,5.03604737561762,0.19783338526407598,0.03913804832504432
963,784.6,0.00382460773096,0.5120566528136175,0.5120423694054914,0.26218738806638975,1.6420804,3.1719999999999997,0.3341747819073751,0.05152730020788161,0.16815553193813892,3.206833445044015,1.2785664762268962,4.100149737676484,4.913836976648776,0.5120423694054915,0.2621873880663898,0.0037524901754800027,0.49712719169481356,0.4971130289379417,0.24712136353985484,1.4541616,2.7106,0.33864858548111404,0.5613490795520533,-0.33530281942155415,2.9251298747961263,1.2427756143129296,3.635280077094859,4.294013506461543,0.4971130289379417,0.24712136353985484,-0.0202513103669,0.20039741232271832,0.19937153080132847,0.03974900729406507,0.66139621,1.25379,0.1311947284580743,-0.12082840848396176,0.40055365499382,3.300422906334205,1.2792482284025668,4.222060155907283,5.041332207272043,0.1993715308013285,0.039749007294065074
964,785.3,0.003330976521990002,0.5114075718421767,0.5113967238191119,0.2615266091329211,1.5459196,2.99,0.33216738778951477,0.07761276060034086,0.09238135238463618,3.0228719422970913,1.2784235869795735,3.8645107914513583,4.6540378641253195,0.5113967238191119,0.26152660913292103,-0.0004718747468199975,0.49120301865763694,0.4912027920040745,0.24128018287259811,1.4271616,2.6836,0.33561925513789936,0.5861290293117398,-0.1311707104598936,2.9054414280680874,1.2459684905685675,3.620088470565378,4.252323363907138,0.4912027920040745,0.24128018287259811,-0.01948397037778,0.198816918720666,0.197859905154879,0.03914854206789771,0.74539379,1.4087,0.13016121009411288,-0.03326399754329214,0.5839345031403274,3.7491466762306285,1.283825205504157,4.813249002077014,5.726696835877939,0.197859905154879,0.03914854206789771
965,786.0,0.002973634667000004,0.5069413900815153,0.5069326685809923,0.2569807304746462,1.7029196,3.17,0.33847229489630504,0.0590965097438917,0.09978724256716687,3.359204107847997,1.2635354161184147,4.244473360236407,5.031193470418929,0.5069326685809923,0.2569807304746462,0.0004441772490800007,0.49536628167467034,0.4953660825356942,0.2453875557267602,1.4761616,2.5806,0.3396590309767263,0.5473274428737277,-0.15657611194180454,2.979939601479502,1.2433165662398846,3.705008272913745,4.346010161293629,0.49536608253569425,0.24538755572676027,-0.0201223203968182,0.1974437523483678,0.1964157009081794,0.03857912756325139,0.65381621,1.22421,0.1273526473307887,-0.14250601363971213,0.6646982460536557,3.3114049050608254,1.2963296603074945,4.292672395718071,5.13390356387145,0.19641570090817942,0.038579127563251395
966,786.7,0.003551581936933003,0.5029246561668472,0.502912115628851,0.25292059604628675,1.6029196,3.024,0.33004186765611354,0.10515545233262982,0.24714319476200686,3.187196293411046,1.2780559469901833,4.073415177019056,4.856715941476125,0.5029121156288509,0.2529205960462867,0.0004963771685000003,0.49521879270869,0.49521854393950054,0.24524140626155905,1.3451616,2.3125999999999998,0.33776762175208996,0.5575826788772758,-0.2834421010733341,2.7162975634312905,1.242584754064984,3.375229939823585,3.9825060585212135,0.49521854393950054,0.24524140626155905,-0.020156740379539996,0.1963560484114255,0.19531872302731731,0.038149403565021896,0.68609621,1.23949,0.1288903586412357,-0.15064994442588397,0.5395897910942113,3.4941434987651627,1.2836696463539021,4.4853259493696624,5.323099549359918,0.19531872302731734,0.0381494035650219
967,787.4,0.0023972898298380008,0.5049585496295602,0.5049528590328614,0.2549773898454607,1.6029196,3.0170000000000003,0.3282612088381856,0.07180083201053482,0.29423074192789445,3.1743587690037307,1.2830698354377281,4.072923983365926,4.883061284253509,0.5049528590328614,0.2549773898454607,0.0006555486680100015,0.48861608153829356,0.48861564178173855,0.23874524539378023,1.3334616,2.4179,0.3360124180260442,0.5782434794615002,-0.2634253739166068,2.729057946275341,1.239406044611483,3.382410914708657,3.968489045237143,0.48861564178173855,0.23874524539378023,-0.019093320373379997,0.19382117857357575,0.1928784445726619,0.03720209438076941,0.68609621,1.30749,0.1284141744947054,-0.11635544813340003,0.5611896253540478,3.5398412859178516,1.2772782991117628,4.521362456802749,5.342838613414036,0.1928784445726619,0.03720209438076941
968,788.1,0.002046500333949996,0.5118196140867372,0.511815522625369,0.26195512920027963,1.5899196,3.1109999999999998,0.335474750345513,0.04624655849537496,0.21212380815748588,3.10640615607701,1.2786599359785182,3.9720370966527048,4.7393122682482245,0.511815522625369,0.26195512920027963,0.0034728796615900023,0.48162666587518926,0.48161414471432135,0.23195218438890727,1.4387616,2.4562,0.3310058247786493,0.6098335634749243,-0.13568497022649995,2.9872963893839857,1.241961996913034,3.710108589130431,4.346635292482031,0.48161414471432135,0.23195218438890725,-0.02036975037172,0.1987454815891253,0.1976988612053371,0.03908483972188715,0.64289621,1.21329,0.13170857524881405,-0.08266848251224872,0.4903963206973727,3.234771451705683,1.2769686354035386,4.13070168652693,4.881202372628269,0.1976988612053371,0.03908483972188715
969,788.8,0.001417156349999998,0.515541138046093,0.515539190252051,0.26578065668574036,1.5769196,3.098,0.3413916266928053,0.0915469362572133,0.16055128468223856,3.058765796996422,1.270994339076791,3.887674012544161,4.619092785831449,0.515539190252051,0.26578065668574036,0.0002809701765799986,0.49199583496927063,0.4919957547406986,0.24205982268286966,1.4387616,2.5102,0.3309547051429236,0.5948307844590472,-0.09057272434019437,2.9243369511245216,1.2542136798978711,3.667743408731207,4.347306678654614,0.4919957547406986,0.24205982268286966,-0.0196532803996582,0.19696653030489364,0.1959835774494409,0.038409562629880996,0.65014621,1.25454,0.12861219810258,-0.14250945108846533,0.5853844003342741,3.3007953635250034,1.2888270431377324,4.254154328374666,5.055089793904687,0.19598357744944087,0.03840956262988099
970,789.5,0.0010400477307400031,0.5198447988773451,0.5198437584703169,0.27023753322054517,1.5590804,3.0629999999999997,0.3368920691145855,0.07798765460327681,0.2094402829490889,2.9991266688961478,1.283915092262184,3.850623993801774,4.627833490107235,0.5198437584703169,0.2702375332205452,0.0009920051755799998,0.49685967664365527,0.4968586863487135,0.24686855420016926,1.3822616,2.4537,0.33617023765454196,0.5665803736398445,-0.25564871328143957,2.7819959336151756,1.2487848591751753,3.4741144001855377,4.111790531023901,0.49685868634871355,0.24686855420016932,-0.020718600386079998,0.19815845557500467,0.1970723550219894,0.03883751311391302,0.66654621,1.30494,0.12736291667755537,-0.15375941843763963,0.6895882937083475,3.363703093394905,1.297891813638979,4.365722708429357,5.23344021468584,0.19707235502198936,0.038837513113913015
971,790.2,0.0034610010270800023,0.5175715247375181,0.5175599527504131,0.2678683046910098,1.6559196,3.215,0.33226700222840544,0.0796168079118331,0.33110499998784704,3.1994024417007587,1.2918538323836113,4.133160305648608,4.9837016281914615,0.5175599527504131,0.26786830469100986,0.0026366981736600007,0.5009532239551231,0.50094628495855,0.25094718041377273,1.4350616,2.6025,0.340166575736961,0.5606374088474115,-0.2765889697694526,2.8646618713617804,1.244665515091311,3.5655458436809493,4.218702548570449,0.50094628495855,0.2509471804137728,-0.02097240037714,0.2009271295762047,0.1998296019666603,0.03993186982215389,0.72948621,1.35088,0.1308442285453611,-0.1617789965213268,0.5637388640041467,3.6306008628035027,1.2864226769993437,4.670487281043809,5.575226497262748,0.19982960196666028,0.03993186982215388
972,790.9,0.001014045117716004,0.5101793586825131,0.5101783509109334,0.2602819497381995,1.6559196,3.153,0.333077345240414,0.06041408199463446,0.2660079464579441,3.2457596957200425,1.2793368094926354,4.152419853502266,4.971576793386423,0.5101783509109334,0.2602819497381995,0.0018138991537599992,0.4973546654793502,0.49735135773810485,0.24735837304393635,1.4350616,2.6025,0.34429492223049823,0.596074533223736,-0.22476034387515398,2.8853888373941126,1.2361781288755715,3.566854574088315,4.168117237114686,0.4973513577381049,0.2473583730439364,-0.01909030037229,0.19842853311661382,0.1975080838510334,0.03900944318650685,0.66675621,1.2441499999999999,0.13053724612144407,-0.12647306140956957,0.3818241122261936,3.3601831325747704,1.2775580806710138,4.292829113555338,5.107785170982462,0.19750808385103344,0.039009443186506856
973,791.6,0.002567699634838003,0.5076978544287283,0.5076913612719045,0.25775051831011947,1.5399196,3.049,0.3392182631327204,0.0895973969749524,0.04847264868819501,3.0331418314397807,1.2609625652308922,3.824678304481432,4.539612890469582,0.5076913612719045,0.25775051831011947,0.0005840021563800037,0.5024402994486816,0.5024399600465336,0.2524459134515622,1.6152616,2.6627,0.344547367459828,0.5696638945232755,-0.19224920686063207,3.21483289014117,1.2419917361515544,3.992795882663551,4.688068325433742,0.5024399600465336,0.2524459134515622,-0.01823091036954,0.19557598277642663,0.19472441795024817,0.037917598946062926,0.67600621,1.2704,0.12914056982324576,-0.09848175475617446,0.49252653106836064,3.456488881729302,1.277490079259826,4.415630255481073,5.2346540744341405,0.19472441795024814,0.03791759894606292
974,792.3,0.004020394543880002,0.5036742015628922,0.5036581556450054,0.2536715377477285,1.5799196,3.089,0.33582645576183684,0.03983730627387126,0.08906657900080983,3.1367888112941604,1.263663663528488,3.9638460409951497,4.704571581223058,0.5036581556450054,0.25367153774772844,0.0019731231609100017,0.5018650910785363,0.5018612123169707,0.2518646764282595,1.6152616,2.6367000000000003,0.3439527932664366,0.5907992418186219,-0.2343434550514245,3.2185175432878026,1.2413523034400755,3.995314166022607,4.696172357433853,0.5018612123169707,0.2518646764282595,-0.0198881903616982,0.2002411110103968,0.199251003567899,0.0397009624228149,0.67600621,1.3184,0.13221655323339512,-0.15787869460234852,0.520420570159315,3.3759611429887686,1.2767685952120247,4.310321166024151,5.112871221250798,0.199251003567899,0.0397009624228149
975,793.0,0.0014325864418599976,0.5047588194123372,0.5047567864532612,0.25477941347062305,1.5929196,3.079,0.33208949204186433,0.03427276440285028,0.17764541236312414,3.1558034030084867,1.27503084872845,4.023746691358042,4.796657642510385,0.5047567864532612,0.25477941347062305,-0.0009673032515300044,0.4964483575720807,0.49644741520168684,0.24646003606043604,1.4257616,2.5031999999999996,0.3378358613924714,0.5800637020146171,-0.23315750740910834,2.8719232892073565,1.2466965127849323,3.5804167496406443,4.2202790258067395,0.49644741520168684,0.24646003606043604,-0.01967944235262,0.19868308931982137,0.1977060685218287,0.03908768953035802,0.71208821,1.354482,0.13187167733779667,-0.1953996839397593,0.5341784497292177,3.584040355109172,1.2735891044045917,4.564594746013405,5.399857076026615,0.1977060685218287,0.03908768953035802
976,793.7,0.0028656037378600044,0.5053020846239058,0.5052939590381845,0.2553219850404825,1.5029196,2.989,0.33045667637791987,0.07371315211665673,0.1972306733290461,2.974299227596927,1.2791389447197903,3.8045419752692204,4.548007976335202,0.5052939590381844,0.2553219850404824,0.003066797152879996,0.49010486528008745,0.49009527005107467,0.2401933737264358,1.4257616,2.5582000000000003,0.33654027006524073,0.5570802883006724,-0.25585170503357935,2.90909497334861,1.2405479361561154,3.6088717652697473,4.236525987584208,0.49009527005107467,0.2401933737264358,-0.02006151236806,0.1939455540165586,0.192905193409343,0.03721241364429603,0.71208821,1.297482,0.1306072785783373,-0.0855228464529981,0.31597289444956633,3.671588212531047,1.2632994676234208,4.638315434222899,5.452132666349791,0.192905193409343,0.03721241364429603
977,794.4,0.002693495541999997,0.5105790683909907,0.5105719637433858,0.26068373016077717,1.5029196,2.951,0.3388021203273784,0.06935433352848687,0.09501548986145947,2.9435589765483607,1.2695747458730324,3.7370681396136685,4.435980502565202,0.5105719637433858,0.26068373016077717,0.0019137811612400038,0.48829240602249996,0.48828865563405105,0.2384258112209089,1.3898616,2.4873,0.33486592135274734,0.5622222015880919,-0.2318488184616707,2.8463715242295957,1.2427517451968744,3.5373331792150173,4.150501772128438,0.48828865563405105,0.2384258112209089,-0.020371123369019997,0.19562531979374237,0.19456177188000764,0.03785428307708813,0.71081921,1.2492130000000001,0.1317110434934606,-0.08843445945868807,0.28309268958267797,3.6335746862903666,1.264044885159078,4.593001497048839,5.396807975599191,0.19456177188000764,0.03785428307708813
978,795.1,0.0012114388359800014,0.5064379345918626,0.506436485661942,0.2564779140096184,1.5269196,2.975,0.3379947591064261,0.05753153041275298,0.028002886559152174,3.0150182198151128,1.2644880306687738,3.8124544512044842,4.517583657322956,0.5064364856619421,0.2564779140096185,0.0001026376690400006,0.4937657049809398,0.4937656943134399,0.24380456088083338,1.3936616,2.4291,0.33420043240556857,0.5762431622378946,-0.24335473414401498,2.8225159948153906,1.2486961778573025,3.5244649346670798,4.1701370341398105,0.4937656943134399,0.24380456088083338,-0.019891960375258002,0.19495784775741368,0.19394038340333367,0.037612872314632055,0.69162621,1.2300200000000001,0.13083727162688147,-0.21375677578899524,0.3675598160105369,3.5475679381760075,1.2667564231525061,4.493904472254351,5.286155859106897,0.19394038340333367,0.03761287231463206
979,795.8,0.003212764845979997,0.511971861783251,0.511961781190601,0.2621048653998528,1.5819196,3.067,0.34293494218364867,0.05695604125016776,0.09901436896269011,3.0898565293998974,1.2644519938545689,3.9069752493242587,4.612885435141368,0.511961781190601,0.2621048653998528,0.00364754945356,0.48885626145550637,0.48884265336326604,0.23896713974723827,1.3936616,2.4291,0.334266118319675,0.6323546157161215,-0.14542605696210176,2.850861715160511,1.2448753728297421,3.5489675405464784,4.1693175695036295,0.48884265336326604,0.23896713974723827,-0.01987846035915,0.20004868936478823,0.19905859672548493,0.03962432493031924,0.69162621,1.28002,0.13540224655555289,-0.15145422397170838,0.2880153247759547,3.457289383880049,1.2609842755994822,4.359587549269764,5.107937479576747,0.19905859672548493,0.03962432493031924
980,796.5,0.002317406834980002,0.5090657285576964,0.5090604537945757,0.2591425456175393,1.5819196,3.06,0.3344161892743144,0.0864881244660585,0.17890107511788278,3.1074957736439113,1.276692282356473,3.9673158716665387,4.7303918014040445,0.5090604537945757,0.2591425456175393,7.463916890000011e-05,0.48939209033877684,0.4893920846470159,0.23950461251515198,1.4118616,2.4443,0.3358088482848017,0.5887522828156867,-0.2094108149368834,2.8849293396275626,1.2396974149347597,3.576439444605733,4.204360925006332,0.4893920846470159,0.23950461251515198,-0.0203830203574,0.20114020141741193,0.20010475533416705,0.04004191310734685,0.72572621,1.36212,0.13391195474364817,-0.044011541601633106,0.41230770074388534,3.6080614660117205,1.2712134358052918,4.5866162128054375,5.419428096537612,0.20010475533416705,0.04004191310734685
981,797.2,0.001979751432959998,0.5040197885771365,0.5040159004055378,0.254032027861605,1.4959196,2.973,0.33337175517773093,0.05240651182482285,0.12043667665713054,2.967977912579638,1.2700396989839016,3.7694497746835114,4.487241575707211,0.5040159004055378,0.254032027861605,0.0013806902700799996,0.49679992778644666,0.49679800919789996,0.24680826194299668,1.5287616,2.5612,0.3392318391052038,0.5516173281133187,-0.2970163959852723,3.0772178386007134,1.2421103407676377,3.8222440981205854,4.506539256552197,0.49679800919789996,0.2468082619429967,-0.0200348103919,0.1941761648183601,0.19313981815288,0.03730298935612755,0.72572621,1.31412,0.12569009043415158,-0.1908560514539543,0.5705963998068393,3.7374628893246116,1.2884401043505025,4.815497075127532,5.7739333903988594,0.19313981815288,0.03730298935612755
982,797.9,0.0026851944268599997,0.5067813225228489,0.506774208685582,0.2568200985888978,1.5299196,2.982,0.3343896520213096,0.03298463202981547,0.07823318696997905,3.0188949987023674,1.2722008427845728,3.840640761627283,4.5752600020723815,0.506774208685582,0.25682009858889776,0.002524248752219999,0.5056842080248382,0.5056779077772181,0.2557101464139447,1.3736616,2.4621,0.3470075545126594,0.5647864586714708,-0.35450491198116874,2.7164415621468816,1.2383575310661858,3.363925866185785,3.9585927802902816,0.505677907777218,0.25571014641394463,-0.020644670381179998,0.1933500529398104,0.19224474129785685,0.0369580405566799,0.66631621,1.22371,0.128089021310396,-0.21397426956566967,0.448763456486609,3.4461651283199974,1.2741630982902383,4.390976437119984,5.201977524563381,0.19224474129785685,0.03695804055667991
983,798.6,0.0021481722338600024,0.5146041538397411,0.5145996701370588,0.26481282050516963,1.5099196,2.871,0.33744638950331163,0.04057304332393759,0.09389109750097413,2.9341379946774033,1.2756224710146262,3.742852359068289,4.474546615308154,0.5145996701370587,0.2648128205051696,-0.0013041798572399935,0.5043670509063818,0.5043653647455392,0.25438442115490073,1.4225616,2.511,0.34974120612827536,0.539304579253187,-0.2129500610993711,2.820488763973698,1.2356753040532413,3.48520831100195,4.067469246040869,0.5043653647455392,0.25438442115490073,-0.02034981036118,0.19770603210918042,0.19665594410192713,0.03867356035062029,0.60250621,1.1599,0.13176386379630498,-0.060307965767975376,0.25450614218775636,3.047485216168186,1.2685348313924325,3.865841144862841,4.572620995172244,0.19665594410192713,0.03867356035062029
984,799.3,0.0030138327552999993,0.5162166452100573,0.5162078472902647,0.2664705416040492,1.5099196,2.96,0.34219716924139515,0.04008449554059593,0.10087392301583353,2.9249727106060055,1.2695212337486188,3.713314964249578,4.4124257466748995,0.5162078472902646,0.2664705416040491,0.0003432151605800007,0.4990046808020385,0.4990045627704199,0.2490055536656979,1.4188616,2.4873000000000003,0.3415698870356183,0.5200203097643314,-0.2121689888722531,2.84338334806699,1.2436933872422486,3.5362970673856404,4.15394229366608,0.4990045627704199,0.24900555366569793,-0.0210523603912982,0.19592748150242512,0.19479316243091807,0.03794437612983803,0.66617621,1.1985700000000001,0.12716031552106055,-0.14840615319338815,0.3928341058300244,3.4001162312279014,1.2868884970762304,4.375570466689371,5.238868803291594,0.1947931624309181,0.037944376129838045
985,800.0,0.004163048942057999,0.5203739315794644,0.5203572788872807,0.2707716976909752,1.5029196,2.9530000000000003,0.34325659872687725,0.06813579390263734,0.11696069757340943,2.8881531314189104,1.274001677644004,3.679511934720475,4.378414298732373,0.5203572788872807,0.27077169769097514,0.002250156170260002,0.49696150095037006,0.4969564067642695,0.2469656702240541,1.3471616,2.4786,0.3408972662545205,0.5245891288232674,-0.3165024528398219,2.71079670643247,1.2406950398255707,3.3632720276462593,3.9518110978167336,0.49695640676426955,0.24696567022405413,-0.02082169038089,0.19283860342660009,0.19171119993679003,0.036753184181203886,0.60968621,1.21908,0.1277663109556433,-0.1976509543148253,0.3797796861216982,3.161639833344178,1.2752236405685236,4.031797858443624,4.771885526315815,0.19171119993679003,0.036753184181203886
986,800.7,0.0022968488419599967,0.5163999201783975,0.5163948121792594,0.26666360204565265,1.6389196,3.154,0.33857193786928536,0.07312047029316752,0.1822806851413996,3.1737410018069183,1.275674997375878,4.048662044151757,4.840683520064053,0.5163948121792594,0.2666636020456526,7.951175066000138e-05,0.4948585386782843,0.4948585322904804,0.24488496698068843,1.3716616,2.5111,0.3452034310498507,0.5491271620041192,-0.31757922652158177,2.771825668934733,1.2306235362580282,3.4110739065952362,3.973487736864118,0.49485853229048044,0.24488496698068846,-0.02115677035334,0.1977893882890532,0.19665460378026722,0.03867303318797389,0.63786621,1.24726,0.1346331364464189,-0.07811955613107653,0.20029079473443678,3.224976908608515,1.2545943053837587,4.046037664534361,4.737809924333577,0.19665460378026722,0.038673033187973896
987,801.4,0.002464911840079994,0.5118576095658696,0.5118516744918462,0.26199213668010685,1.6389196,3.1559999999999997,0.3379187746484077,0.05060584079923817,0.17244876523689046,3.20190531384313,1.2731143021132427,4.07639144906608,4.8500400775459624,0.5118516744918462,0.26199213668010685,0.0005119216420800041,0.4946205571480377,0.4946202922340203,0.24464923348966766,1.4389616,2.5784000000000002,0.34603766127170976,0.5743531607288843,-0.2014964224754996,2.9092231998948748,1.231155313330665,3.581705600215414,4.1583959234718195,0.4946202922340203,0.24464923348966766,-0.0207532303614382,0.200033197812924,0.19895372240003317,0.039582583656829456,0.65439379,1.29226,0.13192434107095394,-0.018634735375823906,0.49212208006464664,3.27142592907006,1.277974538831045,4.180799043023233,4.9603718668417836,0.19895372240003317,0.03958258365682946
988,802.1,0.00315282784998,0.5125286590735835,0.5125189616475804,0.26267568604831393,1.5170804,2.991,0.34466446050673716,0.04234308683197069,0.106953725418653,2.959991354907226,1.2624156502779476,3.7367394111223087,4.401615408126321,0.5125189616475803,0.2626756860483139,0.0017034181620599988,0.49538547520114806,0.49538254653028746,0.24540386740683243,1.4293616,2.5438,0.33646556396047267,0.5630170467407085,-0.14546625405943248,2.8853522591061376,1.248294303972452,3.601768789996238,4.248166092170783,0.49538254653028746,0.24540386740683243,-0.020044180402710002,0.19961421205415492,0.19860529823241055,0.03944406448598474,0.67826621,1.33266,0.12688744695296159,-0.09778505912331507,0.6586499626551006,3.3978853660779813,1.3045046382699925,4.432557220358458,5.345416164385748,0.19860529823241055,0.03944406448598473
989,802.8,0.002620934941660004,0.5076741191413195,0.5076673536341946,0.25772614194594634,1.6279196,3.021,0.33715695033194204,0.04786935621843105,0.0766191593176897,3.206623183300076,1.267203695099871,4.0634447466707675,4.828373249898185,0.5076673536341945,0.2577261419459463,0.0007503831859599997,0.4936806662328876,0.493680095950021,0.24372003713722196,1.3912616,2.4407,0.3325455845415064,0.5882479646775453,-0.21372617491172274,2.8181407439271484,1.2512772487249466,3.526275396580836,4.183671847329403,0.493680095950021,0.24372003713722196,-0.019840080380819997,0.19708265428143587,0.19608147242689347,0.03844794382909858,0.65774621,1.21714,0.12949539635081195,-0.1656419975120302,0.46364638022994864,3.3374129874500893,1.2807854164288885,4.274509882926443,5.0793018789495825,0.19608147242689344,0.03844794382909857
990,803.5,0.0031519008375799963,0.5139384665662253,0.5139288014283235,0.26412281293755324,1.6319196,3.116,0.33688507730522227,0.08360902300933601,0.16831330989678284,3.1753209891124454,1.2764331045412691,4.053084828047853,4.844143329392591,0.5139288014283235,0.26412281293755324,0.0034726101651000032,0.49574794697933006,0.49573578437799093,0.24575396791286191,1.4291616,2.4786,0.3365197767512075,0.5936916928332641,-0.15199456593353444,2.882839170001824,1.2497901212636893,3.6029439158602927,4.246887400785939,0.4957357843779909,0.2457539679128619,-0.0210738003753982,0.19783525799127166,0.1967096445073573,0.03869468424221089,0.67412621,1.33852,0.12821141189786178,-0.14449360197621577,0.5204601967787759,3.4075129824924426,1.2868895990508646,4.385093015800315,5.25792673227119,0.1967096445073573,0.03869468424221088
991,804.2,0.0020728188360360023,0.5104466819963439,0.5104424733338221,0.2605515185831497,1.5979196,3.0220000000000002,0.3339256783350215,0.07979146201086154,0.24562615373145702,3.1304339049684433,1.2790589645986812,4.004009549233544,4.785255233941118,0.5104424733338221,0.2605515185831497,-0.001531024840029998,0.49367751438780944,0.4936751403251586,0.243715144175065,1.3858616,2.5323,0.33755630983534735,0.5587818275635343,-0.24720915231184115,2.8072204214497267,1.2429754604598964,3.489306095963898,4.105571602782343,0.4936751403251586,0.243715144175065,-0.020793910356878196,0.1982613181978394,0.19716785637018786,0.038875163585615026,0.67412621,1.2925200000000001,0.13225266270126768,-0.15005205920817552,0.36492248778420056,3.4001902949485503,1.268684703416138,4.313769415905233,5.097260019049418,0.19716785637018786,0.03887516358561503
992,804.9,0.002313481131878003,0.5090071821220769,0.5090019246102214,0.2590829592569095,1.5979196,3.0060000000000002,0.33222827892772105,0.08731909121756688,0.2393676296510101,3.1392869415676845,1.2800834961566643,4.0185494036009235,4.809703752965714,0.5090019246102214,0.2590829592569095,-9.411081548000055e-05,0.4957418246141076,0.49574181568118597,0.24575994781487895,1.3899616,2.3983999999999996,0.3323748738508235,0.5673760440333625,-0.27150031917050477,2.8038013558407453,1.2522962082078288,3.511189806487335,4.181909372077994,0.49574181568118597,0.24575994781487895,-0.021037520377679995,0.1981901566540665,0.19707044661978648,0.03883676093092211,0.65740621,1.2758,0.13072760784846707,-0.14947374321655804,0.44832396775403494,3.317047733846227,1.279061504450772,4.2427080647883795,5.0288245981065645,0.19707044661978648,0.03883676093092211
993,805.6,0.003278297825900004,0.5093910219854189,0.5093804727732644,0.2594684660427143,1.4979196,2.95,0.3342812869534824,0.06666345875253436,0.1762579730561984,2.940608560711691,1.2765706230500664,3.7538945024940826,4.4810154156443875,0.5093804727732644,0.2594684660427143,0.004223685161600002,0.4997808792011012,0.49976303154463253,0.24976308769868139,1.4647616,2.6082,0.34105792634295484,0.5748535136269559,-0.24265839556486402,2.930807601806253,1.244770133923422,3.6481817710041535,4.29475900386227,0.4997630315446326,0.24976308769868144,-0.0223363803725782,0.19713266290736162,0.19586314838886604,0.03836237289679896,0.64609621,1.22149,0.13064009791723993,-0.1430531209464968,0.5889131630476268,3.2774690935089708,1.2789203684294708,4.191621980586697,4.945619456051692,0.19586314838886604,0.03836237289679896
994,806.3,0.0019769348369799993,0.5184269517975671,0.5184231824279923,0.2687625960787674,1.5969196,3.172,0.3483999075317857,0.08560884948580996,0.16901321193116514,3.0803174766723114,1.2632872352681683,3.891325748853585,4.58358215796687,0.5184231824279923,0.2687625960787674,1.7345580800003368e-06,0.5036182190739976,0.5036182190710106,0.25363131058025634,1.4525616,2.5119999999999996,0.3433123868800103,0.5878314291760897,-0.19328562597730192,2.884251492471467,1.2450858247287964,3.5911406482290986,4.231020072420745,0.5036182190710106,0.25363131058025634,-0.021292810369298202,0.2006846799224214,0.19955189044993243,0.03982095698214184,0.68639379,1.3660299999999999,0.1336764530745035,-0.06256132405225695,0.5535653067191255,3.42026003312928,1.273478661556429,4.355628169164424,5.134739695834419,0.19955189044993243,0.03982095698214183
995,807.0,0.0010550653320600017,0.5112285756779231,0.5112274869633117,0.261353543426823,1.5969196,3.085,0.337158905028116,0.07516807527586496,0.15292238097235256,3.123690020422623,1.2731395052283383,3.9768931670875562,4.736400481152445,0.5112274869633117,0.261353543426823,-0.0007455221188200021,0.5084334867563564,0.508432940172051,0.2585040546519964,1.5199616,2.5534,0.3411266983813602,0.5966738892039821,-0.19423645146272728,2.989499392923292,1.2526317469935973,3.7447418471938017,4.4557098790923995,0.508432940172051,0.2585040546519964,-0.0225834903894,0.19772030071167193,0.19642633040238228,0.03858330327534585,0.76930621,1.3136999999999999,0.12955826011249505,-0.18966043896125276,0.4957448671759015,3.890881246037807,1.2833268035929104,4.993272192637299,5.937917114138564,0.19642633040238228,0.03858330327534584
996,807.7,0.0025359108328979986,0.5079336358052579,0.5079273053681953,0.2579901475385959,1.5369196,3.0140000000000002,0.3344235300657387,0.07378489744227754,0.16677278748539237,3.0258275720674193,1.2722931491073513,3.8497396903215075,4.595728056868136,0.5079273053681953,0.2579901475385959,0.0010572961574999975,0.49902734241213803,0.49902622235685834,0.24902717059975663,1.5335616,2.567,0.34278635511089117,0.5690516017105455,-0.2516648939337931,3.073101350694043,1.241010627512172,3.8137514356333178,4.473811682217905,0.4990262223568584,0.24902717059975665,-0.02093840038978,0.197297495023171,0.1961832942213364,0.038487884931535446,0.76930621,1.3637000000000001,0.12974110113400453,-0.11549351330215843,0.4947409694635545,3.899219348475008,1.280457677669254,4.99278535167133,5.929548949992443,0.1961832942213364,0.038487884931535446
997,808.4,0.0018652395389799996,0.5018734789873143,0.5018700128442547,0.2518735097922924,1.5409196,2.959,0.3351818419925564,0.02002902756321321,0.08393570984681409,3.070334784594086,1.2647156588321387,3.8831004799331414,4.597264550011692,0.5018700128442547,0.2518735097922924,0.00015683425348000224,0.497810033292591,0.49781000858740027,0.2478148046497875,1.4196616,2.5191,0.342895000362464,0.5661063178210609,-0.22394152616245666,2.8518139552353796,1.2403541625430141,3.5372593101744605,4.140222512720565,0.4978100085874002,0.24781480464978747,-0.020473760391297998,0.19349099123867616,0.1924047526075309,0.03701958882596517,0.75686621,1.31826,0.12787313534526973,-0.10768520614906385,0.3265739927644056,3.911635395295411,1.2752737999307855,4.988406134502139,5.918883649457634,0.19240475260753093,0.03701958882596518
998,809.1,0.0022913216199600007,0.5127070999311883,0.5127019798724044,0.26286332016508335,1.6129196,3.114,0.3391245751984982,0.023912533177222212,0.07698286520311415,3.1458889494927487,1.2688639018670838,3.9917049272939105,4.756127151964487,0.5127019798724043,0.2628633201650833,0.0014316141498000009,0.49695661569102234,0.49695455361632473,0.24696382836000055,1.5076616,2.6071,0.3423259136087183,0.5737669644960253,-0.19218325150221993,3.033789172730066,1.2395700163236092,3.760594094363397,4.404170236797414,0.49695455361632473,0.24696382836000058,-0.021251370375638,0.19568729590369294,0.19452993866049753,0.037841897035256936,0.63317621,1.20357,0.13170271061977656,-0.07524819114770755,0.1688860127305336,3.2356531223754876,1.2626249940272363,4.085416504313558,4.807617147895829,0.19452993866049753,0.037841897035256936
999,809.8,0.0020766152357200003,0.5199906776066459,0.519986531043816,0.2703859924669814,1.6129196,3.082,0.34127892300676527,0.0522216453119621,0.10961499142460829,3.101824070046339,1.274226266300688,3.95242570349675,4.726103756392909,0.519986531043816,0.2703859924669814,-0.0018159688240000022,0.4944362512827449,0.4944329164201792,0.24446390883976393,1.4495616,2.573,0.33311329222194225,0.610142122700262,-0.04311842138326849,2.931746198300221,1.253130723020943,3.673861233189857,4.351557364556337,0.4944329164201792,0.24446390883976393,-0.020645210381600002,0.20003493397706706,0.19896670600758573,0.03958775009950905,0.64095621,1.2493500000000002,0.13226335848536522,-0.05936260073133984,0.32213021576676537,3.204221369020884,1.2767336272548628,4.090937170997576,4.846060294703019,0.19896670600758573,0.03958775009950905
1000,810.5,0.0010384375480800001,0.5162512761936894,0.5162502317859738,0.2665143018190717,1.5999196,3.104,0.33903170555647505,0.07613349893829685,0.1858866998850517,3.09911020810675,1.2780234038251288,3.960735376993792,4.719085483093526,0.5162502317859737,0.26651430181907165,-0.001550741940020002,0.4890932077545013,0.4890907493206381,0.23920976107102326,1.3920616,2.5155,0.3343157216485836,0.6094597660267639,-0.11875432071378844,2.846209225417705,1.2450140184871719,3.5435703851925577,4.163913061388322,0.48909074932063806,0.23920976107102324,-0.02183782039136,0.20082534486200215,0.19963448785091417,0.039853928739496794,0.68628621,1.29468,0.13005322257802776,-0.19266969714854482,0.47111052402712383,3.4173286766746696,1.291017478578002,4.4118310516328325,5.276964279668274,0.19963448785091417,0.039853928739496794
1001,811.2,0.002349508707000002,0.5193049466847087,0.5192996316771695,0.2696721074600439,1.5810804,3.124,0.3447404519144489,0.06627251195097797,0.16355763602885354,3.044608779665522,1.2699119160955228,3.8663849691462944,4.586292067611382,0.5192996316771695,0.2696721074600439,0.0035860071564800004,0.492872973104542,0.49285992753477553,0.24291090816958422,1.5055616,2.561,0.3386915529247586,0.6049445049972867,-0.22790668039001805,3.0546645528495215,1.2398141615762437,3.787216371487801,4.445229256527886,0.4928599275347756,0.24291090816958424,-0.0226604903699,0.2019204864287311,0.20064492272622064,0.04025838501581105,0.70639379,1.37587,0.13229315887212023,-0.11752007224968287,0.4719715094246628,3.4983760315441073,1.2811936061974742,4.4820970036888035,5.339609364705155,0.20064492272622064,0.040258385015811055
1002,811.9,0.0017429775409199967,0.5175314934608826,0.5175285583937792,0.2678358087531433,1.6139196,3.1950000000000003,0.3449910829312714,0.07063452700583867,0.061192195196879684,3.1184954353352556,1.2638494835550513,3.941308845417248,4.678148740214026,0.5175285583937792,0.2678358087531433,-0.0007846258494399994,0.4984451112173796,0.49844449365880483,0.24844691325878232,1.4514616,2.5149,0.344454431437893,0.5967963642099084,-0.25651464369640786,2.9119788063624825,1.2356866337623222,3.5982932888212815,4.213798597222304,0.49844449365880483,0.24844691325878232,-0.023722330378858198,0.1990151378239291,0.1975962452185613,0.03904427612447381,0.65274621,1.26214,0.13319603535128557,-0.052248348463668035,0.4137816946228541,3.2798822096512668,1.2700466448090189,4.165603395736382,4.900642937895823,0.1975962452185613,0.03904427612447381
1003,812.6,0.002768100145960001,0.509097195800792,0.5090896702878697,0.2591722923938119,1.6139196,2.9779999999999998,0.34472430686204253,0.0952866031507136,0.02489297482458319,3.1701600663137834,1.2539920893288512,3.975355645063711,4.681769077124826,0.5090896702878697,0.2591722923938119,-0.0029051598353200024,0.4971627655949532,0.497154277403256,0.24716237554035364,1.4432616,2.5067,0.33898112781991774,0.6017640537387529,-0.1590331975968451,2.9029961611723945,1.2447410797561789,3.613478576185768,4.2576458733322955,0.497154277403256,0.24716237554035364,-0.022428920388258198,0.19775199586313458,0.1964759410158668,0.03860279539807037,0.73389621,1.36929,0.12903946090516205,-0.061823198208028556,0.6159520894877626,3.711194958092531,1.2885869973092257,4.782197567477592,5.687378146591757,0.1964759410158668,0.038602795398070364
1004,813.3,0.0021098213536400014,0.5065463593405325,0.5065419655023694,0.25658476281500364,1.5619196,3.05,0.3393420501958344,0.09754537251267349,0.08759376877231473,3.0834682180589494,1.2610935810340347,3.888541977116594,4.602788245956007,0.5065419655023693,0.25658476281500353,0.00033085716608000125,0.49715395382826894,0.49715384373513216,0.2471619443406162,1.4228616,2.4263000000000003,0.33645904802378046,0.6177544770799458,-0.1594378606927087,2.86201404825093,1.2519474334567602,3.5830911422249447,4.228929518636201,0.49715384373513216,0.2471619443406162,-0.02270552038034,0.1936177703011964,0.19228182524790224,0.036972300320664814,0.73389621,1.29629,0.12746001966571685,-0.19666944455314805,0.5445376180690977,3.790438289100911,1.2812737602278494,4.856589119587941,5.757854203418089,0.19228182524790224,0.036972300320664814
1005,814.0,0.0025692171527599964,0.5192156864906797,0.5192093298672606,0.26957832822120986,1.6869196,3.175,0.3431133802154901,0.09689568402715919,0.14435557781896735,3.248976569644302,1.2717111222794764,4.131759639642079,4.9165077705233795,0.5192093298672605,0.2695783282212098,-0.00041163085033999857,0.4991624466016028,0.4991622768773107,0.24916297865734097,1.3856616,2.4321,0.34495854487331296,0.6014271547853914,-0.20413522971340647,2.775973251661578,1.2377227740361316,3.4358853136966685,4.0168931038043665,0.4991622768773107,0.24916297865734097,-0.022767980360369998,0.1971313371786549,0.19581211190361622,0.038342383168154325,0.64839379,1.27807,0.1304447667407899,-0.11409870388017844,0.3019772770140552,3.28914620719271,1.2712307884721596,4.181263926369803,4.970638579073392,0.19581211190361625,0.03834238316815433
1006,814.7,0.001053236355899998,0.5283630658023954,0.5283620160432476,0.2791664199972851,1.6869196,3.128,0.35124961876280686,0.038728641559564424,0.10977830248878728,3.1927280863929606,1.2675126658281066,4.046823288048211,4.802623290928464,0.5283620160432476,0.2791664199972851,-9.171853420001374e-06,0.5098131081133626,0.5098131080308589,0.2599094051200842,1.4502616,2.5247,0.3512449101221016,0.543217481086435,-0.2772519877177806,2.8446926470111835,1.2381069819959,3.5220338278969443,4.12891847883533,0.5098131080308589,0.2599094051200842,-0.022289030377347998,0.20023656769061918,0.1989921660904207,0.039597882165357576,0.73114621,1.4145400000000001,0.1321735327970762,-0.06669847147805874,0.4569785223771783,3.6514120194552917,1.2765663371095683,4.661269666953894,5.531714213332835,0.1989921660904207,0.039597882165357576
1007,815.4,0.0019357986288800024,0.5284641910010678,0.528460645511169,0.27927065385408145,1.6630804,3.3049999999999997,0.34751550338316173,0.08059655134236582,0.12440771907038028,3.147006795010335,1.272749668420141,4.005351854865334,4.785629371378951,0.528460645511169,0.27927065385408145,-0.0015391888413200027,0.502857896312472,0.5028555406690033,0.2528636947815156,1.3194616,2.3939,0.3423466220264284,0.5679095239516055,-0.23888921239181204,2.6239253866267154,1.2458006650218203,3.268887991627199,3.8541685972824946,0.5028555406690033,0.2528636947815156,-0.02225214038346,0.2021441562658028,0.20091565932193559,0.04036710216076808,0.73114621,1.39254,0.13106667066474914,-0.13134531815476888,0.6172888383835202,3.6169544720283846,1.290371651836387,4.667215516688274,5.578429712845712,0.20091565932193559,0.04036710216076808
1008,816.1,0.00013956714297800143,0.5211517773811057,0.5211517586927038,0.2715991555884982,1.7109196,3.174,0.3443465409912122,0.142647404128571,0.14109333420365422,3.28295838996793,1.271238937211842,4.173424534573531,4.968598189123854,0.5211517586927038,0.2715991555884982,-0.0022381598300399972,0.4886954620964185,0.48869033683326213,0.23881824531420717,1.2967616,2.3962,0.3298002289085021,0.604320011343385,-0.16705993859119417,2.653516761619022,1.25203955512028,3.3223079457216866,3.9319608852053474,0.4886903368332621,0.23881824531420714,-0.022799100372920003,0.2012610429495711,0.19996551810583393,0.0399862084313346,0.69939379,1.3292899999999999,0.13257627487537108,-0.08626368685249466,0.5080975624598367,3.475057963280273,1.2786066362547686,4.443232173220136,5.275406860371271,0.19996551810583396,0.03998620843133461
1009,816.8,0.00146278982886,0.5180974000979386,0.5180953350824151,0.26842277623416,1.5089196,2.9770000000000003,0.34186394949350485,0.08515268825461368,0.008531818213852738,2.9124245744424915,1.2683540755034715,3.6939855785905977,4.413801461767376,0.518095335082415,0.26842277623415994,0.002754506149009999,0.4901709592230872,0.49016321971518473,0.24025998196155648,1.3832616,2.5727,0.3349663648291106,0.5662227353845943,-0.1323280701195042,2.821998272179255,1.2471832921655204,3.5195490955819335,4.129553726105297,0.49016321971518473,0.24025998196155648,-0.02345614037588,0.200932712147823,0.19955892435505584,0.039823764289746905,0.69939379,1.32538,0.1322179063191659,-0.028870571035592422,0.42370606012947665,3.480736324732765,1.278511530307557,4.45016152513119,5.289705528324631,0.19955892435505584,0.0398237642897469
1010,817.5,0.00174793184068,0.50805637497417,0.5080533681476532,0.2581182248861748,1.4959196,2.891,0.33663884986755666,0.08805027500125334,0.10751993634838897,2.9443968694931812,1.2697673845269226,3.7386991119856154,4.443692700912379,0.5080533681476531,0.25811822488617475,0.000882002154040002,0.4967762528900615,0.4967754699134112,0.24678586750769055,1.4445616,2.5629999999999997,0.3382308607303019,0.5818459004921562,-0.13555776983991752,2.9078716858868994,1.2485085701228689,3.630502720647429,4.270933754776039,0.4967754699134112,0.24678586750769052,-0.021764740376266203,0.19863053216780038,0.19743450657272985,0.0389803843856173,0.63039379,1.24759,0.1296164091620823,-0.06077520481645331,0.44635031736805253,3.173700352710387,1.2842564238927225,4.075845065478914,4.86353382318829,0.19743450657272985,0.03898038438561731
1011,818.2,-9.153849819999226e-06,0.509441999514774,0.5094419994325341,0.25953115078581807,1.6739196,3.0940000000000003,0.3370045147563962,0.10272376119450184,0.16342209301649513,3.2857903384376455,1.2730181218001861,4.18287064526709,4.967053931636475,0.509441999432534,0.259531150785818,-0.0023199428269400045,0.49254941116059514,0.4925439475822728,0.24259954029992872,1.3763616,2.4948,0.33138190545774066,0.576056225258425,-0.22427209756718725,2.7943624919921772,1.25283913433117,3.5008866854749705,4.153399981507198,0.49254394758227277,0.24259954029992864,-0.0225005053758282,0.19723649770483584,0.19594887926370502,0.03839596328470205,0.71513121,1.339525,0.12990978448390297,-0.1875869679497958,0.43779917196738216,3.625754960779079,1.2792224188503925,4.638147031086624,5.504829469473959,0.19594887926370502,0.038395963284702045
1012,818.9,0.0032515615440800003,0.5120063244409488,0.5119959996084493,0.26213990361505524,1.6739196,3.076,0.3399155048849839,0.06255721481774783,0.037741649078285366,3.2693338345531666,1.2657814684467097,4.13826218194322,4.924516757675996,0.5119959996084493,0.26213990361505524,0.0015550841559999987,0.4956321194135947,0.49562967980910866,0.24564877950767958,1.4717616,2.5052000000000003,0.3416156940754385,0.595994627608255,-0.2299826627554804,2.9694637259209697,1.2397615450141506,3.681426936711258,4.308237664499667,0.49562967980910866,0.24564877950767958,-0.023073880362819998,0.20073475785917147,0.19940421023083357,0.03976203905778247,0.69753621,1.32193,0.1340357601959381,-0.06496904756978665,0.4409880158775783,3.4749149446722485,1.2704735278663686,4.4147874487933185,5.2041052998119115,0.19940421023083357,0.03976203905778247
1013,819.6,0.002933421625999998,0.5185635835739758,0.5185552865863464,0.26889958524664787,1.7159196,3.2,0.3402360893158013,0.07239771487095661,0.16849627816161883,3.3089859264196,1.2772582198938234,4.226429474032413,5.043320370424646,0.5185552865863463,0.2688995852466478,-5.420684529999864e-05,0.5011578308178729,0.5011578278862794,0.25115916845169367,1.4717616,2.5382,0.34565152326345544,0.5650572993096146,-0.21734936872852462,2.9367227438073433,1.2383897899173084,3.6368074617489574,4.25793465657093,0.5011578278862794,0.25115916845169367,-0.02334674035586,0.201568910201387,0.20021227553407128,0.040084955274530876,0.64454621,1.2679399999999998,0.13544144270568254,-0.09819846787428553,0.35911265282465,3.19764694543437,1.267307345504494,4.0524014622789855,4.758855171091275,0.20021227553407128,0.040084955274530876
1014,820.3,0.0030878814079599976,0.523692713781153,0.5236836100699342,0.27424452345587896,1.5889196,3.132,0.34250914782606595,0.04762672338659244,0.18197960119437928,3.034068563848679,1.2786825394653174,3.8796104961339175,4.639057409371413,0.5236836100699344,0.274244523455879,-4.505184843999821e-05,0.5050110067988302,0.5050110047893007,0.2550361149582991,1.5981616,2.6296,0.3458230391602649,0.5681751323370176,-0.207797561069472,3.1646074609946546,1.2420658117800298,3.930650735005465,4.62132772842634,0.5050110047893006,0.25503611495829903,-0.021336260383340005,0.2030705084137402,0.2019465161379845,0.04078239538026924,0.76988621,1.36728,0.13179957344080262,-0.21591530998353684,0.5705793740192,3.7912260919316627,1.290230742994904,4.891556457454655,5.841340680406618,0.2019465161379845,0.04078239538026923
1015,821.0,0.0027517849900490004,0.5190330775197832,0.5190257828268513,0.26938776323902586,1.5889196,3.06,0.33467950699435955,0.09355590323026917,0.24698120084037,3.0613070126333857,1.2881295936830148,3.943360158322407,4.7475855760322325,0.5190257828268513,0.26938776323902586,0.0010666311614999989,0.5052419201331251,0.5052407942335739,0.25526826015777254,1.5981616,2.6296,0.345162631884877,0.6025549892417046,-0.20401883634786344,3.1631611240391613,1.242892238576736,3.9314684104359374,4.630169816682355,0.5052407942335738,0.2552682601577725,-0.022873370375679998,0.20158068616770614,0.20027876064001443,0.0401115819635002,0.76988621,1.36928,0.13271770758238977,-0.22807229316838934,0.6352648622518746,3.819245904141278,1.2827246675040378,4.8990409325057795,5.8009305918885214,0.20027876064001443,0.0401115819635002
1016,821.7,0.0017286484428799982,0.517035410519124,0.5170325207423997,0.26732262750524,1.5830804,3.154,0.3388248360103903,0.0870673730281822,0.25038191826308687,3.061841351273261,1.2805961499648217,3.920982246243625,4.6722678852014665,0.5170325207423998,0.26732262750524005,-0.0023436708479199976,0.501909665583084,0.5019041936591881,0.25190781961267983,1.5249616,2.6563999999999997,0.3467793556579869,0.6109567585754575,-0.1868732273887974,3.03831885410775,1.2362132837787105,3.7560101278033104,4.397498222195216,0.5019041936591881,0.2519078196126799,-0.02339902036718,0.20033974264149948,0.1989685862831581,0.03958849832751853,0.75874621,1.3581400000000001,0.1332324158051391,-0.08332319548307564,0.5503103869450112,3.7872975176859844,1.2749117968376735,4.828470283431899,5.694906944491007,0.19896858628315814,0.03958849832751854
1017,822.4,0.002615723831000004,0.5109412687379501,0.5109345731973773,0.2610541380883861,1.5709196,3.0620000000000003,0.3376896721215274,0.04865800598950784,0.06497094221497113,3.0745600250303684,1.2698391551290513,3.904196704578118,4.651962229495308,0.5109345731973773,0.2610541380883861,0.001035753151479998,0.509108206652682,0.509107153059667,0.2591900932965192,1.4896616,2.5231000000000003,0.35473084634012036,0.5716085425130237,-0.21850671890617912,2.9260215815304274,1.2332349686817548,3.608472133460815,4.199413767844971,0.509107153059667,0.2591900932965192,-0.02220195037678,0.198312222452639,0.1970654991965158,0.03883481097357197,0.67368621,1.26608,0.13167969292933288,-0.1807841361452739,0.4468803892833182,3.397098785279813,1.2744487562415923,4.329428321729682,5.116097972384701,0.1970654991965158,0.03883481097357197
1018,823.1,0.0033025046309999996,0.5109691991204814,0.5109585266075793,0.2610786159129884,1.6269196,3.122,0.3364061725233598,0.032099793678003856,0.12707454337960966,3.1839876117785106,1.2730221196065634,4.053286658347319,4.836176422675561,0.5109585266075793,0.2610786159129884,0.0009818271657599951,0.507010136017609,0.5070091853605919,0.25705831404001106,1.3614616,2.3949,0.34707024489741045,0.5805044576874653,-0.25527758055846483,2.685274915199555,1.241730476158334,3.334387699066774,3.9227263645214836,0.5070091853605919,0.257058314040011,-0.021456640378179997,0.19775795729331247,0.19659049381011548,0.03864782225650505,0.75124621,1.32864,0.13178481604097694,-0.21137733041241175,0.43188431917701564,3.7988165952066333,1.2719377427443082,4.831858205206744,5.700552101286151,0.19659049381011545,0.038647822256505045
1019,823.8,0.0013093562359799992,0.5133214967037903,0.5133198267790431,0.26349724456446677,1.6269196,3.012,0.3375341384064288,0.04317703984019414,0.1181289152089251,3.1693969772296637,1.2724256237149258,4.032821925551656,4.820014969985071,0.5133198267790431,0.26349724456446677,-0.0006558361228400025,0.49825302984165926,0.49825259821236595,0.24825565162537336,1.5001616,2.7796000000000003,0.33692124916962,0.6159671280721079,-0.10911419944496581,3.010842905414422,1.250545867787366,3.7651971539229123,4.4525585836373205,0.49825259821236595,0.24825565162537339,-0.0230334003712182,0.19938036109105275,0.19804542624392452,0.03922199085613775,0.73573621,1.44513,0.1326990072014859,-0.1149945371800837,0.402849325105862,3.690113740259528,1.2720036944198572,4.693838310439597,5.544398752606203,0.19804542624392452,0.03922199085613775
1020,824.5,0.0023321226379560017,0.5220429593278751,0.5220377501558743,0.27252341258780705,1.5060804,3.0090000000000003,0.3452717535603366,0.039565670155384355,0.1822082126739426,2.8849740679178257,1.2727229289580548,3.6717726456884097,4.36201451311832,0.5220377501558744,0.2725234125878071,-0.000663670839119997,0.4913284727340952,0.4913280245011838,0.24140322766023584,1.5001616,2.7796000000000003,0.3382847462993465,0.5939222178144441,-0.13719630964515384,3.0532763380311585,1.2413088593462616,3.790058968430388,4.4346120137279685,0.49132802450118374,0.2414032276602358,-0.02319947035339,0.20214977110221186,0.2008141293136487,0.04032631453199882,0.70939379,1.39835,0.13356902200891602,-0.09561498004153823,0.517225614934067,3.509248544443383,1.2767396447384265,4.480396739931485,5.311065240506489,0.20081412931364873,0.04032631453199883
1021,825.2,0.0025404639437979987,0.5268447027620693,0.5268385776225992,0.27755888687140345,1.5289196,3.007,0.3463968641018729,0.05469881112974102,0.14490100825673347,2.902030886871197,1.273547086307626,3.6958729803495483,4.413780141930948,0.5268385776225992,0.2775588868714035,0.0001284371543800029,0.4953952255344985,0.4953952088850618,0.245416412986274,1.4418616,2.5003,0.3410072068355021,0.5789369421043092,-0.242911618637911,2.91052784863707,1.2392182056754355,3.606779098156415,4.2282437763713805,0.49539520888506183,0.24541641298627406,-0.02279756036189,0.1984381918817729,0.1971242938829542,0.038857987238853295,0.68895621,1.30735,0.13264412981536464,-0.1762277286228501,0.583214782943819,3.4718932049656646,1.2738258405277443,4.422587280037951,5.194019599352038,0.19712429388295422,0.0388579872388533
1022,825.9,0.0009338331477800008,0.5285392986919141,0.5285384737343087,0.27935291821739255,1.5560804,3.08,0.35017371356982485,0.0391576559526421,0.09877819157101664,2.944114853618558,1.2703133754432288,3.739948477392738,4.443738463794532,0.5285384737343086,0.2793529182173925,-0.001624887844419998,0.49847710318089633,0.49847445484709746,0.248476782135111,1.3502616,2.4087,0.34366890865921784,0.5716064049454551,-0.3064393477417289,2.7087735652925122,1.2377159828000484,3.352692335548813,3.928960595440188,0.49847445484709746,0.248476782135111,-0.02310245137212,0.199125486729258,0.19778077815036207,0.03911723620576274,0.72239379,1.427481,0.1324406768653007,-0.102048341981133,0.7969555825350039,3.627831885640066,1.2788310420306255,4.639384030625015,5.4544706890520755,0.19778077815036207,0.03911723620576274
1023,826.6,0.0027454261609799993,0.5226591916968223,0.5226519810546693,0.27316509330037037,1.5560804,3.035,0.3518866984699648,0.026753777525062604,0.029929353492426092,2.9772372221143906,1.2581613953815458,3.745844937757319,4.4221063392449285,0.5226519810546693,0.27316509330037037,0.0017728401593600028,0.49801344436124273,0.49801028885186505,0.24801424780231804,1.3232616,2.5297,0.3413265300671435,0.5632281728715715,-0.28312738035357876,2.6570800748104886,1.241978815005539,3.30003716268796,3.8768202393751716,0.498010288851865,0.248014247802318,-0.024990950378180003,0.20028826303372965,0.1987230251084756,0.039490840708263815,0.73342621,1.43682,0.13093704297947412,-0.11619112279335324,0.7124515255297887,3.6618531654872206,1.287941393335158,4.716252268146369,5.6013653074094005,0.1987230251084756,0.03949084070826382
1024,827.3,0.0006101788448600018,0.5192685112443624,0.5192681527416386,0.26963941445171374,1.5749196,3.012,0.3453808480946518,0.07345241713273365,0.04775489360513907,3.032958028257676,1.2651272049373532,3.8370777129819396,4.559950584082162,0.5192681527416386,0.2696394144517137,-0.0010646323404399985,0.5009090691596998,0.5009079377734162,0.25090876212441665,1.3684616,2.5609,0.3433043632665404,0.5893173108322455,-0.2653911794863646,2.731956125880618,1.239799551972271,3.387077980874692,3.9861468318639774,0.5009079377734162,0.2509087621244166,-0.023779870371140002,0.19709626582290124,0.19565647386801063,0.03828145576646353,0.68269621,1.25509,0.1308080321428201,-0.20169685974833665,0.45181022773685653,3.4637703923494394,1.2758386430963182,4.419212117372311,5.219069493030917,0.19565647386801063,0.03828145576646353
1025,828.0,0.0019047808458599986,0.5156921396724407,0.5156886218735773,0.2659347547298694,1.6349196,3.072,0.34320669893415295,0.06278658744795157,0.09599834948404462,3.1703403527509155,1.2675477165882296,4.018557674936945,4.763658766210949,0.5156886218735772,0.2659347547298693,-0.0003525518296600023,0.5047600301620542,0.5047599070413629,0.25478256375640523,1.3684616,2.5609,0.339888309968636,0.6011407949126405,-0.1916181555488361,2.711113238424708,1.2522896390911946,3.3950990188822376,4.026209669071226,0.5047599070413628,0.2547825637564051,-0.022992170377309995,0.1984890922331982,0.19715293514655013,0.038869279836899806,0.64889621,1.24029,0.13210475398257715,-0.12841371506416172,0.2679687672136879,3.2691781835428695,1.2707377889882976,4.154268256764045,4.911982274957196,0.19715293514655013,0.038869279836899806
1026,828.7,0.0024000491771999977,0.517164030231176,0.5171584611401999,0.26745287392889966,1.6349196,3.064,0.34643207461571207,0.06353348233381424,0.07525109458156143,3.161317308299998,1.2640213817312216,3.9959726721281896,4.719307823369337,0.5171584611401999,0.26745287392889966,0.0018343815649400023,0.5076987370408271,0.5076954231004305,0.25775464263712516,1.3662616,2.4837,0.345385867711474,0.556685388320568,-0.29081779486614456,2.6910872537587793,1.2455960704027995,3.3520077083929967,3.955754209206203,0.5076954231004306,0.2577546426371252,-0.02445599038468,0.199136122872181,0.1976286921650518,0.039057099966868805,0.72171621,1.29111,0.13144562056142706,-0.17992997892920112,0.5055240221217057,3.6242355208615074,1.279569077988256,4.637459703841046,5.490606738493263,0.1976286921650518,0.039057099966868805
1027,829.4,0.0004954675488799998,0.5243635803035658,0.52436334622157,0.2749569188606821,1.5279196,2.977,0.3471985082044575,0.032805197609449194,0.05097137435009946,2.9138553045874263,1.2697358156548095,3.699826441870409,4.400709000455272,0.52436334622157,0.27495691886068213,-0.0016320765541999987,0.5050649661143144,0.5050623291457945,0.25508795632217485,1.3830616,2.5934999999999997,0.3474033467045692,0.5791724051163497,-0.2512689233233214,2.7383835601199933,1.2404919362176687,3.3969427245998833,3.9811406917048258,0.5050623291457945,0.25508795632217485,-0.0240958603842182,0.20091274277352125,0.19946257724476385,0.03978531972112338,0.65803621,1.30343,0.13265339290303177,-0.08765330341698435,0.4954708079327452,3.275233819996031,1.2799456486498701,4.192121276214812,4.96056825686334,0.19946257724476385,0.03978531972112338
1028,830.1,0.0007238258528780011,0.5319153486264846,0.5319148561382445,0.28293341418056933,1.5949196,3.1500000000000004,0.355361810672019,0.06019018856775469,0.020503797906007648,2.998446283075704,1.2624474873087645,3.785380975899227,4.488157005345829,0.5319148561382445,0.28293341418056933,0.0005391324617700017,0.5000578253478714,0.5000575347175872,0.2500575380278309,1.4548616,2.5362999999999998,0.3403863688542616,0.5966763527856005,-0.1351027786906891,2.9093867274007916,1.2472178634724835,3.628639098164016,4.274147654317225,0.5000575347175871,0.2500575380278308,-0.023710010389236397,0.1983582118697407,0.19693606988945228,0.038783815623503234,0.67629621,1.3216899999999998,0.12934055094380967,-0.11179289280720904,0.41300427034058984,3.4094691801522945,1.2836896785808838,4.376700396001128,5.228802607264353,0.19693606988945228,0.038783815623503234
1029,830.8,0.0032241754368399996,0.5289211356978754,0.528911308709393,0.2797471724806828,1.5949196,3.1500000000000004,0.34751944890106895,0.05203869787181045,0.12712847164681573,3.015420432945287,1.2723751354107367,3.8367459816890617,4.589439828600897,0.528911308709393,0.27974717248068276,-0.0004000682349300018,0.5016565725027272,0.5016564129766422,0.2516591566805914,1.4775616,2.559,0.33864999988987066,0.5811969716850433,-0.14831418393918527,2.9453647793919164,1.2523070356038677,3.68850103565233,4.363093460742668,0.5016564129766423,0.25165915668059147,-0.02437029038162,0.1997677425827365,0.19827566649318817,0.039313239923317984,0.64530621,1.2127,0.12940087888901025,-0.08540440342935718,0.39864153013760273,3.230282335160982,1.2878857483342707,4.160234582549776,4.986876561738751,0.1982756664931882,0.03931323992331799
1030,831.5,-2.7638075019999153e-05,0.5238714220393637,0.5238714213103076,0.2744412660656818,1.5390804,3.037,0.3432906758297132,0.06987525366399311,0.18933987372756889,2.937897230600133,1.2772359760897258,3.7523880369768636,4.4833154768335435,0.5238714213103076,0.27444126606568187,-0.0004495248251600008,0.49598560061881297,0.49598539691067134,0.2460015139486362,1.3877616,2.4842,0.33401573361254544,0.5816349039175114,-0.23114963784440112,2.7979876800225023,1.2523276368428256,3.5039972992379202,4.154779132679384,0.49598539691067134,0.2460015139486362,-0.024102480377760003,0.1962937653321684,0.19480840009588932,0.037950312747920094,0.63850621,1.1888999999999998,0.12994013373563015,-0.10024248841251719,0.40113246439243033,3.252809425299471,1.2751136039626234,4.1477015492971985,4.913849106074291,0.19480840009588934,0.0379503127479201
1031,832.2,0.000604894622999999,0.5207611154619264,0.5207607641514911,0.2711917734796449,1.5829196,3.027,0.34326149768601955,0.06405827525495919,0.06660400104133046,3.0396271015663605,1.2725262963821016,3.8680054179389027,4.6114102824543775,0.520760764151491,0.27119177347964485,0.0018249741727599988,0.4997317502617907,0.4997284179321619,0.24972849168898148,1.4437616,2.5402,0.3383015057347329,0.6032961427708224,-0.19935847753314206,2.889073186251759,1.2480132071648582,3.6056014929080535,4.267677132752919,0.49972841793216183,0.24972849168898142,-0.024034770351419998,0.2012753890399267,0.19983521223079867,0.03993411204732834,0.62439379,1.23536,0.1343611551761625,0.007922778343703613,0.319827089372418,3.102186476838159,1.2663488192226335,3.928450181952424,4.647130260091541,0.19983521223079867,0.03993411204732834
1032,832.9,0.00142360533598,0.5128820089024465,0.5128800331497188,0.2630459284036566,1.5829196,3.043,0.34111280048971876,0.06660840911594472,0.13356968879548825,3.0863231162804965,1.2688995819689375,3.9162341120693904,4.640457929832832,0.5128800331497188,0.2630459284036566,-0.0009874698459200024,0.4982557936782874,0.4982548151671828,0.24825786083728346,1.4411616,2.5516,0.3440670258690132,0.5725928599081319,-0.1817547506075461,2.892413130534566,1.2372608465483446,3.5786695184527444,4.18860713653116,0.4982548151671828,0.2482578608372835,-0.0233164603858182,0.20137633669749744,0.2000219279398647,0.04000877165678043,0.66956621,1.29396,0.13092896659263936,0.0338997933486865,0.5588346929400831,3.324949797879211,1.2877853689982703,4.281821702362604,5.1139654380930715,0.20002192793986473,0.040008771656780434
1033,833.6,0.0029274092408799993,0.5135365254711983,0.5135281815715347,0.26371119326816705,1.5619196,2.982,0.3455622193803382,0.0795008124505299,0.0642404053297323,3.0414966074065557,1.258826316772462,3.8287159717775334,4.519937401724159,0.5135281815715348,0.26371119326816717,-0.001292824846359997,0.5030350895796983,0.5030334282653309,0.25304262995237187,1.4452616,2.4967,0.3444090661355101,0.5874364872130042,-0.15377725222780647,2.8730830710190847,1.2440303785535891,3.57420262045578,4.196351786602946,0.5030334282653309,0.2530426299523718,-0.023270600387438202,0.19814645178716211,0.19677524110886085,0.03872049551345032,0.66956621,1.28496,0.12990643837454596,-0.15038116288157188,0.5701093146203191,3.3791481197917728,1.2853610413126626,4.343425346005279,5.154218823777681,0.19677524110886085,0.03872049551345032
1034,834.3,0.0018622390476800007,0.522306626596793,0.5223033067602111,0.2728007442526511,1.5619196,3.096,0.34203870288710997,0.10854161218782821,0.16009929042862758,2.990426543459807,1.2746815325574463,3.8118414894178136,4.566499600238258,0.5223033067602111,0.2728007442526511,0.002208822168660001,0.5037142799484746,0.503709437005738,0.25372319692863754,1.4965616,2.513,0.3434276289424852,0.6186203269969048,-0.1806353687852975,2.971052558115058,1.2457107131424896,3.7010720009533267,4.3577204449401865,0.5037094370057379,0.2537231969286375,-0.024438800373838,0.1989685046252334,0.19746192258025147,0.03899121086908923,0.65039379,1.29536,0.13357185465515722,-0.0739201831217264,0.45902356597531346,3.2688278540618647,1.2685879605663826,4.146795660826926,4.869242788303892,0.19746192258025147,0.03899121086908922
1035,835.0,-0.0006878115503420012,0.5216623729739955,0.521661919534224,0.27213115829213125,1.6749196,3.2089999999999996,0.34116655665747897,0.05819189396505799,0.2454504693169799,3.2107349250652075,1.279560965963141,4.10833108216803,4.909389760853873,0.5216619195342241,0.2721311582921313,-0.00023889584669999731,0.502595397633239,0.5025953408567254,0.252602076650888,1.4965616,2.594,0.3484934811898482,0.5920861033698988,-0.2282316511994491,2.9776667415726954,1.2353133553875355,3.678351493758036,4.2943747323202315,0.5025953408567254,0.25260207665088796,-0.024679710361978,0.2010927106266251,0.19957251855807312,0.03982919016361244,0.64017621,1.27257,0.1340813712799185,-0.024692454797554178,0.4182302095500039,3.183487894738435,1.2706050254158425,4.0449557174051565,4.774535074402836,0.19957251855807312,0.03982919016361244
1036,835.7,0.003557391835877999,0.51965907225431,0.5196468958240164,0.27003289633953614,1.5939196,3.083,0.34058174294484206,0.0768614397251169,0.154822204881099,3.0672409760604933,1.2768928279295086,3.9165380038631494,4.679991317849761,0.5196468958240164,0.27003289633953614,-0.000609247850720001,0.5015776251331785,0.5015772551175897,0.25157974285129564,1.4431616,2.4806,0.3459950243679286,0.5808777671128295,-0.22503841252629853,2.8772447726646755,1.2390809302041037,3.5651391293382413,4.171047264729889,0.5015772551175898,0.2515797428512957,-0.0238209403833382,0.198564999358421,0.19713097617945075,0.03886062176946318,0.66708621,1.29948,0.12942996548201632,-0.05587748320546788,0.4610057517295503,3.3595357296371846,1.2842727022210416,4.314560029709286,5.154032202014984,0.19713097617945075,0.03886062176946318
1037,836.4,0.003782599849880002,0.5211945519819176,0.5211808255816857,0.2716294529540074,1.5979196,2.9859999999999998,0.3451956751882483,0.10685534746769271,0.1134773876369719,3.065879322651551,1.2692364980700697,3.891325934987692,4.629025549432489,0.5211808255816858,0.27162945295400753,0.00271573917626,0.508226620394318,0.5082193644856094,0.2582869224381567,1.4431616,2.5096,0.3421669325629376,0.5752233705344837,-0.20734905936798453,2.8396025357355223,1.2511233885095057,3.552693146529611,4.217712065833677,0.5082193644856093,0.25828692243815665,-0.025922520395460003,0.19746091910191152,0.19575197957854376,0.03831883750891862,0.69661621,1.26901,0.12875318313506157,-0.203945855402193,0.5345813044058492,3.527868771037521,1.2875287347001352,4.5422324149620605,5.410477574517535,0.19575197957854376,0.03831883750891861
1038,837.1,0.0017508433308800035,0.5225924399891175,0.5225895070525336,0.27309979288141006,1.5639196,3.001,0.345139201846061,0.06254358642695147,0.11569332082366213,2.99261810988419,1.270354643833607,3.8016863131119325,4.531271995864264,0.5225895070525336,0.27309979288141006,-0.00017200534254000033,0.5145803011665623,0.5145802724190193,0.2647928567628321,1.4633616,2.6948,0.35202954441293116,0.6148592377641032,-0.17370137320261358,2.843796384514787,1.2437060555477613,3.53684678416587,4.156928369294694,0.5145802724190193,0.2647928567628321,-0.02446083036628,0.19784416856727371,0.19632621529960761,0.03854398281386789,0.66955621,1.27095,0.13093927791172952,-0.07331654896554683,0.34681578687311365,3.384260526093435,1.2721912130195279,4.305426503864913,5.113486347857897,0.19632621529960764,0.038543982813867894
1039,837.8,0.00167867873184,0.5241022000172262,0.5240995116393564,0.27468029810061184,1.5259196,2.987,0.3426386131902043,0.04456341021719977,0.16427179259232183,2.9114924530937785,1.2779433307531007,3.720722362969179,4.453437357198668,0.5240995116393563,0.2746802981006118,0.0018841526561800008,0.507223167162781,0.5072196676740864,0.25727179127541067,1.4266616,2.6581,0.34752259154592857,0.5832950250518697,-0.17856350603515203,2.8126901379134908,1.2435193354098342,3.4976345710119787,4.105234119179422,0.5072196676740864,0.25727179127541067,-0.025397261375159998,0.20089127603766463,0.19927941163773785,0.03971228390268297,0.70469721,1.273091,0.13259537939032928,-0.030307477013863895,0.2733092990867667,3.5078537201778635,1.2727164763995757,4.4645032264699145,5.314643792567906,0.19927941163773785,0.039712283902682964
1040,838.5,0.002940862027798,0.5219353941401719,0.5219271088828306,0.27240790698679007,1.6879196,3.1310000000000002,0.34171204877325145,0.06993571056205239,0.1952433560400908,3.2339627067841454,1.2753961507796991,4.124583587997596,4.93959638256726,0.5219271088828304,0.27240790698678996,0.00048470717570000166,0.497793330388443,0.49779309440587,0.24779796483817138,1.4023616,2.5248,0.335878519650473,0.5819468603031545,-0.23847717331680052,2.817156266247472,1.2502647207249415,3.5221910924584146,4.175204777784977,0.49779309440586994,0.24779796483817135,-0.02538890037466,0.2012423422781042,0.19963437595600422,0.03985388406334324,0.68438621,1.2757800000000001,0.13142244246951973,-0.08425119964272211,0.4140785576643924,3.4008062232461076,1.2834229813326181,4.36467286197304,5.207529225145294,0.19963437595600422,0.03985388406334324
1041,839.2,0.0020449046267879984,0.5178918372648952,0.5178878000790094,0.268207773470676,1.6359196,3.107,0.33946424881546533,0.084731176997503,0.16833934417496854,3.1588055309766307,1.2755473458288538,4.029206011026744,4.819121912567868,0.5178878000790094,0.2682077734706759,0.0001519471755800019,0.49599703588949023,0.4959970126152133,0.24601303652321604,1.5341616,2.5036,0.33529455614103537,0.6291408693469445,-0.19881033471580656,3.0930862263092562,1.2506604790894131,3.868400701660799,4.575563700338408,0.4959970126152133,0.24601303652321604,-0.025789925374810004,0.1938294886806642,0.1921060916040131,0.036904750431369475,0.70886121,1.300255,0.12794870100491157,-0.1412338265936397,0.6504126729213437,3.6571381105372214,1.2811053329893807,4.685179136887942,5.540198567336677,0.1921060916040131,0.03690475043136947
1042,839.9,0.002631414845848001,0.5232926495375422,0.5232860333660072,0.27382827271592997,1.4869196,2.958,0.34990374052711676,0.02126070769918779,-0.012307672446580487,2.8414685383294787,1.2612262748693528,3.5837347797557526,4.249510444672617,0.5232860333660072,0.27382827271593,0.0034533955587800003,0.5027501040912217,0.5027382432467703,0.25274574122284876,1.5341616,2.5545999999999998,0.34673577941869765,0.5755400743330296,-0.18728899501023832,3.051539099674922,1.241336811157876,3.7879878151140436,4.424584052364083,0.5027382432467703,0.25274574122284876,-0.0268783103612,0.19633580074216286,0.19448728257959,0.03782530308519329,0.66593621,1.2763300000000002,0.13100597149813398,-0.0012439078884751524,0.5330464774345369,3.3918226196277765,1.2704460134466673,4.309127525424341,5.083250804406924,0.19448728257959,0.03782530308519329
1043,840.6,0.0003347614409380011,0.5277454401745789,0.5277453340010101,0.27851513755983764,1.6730804,3.219,0.3460418152319374,0.07488172474958181,0.14620713607055036,3.1702413183267724,1.2745173964458516,4.040527711138902,4.834908171079278,0.5277453340010101,0.27851513755983764,0.0008312402757599995,0.5024465863128049,0.5024458987164637,0.2524518811369949,1.5049616,2.5564,0.33843307312533555,0.5458143922708154,-0.18269520561997687,2.995266842280954,1.25297707125067,3.753000675655432,4.446851444222331,0.5024458987164637,0.25245188113699496,-0.025415180351539998,0.1996427949579259,0.1980184693060502,0.039211314186311144,0.66745621,1.26585,0.13423482554234448,-0.04490668199444769,0.4555162601801612,3.343252182682898,1.2668713698620735,4.23547047246985,4.972302882678165,0.19801846930605016,0.03921131418631113
1044,841.3,0.0009520804349800038,0.5297523375476985,0.5297514819989614,0.2806366326800959,1.7559196,3.2889999999999997,0.3453183223265688,0.10620589495476519,0.12908525552321626,3.3146047228944946,1.2779945954559384,4.236046921931893,5.084930299005161,0.5297514819989614,0.28063663268009587,7.877278480001414e-06,0.49476473028713175,0.49476473022442363,0.2447921382740467,1.3630616,2.4055,0.33153156113629245,0.576785487899128,-0.23084588320951838,2.7549692137694635,1.2544637242615866,3.456008940131256,4.111408263298486,0.4947647302244237,0.24479213827404678,-0.026829972374699997,0.1999635761848464,0.19815545509272692,0.03926558438300571,0.70138821,1.299782,0.13025445196594554,-0.16317991243217062,0.6443880337755195,3.5075798471999544,1.289005285326024,4.52128896174379,5.384754220787593,0.19815545509272692,0.03926558438300572
1045,842.0,0.0034265774388800027,0.5271598590737436,0.5271487224547781,0.2778857755857046,1.6770804,3.203,0.3498397864514547,0.08585069839580962,0.06289093692958847,3.18135072527477,1.2669905897810745,4.03074143171633,4.793852686143001,0.5271487224547781,0.2778857755857046,0.003057745263479998,0.4965246942814272,0.4965152789443326,0.24652742222516844,1.2990616,2.3875,0.33722474855610635,0.5891518949507994,-0.2801785144094482,2.616308141289947,1.2457164961206533,3.259178210539652,3.8522131176972807,0.49651527894433256,0.24652742222516835,-0.027260410371879998,0.20019733616537444,0.19833265851611187,0.03933584343406864,0.65186621,1.2872599999999998,0.13413403066024468,-0.09292883402666673,0.3447812903669747,3.256118300502866,1.2669171268235702,4.1252320418707376,4.859812284707578,0.19833265851611187,0.03933584343406864
1046,842.7,0.0008937807067799976,0.5255680859160232,0.525567325934062,0.2762210140894805,1.6770804,3.203,0.3494028073584025,0.05527838666412487,-0.02904393194675281,3.190985991999462,1.2641955020089424,4.034030138059263,4.799848097040967,0.525567325934062,0.2762210140894806,0.000972144160679998,0.5042956699648606,0.5042947329499273,0.2543131776810385,1.3852616,2.4566999999999997,0.34642713622656274,0.5497583613293069,-0.2902999219523581,2.746923446906703,1.2385664572869208,3.402247242073612,3.998709844410229,0.5042947329499273,0.25431317768103856,-0.0271392953513182,0.20266022825115354,0.2008348245764254,0.040334626762643565,0.71719121,1.352585,0.1337673942078828,-0.0470159070400891,0.4309000195298167,3.5388848428177853,1.2750016498439087,4.512084013200278,5.361480009735709,0.2008348245764254,0.040334626762643565
1047,843.4,0.0008848874118499994,0.5207044882167144,0.5207037363254645,0.2711323810232989,1.5949196,3.0650000000000004,0.3470440260699946,0.11335986997133717,0.00706680988991959,3.0630033658096742,1.2632272328948069,3.8692692661392347,4.595726997698915,0.5207037363254645,0.2711323810232989,5.100315688000245e-05,0.5089739450003794,0.5089739424449224,0.2590544740879272,1.3822616,2.3847,0.349273552081685,0.5614255218048209,-0.2650415076430175,2.715780667316811,1.2409810613588206,3.3702323749445817,3.9575329759773195,0.5089739424449223,0.25905447408792714,-0.026278945357888196,0.20123959307352596,0.19951639243750233,0.039806790851275434,0.73558621,1.34098,0.13082936128965772,-0.15171695271446908,0.6480483088478888,3.655275777323016,1.2890053914260402,4.711670184118377,5.62248567713637,0.19951639243750235,0.03980679085127545
1048,844.1,0.001595312952000001,0.5131391903438345,0.5131367104810483,0.26330928364331113,1.5949196,3.016,0.343094762422722,0.11356144805895997,0.07471263938387729,3.1081617424919483,1.2635019251259254,3.9271683452413275,4.648627069494355,0.5131367104810483,0.26330928364331113,0.0006462209672600023,0.5022277107940952,0.5022272950447225,0.2522322558879388,1.4444616,2.5259,0.34091439061836415,0.5962622076530599,-0.18826072440838715,2.8761089222179628,1.246882109646423,3.5861687605080337,4.237021492052529,0.5022272950447225,0.25223225588793874,-0.026691950353909998,0.19834629773932705,0.19654209119982968,0.03862879361320217,0.68482621,1.25922,0.1329529289713788,-0.10966539945819158,0.482712932280871,3.4526795700518704,1.2691207764195853,4.38186737667227,5.150892239067743,0.19654209119982968,0.03862879361320217
1049,844.8,0.0006435752477399972,0.5157826040306862,0.5157822025153409,0.2660312804315761,1.5700804,3.135,0.3392814044492618,0.08141831332057442,0.1838679203933542,3.0440739717281913,1.2765320070904742,3.885857856862059,4.627664173191665,0.5157822025153409,0.2660312804315761,-0.0012604478211599996,0.5011359502595082,0.5011343651295433,0.25113565191379045,1.4444616,2.5259,0.3361714788692077,0.5795768136697108,-0.1994524279751091,2.8823747313518417,1.2527160271279567,3.610797022153091,4.296799969047905,0.5011343651295433,0.2511356519137905,-0.02608846037438,0.19502972790399967,0.19327696966168148,0.037355987001602545,0.64167621,1.20407,0.12847834647363257,-0.11796332336071338,0.46371786982812013,3.2901456454672133,1.2784708190627645,4.206355198196256,4.994430794076964,0.19327696966168145,0.03735598700160254
1050,845.5,0.0010239287471400008,0.5146032048976202,0.5146021862184641,0.2648154100608228,1.5649196,2.943,0.3370952162978157,0.08500875896951966,0.15831404756837353,3.0410218690949256,1.277156557323196,3.883861021077826,4.6423666796191805,0.5146021862184641,0.26481541006082276,0.0023236481602800004,0.5050677763420911,0.505062431149231,0.2550880593583717,1.4368616,2.4923,0.34723311428810133,0.5445632780006204,-0.27975419469044205,2.844888680894164,1.2391947696551786,3.5253711736152678,4.138031601467099,0.505062431149231,0.2550880593583717,-0.025139790385719996,0.19177943807892425,0.19012454814996932,0.03614734380923,0.62853621,1.1999300000000002,0.12551257617756004,-0.18847656175313723,0.29083134394088583,3.2773910294873967,1.280507636752915,4.196724241884109,5.007754833354889,0.19012454814996932,0.03614734380923
1051,846.2,0.0004977938359599974,0.5221163531755293,0.5221161158732901,0.2726052384546109,1.5509196,3.032,0.34431590439682946,0.11754332845215985,0.1279503929135104,2.9704482354694592,1.2741493788890101,3.7847947742453676,4.504350743590807,0.52211611587329,0.2726052384546108,0.0004029398532800015,0.5034176500594661,0.5034174888011637,0.25342916803086973,1.5650616,2.5934999999999997,0.3459871273146069,0.5563763475576445,-0.2165209527799523,3.1088731191985963,1.2416662192685486,3.8601827321009408,4.523467714383737,0.5034174888011637,0.25342916803086973,-0.025307910395709995,0.1951287187797699,0.1934805586203359,0.037434726564037235,0.66407621,1.30947,0.12875085505471281,-0.13836125423483894,0.3482475317934579,3.4032725380086313,1.277292637463829,4.346974956081263,5.157839221477792,0.1934805586203359,0.037434726564037235
1052,846.9,0.00025509914190000325,0.5159929503208379,0.5159928872622477,0.2662486597052306,1.5699196,3.051,0.34473879022834714,0.09966961539290023,0.023936233848795396,3.0425214124027153,1.2623919616122625,3.8408545740503754,4.553939517395536,0.5159928872622476,0.26624865970523054,-0.0007667648289999969,0.4909191918441141,0.4909185930402057,0.24100106499257506,1.5650616,2.6155,0.33142447555316606,0.5931268559100423,-0.1402566176873341,3.1880228477540715,1.251673561869168,3.9903639131686264,4.7222269791264635,0.49091859304020574,0.24100106499257512,-0.02516708036785,0.19836047969358525,0.1967574597569999,0.03871349797002743,0.75369621,1.42509,0.12837329878338577,-0.16763674201402112,0.5937396260184054,3.7996288936398135,1.2904554612673527,4.903251856586726,5.871129098830513,0.1967574597569999,0.03871349797002743
1053,847.6,0.0027631811541,0.5180997889123788,0.5180924204241567,0.2684197561009612,1.5390804,3.0060000000000002,0.3474936013351978,0.10758132218596313,-0.002918683844799652,2.9706254141328934,1.2610141528170236,3.74600068993951,4.429089900033523,0.5180924204241567,0.26841975610096114,0.002748394374359996,0.49244173424397114,0.4924340645747133,0.2424913079535729,1.3702616,2.4207,0.3321461687796002,0.6122368198428163,-0.12452432713184791,2.7825862527750935,1.253515547108456,3.4880151290238395,4.125477662544573,0.49243406457471334,0.24249130795357293,-0.026464218364298,0.19719495735732398,0.19541109577893365,0.03818549635352358,0.70122421,1.3726180000000001,0.12894531503737988,-0.10001743479454875,0.7654679247439771,3.5559946329122294,1.2878902887355181,4.579730954523284,5.4381519002588234,0.19541109577893362,0.03818549635352357
1054,848.3,0.0015987397380000008,0.5173488402779303,0.5173463700154564,0.2676472665681695,1.5719196,2.943,0.3423628946038594,0.13323607749961078,0.11663944551593097,3.0384133057214027,1.2707801181278282,3.8611552195658088,4.591384243957961,0.5173463700154564,0.2676472665681695,0.0002039743518600008,0.4998193029651713,0.4998192613445919,0.24981929401105346,1.4647616,2.5802,0.3478323107154416,0.5820755834052781,-0.21049084345110725,2.9305822950620786,1.234717034588684,3.6184398809771494,4.211114249240371,0.4998192613445919,0.2498192940110535,-0.02507161037816,0.1962269844995433,0.1946187138967621,0.03787644379882974,0.72857621,1.3509699999999998,0.13087113932743188,-0.09546759120901961,0.39215406722174695,3.7129256807271362,1.2697416781211044,4.714456484585417,5.567126669365544,0.1946187138967621,0.03787644379882975
1055,849.0,9.117463488000243e-05,0.5109789348008754,0.510978926666671,0.26109946349742313,1.5719196,2.964,0.33355353748699057,0.10930708870639165,0.2383286405386209,3.076290416184309,1.280420682629039,3.9389458746558836,4.712645567613891,0.510978926666671,0.2610994634974232,0.0004607611735099968,0.49905892055669004,0.4990587078554483,0.24905959388634968,1.4350616,2.5605,0.336918550489352,0.5680862610219589,-0.18891327551619552,2.875535414534256,1.2513661232100333,3.598347603838888,4.259372474194929,0.49905870785544826,0.24905959388634966,-0.025044200374258203,0.1978449574357057,0.19625344636553577,0.03851541521035022,0.65885621,1.26825,0.13087447924218784,-0.06977771058088952,0.3564079845256627,3.3301642788349084,1.272593722679876,4.237946156738061,5.034260413604118,0.19625344636553577,0.03851541521035022
1056,849.7,0.0023429118389600044,0.5124475690665546,0.512442213138551,0.2625970218063361,1.5559196,3.051,0.33606021624330357,0.10336331603977322,0.12217995072768062,3.0362513043708543,1.2764847392772478,3.8757284546400332,4.629883350647887,0.512442213138551,0.26259702180633615,0.0019129587648799963,0.4976844675099414,0.4976807910593072,0.24768616978941776,1.5142616,2.6757,0.33495923844593767,0.5799817023774166,-0.1369762707760631,3.0426137419483603,1.2554629738843548,3.8198888968478935,4.520733946690058,0.4976807910593072,0.24768616978941776,-0.026782720398298203,0.19674081141963884,0.19490929368843468,0.03798963276612448,0.67153621,1.23593,0.12839139329681956,-0.1820208814685273,0.531170568708422,3.413304058036261,1.2879475939626026,4.39615674901059,5.230383382844985,0.19490929368843465,0.03798963276612447
1057,850.4,0.0015060412449580003,0.5271052595837608,0.5271031080544225,0.27783768652063223,1.5779196,3.092,0.3502200391214373,0.09285390524509475,0.07240025933087413,2.9935569249413976,1.2668832253088513,3.792487052215405,4.505509176340601,0.5271031080544225,0.2778376865206322,-0.0005773698467399999,0.505713580330097,0.5057132507403237,0.2557458919743455,1.5142616,2.6757,0.34490434070758247,0.5778461094057435,-0.18186678274705548,2.994306775411466,1.245527434907253,3.7294912373036513,4.390381393558118,0.5057132507403237,0.2557458919743455,-0.026805020357780002,0.198632743649544,0.19681579645283673,0.03873645773336446,0.70839379,1.33181,0.13543718517289113,-0.07531448428608993,0.33462701316756416,3.5663495201468325,1.256833232253567,4.482306594752101,5.230423159604995,0.19681579645283673,0.038736457733364454
1058,851.1,0.00013957983497999972,0.5335972268384944,0.5335972085826549,0.2847259810072013,1.6639196,3.168,0.35246587094044385,0.08146107306842565,0.07910181519214055,3.1183063110326543,1.2710400353356879,3.963492163762444,4.720796358411542,0.5335972085826548,0.28472598100720126,-0.00021482114352000092,0.5134962320187902,0.5134961870835767,0.2636783341493716,1.5358616,2.6893000000000002,0.3527658110058773,0.5721751419844959,-0.24135095262277684,2.990989036008737,1.2401633785467245,3.7093150680928053,4.353771119771047,0.5134961870835767,0.26367833414937164,-0.025958640358178003,0.20132254356592105,0.1996419683799149,0.039856915538606943,0.70839379,1.33622,0.13384067805932143,-0.11592877653398688,0.4293979477601555,3.5187007746504233,1.2736104101068402,4.4814539366457815,5.292813816185411,0.1996419683799149,0.039856915538606943
1059,851.8,0.0011725908388799978,0.5322710564510651,0.5322697648432207,0.28331110256625747,1.5789196,3.0300000000000002,0.35075028292518345,0.08081157998399441,0.11213623644547566,2.96638259936112,1.2744022934801702,3.7803647879654805,4.501549041763112,0.5322697648432207,0.28331110256625747,0.0009494951681000019,0.5140454325197815,0.5140445556110628,0.264241805153375,1.4944616,2.6089,0.34850380825186544,0.5623912856316895,-0.23068114352293545,2.90725586778264,1.2479662952653507,3.6281573347051537,4.288221719861222,0.5140445556110628,0.264241805153375,-0.026178390351678,0.20531756712868204,0.20364183079671042,0.041469995250236036,0.69344621,1.32084,0.1370334843020727,-0.23217563459220525,0.5343202178383164,3.3774324316115876,1.2728516962629977,4.2989705995904695,5.0604143471342145,0.20364183079671042,0.041469995250236036
1060,852.5,0.0009439948278000009,0.5334427617496422,0.5334419264895202,0.2845602889368506,1.6839196,3.3120000000000003,0.3457840994986144,0.11610745226986582,0.25959317927261605,3.15670156340092,1.2845063306591462,4.054803142190106,4.869858395575959,0.5334419264895202,0.2845602889368506,-0.0015015688210999994,0.5061259321179714,0.5061237046941794,0.25616120445336094,1.4762616,2.6437,0.34005049841546187,0.5533863891486225,-0.20844677168454817,2.916787120198185,1.253340915666397,3.6557286400331463,4.341301091687726,0.5061237046941793,0.2561612044533609,-0.027196930350758697,0.2054833213069385,0.2036755319492906,0.0414837223148265,0.68738621,1.2717800000000001,0.13901641975046483,-0.09550439571054709,0.17105098739044644,3.345216563699709,1.2578342989908886,4.207728131373933,4.944640433366517,0.2036755319492906,0.0414837223148265
1061,853.2,0.002210503829979996,0.5274744852881292,0.5274698534540098,0.2782244463027945,1.6399196,3.268,0.3447451388173155,0.08239114071571789,0.1357007208985488,3.109002702005966,1.2773879293252781,3.9714025237820962,4.756904203568807,0.5274698534540098,0.2782244463027945,0.0021076291623300003,0.5047436772186579,0.5047392768464991,0.2547617375915268,1.5171616,2.5926,0.344588886457263,0.5708913154272969,-0.19050040967930792,3.005806052609069,1.2438716833700934,3.738837034542858,4.402816398398743,0.504739276846499,0.2547617375915267,-0.027337940388940003,0.20141367186316791,0.19954975376756204,0.03982010422869464,0.67590621,1.2893,0.1319302632968382,-0.04734463950063637,0.4121171800833472,3.355810972252085,1.2830499023665118,4.305672940308507,5.123208224630281,0.19954975376756204,0.03982010422869464
1062,853.9,0.0008912518308999986,0.5276525956989526,0.5276518429968915,0.27841646741801623,1.6529196,3.107,0.3484613903150288,0.11289904894412367,0.07272629807963105,3.132590673244898,1.269123473300057,3.9756443556559287,4.7434798974591335,0.5276518429968915,0.2784164674180162,0.00023974536067999973,0.5007992450757617,0.5007991876896515,0.2507998263906148,1.5171616,2.5056000000000003,0.3420975868836937,0.5808949253496077,-0.19959624404383858,3.0294806050885352,1.2434729578628325,3.767077208797524,4.434879572874054,0.5007991876896515,0.2507998263906148,-0.02746864039076,0.1968231803470009,0.19489699360685672,0.037984838116991146,0.67447621,1.28787,0.13003130759210677,-0.06645603970419293,0.5120181427834276,3.4268128825623734,1.2799214181496597,4.386051204382756,5.187029358466149,0.19489699360685672,0.03798483811699115
1063,854.6,0.0007710037316780003,0.5202227860309131,0.5202222146919631,0.2706311526590109,1.6529196,3.0759999999999996,0.3462290476446695,0.11252886953118098,0.061825611583529394,3.1773302600047564,1.2648717452917873,4.018915271340624,4.774063907244347,0.520222214691963,0.27063115265901083,-0.0015051888229999943,0.4945560564716637,0.4945537659339079,0.24458342739941055,1.4519616,2.4584,0.333527803652172,0.5982031919494786,-0.18182336046943748,2.9358888259478677,1.25234515437164,3.676746144949655,4.353345010823191,0.4945537659339079,0.24458342739941052,-0.02672598037864,0.19596159552224773,0.19413054600558247,0.03768666889242557,0.69028621,1.29868,0.12870392512654524,-0.2197308040232874,0.5655978553149485,3.522558632778794,1.2824907686868015,4.517648928696803,5.3633656418892555,0.1941305460055825,0.037686668892425584
1064,855.3,0.0032501218569380014,0.5211403396467186,0.5211302047617392,0.27157669031501225,1.6009196,3.0890000000000004,0.34894297359894677,0.11370999561603044,0.15975379708019055,3.071954861689012,1.2640052905904218,3.882967197629879,4.5879118398297285,0.5211302047617392,0.27157669031501225,0.00255881316975,0.5018304458968001,0.5018239222119085,0.2518272489041436,1.5142616,2.6467,0.34048703528300994,0.5827294482456297,-0.1820833917095288,3.0174765448794694,1.2481122208695519,3.7661493518512965,4.447339966237947,0.5018239222119085,0.25182724890414365,-0.028473120378080002,0.19848993391885356,0.19643710261314237,0.038587535283046225,0.69028621,1.29868,0.13331253844023166,-0.07033673522791827,0.396406099184182,3.477688749104033,1.2665364239570926,4.404619471926037,5.177954137520813,0.19643710261314234,0.03858753528304622
1065,856.0,0.001532869946759999,0.5298721910881222,0.5298699738598648,0.28076218919825374,1.6379196,3.132,0.34992548538339613,0.05021928956309592,0.14543116371387033,3.0911597693708748,1.269998487145003,3.925768230624507,4.680766815841984,0.5298699738598647,0.2807621891982537,-0.002021561841519998,0.507796604240433,0.507792580258747,0.25785330456583594,1.4177616,2.5862,0.3463588265799643,0.5892219088057941,-0.17762424911663377,2.791987162105389,1.244991796399916,3.476001112475091,4.0933318027415115,0.507792580258747,0.257853304565836,-0.027668890364267604,0.20219331091497902,0.20029120670856101,0.04011656748477151,0.66106621,1.2304599999999999,0.13583174340552956,-0.08629170529979244,0.29843733196678324,3.269476161246373,1.2641301919148937,4.133043527177548,4.866802070163878,0.20029120670856101,0.04011656748477152
1066,856.7,0.001470971936780005,0.5288656219756735,0.5288635763117717,0.27969668234927725,1.6379196,3.117,0.34832492799565307,0.06423794480080335,0.06450253889147861,3.097043052035135,1.2719387699031899,3.9392491299427905,4.702274997729822,0.5288635763117717,0.27969668234927725,-0.0007239275363400002,0.5077153566662473,0.5077148405588089,0.2577743593236568,1.5008616,2.5443,0.34517130957204956,0.5891968880638054,-0.19861642480126873,2.9561083396313514,1.2464389951316535,3.6846087083504027,4.348164399471088,0.507714840558809,0.25777435932365683,-0.02765696036518,0.20379937964801495,0.20191404034458474,0.040769279688274596,0.68304621,1.2914400000000001,0.13450681791441338,-0.14672184414634873,0.3681731432461075,3.3515617720706494,1.2757127543490663,4.275630099619285,5.078153067561392,0.20191404034458474,0.040769279688274596
1067,857.4,0.0026549925431300025,0.5309161347959281,0.5309094962432337,0.28186489320124414,1.5749196,3.0540000000000003,0.34763786716096523,0.13477641076847544,0.11268324769317539,2.966418793441572,1.2746306830570422,3.781088412917678,4.530345364450104,0.5309094962432336,0.2818648932012441,0.0007796911716400019,0.5062910765448987,0.5062904761800969,0.2563300462706693,1.4486616,2.5931,0.3434783783938887,0.6440928303309043,-0.12730435303539256,2.861321613420794,1.2495373219740051,3.5753281461401585,4.217620936648091,0.5062904761800969,0.2563300462706693,-0.02847299036918,0.20442781487947173,0.20243522498772823,0.04098002031583215,0.72330621,1.3407,0.1350907123816025,-0.17442963366023373,0.46905075818656305,3.538198607789517,1.2782306692369305,4.522633974327969,5.354226040031634,0.20243522498772823,0.040980020315832144
1068,858.1,0.0027493911458699987,0.5255901720435612,0.5255829808860893,0.27623746979710734,1.5749196,3.1310000000000002,0.3474592164874292,0.1266699291077087,0.12413402872560964,2.9964784042222727,1.2711583159229427,3.808998442010651,4.5326747004190615,0.5255829808860892,0.2762374697971073,-0.0013078378369000012,0.5066300446986163,0.5066283566397703,0.25667229175151435,1.4457616,2.7292,0.34661489918046423,0.5967133981707283,-0.12309892195152239,2.85368310689125,1.2458514235225846,3.5552651610028154,4.171089019595974,0.5066283566397703,0.25667229175151435,-0.02754091035818,0.2047882554738755,0.2029278882674237,0.041179727836676,0.72330621,1.3617,0.13757015507845283,-0.0376977385818112,0.38429766941513277,3.531971149059722,1.2660235214765405,4.471558551886132,5.257726209493015,0.2029278882674237,0.04117972783667599
1069,858.8,0.0031761854428000004,0.5173366091982096,0.5173268590192607,0.267627079062734,1.5429196,3.0620000000000003,0.3447519396284813,0.082813224428163,0.11997584980387987,2.9824287950378823,1.2683888241885186,3.78287935256408,4.475448641892235,0.5173268590192607,0.267627079062734,-0.0009543488353699985,0.5135258295122753,0.5135249427190182,0.2637078667945709,1.5064616,2.7899000000000003,0.3496623856656765,0.5583201158007957,-0.19764268309249822,2.9335653893607887,1.2464399818002467,3.6565131905246955,4.3083318702755085,0.5135249427190183,0.263707866794571,-0.02911091037168,0.19913382599279225,0.19699450640020316,0.03880683555185969,0.66737621,1.2307700000000001,0.13241479931525987,-0.11491364020008893,0.3197855714307276,3.351395508386185,1.272020048963551,4.26304227867362,5.040042453344485,0.19699450640020316,0.03880683555185968
1070,859.5,0.0027766408517800006,0.510089956028318,0.5100823987421558,0.2601840535065516,1.5649196,3.047,0.34104976604894,0.059820835432615224,0.06792918282042404,3.0679286692583347,1.2638018984274866,3.8772540764487964,4.588537380129553,0.5100823987421558,0.2601840535065516,0.00010310917606000158,0.509029966077999,0.5090299556350949,0.25911149573386666,1.4126616,2.6141,0.3428847561040787,0.5914512862567842,-0.19371628349308478,2.775203218160907,1.2530184491647411,3.4773808325369786,4.119931186358145,0.5090299556350949,0.25911149573386666,-0.02887528038026,0.1964708051631471,0.19433732390978498,0.03776699546441668,0.64144621,1.20184,0.13030843980096563,-0.14636645491161798,0.4214620684185735,3.264842374251739,1.2740874753879476,4.159694778149991,4.922522370613532,0.19433732390978498,0.03776699546441668
1071,860.2,0.0008230036530000006,0.5204027849690296,0.5204021341890416,0.2708183812685092,1.6180804,3.176,0.3493077897367629,0.02997108895218121,0.08142178420627211,3.109284667060911,1.2618205076503073,3.923359157020115,4.632248256528661,0.5204021341890416,0.2708183812685092,-0.0013340298399699985,0.5074454293932565,0.5074436758660931,0.25749908417649253,1.4694616,2.5109000000000004,0.3437898761206972,0.6014498329460183,-0.11734231297776576,2.8958022180966516,1.2504304577477932,3.620999293121671,4.274301548903388,0.5074436758660931,0.25749908417649253,-0.027408047361258,0.20200661447236762,0.2001386300303637,0.040055471230430795,0.71145321,1.284847,0.13607273807216122,-0.07868036433552351,0.24928547250473354,3.521930268760181,1.261970830635696,4.444573266708286,5.228477210642345,0.2001386300303637,0.0400554712304308
1072,860.9,0.0013760690440000026,0.5213105862718467,0.521308770109503,0.2717628337930827,1.6180804,3.176,0.3430916791514102,0.036572491406842794,0.19920732336887603,3.103870212135349,1.2760235015424226,3.9606113364221702,4.71617500022763,0.521308770109503,0.27176283379308275,0.0009521681550799981,0.49602775048950737,0.49602683660411506,0.24604262263148546,1.4454616,2.5179,0.3420061674247529,0.5604978995750397,-0.16479709553843547,2.9140740585048706,1.2384964114934323,3.6090702642843846,4.226419689691783,0.49602683660411506,0.24604262263148544,-0.028325670348516203,0.20274697511963782,0.20075854233250007,0.040303992319470225,0.62378621,1.19718,0.13683249066634628,-0.08703823808280796,0.1864118605161802,3.0766733246299407,1.2597595922786675,3.8758687330104666,4.558757989146354,0.2007585423325001,0.04030399231947023
1073,861.6,0.0006491788359999995,0.5242106772144294,0.5242102752450103,0.2747964126724495,1.6559196,3.112,0.342989963112748,0.10686289215214587,0.22500313859908383,3.1588818617722336,1.279128877752037,4.040617010799982,4.827895210028827,0.5242102752450103,0.2747964126724495,-0.0007404678435400029,0.5001776523440438,0.5001771042458579,0.25017713561177185,1.4719616,2.5444,0.3409594325818532,0.5496726447782828,-0.23341634879640027,2.942877581798719,1.2439579376599528,3.660815927440044,4.317116522789351,0.5001771042458579,0.25017713561177185,-0.0275552103714,0.2008656524777738,0.19896663219421917,0.03958772072670969,0.73224621,1.32864,0.13340835587023975,-0.19300947351752004,0.39241538988359626,3.6454525747303888,1.27323677062193,4.64152426370512,5.488758220753598,0.19896663219421917,0.03958772072670969
1074,862.3,0.0005549218590800001,0.5299301808333953,0.5299298902872391,0.2808256886198453,1.6559196,3.231,0.3566892091992237,0.1196633087490071,0.12789432285299096,3.124788245492673,1.2620192938640853,3.9435430550514567,4.6424718138168,0.5299298902872391,0.28082568861984536,-0.0015592133471399995,0.4994510471934369,0.49944861336914215,0.24944891739635885,1.3833616,2.5278,0.34331343285663507,0.5692265883578618,-0.3056071040489621,2.769764139595898,1.2397731307125426,3.433879158682138,4.029442100442602,0.49944861336914215,0.24944891739635883,-0.028646650348768,0.2012570600155539,0.19920786538161514,0.0396837736298997,0.73224621,1.31864,0.1336898805391901,-0.14245380868574636,0.41780185330231623,3.6383628477103325,1.2714876827171453,4.626133546119365,5.477199972404404,0.19920786538161514,0.0396837736298997
1075,863.0,0.002440181249860003,0.523429470947125,0.5234237829631502,0.2739724565714549,1.5750804,3.107,0.34994402000978486,0.08110673186605401,0.029393657639504855,3.0091549815679164,1.2626078593370718,3.799382729690952,4.500949608900186,0.5234237829631502,0.2739724565714549,0.0016566426610999968,0.4946234596723866,0.49462068536745857,0.24464962239337446,1.3833616,2.5278,0.3402669877388391,0.5918089931103104,-0.18499399106109138,2.7967973878882906,1.2412964714522368,3.4716547289525677,4.0655181073920525,0.49462068536745857,0.24464962239337446,-0.0299697863822868,0.2026003465189856,0.20037143587301345,0.04014871231381314,0.71748221,1.368876,0.1326477531323262,-0.07467551300971352,0.387402961522914,3.5413671414069623,1.280258727158141,4.533866188857342,5.408928482069779,0.20037143587301343,0.04014871231381313
1076,863.7,0.0012283777567600013,0.5084359944372312,0.5084345105590914,0.25850565152746285,1.5090804,3.011,0.34292579507110493,0.06912971370558217,0.023979676571058484,2.9680833310598804,1.2569816775274876,3.7308263645170214,4.400603342443502,0.5084345105590915,0.2585056515274629,-0.0025429568307399984,0.49426338974909756,0.49425684802218506,0.24428983181682531,1.3763616,2.3808,0.33828107476577063,0.6045446961474042,-0.1878073956362445,2.7846723600116956,1.2414805220045975,3.4571164951190942,4.068692287775801,0.494256848022185,0.2442898318168253,-0.0294155263644082,0.19924316963041205,0.19705980679245058,0.038832567453077955,0.71748221,1.283876,0.1315059851058201,-0.189493765683508,0.47050225022181413,3.6010379243158006,1.2767581730238562,4.5976546012390616,5.455890159087871,0.1970598067924506,0.03883256745307796
1077,864.4,0.0004688598589600006,0.5164245646995743,0.5164243518615069,0.2666941111955775,1.5609196,3.0700000000000003,0.34504582353838353,0.11405893707553548,0.11026892638987507,3.0225510300968197,1.2639398313414825,3.8203226392015988,4.523803777692619,0.5164243518615069,0.2666941111955775,-0.0017995978472200025,0.5009204487048282,0.5009172160928737,0.2509180573782347,1.4016616,2.4821,0.3460017006183589,0.5955548473923948,-0.26686299087021803,2.7981720523171165,1.2363212089497024,3.459439454569967,4.051025175584433,0.5009172160928737,0.2509180573782347,-0.028466400360858,0.19742896011597805,0.1953659600415891,0.03816785834297179,0.63783621,1.20423,0.13237303598714859,-0.1831934359995302,0.4147750804773045,3.2307125035015547,1.2666268199588293,4.092107104511403,4.818475343135019,0.1953659600415891,0.03816785834297179
1078,865.1,0.0020618658421000012,0.5153986864051167,0.5153945621146666,0.26563155465736893,1.4759196,2.9130000000000003,0.3430571982700046,0.05674156247496803,0.0769002542866839,2.8636464137975883,1.2659917491124681,3.6253527322432557,4.302255155824981,0.5153945621146666,0.265631554657369,0.001769843953860002,0.5010944810330168,0.5010913555172624,0.25109254657412744,1.5418616,2.6223,0.3441848076645889,0.6213727342324259,-0.19456781600222506,3.0769877904490586,1.2410409977039611,3.818667997381807,4.479749151225052,0.5010913555172624,0.25109254657412744,-0.030054900349838,0.19852999822383838,0.19624184864528407,0.038510863159718585,0.65564621,1.23204,0.13356398449673315,-0.08355040487114383,0.28674726208997114,3.302504487310642,1.2610567047092844,4.164645426055583,4.908854826924069,0.19624184864528407,0.038510863159718585
1079,865.8,0.0008770337289200017,0.5206009046085558,0.5206001658577194,0.27102453269108495,1.6129196,3.135,0.3408579399146759,0.06415680016362248,0.06727430315507155,3.0981882392478126,1.2720363941964132,3.941008196394522,4.731940820870268,0.5206001658577194,0.2710245326910849,-0.001040127859300001,0.5025463380202166,0.5025452616347766,0.25255173999156616,1.5418616,2.5923,0.34756716114065767,0.5900290389379077,-0.2193513939455114,3.0680983689467722,1.2361710331498286,3.7926943305462353,4.436154425348662,0.5025452616347766,0.25255173999156616,-0.02944813035226,0.2018704662611471,0.1997110231490722,0.039884492767249244,0.67739379,1.3526,0.13388079407105144,-0.059599932490653144,0.4560195703216876,3.3555863943153446,1.2722770284135925,4.269235486344608,5.0596786096182145,0.19971102314907216,0.03988449276724924
1080,866.5,0.0020608790487400006,0.5327037181613382,0.5326997316692219,0.28376900412046097,1.5289196,3.051,0.3508989073680291,0.07766957255424628,0.02910027065969567,2.8701124994531035,1.2710283896110788,3.6479944681825067,4.357151213344879,0.5326997316692219,0.28376900412046097,0.001598738160149999,0.5075121513637753,0.5075096332269791,0.2575660278181828,1.4249616,2.5294,0.34357867295611166,0.5644354104185655,-0.20897954111337702,2.807738881070877,1.2483185830361578,3.504952621553925,4.147409930132721,0.507509633226979,0.2575660278181827,-0.029935620354360003,0.20424386499098124,0.20203815238824027,0.0408194150204538,0.67739379,1.3316599999999998,0.1342251768669068,-0.08799444813868017,0.519276323857429,3.316593083615567,1.2805666012982955,4.2471183329750195,5.046696944729535,0.20203815238824027,0.040819415020453796
1081,867.2,0.003121795269999997,0.5324432673167063,0.5324341154595391,0.2834860873051819,1.5750804,3.116,0.35123675501993246,0.09884944710927711,0.12140182292785218,2.958212633503196,1.2729421712087667,3.765633612588762,4.484383759639891,0.532434115459539,0.28348608730518177,0.0014462001627300008,0.5090318961986686,0.509029841809595,0.25911137985270133,1.4249616,2.5294,0.3478083235000271,0.5667392367681805,-0.2234862243808542,2.799356210566137,1.2439306493442162,3.4822049887552984,4.09697383219723,0.509029841809595,0.25911137985270133,-0.029080634357230004,0.2028879724821195,0.20079304291555117,0.040317846083286375,0.71050021,1.351894,0.13217747363149943,-0.11448398460790239,0.5476577743535955,3.5019336104934276,1.2856267085535242,4.502179381231625,5.375350205140246,0.20079304291555117,0.04031784608328637
1082,867.9,0.001112911631999999,0.5254836682008157,0.5254824896925533,0.27613184697348436,1.5750804,3.116,0.3460945937093618,0.07069047531062751,0.1441344043680468,2.997391727497184,1.2752053269136292,3.8222898977512543,4.551011280235998,0.5254824896925533,0.27613184697348436,-0.0012118501391400027,0.5075858345638169,0.5075843879288318,0.2576419108690868,1.4138616,2.5383,0.34649111399390614,0.5810680270471233,-0.28427117278907144,2.785463075846023,1.2432714199832473,3.4630866336179884,4.080513302932398,0.5075843879288318,0.2576419108690867,-0.0284665003524982,0.1991472921239728,0.197102263604435,0.03884930231799218,0.66438621,1.25678,0.13204454316530229,-0.14526022399833174,0.46408413947970306,3.3361548776993035,1.273360906128398,4.24812919805186,5.0315309824524626,0.19710226360443503,0.03884930231799219
1083,868.6,0.0026608305199000036,0.520660265688792,0.5206534665668402,0.27108003224806776,1.7199196,3.1820000000000004,0.34047417141106834,0.08962969466935376,0.08878090331244648,3.303343299540409,1.2755083061065673,4.213441816485266,5.051542068145519,0.5206534665668402,0.27108003224806776,0.0011402298626599988,0.4995583986732691,0.49955709739814647,0.24955729356086118,1.4795616,2.713,0.34207413678927084,0.5779013920052822,-0.19309897796825481,2.9617390157575785,1.2439152923753836,3.684152453725669,4.3252659025533395,0.49955709739814647,0.2495572935608612,-0.02914009036582,0.19807394001834594,0.1959187097953208,0.03838414084786314,0.63583621,1.2612299999999999,0.13030853296806968,-0.04968406582555834,0.43354747681678063,3.2100952297970538,1.279336048538559,4.10679054672104,4.879467180831534,0.1959187097953208,0.03838414084786314
1084,869.3,0.00236834673306,0.5144380544770945,0.5144326028042255,0.26464090282793007,1.7199196,3.1820000000000004,0.340670501224446,0.09427344978370075,0.027761330859363387,3.3432977693460666,1.2660026004074119,4.23262366992842,5.048630843639893,0.5144326028042254,0.26464090282792996,0.0005324061740800014,0.4983946846314057,0.49839440026198545,0.24839697821250414,1.4374616,2.6709,0.3383395391706171,0.5656929961405752,-0.2072853127559262,2.8841832473857414,1.2466699378326245,3.595624549716279,4.248577046370924,0.49839440026198545,0.24839697821250417,-0.028190280368524,0.19885830289381967,0.1968500259653377,0.038749932722554135,0.73277621,1.3581699999999999,0.1296976940886717,-0.07743487219011136,0.48141658028746326,3.6849163416187136,1.284926128180957,4.73484528750687,5.64987847431594,0.19685002596533777,0.03874993272255415
1085,870.0,0.0011663120399579997,0.5142034186725275,0.514202095961053,0.26440379549074006,1.5969196,2.936,0.3417425822205183,0.09840736066025996,0.03392231524385014,3.105618403165469,1.2654185821823596,3.929907236533092,4.672872750079316,0.514202095961053,0.26440379549074006,-0.0013929768212399992,0.49529525091147664,0.49529329209170403,0.24531544519103807,1.3578616,2.3813,0.3316219148635867,0.5984472216832756,-0.18681526934293036,2.7415195229535696,1.2555827912432687,3.4422047348779565,4.094607561018875,0.4952932920917041,0.2453154451910381,-0.028820640379762202,0.1969743214890152,0.19485444314707923,0.037968254014158334,0.65583621,1.25123,0.12915106753181288,-0.1904680261624135,0.4592910087451627,3.3295518169183005,1.2837732504630912,4.2743895585904985,5.078054889778224,0.19485444314707923,0.037968254014158334
1086,870.7,0.0027875668409000033,0.5173261050267457,0.5173185946911739,0.26761852841325107,1.6119196,2.9379999999999997,0.3423151251032079,0.10289284078104448,0.12004941288688409,3.11586750472734,1.269607991226785,3.955930283605693,4.708876359214355,0.5173185946911739,0.26761852841325107,0.00374078956728,0.4968366776799963,0.4968225948782018,0.24683269078150985,1.5175616,2.566,0.3358636071482044,0.5932827740174546,-0.2222272367510154,3.054447604565609,1.2502761551420203,3.818903007119043,4.518386534598121,0.49682259487820185,0.24683269078150988,-0.030289470379080002,0.19762236421571786,0.19528734424525485,0.03813714682236467,0.69504621,1.37544,0.13068492806804824,-0.15721285179001768,0.5183366496921122,3.5170422778735264,1.2792639416953864,4.499225367501808,5.318487910389225,0.19528734424525485,0.03813714682236467
1087,871.4,0.00261470863494,0.5194379824382878,0.519431401532785,0.26980898089831334,1.5269196,3.0300000000000002,0.3409078991743492,0.1105829468384143,0.1665135969919156,2.9395609324379874,1.2770840612075653,3.7540664137650026,4.478979817417177,0.519431401532785,0.2698089808983133,9.371150279998908e-06,0.49917743173787515,0.499177431649912,0.24917810826860257,1.3993616,2.4988,0.33984370627709964,0.611943724862108,-0.19240182546280327,2.8033350689115766,1.24650652250916,3.4943754481769456,4.117662249301734,0.49917743164991196,0.24917810826860254,-0.02979588639128,0.20126245913951,0.19904467491756936,0.039618782613040866,0.69898221,1.3793760000000002,0.13201075919875951,-0.08869188877685175,0.566255517325355,3.4729885195106527,1.283977817484433,4.45924021942978,5.294888191254098,0.19904467491756936,0.039618782613040866
1088,872.1,0.0020100858351799994,0.5257071487279334,0.5257033058471181,0.2763639657785886,1.6719196,3.055,0.3450917280394042,0.15683732414019502,0.11101020133597883,3.1803250232483715,1.2747466503295677,4.054108670345166,4.844855625774642,0.5257033058471181,0.2763639657785886,0.0018156909528999961,0.502302144692359,0.5022988630575497,0.2523041478289071,1.5331616,2.6866,0.3449779660668544,0.5661926846079979,-0.20631828239186278,3.0522696671721423,1.2414708356977513,3.789303774479097,4.444230503993648,0.5022988630575497,0.2523041478289071,-0.02993441038982,0.20035183272248386,0.19810297309700323,0.03924478794987198,0.66038621,1.2557800000000001,0.13064974993435477,-0.1491662861137169,0.411046765551915,3.2961326134447195,1.285055244024498,4.235712499907311,5.05463049360456,0.19810297309700323,0.03924478794987198
1089,872.8,0.002424774858000001,0.5192288300382054,0.5192231682135646,0.2695926984097316,1.8019196,3.1959999999999997,0.34771477982122456,0.13608216493819184,0.08456392297446325,3.4703766350327903,1.261654078748097,4.378414836381216,5.182177188230095,0.5192231682135646,0.26959269840973166,0.0017230689763299987,0.5014855542286408,0.5014825940481982,0.2514847921333099,1.5331616,2.7116,0.3388557893530917,0.5862449413813701,-0.16983305522949887,3.0572398089476973,1.251063362711439,3.824800715997383,4.524525323669261,0.5014825940481982,0.2514847921333099,-0.03076910035842,0.19809898606640505,0.195694840871371,0.03829647074367122,0.68161621,1.27401,0.13030677408788557,-0.20612631393099495,0.3838117231968017,3.440785960264907,1.276322806205337,4.391553592357231,5.2308578335327605,0.195694840871371,0.03829647074367122
1090,873.5,0.0028699618479600003,0.5154490249997418,0.5154410351264009,0.26567946069217574,1.5359196,2.9299999999999997,0.34284031888985345,0.12199711155090219,0.0345598367110207,2.9797701140297423,1.2641109344650259,3.7667599833370944,4.479985332452847,0.5154410351264009,0.26567946069217574,0.00012780145568000133,0.5108490471188262,0.510849031132487,0.26096673260900066,1.4921616,2.6706000000000003,0.34979955208451324,0.5730535701341383,-0.13844323539437786,2.920944275839895,1.2441357623852425,3.6340512335068773,4.2657618945134805,0.510849031132487,0.26096673260900066,-0.030003690370309997,0.20032066763914017,0.1980609715404664,0.039228148447553436,0.69352621,1.26892,0.13295178065058177,-0.14780736656486615,0.4977648540398789,3.462080164635462,1.2761252252588389,4.418047829959587,5.216373986164926,0.1980609715404664,0.03922814844755344
1091,874.2,0.0024175910250000027,0.5041990699061102,0.5041932738026386,0.25421085734782245,1.5359196,2.94,0.3389031319229453,0.10685937616688469,0.05253147680201087,3.04625631357474,1.2612325368752955,3.842037578342255,4.532031295447616,0.5041932738026386,0.25421085734782245,0.0002794124609600006,0.511956502647144,0.5119564263991339,0.2620993825313717,1.5312616,2.6826999999999996,0.3517518049880397,0.5819015611406965,-0.16198557316641082,2.9909994151502985,1.2407482562769296,3.7110773088730493,4.353244470350525,0.5119564263991339,0.2620993825313717,-0.02923529886914,0.19885235229665837,0.19669152323866523,0.03868755531394638,0.70794471,1.2673385000000001,0.13285274494659433,-0.10332739974926172,0.3659445830004757,3.5601525545136674,1.270343874557398,4.52261799011631,5.328792493407553,0.19669152323866526,0.038687555313946395
1092,874.9,0.0021556425220000024,0.510493828585081,0.5104892772906903,0.2605993022287713,1.6059196,2.99,0.33776968956430453,0.1234913696037409,0.14415830406339447,3.1458158944860797,1.2728924913753243,4.004285431340481,4.754481084645297,0.5104892772906904,0.26059930222877137,0.0015786301711599965,0.5037605923891869,0.5037581189133206,0.2537722423710872,1.5312616,2.6817,0.34347974024230093,0.565106079277979,-0.25260422557039375,3.039661345357883,1.2441148243881976,3.781687740879515,4.458084191282437,0.5037581189133206,0.2537722423710872,-0.0291673088982162,0.2001807085002526,0.1980443994343166,0.03922158414729914,0.72262621,1.2820200000000002,0.13142392788161072,-0.20285116556089833,0.42304809294948464,3.6098693795915313,1.281240222725673,4.6251098479184405,5.4984371693026555,0.1980443994343166,0.039221584147299135
1093,875.6,0.0002769611509800018,0.5118939938499314,0.5118939189247655,0.26203538423215444,1.6259196,3.1,0.342533344571825,0.08739173256723026,0.09722035344637936,3.176281846504064,1.2630680605398257,4.011860151591745,4.74674838454761,0.5118939189247655,0.26203538423215444,-0.00039404504692000096,0.4995531807699681,0.49955302535956414,0.24955322514589334,1.4322616,2.5437,0.3453701837410136,0.5700231854311573,-0.2616161203024201,2.867085337726077,1.2370882371975251,3.5468375463424238,4.14703314711737,0.4995530253595642,0.2495532251458934,-0.0296162003683,0.19799881577038572,0.19577132507652864,0.03832641172221985,0.72547621,1.30087,0.1327515865197583,-0.1788480660650257,0.403337837280592,3.664043177113325,1.2664672065166622,4.640390527075148,5.464915554075299,0.1957713250765286,0.038326411722219844
1094,876.3,0.0033646383489800017,0.519734506365083,0.5197236153142717,0.2701126363153371,1.5459196,3.02,0.34585745408461693,0.03442462530180698,0.023405516540662585,2.974440952192776,1.266311105587376,3.7665676106756014,4.469817208628899,0.5197236153142718,0.2701126363153372,0.0005247379666400001,0.5011552605854409,0.5011549858701674,0.2511563198625276,1.4574616,2.5579,0.3414207830961286,0.565247763754211,-0.14820922222162825,2.908203733704039,1.2453545479563393,3.621744746151932,4.2688133592314,0.5011549858701673,0.25115631986252757,-0.030986630370059998,0.19739220455134998,0.1949448926131466,0.03800351115595126,0.63943621,1.2368299999999999,0.13247935624474977,-0.028531201761579382,0.40134310373190907,3.2394197706711148,1.2674022724974359,4.105647978921693,4.826685667302533,0.1949448926131466,0.03800351115595126
1095,877.0,0.00127564485996,0.524632107380838,0.5246305565110084,0.2752372208250504,1.6309196,3.053,0.34975513727207763,0.07601317616030369,0.06748538878609045,3.108691932985512,1.2657420583686863,3.934802126091212,4.6630325796509835,0.5246305565110084,0.2752372208250504,-0.000515667831660001,0.5019241943803229,0.501923929486355,0.2519276309910235,1.4356616,2.5951,0.3415365331572873,0.5313482655088947,-0.1938412111894321,2.860315593617622,1.24601152389365,3.5639861916202635,4.203537427543181,0.5019239294863551,0.25192763099102355,-0.030158430392759995,0.19864648881315508,0.1963438223984651,0.03855089659404,0.62944621,1.2268400000000002,0.12933269734275363,-0.11484367955213771,0.415638619629048,3.1686752369031344,1.2863695036079978,4.07608719159004,4.866876071809286,0.19634382239846507,0.03855089659403999
1096,877.7,-0.0001638131530199991,0.5186930269805377,0.5186930011128777,0.2690424294034838,1.5399196,2.987,0.341993157577531,0.09821128968487397,0.2048902568768658,2.968845771774334,1.275665017679229,3.7872526939374103,4.502778976362692,0.5186930011128776,0.26904242940348366,-0.0011564695190399985,0.4945462584426795,0.49454490627030534,0.2445746643179051,1.3366616,2.4961,0.3356501031077504,0.5758066848633449,-0.27421389549046316,2.702803988870792,1.2452069920725126,3.365550425143388,3.9823065377426827,0.49454490627030534,0.2445746643179051,-0.02989686037385,0.1989136463121388,0.19665405266349623,0.03867281642897715,0.79031621,1.33271,0.1315486038577272,-0.21619956472448348,0.4336490587383124,3.973162347845265,1.2754510363713278,5.067574034230781,6.007788656234959,0.19665405266349625,0.03867281642897716
1097,878.4,0.0023795727378800014,0.5164434570087778,0.5164379749018875,0.2667081819207625,1.5460804,3.011,0.33976009691164716,0.10038690038945454,0.2190705156267514,2.9937070148101843,1.2765646296266169,3.8216604865717674,4.550506119033896,0.5164379749018875,0.2667081819207625,0.002273093154280002,0.4963993731542433,0.49639416869604513,0.2464071707154377,1.6189616,2.7154,0.3420725076150828,0.6008635012941633,-0.19008796029389252,3.261409436745903,1.2396039918076815,4.042856156709464,4.732802443807431,0.49639416869604513,0.2464071707154377,-0.032431370344209995,0.20010675825207197,0.1974611883782478,0.03899092091574987,0.65681621,1.2732100000000002,0.1360017424393736,-0.08608277030167111,0.2628921905290329,3.2823289714813972,1.2543930426286565,4.117330625444739,4.829469080462651,0.1974611883782478,0.03899092091574986
1098,879.1,0.002017007841880001,0.5205643617942296,0.5205604541737677,0.2709831864495993,1.8039196,3.4379999999999997,0.34580762456799186,0.09331194727566473,0.1680943876314096,3.4653152086370818,1.2683967021996605,4.395394382717602,5.2165408505772195,0.5205604541737677,0.27098318644959934,-0.0026708468551200006,0.4990523981828228,0.49904525116376297,0.24904616270910326,1.6189616,2.7834000000000003,0.34634369410324095,0.598989792259512,-0.16206516049380149,3.2440713758616377,1.2360514057133574,4.009838984368242,4.674436484809816,0.49904525116376297,0.2490461627091033,-0.0310683003584,0.2002170787764844,0.1977919092041664,0.039121639346629204,0.62674621,1.24314,0.13389658992544193,-0.06957657947423401,0.37691914580261754,3.1303334052719767,1.267708415712246,3.9683500018484574,4.680822792791012,0.1977919092041664,0.039121639346629204
1099,879.8,0.0022041295309800013,0.5141237241502378,0.514118999402979,0.26431834554712036,1.6340804,3.136,0.3406281298448887,0.07584347468128083,0.1293739901614952,3.178379684191518,1.269998864762983,4.036538590708957,4.797256177122272,0.5141189994029791,0.2643183455471204,-0.0015034828401999975,0.5001632274300554,0.5001609677019975,0.2501609936125985,1.4209616,2.5384,0.3401091980943059,0.6232868189096493,-0.16831552461703092,2.8409957431321007,1.2476335654394277,3.5445216484021396,4.177956985467926,0.5001609677019975,0.2501609936125985,-0.028376135372810002,0.1975244694422868,0.19547560198081204,0.03821071096976085,0.71239121,1.254785,0.12958841700583404,-0.22072255239908614,0.5866865610000955,3.6065972586153348,1.2843940698175436,4.6322921311857455,5.497337080426936,0.195475601980812,0.038210710969760836
1100,880.5,0.0011346278407799995,0.511027284752467,0.5110260251505219,0.2611475983811418,1.6719196,3.076,0.33613978694282987,0.13776857671189693,0.23458884928826995,3.2716836260706703,1.2764183733930443,4.176037092245782,4.973881893619328,0.511026025150522,0.2611475983811419,0.001415467770279998,0.49433499452927504,0.49433296801573906,0.2443650832672497,1.3948616,2.3513,0.33256001778922584,0.6323697070896518,-0.1732748166122442,2.8216930127073874,1.2545268998889136,3.5398897876700084,4.194315387858962,0.4943329680157391,0.24436508326724973,-0.02987322537468,0.19826224652226562,0.19599874693928326,0.0384155088017692,0.72116621,1.27956,0.13033902217109639,-0.2514109922095622,0.5376493376503149,3.6374358842898022,1.282632006861034,4.665491688094969,5.5330030714310805,0.19599874693928326,0.0384155088017692
1101,881.2,0.0019839348389799985,0.5173228664877445,0.5173190622755471,0.2676190121936514,1.6719196,3.16,0.3400522412604888,0.0980720715059966,0.17504550087314374,3.2318687386682687,1.2760012782781986,4.123868641768061,4.916655140406108,0.5173190622755471,0.2676190121936514,-0.0016015068198199996,0.49886221378768325,0.49885964310721137,0.2488609435210543,1.4200616,2.3825,0.33678815855601657,0.619678615388698,-0.1904255873670868,2.8466008463899835,1.2488465419998698,3.554967623468033,4.2164831628538595,0.49885964310721137,0.24886094352105428,-0.0296644603688,0.19997704205318345,0.1977646003190879,0.03911083713936859,0.71239379,1.40052,0.13155604387192416,-0.11855625620408627,0.5979327913142463,3.562377874408906,1.2806976599073445,4.5623290074611855,5.415135398063111,0.1977646003190879,0.03911083713936859
1102,881.9,0.0016844968468800023,0.5213983097517317,0.52139558866789,0.27185335988233555,1.8049196,3.293,0.34469982522306175,0.09296363816839948,0.1380435799417743,3.4616905468286383,1.271171049385243,4.400400805059137,5.236206890537304,0.52139558866789,0.2718533598823356,0.00011642016327999971,0.5047181264724676,0.5047181130455132,0.25474037363622337,1.4200616,2.5244999999999997,0.34310943900321367,0.5780148583898694,-0.21648374403971182,2.8135736077580016,1.247144015391234,3.508931486778115,4.138800739861602,0.5047181130455132,0.2547403736362234,-0.030418040378149998,0.19887712484731793,0.19653715579271244,0.038626853607088917,0.65995621,1.23935,0.13281496997865666,-0.13215683362601,0.3897887464905341,3.3184118611261204,1.2705306157919267,4.216143865367803,4.968989641047654,0.19653715579271241,0.03862685360708891
1103,882.6,0.0012622568350400003,0.52148062829882,0.5214791006345455,0.2719404523986144,1.8049196,3.282,0.34391143346544895,0.12109323892831886,0.13639666478260137,3.461144100190316,1.2739424191386954,4.4092982879840745,5.248210511097565,0.5214791006345455,0.2719404523986144,-0.002496939838,0.505265499145511,0.5052593293727566,0.25528698991820775,1.3360616,2.3795,0.34631278279532657,0.5836711933847236,-0.2993828452776275,2.644276330482697,1.2406027492235263,3.2804964853035314,3.8579621266524904,0.5052593293727566,0.25528698991820775,-0.03011102235236,0.20098148931132293,0.19871307299393537,0.03948688537869308,0.71066821,1.274062,0.13301852519254537,-0.21771165646794674,0.32636516153220896,3.5359883760198723,1.272923311108574,4.501042031644645,5.342625840809031,0.19871307299393537,0.03948688537869309
1104,883.3,0.0012006048440599962,0.5238826857555371,0.5238813100144376,0.27445162698244324,1.5789196,3.007,0.346780557006494,0.11936985099548134,0.10018237085076809,3.0138800974552193,1.271488405504524,3.832113599495156,4.553079946666192,0.5238813100144375,0.2744516269824432,3.687316916000372e-05,0.5050085430419811,0.505008541695835,0.25503362718575384,1.4385616,2.563,0.3417578595242205,0.6242472071862033,-0.1594203844052946,2.848588642351766,1.2515231542545227,3.56507464284969,4.20930070782483,0.5050085416958349,0.2550336271857538,-0.030751280363200004,0.20494082461380708,0.20262058224526724,0.04105510034941111,0.68927621,1.32367,0.13366247113611004,-0.19932722323959687,0.5084690794222482,3.3632938254195093,1.285309729828517,4.3228742780838685,5.156841738307397,0.20262058224526724,0.04105510034941111
1105,884.0,0.004111021640000001,0.5230560624901144,0.5230399067076412,0.273570744008738,1.5229196,2.9290000000000003,0.346130421932806,0.06361823071129236,0.09401755523035282,2.9115800565427588,1.2707615535431094,3.6999239959174104,4.399843248380066,0.5230399067076411,0.27357074400873793,0.001936684152859998,0.5074570628085256,0.5074533671666274,0.25750891984874796,1.4045616,2.443,0.3455437610204331,0.5926300151187371,-0.14456400197410924,2.767843238256339,1.2500572385474589,3.4599624751469755,4.064786456720149,0.5074533671666274,0.2575089198487479,-0.03035696037468,0.20438156355455334,0.2021145182262126,0.04085027847781403,0.73503621,1.3354300000000001,0.13472842410672412,-0.15544001506073243,0.5795445897480778,3.5963919505088078,1.2815570798882703,4.608981566227748,5.455687727912163,0.20211451822621265,0.04085027847781404
1106,884.7,0.0021802233359999993,0.5228384609467265,0.5228339151885107,0.2733553028713468,1.5699196,3.013,0.3444779182936702,0.07506066313595432,0.10258492646717343,3.0026857571978884,1.2741595518702247,3.8259007387983672,4.557388200022826,0.5228339151885107,0.2733553028713468,-0.0011506498664199975,0.5127956542297484,0.512794363270308,0.2629580590018006,1.4052616,2.4436999999999998,0.35428288288988896,0.6011735653815681,-0.22648014771840197,2.740392958498824,1.2396467028965812,3.3971190956440744,3.966495893161045,0.512794363270308,0.2629580590018006,-0.03107047037225,0.20350242035125954,0.20111653576886176,0.040447860959667854,0.76877621,1.3661699999999999,0.13361242459711695,-0.17487309954085967,0.54759711495036,3.7777251428903793,1.2832011046745586,4.847581076513789,5.753777856498747,0.2011165357688618,0.04044786095966786
1107,885.4,0.001253920060959997,0.5147131394302404,0.5147116120572908,0.264928043586615,1.5329196,2.918,0.3432257048364894,0.07320434393021603,0.06866277542567101,2.9782018032352138,1.2654801238404296,3.7688551867798887,4.4662144425641825,0.5147116120572908,0.264928043586615,-0.001432013940920001,0.5047570842340153,0.5047550528924875,0.25477766342049785,1.4654616,2.5099,0.3447369098353605,0.5978549347078159,-0.21156297136973823,2.9033007079511997,1.2452491626176119,3.615332775403351,4.250956477795997,0.5047550528924875,0.25477766342049785,-0.03160388036826,0.20004139153380437,0.19752911955569877,0.039017753072449535,0.69404621,1.33744,0.13313081462496654,-0.12239760076791309,0.44218826672997746,3.4695130076752903,1.272099638111604,4.41356624148724,5.21326495263436,0.19752911955569877,0.039017753072449535
1108,886.1,0.003642593739020002,0.5089231666377958,0.5089101306237617,0.25898952105149414,1.4879196,2.966,0.340587450655033,0.073676093421446,0.02323657960106118,2.9236625438569646,1.2601532006025138,3.684262712123041,4.368685919397108,0.5089101306237617,0.25898952105149414,0.0030870750651599966,0.49395307208450184,0.49394342529206636,0.24398010738925915,1.5038616,2.6843000000000004,0.33417303468681636,0.6094981692592105,-0.10974091441642564,3.0445434697949008,1.2540429934432467,3.817988406529686,4.500248206470053,0.49394342529206636,0.24398010738925915,-0.03192468037724,0.19546293264913944,0.19283820374244592,0.03718657282261309,0.69404621,1.33744,0.13022524652671855,-0.08041401181772809,0.43163747477217695,3.550781729269504,1.2721501570453613,4.517127534523999,5.329582615592141,0.19283820374244592,0.03718657282261309
1109,886.8,0.0024025679766379996,0.5137136250875347,0.5137080068168043,0.2638959162676938,1.5719196,3.058,0.3425914659552636,0.08058190810992513,0.045949312259741415,3.0599141685840068,1.2650776766432976,3.871029107120163,4.588320948442028,0.5137080068168043,0.2638959162676938,0.0005493051604399977,0.4962013367701858,0.4962010327239959,0.24621546487636004,1.4322616,2.5176999999999996,0.3362221073456724,0.6159732760606135,-0.09913483367938936,2.886452522120769,1.2518286678869628,3.6133440156854064,4.25986741712817,0.4962010327239959,0.24621546487636004,-0.03241134038156,0.19507586159490095,0.19236448942479903,0.03700409679166362,0.64883621,1.19723,0.1299534003183823,-0.13489227163454304,0.34803803391301935,3.3260712252927958,1.2722402785652538,4.231561782194381,4.992837497213378,0.192364489424799,0.03700409679166361
1110,887.5,0.00400767768786,0.5219269028509395,0.5219115159096648,0.27239163043912423,1.6290804,3.201,0.3488557592368945,0.0930728841185373,0.14577699270932953,3.121280760009529,1.2664434710098131,3.952925639702616,4.669782157426716,0.5219115159096648,0.27239163043912423,-0.0003500008503400007,0.5045471827443614,0.5045470613477763,0.25456773711467673,1.4322616,2.4397,0.3441867736079081,0.6070656579647128,-0.16266270521579163,2.838706961377848,1.2462963289965334,3.537870065062116,4.161291803826281,0.5045470613477763,0.25456773711467673,-0.03136984036522,0.2014331850396877,0.19897552902478657,0.03959126115069369,0.65129621,1.22069,0.13337167177267506,-0.12302128960212681,0.4013597265208837,3.233311382489818,1.275650290468747,4.124574604249043,4.883317434230711,0.19897552902478657,0.03959126115069369
1111,888.2,0.0024814053489999963,0.5207064114772384,0.5207004989252431,0.27112900958099706,1.6290804,3.167,0.34505348615328324,0.06673638926935013,0.22746818071075303,3.1285967756346937,1.2739818873117075,3.9857756248604095,4.7212402290476,0.5207004989252431,0.271129009580997,0.001195522149900001,0.5095736179270515,0.5095722155043912,0.25966384281405375,1.4147616,2.4752,0.3475122373730749,0.5915512085267434,-0.22226192922068755,2.776363512999866,1.2466579114034644,3.461175538413198,4.071113036750904,0.5095722155043912,0.25966384281405375,-0.031535080364920004,0.20419337963110476,0.20174358723773728,0.04070047499155051,0.66657621,1.2209699999999999,0.13610303401338777,-0.11873477548597436,0.3306987772219858,3.2644359538210046,1.271195727077457,4.149737035815284,4.897585236302905,0.20174358723773728,0.04070047499155051
1112,888.9,0.00078083171878,0.5190408763533116,0.5190402890214214,0.2694028216274406,1.5739196,3.076,0.3375992936930539,0.07460326007588194,0.1794175655142234,3.0323615570667144,1.280296896244443,3.88232308980348,4.66209387698249,0.5190402890214214,0.2694028216274406,-0.00034236584055999587,0.5058421151358877,0.5058419992752479,0.2558761282307799,1.4420616,2.4725,0.34391363088929827,0.5925410460459928,-0.21391455557945616,2.8508136370033355,1.2457166887074087,3.5513061240097192,4.193092307132725,0.505841999275248,0.25587612823078,-0.031071450362219998,0.20367246540460762,0.201288445113919,0.040517038136379184,0.69617621,1.30957,0.1365042577542834,-0.12252436076035313,0.4210889500801156,3.4181164774384403,1.2686458748494465,4.336379368857198,5.1000329326954965,0.201288445113919,0.04051703813637918
1113,889.6,0.0027997810339499994,0.5169930061045054,0.5169854249271782,0.2672739295871351,1.5699196,3.033,0.3426466016198717,0.12232435253465088,0.00139296933052524,3.0366360501260923,1.2645280304119264,3.839911403543799,4.5817457187030595,0.5169854249271782,0.26727392958713503,0.0040089880357200005,0.5076584405153656,0.5076426107424616,0.25770102024142244,1.5675616,2.664,0.351750091198411,0.6199813929783334,-0.19676059027778336,3.0878273163519947,1.2370380298659327,3.819759819986282,4.456463947626352,0.5076426107424616,0.25770102024142244,-0.033725200380220005,0.202421207316957,0.1995919738641023,0.03983695603096849,0.69617621,1.30957,0.13071944711065395,-0.12776204550135803,0.5517179268868397,3.439245419131934,1.2930870924409792,4.44724385921627,5.325727926394052,0.1995919738641023,0.03983695603096849
1114,890.3,0.002554761685060001,0.5066943436599987,0.5066879030426613,0.25673263108976935,1.5699196,2.8701,0.338888307189327,0.09525854795725462,0.0055169473052663065,3.0983562766065638,1.2610511547856842,3.90718576055218,4.632557591085407,0.5066879030426613,0.25673263108976935,2.7538149860003357e-05,0.512344982828088,0.5123449820880107,0.26249738067076406,1.4892616,2.5297,0.35379245426577,0.5768487322229968,-0.2703080712017294,2.9067555063766597,1.2373076286541425,3.596550762672276,4.209421603099715,0.5123449820880108,0.2624973806707641,-0.032698570368220006,0.20002664499997153,0.19733591210375065,0.0389414622058192,0.68912621,1.2585199999999999,0.13367511250735184,-0.1465479749343888,0.41506311826940934,3.4451720669518706,1.270975642255398,4.378729780474511,5.155231943134512,0.19733591210375065,0.038941462205819205
1115,891.0,-0.00021805021920000246,0.5102264165844044,0.5102263699914619,0.2603309486346641,1.5319196,2.95,0.33601592732650276,0.10631615003489174,0.1627620269508494,3.00243098006389,1.2741023003434675,3.8254042183218937,4.559068411395426,0.5102263699914619,0.2603309486346641,-0.0010849648381399976,0.5081124255788051,0.5081112672229152,0.2581770598788768,1.4892616,2.6427,0.3482879166574537,0.579612384459358,-0.2600497141760827,2.930968669588311,1.2421144548982646,3.640598551349577,4.275949663406529,0.5081112672229152,0.2581770598788768,-0.031048150372107997,0.19879455063942927,0.19635499922946598,0.03855528572240358,0.66845621,1.20385,0.1291075567407076,-0.21986524749733166,0.49092030450586943,3.362547956419773,1.2888426467288465,4.333795207904735,5.177514212762078,0.19635499922946598,0.03855528572240358
1116,891.7,0.002001380640900001,0.5208538517005036,0.5208500065343,0.2712847293067804,1.5809196,2.999,0.34094668487059115,0.09006168449103044,0.20141816470325136,3.0352460576773184,1.2790837971305045,3.882334052679298,4.636852828177666,0.5208500065343,0.2712847293067804,0.003600629656540003,0.503722986441679,0.5037101175634656,0.25372388253580036,1.4126616,2.6001000000000003,0.3442534193243756,0.5852179177035866,-0.21698136307021665,2.804441405342851,1.2436334491238903,3.4876971377923796,4.103551397608365,0.5037101175634656,0.25372388253580036,-0.03263033034958001,0.20202952028013058,0.19937700119596785,0.03975118860589697,0.65440621,1.2948,0.1350239180280872,-0.13374359077621759,0.3353402815714661,3.2391613319311547,1.2663381676638894,4.101873625845422,4.846594733415103,0.19937700119596785,0.03975118860589697
1117,892.4,0.0019420688479000003,0.5244578660167005,0.5244542702613655,0.2750522815953814,1.5809196,2.995,0.3466279485467786,0.11510360184845095,0.09478057034708387,3.0143881948176525,1.26888553442691,3.8249135755513657,4.560854387616265,0.5244542702613655,0.2750522815953814,0.001237514152640001,0.4963675646492298,0.49636602199841334,0.24637922779452934,1.4126616,2.6001000000000003,0.34487707393073036,0.5603278107961113,-0.27278865021107057,2.8459990148596668,1.2339481989034982,3.511815358467216,4.096130786251503,0.49636602199841334,0.24637922779452934,-0.03182622037068,0.20138883097815008,0.19885812263939037,0.03954455293966282,0.64739379,1.29083,0.13333782291369295,-0.06624415159932563,0.4146418093223141,3.2146459506001093,1.2751550589271272,4.099172046567333,4.855289938392392,0.19885812263939037,0.03954455293966282
1118,893.1,0.003061061838649999,0.5272983599342063,0.5272894748520244,0.2780341902897237,1.6209196,3.237,0.3492089013815768,0.09394291811933421,0.044489299182053355,3.074008423243058,1.2675942837196084,3.896595505408827,4.641690385288428,0.5272894748520244,0.27803419028972365,0.0005129971665700008,0.49914676105518496,0.49914649743916767,0.24914722590578903,1.5623616,2.5708,0.33549596056015674,0.5811030215922667,-0.17396810161776832,3.130064586009139,1.2546285620697457,3.92706843073008,4.656871568263957,0.49914649743916767,0.24914722590578903,-0.0327060303853982,0.20122459291336425,0.19854886645251482,0.039421652369578564,0.67975621,1.32715,0.12994938844400675,-0.20307321643022727,0.6308828814468472,3.378097081268113,1.2954763238415006,4.376244788420918,5.230930427140077,0.19854886645251482,0.03942165236957857
1119,893.8,0.0041645498426580016,0.5295976179002558,0.5295812434463983,0.2804562934102334,1.6160804,3.19,0.35086091828212934,0.1327095083798916,0.12080834372555538,3.051525054828271,1.2704707106996254,3.8768732051253867,4.606042781602994,0.5295812434463983,0.2804562934102334,0.000853800160860001,0.4995876747478692,0.49958694517097624,0.24958711578526804,1.5064616,2.5369,0.3404861174142235,0.6083823824830475,-0.22015249550733174,3.015409859260995,1.2465841572124747,3.758962158057054,4.424443532208073,0.49958694517097624,0.24958711578526804,-0.0323089703608562,0.20116659026697153,0.1985550993398581,0.03942412747386092,0.68204621,1.31744,0.13351166127309505,-0.11775570192251898,0.4914523296735194,3.3904546927740093,1.273597071255017,4.318073166939807,5.108514143980952,0.19855509933985813,0.039424127473860926
1120,894.5,0.0006902488406879988,0.514379710082039,0.5143792469575541,0.2645860097006204,1.5760804,3.1310000000000002,0.341051455771884,0.10091062259878375,0.13944273069990532,3.064040764260762,1.2690041316636496,3.8882803894327536,4.621239327165278,0.5143792469575541,0.2645860097006204,-0.00074000884174,0.49867680129182657,0.4986762522253912,0.24867800453356198,1.4274616,2.5579,0.3418759371338017,0.5844359486496666,-0.1852764566021623,2.8624985086576085,1.243570599425272,3.5597189862652887,4.175378975096827,0.4986762522253912,0.24867800453356198,-0.03269806037042,0.20015605154207167,0.19746716642754772,0.038993281816924824,0.64736621,1.2867600000000001,0.13342596783906793,-0.018265235094143583,0.47627823950958925,3.2343074566692644,1.270749615405944,4.1099949566670455,4.851875691700602,0.19746716642754772,0.038993281816924824
1121,895.2,0.0024100638428199996,0.5137317980358064,0.5137261448528545,0.26391455190537605,1.5760804,3.093,0.34155393034313497,0.14519246651856668,0.10653598756688121,3.0679050937200296,1.2665297643540674,3.885593115409872,4.614440824664567,0.5137261448528545,0.2639145519053761,0.0010618691450400002,0.5021202056110023,0.5021190828048204,0.2521235733167541,1.4274616,2.5579,0.34652438072307384,0.5828237986011601,-0.23233579753134181,2.8428682694873846,1.238862757028387,3.521923622205661,4.119368446807098,0.5021190828048204,0.2521235733167541,-0.033437780390780006,0.19666249999411395,0.19379900347131002,0.037558053746472836,0.69070621,1.2881,0.12725082909931193,-0.12414757678001188,0.761105285756539,3.5121398844247005,1.2942126129861993,4.545455736994339,5.427911274832981,0.19379900347131004,0.03755805374647284
1122,895.9,0.003215337858959999,0.512438213427958,0.5124281258710243,0.26258258418369024,1.5229196,2.96,0.34854012751547075,0.09615721511847686,0.04269428467285863,2.9719087298591993,1.2538782884708135,3.726411831687322,4.369424005367651,0.5124281258710243,0.2625825841836903,0.000783359153540002,0.5002405807038831,0.5002399673470671,0.25024002493139474,1.3518616,2.4163,0.3418266864223417,0.5858805796045091,-0.2594167642431673,2.7024228983938294,1.2430352484466973,3.359206918913018,3.9548158575592205,0.5002399673470671,0.25024002493139474,-0.03229047037318,0.1966809210228613,0.19401213935596867,0.037640710217479806,0.73104621,1.2994400000000002,0.13127418867057006,-0.19399705707739956,0.5045010584715532,3.716914717493246,1.2707885682241766,4.723412732054612,5.568849576625804,0.19401213935596867,0.037640710217479806
1123,896.6,0.002122249156940001,0.5066351937686565,0.5066307487939515,0.25667471562352,1.5599196,2.996,0.34111345003846033,0.09479330384797194,0.058235953567443044,3.078979942937604,1.2606997566052667,3.8816692646539352,4.5730228456958235,0.5066307487939514,0.25667471562351996,-0.0013702698241199998,0.5024048280606005,0.5024029594053071,0.2524087336192107,1.3900616,2.4115,0.33953708744355504,0.58576185178898,-0.21866104791942353,2.766815767607093,1.2492202533123509,3.456362294078739,4.093990469394849,0.5024029594053072,0.25240873361921073,-0.03120341637306,0.2004948730161083,0.1980518641982318,0.03922454091239484,0.70012221,1.371516,0.13412715473342132,-0.10708240929859394,0.3429411448144699,3.4919706397866355,1.2686145466053689,4.429964749952182,5.2198394232062695,0.19805186419823181,0.039224540912394856
1124,897.3,0.0006343843458200004,0.5142220651503394,0.5142216738372485,0.2644239298439816,1.6239196,3.0460000000000003,0.34043744873134585,0.11131041434545089,0.10965345573182761,3.158012287016945,1.2693466887563238,4.008612439576745,4.770096844667363,0.5142216738372485,0.2644239298439816,0.0024193951732000016,0.5062015582952879,0.5061957765011218,0.2562341641475736,1.4004616,2.4479,0.34179880078396957,0.5666074431731191,-0.19586742279450942,2.7666086305942463,1.252129550094166,3.464152419912611,4.097327424168312,0.5061957765011218,0.25623416414757366,-0.033056626379138206,0.2020533727273997,0.19933094311457913,0.03973282488294758,0.70012221,1.244516,0.13241247435347114,-0.16882016867679414,0.30720155698619855,3.465035997912145,1.2805304227209175,4.4370840111496355,5.287433932629676,0.1993309431145791,0.039732824882947576
1125,898.0,0.0012409218527199997,0.5229095747556163,0.522908102331619,0.2734328834840549,1.6629196,3.25,0.3434628564120608,0.14909459654389456,0.24173458364553513,3.180128420438986,1.2764058646623009,4.0591345662275815,4.841628633068126,0.522908102331619,0.27343288348405487,0.0008083921501599985,0.503113563998624,0.5031129145445673,0.25312260478152904,1.3815616,2.4370000000000003,0.34635062523238846,0.5461691196235499,-0.24738005021746812,2.7460233610473255,1.2406336729714624,3.4068090484815836,3.988910368136403,0.5031129145445673,0.25312260478152904,-0.0333176103608,0.20158336173923275,0.1988109367462874,0.039525788569936285,0.74291621,1.25731,0.13272490456558086,-0.244557743494381,0.515402943210959,3.6854044083312427,1.2794565381142544,4.7153147658345045,5.59741378177384,0.1988109367462874,0.039525788569936285
1126,898.7,0.0012648808296999966,0.518813111945605,0.518811570035952,0.26916544520316954,1.5459196,2.9379999999999997,0.33866483821084736,0.13047155096253035,0.1549088635607685,2.9797234580341176,1.2774774143085585,3.8065294185239815,4.564747873345904,0.518811570035952,0.2691654452031696,-0.0012300918388600036,0.5028637464319696,0.5028622419208507,0.2528704343496642,1.4003616,2.5708,0.34235027873542884,0.5729594986719284,-0.231255043135846,2.7847734300516915,1.2432111806211597,3.4620614637369997,4.090435109831505,0.5028622419208508,0.2528704343496643,-0.03248935037706,0.19973524440938123,0.19707513788236172,0.038838609971351884,0.67003621,1.26043,0.13120249556498836,-0.1509123423090126,0.32578322455039643,3.354621824412124,1.2776191469701565,4.285929073712889,5.106886169463993,0.19707513788236172,0.038838609971351884
1127,899.4,0.0024900268447399982,0.5087781863087251,0.5087720930140609,0.25884904262990827,1.5129196,2.9450000000000003,0.33861426333935984,0.08030163895804543,0.08861160939530377,2.973632991179313,1.2657096605194997,3.7637560037751534,4.467973631942814,0.5087720930140609,0.25884904262990827,0.0016285251573800055,0.4961315500155885,0.4961288772352222,0.24614386282668216,1.5071616,2.6546000000000003,0.3429794665130057,0.565723813483385,-0.24648981196030562,3.0378265602190484,1.236345813352222,3.7558041494170027,4.394320206171435,0.4961288772352222,0.24614386282668216,-0.03344199037833,0.19710729970274768,0.19424963545820229,0.037732920875644484,0.68973621,1.32713,0.1287558594811305,-0.11492751792106312,0.4126688869429467,3.4992930806731812,1.2835651583949919,4.491570677364771,5.356930649832543,0.19424963545820226,0.03773292087564447
1128,900.1,-7.850546636000622e-05,0.5048475800356228,0.5048475739316931,0.25487107290471633,1.5119196,2.944,0.3358171615450969,0.12022729829874279,0.049926007461263744,2.9948040949177503,1.2639237482795747,3.7852040170114627,4.502210646542447,0.504847573931693,0.2548710729047163,-0.0007461298416399958,0.48931393561261693,0.48931336674463294,0.23942757087496766,1.3665616,2.423,0.3347508285476574,0.5899167451334812,-0.17938912285116215,2.79281152761177,1.2436800842711282,3.473364076013585,4.08232477251493,0.489313366744633,0.2394275708749677,-0.033696560391219994,0.1941490270535801,0.1912024752027354,0.03655838652365264,0.69521621,1.19761,0.12759504736337046,-0.21572042714456882,0.49435694311068135,3.5808379807545387,1.2832817854586518,4.595224157380837,5.448614380933881,0.1912024752027354,0.03655838652365264
1129,900.8,-9.615427002000043e-05,0.5014739698339423,0.5014739606154741,0.25147613317537004,1.5779196,2.977,0.3305013342693653,0.1630986617183572,0.1327965536577871,3.146563321168018,1.2718390131796744,4.001921989301691,4.774321421389372,0.501473960615474,0.25147613317537,0.0009492434569600006,0.48791810907397465,0.48791718569771897,0.2380631800991824,1.4167616,2.4732000000000003,0.33332812341502044,0.6021599965732494,-0.1874243873393362,2.903687265653837,1.244535518381073,3.6137419363770182,4.250351231948159,0.48791718569771897,0.2380631800991824,-0.03417805937738,0.19604066222105604,0.19303834204962103,0.037263801501266486,0.70110521,1.246499,0.1305046362291076,-0.30145907538242406,0.39780911830535226,3.576325452366773,1.273793469721604,4.555500006823957,5.372262857920034,0.19303834204962103,0.037263801501266486
1130,901.5,0.0032884073679199997,0.5055379605795054,0.5055272653021479,0.2555578159638682,1.5779196,2.951,0.3330537903234991,0.13119887981427286,0.2055392947210164,3.1212682786297754,1.2754982137831288,3.9811721141302194,4.737731999588859,0.5055272653021479,0.2555578159638682,0.00232902816028,0.4883035290987184,0.48829797476345477,0.23843491215809148,1.5200616,2.7715,0.3313290853228789,0.5890447610410763,-0.11566240073910761,3.1129441206489727,1.2497690186153765,3.890461118667973,4.58776988599931,0.48829797476345477,0.23843491215809148,-0.03479538038874,0.19730297492064586,0.1942105697848083,0.03771774541613989,0.69545621,1.30685,0.13203358927244646,-0.15599672276795243,0.36190162290052497,3.524813603442668,1.2688275684137456,4.472380673567852,5.267267320628175,0.1942105697848083,0.03771774541613989
1131,902.2,0.0010423455498800003,0.5189791126372715,0.5189780658847967,0.2693382328695244,1.5629196,2.9530000000000003,0.3432063509410305,0.0974586112815274,0.1705293735263389,3.011526980455506,1.272380918405056,3.8318094651935817,4.553877268630556,0.5189780658847967,0.2693382328695244,-0.000466339151579996,0.4918650716397454,0.4918648505707311,0.2419310312269676,1.5200616,2.7715,0.341017698249328,0.5646083979883477,-0.1781293639081727,3.090403624173851,1.2367448742196785,3.822040841466928,4.457427305982925,0.49186485057073104,0.24193103122696757,-0.03437236037184,0.20210255935549412,0.19915819174844246,0.039663985340509376,0.73839379,1.4014700000000002,0.1335120003764182,-0.12732826643275943,0.46090171056981477,3.6535598181177953,1.2757132927254806,4.660894825740561,5.530542482460028,0.1991581917484425,0.03966398534050938
1132,902.9,0.001051096236109999,0.5279375339456271,0.5279364876055571,0.27871693494529254,1.7030804,3.338,0.3438211107006224,0.1378355007489955,0.24478255412795624,3.225912708406525,1.2789089383336085,4.125648597065085,4.953391013511483,0.5279364876055571,0.27871693494529254,0.0009277347549200019,0.4948253610938405,0.49482449140061185,0.2448512772898742,1.4419616,2.5894,0.33816381013428887,0.5853591021643204,-0.19422399710264626,2.914081842556451,1.2446914789070533,3.62713283826778,4.2640920074427235,0.49482449140061185,0.2448512772898742,-0.03445219036927,0.20301169062074886,0.20006697155566242,0.04002679310745423,0.73839379,1.47624,0.1343700657263912,-0.16504418945905264,0.5416735174561413,3.6371983689324163,1.274669516426225,4.636225886073337,5.4952253391283,0.20006697155566242,0.04002679310745423
1133,903.6,0.0005320000460900025,0.5214708551344451,0.5214705837634568,0.27193156973060034,1.5530804,3.042,0.34613528518506415,0.1334875613053139,0.16564131055865028,2.9782688422722807,1.2701270796580004,3.7827799070717054,4.486917302203479,0.5214705837634568,0.27193156973060034,0.001954118576080001,0.49824012245482413,0.49823629037273953,0.2482394010443888,1.4804616,2.5369,0.3331942650156398,0.6327723854128527,-0.09035651986013526,2.971381735990631,1.2586493889286527,3.739927806278367,4.4432385411270765,0.4982362903727395,0.24823940104438877,-0.03453215037724,0.19920763029773184,0.19619176985582626,0.0384912105591615,0.73784621,1.37824,0.13065768027662575,-0.2179900473226106,0.5256207640407817,3.7039053619443663,1.2828761144838063,4.751651719146925,5.647170594471348,0.19619176985582626,0.03849121055916149
1134,904.3,0.002289500336860001,0.5249106489718818,0.5249056558966474,0.27552594759228954,1.6209196,3.138,0.34417562999838974,0.11280734426352979,0.18244154506677068,3.0879914575458134,1.2765768088855638,3.9420582807397153,4.709571098940339,0.5249056558966474,0.27552594759228954,-0.0010701828327400018,0.5021962724421898,0.502195132158342,0.2521999507635346,1.3574616,2.4329,0.3433921839833046,0.5557889462275409,-0.2552106414195947,2.7030499318496313,1.2434627276866814,3.3611418413310408,3.9530940519776023,0.502195132158342,0.2521999507635346,-0.033203420357980004,0.1990314142718298,0.1962422909150217,0.03851103674357601,0.63180621,1.2272,0.13272570714590967,-0.14950088701674336,0.2964784122763824,3.174404464297793,1.2663709575489017,4.019973621100305,4.7602399232684816,0.19624229091502174,0.03851103674357602
1135,905.0,0.0004663228309800007,0.48430510810213806,0.48430488359796753,0.2345512202768409,1.6189196,3.159,0.3291081933795372,0.027203154398642675,0.01726794731638881,3.342767963658513,1.2521976129349603,4.185806064688648,4.9191105920994636,0.48430488359796753,0.23455122027684086,0.0023300401620800033,0.5024616647541894,0.5024562622362214,0.25246229546039456,1.4218616,2.5323,0.34497576585693385,0.35429506639911634,-0.36310480375677345,2.829791205455629,1.2391514623147502,3.506539910285763,4.1216274901746734,0.5024562622362214,0.25246229546039456,-0.0364064103687882,0.19953984371312525,0.19619052605342044,0.038490722513117845,0.63180621,1.1602000000000001,0.13018762297183953,-0.16196591018970047,0.1539630834388479,3.1663160511859285,1.2781016560634955,4.046873788641163,4.853043596445908,0.19619052605342044,0.038490722513117845
1136,905.7,0.00554873373888,0.4264750611657404,0.42643896321773533,0.18185018935021705,1.0929196,2.1691000000000003,0.3080361444554661,-0.07234265276659951,-0.6553398256396843,2.562681149543842,1.2023733534545118,3.081299527611693,3.5480238915859026,0.42643896321773533,0.18185018935021705,0.0018738601488600018,0.4489224554053562,0.44891854452151625,0.20152785961531655,1.2309616,2.3334,0.31828148639243353,-0.0020225308552905275,-0.44568648659835564,2.742036147174903,1.2199121991529356,3.345043346456978,3.8675249822173243,0.44891854452151625,0.20152785961531655,-0.0371396104023,0.1810927685275816,0.17724344882716997,0.03141524015214962,0.57830621,1.0997,0.11979088013400106,-0.22572253900684305,0.09541674325147476,3.193425196942197,1.2712889486772696,4.059766161300149,4.8276313635319505,0.17724344882716997,0.03141524015214962
1137,906.4,0.0017698762398800007,0.39105235841287256,0.3910483532229298,0.15291881455836528,1.0929196,2.031,0.2886960033577286,-0.05777601449249392,-0.7835525681018467,2.7948165417943778,1.1863071020852258,3.3155107125559407,3.785710876799853,0.39104835322292986,0.1529188145583653,0.0014859302033599993,0.3636689116212663,0.36366587589603067,0.13225286929122718,1.0586916,2.07013,0.2524396732004134,0.041159006074342,-0.3259188059832865,2.911141332593607,1.2331236589143066,3.5897972516644994,4.1938400037441745,0.36366587589603067,0.13225286929122718,-0.03944731046898801,0.1530125050034969,0.14784023939445048,0.021856736384208427,0.56610621,1.0075,0.09984198197098815,-0.2736162288511788,0.16697196222991817,3.6997382010513618,1.2797073616052592,4.734582211897626,5.670021756624362,0.14784023939445048,0.021856736384208427
1138,907.1,0.0002507111439899976,0.3477755084756511,0.34777541810688684,0.12094774143941994,0.8979196,1.7527,0.2555989778352136,-0.035833431312583416,-0.7889442707762648,2.5818942913366953,1.189927216290039,3.0722662868454167,3.5130015292114933,0.3477754181068868,0.12094774143941993,0.0003222002370799997,0.2984843286630789,0.2984841547627882,0.08909279064445612,0.8911616,1.6006,0.21070868644557875,0.14959111525007865,-0.37510454599010234,2.9856227427133013,1.2240482354850202,3.6545462500421624,4.229353877302855,0.2984841547627882,0.08909279064445612,-0.041267810507438,0.13234959475966582,0.12575127454212917,0.015813383048969946,0.53120621,0.8138000000000001,0.08823069284589463,-0.19082754597138646,0.19093385400972362,4.013659512631071,1.2633022356037011,5.070465035258893,6.02065101004947,0.12575127454212917,0.015813383048969946
1139,907.8,-1.27286460099999e-05,0.28727780752539595,0.28727780724340685,0.08252853853458002,0.8289196,1.5306,0.20243729694448373,0.31371633185470443,-0.4528651447732752,2.8854285931109445,1.2210563114190198,3.523270794767022,4.0946980250745115,0.28727780724340685,0.08252853853458002,-0.004144699728720003,0.28053957511541533,0.28050895648819574,0.07868527467009649,0.7619616,1.5164,0.19441530895038045,0.14771660002041034,-0.32789441410670506,2.7160574392633388,1.234985322650203,3.3542910729651183,3.919246915861298,0.28050895648819574,0.07868527467009649,-0.042345510546978,0.11440349555207097,0.10627801998084316,0.011295017531048498,0.32590621,0.5704,0.07935641534867147,0.11592026449556547,-0.3843895430936466,2.8487434621406575,1.227778652150196,3.4976264082687396,4.106866578688727,0.10627801998084316,0.011295017531048498
1140,908.5,0.0024736697038299994,0.3470061088957017,0.34699729187578965,0.12040712056913196,0.9287804,1.8127,0.24927536558591168,0.3301588174632922,-0.6465839981719381,2.6765534559484077,1.2072769944268618,3.2313414117202237,3.7259213232600787,0.34699729187578965,0.12040712056913197,0.002695800249579998,0.3440205678543159,0.3440100053309792,0.11834288376782033,0.9644384,1.7922,0.2361420654938819,-0.07060753153918514,-0.5192297974019064,2.8034323820092513,1.234011346773634,3.459467369312053,4.084144847225398,0.3440100053309792,0.11834288376782034,-0.04196431051229639,0.12701128371600254,0.11987853366810283,0.014370862834414463,0.41900621,0.6717,0.0885047858094807,-0.12693057942770924,-0.5571675727097336,3.2989683887999957,1.2292350411615791,4.0552075431973105,4.734277431075549,0.11987853366810283,0.014370862834414464
1141,909.2,0.003272291631610001,0.37767538346967167,0.3776612071505905,0.14262798738644122,0.9939196,1.9226999999999999,0.2741803459208332,0.2037558355311916,-0.6806760946980797,2.631676946665004,1.1998147432719186,3.157524800137498,3.625057794211786,0.3776612071505905,0.1426279873864412,0.0048743002409,0.3718322239799294,0.3718002743234894,0.13823544398702195,0.9655616,1.87,0.25371390022967993,0.002328596866898038,-0.5833549673245289,2.5967668688449086,1.2370755537360347,3.2123968121997044,3.8057102867675154,0.37180027432348933,0.13823544398702192,-0.0416201104934,0.1336357599189865,0.12698930164246977,0.016126282731642173,0.35850621,0.6358999999999999,0.09327008674494297,-0.19783429456735585,-0.6882766754827214,2.682711650065341,1.2294202394162401,3.298179999108068,3.8437426458106936,0.12698930164246977,0.016126282731642176
