indice_janela,tempo_centro_s,aceleracao_x_g_mean,aceleracao_x_g_rms,aceleracao_x_g_std,aceleracao_x_g_variance,aceleracao_x_g_peak,aceleracao_x_g_peak_to_peak,aceleracao_x_g_sra,aceleracao_x_g_skewness,aceleracao_x_g_kurtosis,aceleracao_x_g_crest_factor,aceleracao_x_g_shape_factor,aceleracao_x_g_impulse_factor,aceleracao_x_g_clearance_factor,aceleracao_x_g_rms_espectral,aceleracao_x_g_energia_espectral,aceleracao_y_g_mean,aceleracao_y_g_rms,aceleracao_y_g_std,aceleracao_y_g_variance,aceleracao_y_g_peak,aceleracao_y_g_peak_to_peak,aceleracao_y_g_sra,aceleracao_y_g_skewness,aceleracao_y_g_kurtosis,aceleracao_y_g_crest_factor,aceleracao_y_g_shape_factor,aceleracao_y_g_impulse_factor,aceleracao_y_g_clearance_factor,aceleracao_y_g_rms_espectral,aceleracao_y_g_energia_espectral,aceleracao_z_g_mean,aceleracao_z_g_rms,aceleracao_z_g_std,aceleracao_z_g_variance,aceleracao_z_g_peak,aceleracao_z_g_peak_to_peak,aceleracao_z_g_sra,aceleracao_z_g_skewness,aceleracao_z_g_kurtosis,aceleracao_z_g_crest_factor,aceleracao_z_g_shape_factor,aceleracao_z_g_impulse_factor,aceleracao_z_g_clearance_factor,aceleracao_z_g_rms_espectral,aceleracao_z_g_energia_espectral
0,110.5,-0.0072586009777889995,0.030366102550966074,0.029485808382695378,0.000869412895981029,0.2014804,0.22389999900000002,0.0050584600252933,-5.40903939898371,29.10289275718616,6.635043126191052,3.232626803659153,21.448618253159612,39.83038296093241,0.029485808382695378,0.0008694128959810289,-0.0093673987622,0.04150686853764926,0.04043602324946943,0.0016350719762316323,0.2864384,0.315000001,0.005924485113165175,-5.45393360258155,29.374698497700138,6.90098795914182,3.485275430616379,24.05184378097645,48.348235252290024,0.04043602324946943,0.0016350719762316323,0.0066827891246399995,0.06429643293004664,0.06394819479112432,0.004089371617043579,0.45200621,0.509299999,0.02128956090190404,-5.401457156057931,29.08363315683281,7.0300355618759545,2.228286041470083,15.66493011356648,21.231354281223087,0.0639481947911243,0.004089371617043578
1,111.4,-0.009346037988462001,0.15003916210186335,0.149747793767212,0.022424401738147456,1.5490804,2.966,0.028016870402431046,0.05484399918285493,35.29314596951515,10.324507137331993,2.4770214303404563,25.57402543687434,55.29098638603065,0.149747793767212,0.022424401738147456,-0.014820698957280002,0.20472605901113514,0.2041888981327057,0.041693106120648464,2.6555616,5.246,0.02574438939311519,0.16978127352908798,89.11673734369445,12.971292530256555,3.416138739972039,44.31173492011935,103.15108117150278,0.2041888981327057,0.041693106120648464,0.007048329243482001,0.1545051089715805,0.15434425727313422,0.023822149753195448,2.3243938,3.00246001,0.03618755979255237,6.565567823383634,96.79097416946783,15.044122589030673,2.662146407064121,40.04965689782019,64.23184689226753,0.15434425727313422,0.023822149753195444
2,112.3,-0.0037927388331820007,0.12809906106070018,0.12804290131349047,0.01639498457677626,0.6633804,1.1975,0.07632043663255614,0.08630835571171995,2.3446779152900046,5.178651541291586,1.3583693864281683,7.03452171666954,8.692041467134645,0.12804290131349047,0.01639498457677626,-0.00794749917974,0.09803466662073064,0.09771199064713516,0.009547633116225829,0.4984384,0.9346,0.053872399342099316,-0.3529675385548158,3.346274863270253,5.0843075942546125,1.4309976805656885,7.275632374660867,9.252203467583234,0.09771199064713516,0.00954763311622583,0.012988389214361802,0.0799083826964705,0.07884574415136075,0.006216651370781838,0.46190621,0.7673,0.044439945433577786,-1.675126446016882,7.52770907655105,5.780447487650154,1.4366039896489602,8.30421392271452,10.393941880293005,0.07884574415136074,0.006216651370781837
3,113.2,-0.00046125052707999783,0.21829481618894897,0.21829432888400532,0.04765241402291828,1.1649804,1.9139,0.13234499422195378,-0.4964361243482666,1.5437001349237631,5.336729567557071,1.3413816115801858,7.158590907897332,8.802602673783255,0.21829432888400532,0.04765241402291828,-0.008065499553880001,0.22480800539480975,0.2246632747169398,0.050473587006539165,0.9144384,1.8026,0.13423460143907756,-0.23947855199419396,1.422075123791207,4.067641623322334,1.353847957356748,5.506968302994228,6.812240586232293,0.2246632747169398,0.05047358700653917,0.01585968933576,0.11270560084762697,0.11158415083065244,0.012451022716597794,0.50760621,0.947,0.06731602275493015,-0.45853268597036745,2.348582634769767,4.503824177169875,1.362237319944898,6.135277376610927,7.54064469685003,0.11158415083065246,0.012451022716597798
4,114.1,-0.006942690005020002,0.3198903618629949,0.3198150132003374,0.10228164266833198,1.1649804,1.8028,0.2160186185187931,-0.7129960284401696,0.3044132566982536,3.6418115044646036,1.260008239587939,4.588712502651549,5.392962921381934,0.3198150132003374,0.10228164266833199,-0.013303099769699999,0.323739403306121,0.3234659623353293,0.10463022878952069,1.0234384,1.9434,0.22346487746803884,-0.4180379707465389,-0.03972419109050396,3.1613031640521645,1.2443348808065502,3.9337197958342203,4.579862444586523,0.3234659623353293,0.10463022878952069,0.0089566295198,0.1461899707328122,0.14591533959973346,0.021291286330505543,0.69366621,1.02706,0.09848812842729854,-0.6254826226923415,0.8695501489700015,4.744964422133968,1.2611055311044352,5.983900877646907,7.043145413328134,0.14591533959973343,0.02129128633050554
5,115.0,-0.00412006967808,0.3075022916884326,0.30747468907128866,0.09454068441948565,1.2132804,1.9952,0.19768264886768375,-0.5953805149438635,1.0308502497552299,3.9455979119313995,1.299826646194762,5.128593301098848,6.137515897068402,0.30747468907128866,0.09454068441948565,-0.01040294982524,0.4018304993516401,0.40169581631393925,0.16135952884412202,1.1554384,2.28364,0.28690756709242443,0.13990764952376475,-0.44419875013963894,2.875437284786292,1.212915302855199,3.4876618851176966,4.027214798513094,0.40169581631393925,0.16135952884412202,0.016120589554884598,0.1514226122903237,0.15056206064353875,0.022668934105228637,0.43239379,0.8463,0.10483300592273694,-0.32532395666495956,-0.08309097662389764,2.8555430622935507,1.236270295568183,3.5302230656293228,4.1245959342106335,0.15056206064353875,0.02266893410522864
6,115.9,-0.008060502911999999,0.2806354315527475,0.28051964946435115,0.07869127373560245,1.2178804,2.0868,0.1752437428663966,-0.45147428812621626,1.6528911027051922,4.339724293762566,1.3266974429523688,5.757501123653071,6.949637003179595,0.28051964946435115,0.07869127373560245,-0.014018919831000001,0.38632162502473305,0.38606718048614597,0.1490478678485224,1.1394516,2.12989,0.27396752820064446,0.4618119110622947,-0.1553332174733595,2.949489560484868,1.2234492085803927,3.6085506684913424,4.159075374675441,0.38606718048614597,0.14904786784852242,0.005355859561339999,0.16210686057755522,0.16201836011597615,0.02624994901467013,0.69323621,1.12463,0.10907025317682194,-0.7444464222493627,0.5574553728738176,4.276414998909573,1.2607605628474523,5.39153538099452,6.355868715882991,0.16201836011597617,0.026249949014670135
7,116.8,-0.00514228853712,0.26862639161084245,0.2685771679396122,0.07213369513846268,1.1397804,2.0317,0.16224913772420618,-0.38581904612956863,1.719900507737374,4.2429948642246345,1.3521105715245518,5.7369982108425095,7.02487801160101,0.2685771679396122,0.07213369513846268,-0.00858792581132,0.3654902488980754,0.3653893397046996,0.1335093695698364,1.1648616,1.8873000000000002,0.2551762831967201,0.6440507398242232,0.09421020735243513,3.1871208698781075,1.2340556580142485,3.933084542248372,4.564928940131896,0.3653893397046996,0.1335093695698364,0.011070489540379999,0.14976633284826735,0.14935661591022453,0.02230739871615434,0.52250621,0.8898999999999999,0.10412759814583773,-0.6666849495613777,0.06165245898143956,3.488809534579219,1.2361619630217262,4.312733642874362,5.01794163414962,0.1493566159102246,0.02230739871615435
8,117.7,-0.0038684006280400004,0.2598434675130407,0.2598146706515659,0.06750366308578164,1.0154804,1.8054000000000001,0.15959080443578877,-0.44421096975242086,1.4604479820049603,3.9080466779448138,1.33614888640144,5.22173221674081,6.363025761979774,0.2598146706515659,0.06750366308578165,-0.0070503997936400015,0.34763816318965907,0.3475666617623587,0.12080258436862985,1.1462216,2.0736600000000003,0.24114111134760677,0.6493451979284603,0.08181917889902746,3.2971684969312824,1.2385227030413577,4.083618039202142,4.7533230380932965,0.34756666176235873,0.12080258436862987,0.014259889501343801,0.14130816733993418,0.14058681911324514,0.01976465370838031,0.43710621,0.7965,0.0995336373956879,-0.6819852073187185,0.019762773946072176,3.0932834119098525,1.2281406081593818,3.7989869707122934,4.391542612497117,0.14058681911324514,0.01976465370838031
9,118.6,-0.0033934093190399997,0.2585670894715194,0.25854482112578897,0.0668454245309662,1.1286804,1.8856,0.1662383776898647,-0.5363814423696559,1.53284103669926,4.3651355719975395,1.3065349985309485,5.703202398147197,6.789529684328805,0.2585448211257889,0.06684542453096619,-0.006373319783460001,0.3358438623978763,0.33578338360505783,0.1127504807052614,1.0683316,1.85277,0.2314962145506475,0.6513868034033249,0.1463564119182048,3.181036545888521,1.2422256610309823,3.9515652259800804,4.614898788188465,0.33578338360505783,0.11275048070526142,0.013621155494262,0.14422018615199797,0.14357550702232635,0.020613926216718086,0.70373921,1.0611329999999999,0.0978910740798517,-1.0313467859673648,1.828027873892526,4.879616569474596,1.2632578213423669,6.164213796540593,7.189002844385443,0.14357550702232635,0.020613926216718086
10,119.5,-0.004917872434059999,0.25825025959118036,0.25820342970153276,0.06666901110963436,0.9505804,1.7075,0.16289326848439556,-0.501904285585779,1.1993268509291184,3.680849736626804,1.3190574342673602,4.85525220951864,5.835602716088058,0.25820342970153276,0.06666901110963436,-0.00894748979278,0.3380572783592648,0.3379388493175674,0.11420266587808153,1.0683316,1.84677,0.23828355630438006,0.569785551123496,-0.006518321184560971,3.1602088414870577,1.22726192308391,3.8784039801501815,4.483446598536276,0.3379388493175674,0.11420266587808152,0.010269949528262,0.1429447613376183,0.14257535877757982,0.020327732930555606,0.66147621,0.99687,0.09812249887496627,-0.8367521209761642,0.7600031855059606,4.627495291259208,1.2485692570460776,5.777748357791732,6.741330658964299,0.1425753587775798,0.0203277329305556
11,120.4,-0.0029495794130299994,0.25715849010377634,0.25714157387272146,0.06612178901374026,1.1331804,1.9341,0.16462908056244976,-0.5190026958754592,1.5989521413019432,4.406544771446997,1.3123833806334797,5.783076124064395,6.883233485411733,0.25714157387272146,0.06612178901374027,-0.005459139785659996,0.3244571373004404,0.3244112077872734,0.10524263173799747,1.1162616,1.8367,0.22788502658374707,0.5683238987186241,0.067174691778082,3.4403977341585357,1.2311191357776907,4.235539485208782,4.898354300561197,0.32441120778727334,0.10524263173799744,0.014709689507920001,0.1347120247611978,0.13390651459074784,0.017930954649842165,0.45300621,0.8564,0.09363844433269734,-0.6753219561083306,0.2234507003547903,3.362774858465961,1.2358192973424413,4.155782062710231,4.837822896656305,0.13390651459074784,0.01793095464984216
12,121.3,-0.0017757744090800011,0.25303824034512845,0.2530320092442991,0.06402519770220705,0.9261804,1.6811,0.16479677531152323,-0.44098304304061087,0.9481923702850379,3.660238858509083,1.2944820498628733,4.738113500550582,5.620136669841973,0.2530320092442991,0.06402519770220705,-0.003742639779440001,0.32166328535375743,0.32164151130109764,0.10345326179205414,1.0475616,1.73,0.2231148365323229,0.5771797703966142,0.10618984235153084,3.2567024205075734,1.2393575747811922,4.036218813664305,4.6951678170816695,0.32164151130109764,0.10345326179205414,0.0167589894678018,0.13112273658916174,0.13004733108621952,0.016912308322648797,0.49370621,0.8061,0.0884546481918398,-0.7034245782831896,0.46589772336896207,3.7652219808902956,1.2573485872329282,4.734196538290781,5.581461461801911,0.13004733108621952,0.0169123083226488
13,122.2,-0.005368019321062001,0.25506222797974754,0.2550057342699598,0.06502792451056137,1.0841804,1.8460999999999999,0.16406078735496776,-0.47966961298102645,1.3112159892371356,4.250650551386566,1.299161326669612,5.522280809548289,6.608406661210449,0.25500573426995987,0.06502792451056139,-0.008968399761339998,0.3143792310264879,0.3142512827444411,0.09875386870652665,0.9633616,1.8188,0.21186703419013278,0.6857517758119288,0.31069166857106545,3.06432965324873,1.2589988603513567,3.857987541181019,4.547010362808328,0.3142512827444411,0.09875386870652667,0.0099272894593,0.1377042598849847,0.13734595776528216,0.018863912114462672,0.57370621,0.9031,0.09085917641831627,-0.8137051907883356,0.8356115458375379,4.166219770391846,1.278009226211237,5.324467304984441,6.314235200181131,0.13734595776528216,0.018863912114462672
14,123.1,-0.00421005735308,0.2500675610213156,0.2500321189212162,0.06251606049223318,1.0838804,1.8838,0.15442871336550856,-0.4388026125334061,1.8365606717198686,4.334350267476759,1.3326379008951892,5.776119442194729,7.018645537987647,0.2500321189212162,0.06251606049223318,-0.008323099760279997,0.30979459692983047,0.3096827704236975,0.09590341829729655,0.9966916,1.69513,0.21029388856443287,0.6862458246836262,0.27700080132298055,3.2172659235427337,1.2539383576127379,4.034253148170604,4.739517666461426,0.3096827704236975,0.09590341829729654,0.01121168948718,0.13903022844065574,0.13857742398783424,0.01920370243910398,0.69160621,1.035,0.09251567134392782,-0.9390781513049805,1.382097952011753,4.974502435599523,1.273789580678762,6.336469371527797,7.475557383450722,0.13857742398783426,0.019203702439103982
15,124.0,-0.007725193362059999,0.24684038270442016,0.2467194680627846,0.06087049592118339,0.9465804,1.6965,0.15282176122233868,-0.4418895896688068,1.4407998699819373,3.8347874429180653,1.3329561029655164,5.111603325613162,6.194015776475909,0.2467194680627846,0.06087049592118339,-0.012232899765419998,0.31028095046346543,0.31003971420423004,0.09612462438384066,0.9656616,1.7301,0.21539588538251758,0.5633270632272881,0.15502853584200693,3.112216842695612,1.2391727729678892,3.856574375040491,4.4831942740461335,0.31003971420423004,0.09612462438384066,0.005202109503302001,0.14403293739728518,0.14393896314759919,0.02071842511200592,0.69160621,1.065,0.09621901633127505,-0.9975923271153163,1.6015932989780186,4.801722595522348,1.27579826934872,6.126029377260055,7.187832887616001,0.14393896314759919,0.02071842511200592
16,124.9,-0.002537591361059999,0.249186380789447,0.24917345966420168,0.06208741300102755,0.8972804,1.6392,0.15713144810054844,-0.4488311286720522,1.0904725995002513,3.6008404518630885,1.316641772412231,4.741016954714675,5.710380772573483,0.2491734596642017,0.06208741300102756,-0.00416168978112,0.30723278183358443,0.30720459399457,0.0943746625713686,1.0189716,1.78341,0.2170063720555293,0.5073094855374842,0.011666939696440615,3.3166109225672917,1.2300237840463577,4.079510317185702,4.6955837764029225,0.30720459399457,0.0943746625713686,0.01862558945968,0.12756363402186435,0.12619654568229516,0.015925568142143607,0.54790621,0.9362999999999999,0.08769783829759967,-0.7199221135872498,0.794734438863093,4.295159934892487,1.2462440065172693,5.352817325892866,6.247659242645168,0.12619654568229516,0.015925568142143607
17,125.8,-0.0077158994530400005,0.24730138315818548,0.24718098431631477,0.061098439007582245,0.9813804,1.7313,0.15661353982271548,-0.47047807583426027,1.2823833482304412,3.968357909960671,1.314220585500354,5.215297655903473,6.2662551469745855,0.24718098431631477,0.061098439007582245,-0.009540289745399999,0.29993628091114816,0.29978451507438636,0.08987075547838498,0.9907716,1.79321,0.2052217861268787,0.5875542428705073,0.10614398970431349,3.3032736052811895,1.2457340469061933,4.115000396345348,4.827809067929337,0.29978451507438636,0.08987075547838498,0.007232189465761999,0.13687875136013905,0.13668755616164222,0.018683488009442095,0.59670621,0.9151,0.08964472055207444,-0.976104244371593,1.4446800150957424,4.35937794632578,1.286313470951079,5.6075265773259,6.6563452518475374,0.13668755616164222,0.01868348800944209
18,126.7,-0.0033293441601000002,0.24747359986837147,0.24745120347105698,0.06123209809927444,1.0978804,1.8927999999999998,0.1541974507152812,-0.4214727769348795,1.629110640949663,4.436353617452329,1.3308658742859476,5.90419163573232,7.1199646615895595,0.24745120347105695,0.061232098099274435,-0.00616723976834,0.2962880786264733,0.2962238860892332,0.087748590689807,0.9998216,1.70926,0.2045615780077533,0.6038179996873013,0.19548431714137626,3.3744914902919962,1.2442425102444867,4.198685762679572,4.88763143957613,0.29622388608923317,0.08774859068980699,0.01367066945988,0.1300380044924839,0.12931742113460956,0.016722995408905966,0.69042621,1.04182,0.08806544813909804,-0.9226958967665927,1.6818602559205527,5.309418678751766,1.2648504784038694,6.7156207558656105,7.8399216104536515,0.12931742113460956,0.016722995408905966
19,127.6,-0.0016651513560400003,0.248663047589524,0.24865747225344217,0.06183053850747136,0.9784804,1.7904,0.15637277042022613,-0.38016142885793697,1.4652974658001545,3.934965044002874,1.3235392181483006,5.208080557780456,6.257357961814546,0.24865747225344217,0.06183053850747136,-0.0036208397522999986,0.29487917802658503,0.2948569469304099,0.08694061915312258,0.9998216,1.6152600000000001,0.20289706123750903,0.7213688771557644,0.21273028498104374,3.390614443146136,1.2439603802605106,4.217790032012847,4.927728346097729,0.29485694693040987,0.08694061915312255,0.0170214894681418,0.1222074763715115,0.12101626410272082,0.014644936177379476,0.45060621,0.802,0.0851101891944599,-0.6375746020060691,0.3253887531895927,3.6872229374097727,1.234215154160695,4.550826426120053,5.294386186481788,0.12101626410272082,0.014644936177379475
20,128.5,-0.00460845445406,0.24242854991911386,0.24238474366888096,0.05875036396342913,0.9659804,1.6448,0.15218331583712114,-0.4649522980970643,1.1189362758967052,3.9845983499975506,1.3196969729282704,5.2584623808267486,6.347478990626477,0.24238474366888096,0.05875036396342913,-0.004664219750089998,0.29625449922045066,0.2962177802943011,0.08774497336248287,1.0106416,1.61508,0.20476709025640935,0.7170431965455161,0.27708671174622435,3.411396629112307,1.2434636828178418,4.241947815988361,4.935566544089065,0.2962177802943011,0.08774497336248287,0.014289789451031801,0.1252589698128569,0.12444119669957926,0.015485611436023377,0.51870621,0.8391,0.08490887854094668,-0.7050939983940732,0.4745980593153365,4.141070382224704,1.2532360863503835,5.189738839120775,6.108974925983243,0.12444119669957926,0.015485611436023375
21,129.4,-0.005954589638142,0.2477510136643411,0.24767944531985261,0.06134510763394987,1.1020804,1.834,0.15671138076960794,-0.5946457771303781,1.357058142792475,4.448338611010183,1.3118657806831386,5.835623204675822,7.032548590840657,0.24767944531985264,0.061345107633949875,-0.008935299731779998,0.29929114725276657,0.29915773639098897,0.08949535124258044,0.9361616,1.5916000000000001,0.19945551582317403,0.6830910267776158,0.3275291603192607,3.127929471329682,1.2659574245794474,3.9598255377906764,4.693585916320048,0.2991577363909889,0.08949535124258043,0.009199489453680001,0.13692877414563082,0.13661939314320207,0.018664858582816805,0.56210621,0.8685,0.08867046159265622,-1.0545925566386931,1.7057986461491828,4.1050992642508515,1.298569462034227,5.33075654317533,6.339272401470776,0.13661939314320207,0.018664858582816808
22,130.3,-0.003909821843149999,0.24292919483479913,0.24289772949996594,0.05899930699623862,0.8721804,1.5514999999999999,0.1539345780744739,-0.5080982470098898,0.7914595850827211,3.5902658821765536,1.3061407924578108,4.689392724480324,5.665916072333255,0.2428977294999659,0.058999306996238614,-0.00540459976294,0.28674443164370733,0.2866934937874858,0.08219315938007517,0.9157616,1.5062,0.20114580646764915,0.6014700227409754,0.12207845070789292,3.193650857492062,1.234602307870904,3.9428887191935917,4.552725289588796,0.28669349378748576,0.08219315938007515,0.0133384894573,0.12885783991402197,0.12816562568140186,0.016426427606305218,0.61560621,0.9540000000000001,0.08481031866497131,-0.8625437194756486,1.233057548392793,4.777405941390543,1.2777636048996426,6.104395437740151,7.258623946831839,0.12816562568140186,0.016426427606305215
23,131.2,-0.0010941603090640001,0.2423766661293494,0.24237419643434857,0.058745251097196194,0.9694804,1.5606,0.16240937478242393,-0.5483163758988945,0.9608191205423462,3.9998916375993736,1.271614902370459,5.086321814238343,5.969362306201784,0.2423741964343486,0.0587452510971962,-0.002201199734800002,0.2882421195754217,0.2882337145738839,0.08307867421705918,0.8965616,1.569,0.19872512579659252,0.6448286440962804,0.14377710961288637,3.110446180872622,1.2471776175062543,3.879278857242144,4.511566398089421,0.2882337145738839,0.0830786742170592,0.018321189439222,0.11701418259560746,0.11557098661017957,0.013356652946050308,0.44880621,0.7512,0.0794827356562749,-0.5599646109264242,0.23279534783636446,3.835485579991972,1.248423962148336,4.788312104536385,5.646587353772948,0.11557098661017957,0.013356652946050306
24,132.1,-0.004380117854999998,0.24249341139577615,0.242453849501173,0.05878386913793744,0.9792804,1.7732,0.15508881237160257,-0.4395888621406604,1.3737089952868864,4.038379411478961,1.307184518014781,5.27890704455494,6.3143200661926695,0.24245384950117302,0.058783869137937456,-0.00679155974394,0.2850891212717933,0.2850082135373782,0.08122968178376777,1.0106016,1.78704,0.19221705877744538,0.6732816651181288,0.4742155772129286,3.544862025922519,1.2627403324940432,4.476240253258909,5.257606200134945,0.2850082135373782,0.08122968178376778,0.012593559442181797,0.12417563615423419,0.12353538308875311,0.015260990874884988,0.65853621,0.96293,0.08504911477387313,-0.8703281261204426,1.2635915775098896,5.303264234395025,1.2523682733916146,6.6416398725688,7.7430107503282395,0.12353538308875311,0.015260990874884988
25,133.0,-0.0036566533420299987,0.244005289673395,0.2439778889058056,0.059525210274933626,0.9582804,1.7682,0.1532199543253483,-0.3620489222514211,1.4249925392353733,3.927293548769675,1.3244304001011473,5.201426966111676,6.254279373854797,0.24397788890580563,0.05952521027493363,-0.005483849747120003,0.2852609716984584,0.28520825613277695,0.08134374936629969,1.0221616,1.8486,0.1938668062415909,0.691161158179674,0.4431537988042096,3.5832507823064534,1.2540733029885376,4.493659144003315,5.2724941407773205,0.28520825613277695,0.08134374936629969,0.014205989447302001,0.12268023727158983,0.12185495673478663,0.014848630480836723,0.57070621,0.8751,0.08438842964974641,-0.7603593030223733,0.8353660087469659,4.6519816287652676,1.2482229945209455,5.806710439113808,6.762849034739859,0.12185495673478663,0.014848630480836723
26,133.9,-0.004245397357040001,0.23994563538839517,0.23990807519385735,0.05755588454322151,0.9105804,1.6135,0.15038244092427744,-0.4858326211735948,1.108871795859943,3.794944627878152,1.3210512096712768,5.013316191293946,6.055097885121492,0.23990807519385735,0.05755588454322151,-0.005244729749220001,0.28447766093825916,0.284429309992414,0.08090003238276075,0.9905316,1.61497,0.19619805448984554,0.6769849805169205,0.35926291343634986,3.481931047707037,1.2455162685869126,4.336801766016987,5.0486311017485965,0.28442930999241406,0.08090003238276076,0.01534488943518,0.12446547249532638,0.12351594314786633,0.01525618821170695,0.56690621,0.8833,0.08178991556076795,-0.9533735904033162,1.7368485469922073,4.554726693551796,1.2824243919884033,5.841092610651513,6.931248261025557,0.12351594314786633,0.015256188211706947
27,134.8,-0.002348280348039998,0.2356226575699738,0.2356109554747914,0.05551252233974414,0.9515804,1.5408,0.15447209257336603,-0.5261183703781875,0.7105804964277023,4.038577655535548,1.283452766142551,5.183323663278597,6.160209162364069,0.23561095547479138,0.05551252233974413,-0.003444499744499997,0.2822786334332738,0.2822576169290507,0.07966936231446672,0.8962616,1.5847,0.19603700631793752,0.5569396658850315,0.1497930103227052,3.1750954335403567,1.2415050281149305,3.9418969454851083,4.571900055168265,0.28225761692905066,0.07966936231446671,0.01653268942014,0.12173411778413167,0.1206062420159837,0.014545865613218033,0.55000621,0.8366,0.07857891218525322,-0.8813408683478438,1.4316862074436107,4.518094187656689,1.2913324652395781,5.834361705531322,6.999412370374082,0.1206062420159837,0.014545865613218033
28,135.7,-0.004112335312079999,0.24022656804718945,0.24019136681823508,0.057691892694011954,1.0072804,1.6667999999999998,0.1597505210687858,-0.47471454545391745,0.8679510302864091,4.193043293205323,1.277497204147911,5.35660108394095,6.305334049998389,0.24019136681823508,0.057691892694011954,-0.005620399730340001,0.279223326453738,0.2791667550815496,0.0779340771427619,0.8630616,1.5935000000000001,0.18971052061505075,0.6272128504738905,0.3652835737327722,3.090936602472548,1.259514650716014,3.893079935248554,4.549360769249445,0.27916675508154964,0.07793407714276192,0.015422389409299998,0.12033621928142216,0.11934385436986032,0.014242955575854428,0.52170621,0.8401,0.08079623572156286,-0.8102366615068017,0.9983959291155813,4.335404694574299,1.267068855104606,5.493256262769392,6.4570608437487795,0.11934385436986032,0.014242955575854428
29,136.6,-0.003069846941059997,0.23901194711517978,0.238992231889549,0.057117286903547955,1.0017804,1.7397,0.15270292888173037,-0.5242413624795719,1.5157675071661227,4.191340274372319,1.3053514124290422,5.471171947122635,6.560322106040853,0.238992231889549,0.057117286903547955,-0.003356599736140001,0.27793971928024064,0.2779194501861831,0.0772392207917903,0.8921616,1.5526,0.1897634554921641,0.6656930149417659,0.3228676189992612,3.209910416223932,1.255935779156973,4.031441339624287,4.701440525975456,0.2779194501861831,0.0772392207917903,0.01705818942772,0.1172650077999177,0.1160176720494028,0.013460100227762782,0.52200621,0.8254,0.08113686101846086,-0.7187598992458558,0.7518417617186426,4.45150876458106,1.2423896191332535,5.530508278596203,6.433650543631819,0.11601767204940282,0.013460100227762783
30,137.5,-0.0031941473710619993,0.2375458320346175,0.23752435609762346,0.05641781973959064,1.0017804,1.7727,0.14913442590961964,-0.4132561161438239,1.7245958403078054,4.217208912568968,1.326540212839228,5.594297208466728,6.717298128113704,0.23752435609762346,0.05641781973959063,-0.004086209744550001,0.2810424904504109,0.2810127832118903,0.07896818432849287,1.0023516,1.6827899999999998,0.19175556900654264,0.6618910174456324,0.384748580592178,3.5665482411345972,1.2545467047125642,4.474401343113801,5.227235929537984,0.28101278321189027,0.07896818432849284,0.016566489436842,0.11672979264226549,0.11554824065318044,0.013351395918045302,0.41000621,0.7514,0.08229981637942606,-0.5295835304051995,0.17408872120210583,3.5124384334042333,1.2270157369609016,4.30981723289329,4.981860568312234,0.11554824065318044,0.0133513959180453
31,138.4,-0.004963327944152001,0.23711811285684614,0.23706616127256713,0.056200364820510815,0.8869804,1.6159,0.1515065543384414,-0.3994513925081525,1.0723904677149756,3.740669109219384,1.3062930245969562,4.886409964698591,5.854402826815186,0.23706616127256713,0.056200364820510815,-0.005831499729860002,0.2775668925013256,0.27750562773346255,0.0770093734237431,0.9312616,1.6027,0.1894424636316157,0.707928023094542,0.403019577406857,3.3550888998606077,1.2542426633585964,4.208095637566031,4.915801780380687,0.2775056277334626,0.07700937342374312,0.01240178943576,0.12734765725422648,0.12674234267572546,0.016063621426931015,0.58310621,0.8765,0.08347101064586435,-0.9735947442514122,1.7250387771965086,4.578853059196325,1.284424897479246,5.8811928711307715,6.985733196329647,0.12674234267572543,0.01606362142693101
32,139.3,-0.0064702307491800014,0.23784390054244958,0.23775587719191932,0.05652785713929902,0.8952804,1.5196,0.15161390978071218,-0.5539227845920657,0.7720689122637059,3.764151184697769,1.3012898595174776,4.898251766337906,5.905001732986736,0.23775587719191932,0.05652785713929902,-0.00895039970522,0.2739552941904944,0.27380904579673243,0.07497139356011713,0.9083616,1.5457999999999998,0.1843969470451888,0.6673654191384462,0.4064517027508585,3.315729315193931,1.2625549141123376,4.186290340764433,4.926120603164837,0.2738090457967325,0.07497139356011714,0.009219799435880003,0.1344604094881246,0.13414394141397626,0.0179945970180763,0.60949621,0.89819,0.08272299108122126,-1.1802868346909832,2.21104376648408,4.532904609767904,1.3340413207119532,6.0470820522760755,7.367917939543172,0.13414394141397626,0.0179945970180763
33,140.2,-0.0032227501160399996,0.235157245396543,0.2351351610120858,0.05528854394417952,0.9763804,1.5446,0.16054079406051583,-0.5452493440475009,0.7209920726954886,4.152031966327641,1.260065796829831,5.231833468113568,6.0818211702126845,0.23513516101208579,0.05528854394417951,-0.005588999715020001,0.27147087221683236,0.27141333339457224,0.07366519754435323,0.8975616,1.504,0.1836483003831083,0.6501494761820327,0.354818932963878,3.3062906258432365,1.259363423955479,4.163821483153842,4.887393992362568,0.27141333339457224,0.07366519754435323,0.012418389410339998,0.12427790426434485,0.12365589792966132,0.01529078109279082,0.63361621,0.9174100000000001,0.07889100248780086,-1.1423079683324853,2.822565924016817,5.09838183827327,1.3152952725612341,6.705877529592888,8.031539592844924,0.12365589792966132,0.015290781092790818
34,141.1,-0.004751640921140001,0.25576438567666776,0.2557202434089249,0.06539284288911981,1.0931804,1.7941,0.16515602545361951,-0.6413508075595599,1.329017073702035,4.274169748488662,1.3000840818329307,5.55678005306197,6.6190767003350786,0.2557202434089249,0.06539284288911981,-0.0082595997554,0.28754448317324716,0.2874258318510193,0.08261360881525041,0.8672616,1.7267000000000001,0.19804298919632557,0.39702370059542597,0.06893708319727399,3.016095424364202,1.242736931655082,3.7482131732533004,4.3791583005256465,0.28742583185101933,0.08261360881525043,0.011473489463719998,0.131133378355256,0.1306304786731972,0.017064321958388626,0.59310621,1.0895,0.0863570953510224,-0.6671932213202628,0.978991474963685,4.522923281921437,1.278623766613832,5.783117202835783,6.868065763318637,0.1306304786731972,0.017064321958388626
35,142.0,-0.0017807243670899964,0.39654910584220004,0.39654510760438944,0.1572480223649768,1.1590804,2.1879999999999997,0.2803706035525002,-0.1564967703969612,-0.35050852232117213,2.9229176990282664,1.220498066993903,3.567415401646266,4.1341010266896925,0.3965451076043894,0.15724802236497676,-0.004778689792620002,0.40955889733408185,0.40953101776223844,0.16771565450937487,1.1714384,2.22461,0.27683282198220505,-0.26635133640157005,-0.265565176271668,2.8602440518938215,1.2500465634436115,3.5754382476799025,4.2315733792407775,0.40953101776223844,0.16771565450937487,0.01296258954426,0.15299514045777915,0.15244502050248349,0.023239484276002614,0.57350621,1.0699,0.10456526260739239,0.020377131523410457,-0.11199503978541037,3.7485256609066346,1.2439219381481603,4.662873305313095,5.484672401706905,0.15244502050248349,0.02323948427600261
36,142.9,-0.006287767451050001,0.41545060553951313,0.41540302072039587,0.17255966962362965,1.1404804,2.1794000000000002,0.3046830507750885,0.13600982523112806,-0.6734239157764712,2.745164851833463,1.1920382506616791,3.272341507757489,3.743169818927282,0.4154030207203959,0.17255966962362967,-0.009400099770300001,0.39387817734347025,0.3937659923250389,0.1550516567117226,1.2084384,2.025,0.2571974413345841,-0.3773374264034899,0.017450965317792555,3.0680511627995464,1.2770216220928727,3.9179676725822015,4.698485310466061,0.3937659923250389,0.1550516567117226,0.0206522195412993,0.15389862759262662,0.1525066339636147,0.023258273402911953,0.67070621,1.1131,0.10206811935789052,-0.5590182143371325,1.0760783271409737,4.358103905743562,1.273007164132689,5.547897494046207,6.5711626139425885,0.1525066339636147,0.023258273402911953
37,143.8,-0.0026989308010200003,0.4628520268692909,0.46284415795118566,0.21422471454954212,1.0087804,2.0087,0.3603292440875902,-0.07334366391070245,-1.0434932282400626,2.179487917171591,1.1521295842560462,2.5110525079019808,2.7996073495349765,0.46284415795118566,0.21422471454954212,-0.0081653598325,0.42731907500206134,0.42724105462773954,0.18253491875942313,1.2594384,2.29367,0.3043828246020398,-0.1580137560888976,-0.48366353728155786,2.9473020833294763,1.215094696981148,3.5812511318551365,4.137678929967982,0.4272410546277396,0.18253491875942318,0.03341514955622,0.16268228775989627,0.15921355008581758,0.02534895453092914,0.61214621,1.0675400000000002,0.10954379507173073,-0.2703514536678407,0.6801813437765838,3.7628325641908242,1.2616008265194771,4.7471926730375476,5.588141342000782,0.15921355008581758,0.025348954530929148
38,144.7,-0.00047524081504000005,0.4826119364399403,0.48261170244874574,0.2329140553404767,1.2889196,2.3559,0.36322375868745654,0.19746426666504863,-0.8695871801158597,2.670716372056418,1.1731892460575137,3.1332557269663277,3.5485553165840065,0.4826117024487458,0.23291405534047677,-0.003942351885419995,0.6052535352118136,0.605240695713705,0.3663162997480096,1.5274384,2.7631,0.4403630669494016,-0.1323010714142326,-0.7972612988046381,2.523633999866618,1.194913046030449,3.0155231898466264,3.46858879556197,0.605240695713705,0.3663162997480096,0.01524153966934,0.2116666312956364,0.21111716716683848,0.04457045827255082,0.68005621,1.28845,0.14693228715805956,0.04372101163046361,-0.3633909352082183,3.212864521144858,1.2314771424813837,3.956569219679289,4.628364692019275,0.21111716716683848,0.04457045827255083
39,145.6,-0.00156353913806,0.44479947028967015,0.4447967222398732,0.19784412411533492,1.1459196,2.2319,0.32973845063669877,0.3544405658857826,-0.7311461667537444,2.5762611615830706,1.184014257276014,3.05032994578082,3.475238019064262,0.44479672223987327,0.19784412411533495,-0.004701639845700002,0.5135589315166479,0.5135374092734456,0.2637206707232824,1.5024384,2.5711399999999998,0.34936308722603543,-0.24221750344829662,-0.2518226072156682,2.925542343432685,1.2455201477337507,3.6438219317936213,4.300506993825404,0.5135374092734456,0.2637206707232824,0.01210638960988,0.16936826354075524,0.16893502900649263,0.02853904402542451,0.58930621,1.1287,0.11997479368270385,-0.07843948042325936,-0.12483943171051504,3.479437042573178,1.222390758546398,4.253231685785463,4.9119168444542805,0.16893502900649263,0.02853904402542451
40,146.5,-0.0010031259390400002,0.43983895747557156,0.4398378135762636,0.19345730225154803,1.1435804,2.2355,0.3291674866019508,0.3161248123177244,-0.7541025732669038,2.599997977813309,1.1792974568048722,3.066171002933046,3.474159649865075,0.4398378135762636,0.193457302251548,-0.0018672198333200022,0.509917688535091,0.5099142698249031,0.2600125625710641,1.4784384,2.5238300000000002,0.34931990038590605,-0.2731768252220077,-0.3672403968760838,2.899366766913516,1.237634908998414,3.5883575247220345,4.232333738692576,0.5099142698249032,0.26001256257106414,0.0194686895868418,0.16174545647203678,0.16056949528200787,0.025782562815118745,0.46639379,0.858,0.11413125064637324,0.02643692016077433,-0.5654129933828282,2.883504737461556,1.219206517577422,3.5155877693785023,4.086468757317702,0.1605694952820079,0.025782562815118752
41,147.4,-0.003448737645020002,0.4340375833056541,0.4340238817513023,0.18837672993046845,1.1133804,2.1603000000000003,0.32370118534666426,0.313020639765254,-0.7184877837015358,2.565170489431891,1.1823235614746,3.032861508854656,3.4395314271328274,0.43402388175130235,0.18837672993046847,-0.001548229840900001,0.489794295789309,0.4897918488216243,0.23989605517210486,1.3404384,2.34436,0.34022506028952404,-0.16117507163787653,-0.45643396606703,2.736737466163971,1.231665827805876,3.370746016750203,3.939857924808115,0.48979184882162435,0.23989605517210494,0.014633738587,0.16478719654677287,0.16413614422397066,0.0269406738407121,0.70195721,1.1503510000000001,0.1150713561583657,-0.13570873017038654,-0.06411615753721955,4.259780035767268,1.2311647988483077,5.244491230873445,6.100190642004245,0.1641361442239707,0.026940673840712102
42,148.3,-0.0016321194770000018,0.43378723429725324,0.4337841638710119,0.18816870082527287,1.0949196,2.1271000000000004,0.3260262936252487,0.2730315908232076,-0.6989124363294659,2.5240936418375677,1.1797165034952306,2.977714925643158,3.3583782087789418,0.43378416387101193,0.18816870082527293,0.0001442601602799991,0.4996143387725961,0.4996143179455374,0.24961446669618453,1.4734384,2.53504,0.3436664013848167,-0.3003152486135843,-0.3142271298538408,2.9491515468106866,1.2384505696352024,3.6523784130882326,4.287408935126403,0.49961431794553746,0.2496144666961846,0.017828229584881002,0.16291781948030287,0.16193940266064133,0.02622437013408533,0.68486621,1.1072600000000001,0.11400714581099003,-0.10107045734068876,-0.17537663789434355,4.203752617022976,1.2277635215573557,5.161214116832079,6.00722178533813,0.16193940266064136,0.026224370134085333
43,149.2,-0.002637406133019999,0.4163103859623676,0.4163020316417216,0.17330738154902495,1.0949196,2.0689,0.31110370543547916,0.2658738038257656,-0.7087781908327684,2.6300559316312024,1.182363734767848,3.1096827539718004,3.5194682058426308,0.4163020316417215,0.17330738154902492,-0.0013260298254700019,0.49452392808065165,0.4945221502513507,0.2445521570892195,1.3364384,2.38482,0.33744322599466625,-0.2596340801595348,-0.39601678262229356,2.702474691542208,1.2405968900741524,3.3526816978313674,3.960483711180275,0.49452215025135066,0.24455215708921946,0.016718830593181803,0.16310718423653078,0.1622480639427358,0.026324434253166083,0.71316521,1.151559,0.116018659526754,-0.21425564245150033,-0.047668283339394435,4.372371538005337,1.2184747966305793,5.327624520564387,6.146987156281904,0.1622480639427358,0.026324434253166086
44,150.1,-0.002567674136040005,0.41332596502855834,0.4133179894661254,0.17083176041632014,1.0949196,2.1422,0.3092882032702834,0.2588347455739541,-0.74673783402182,2.649046255597196,1.179982065998921,3.125827073606285,3.5401272613141423,0.4133179894661254,0.17083176041632017,-0.002897909821719998,0.4786331549287503,0.4786243820739957,0.22908129911571423,1.4414384,2.45144,0.32231807738974955,-0.29106824200338643,-0.2307586992301891,3.0115724018629124,1.251962694738051,3.7703762996350365,4.472099150234758,0.47862438207399577,0.22908129911571426,0.01678678959092,0.16261502613254136,0.1617462531847872,0.026161850419317283,0.57020621,1.0086,0.11344356977934404,-0.2120350525572551,-0.16275680370302625,3.5064792200398904,1.2281615385626214,4.306522913822053,5.026342269633196,0.16174625318478722,0.026161850419317286
45,151.0,-0.005481371166999998,0.4167217772431,0.4166857259359593,0.17362699419877742,1.1173804,2.1353,0.3184512237966307,0.2538293608536888,-0.7879732094181144,2.681358309115105,1.168183661720703,3.1323189679273162,3.5087960620103673,0.4166857259359594,0.17362699419877745,-0.008604499842350002,0.5003876048257211,0.5003136192886267,0.25031371764568494,1.4544384,2.4844999999999997,0.3464053048809881,-0.22848941387789182,-0.39057469540496825,2.9066235573652213,1.2330678776300052,3.584064140949709,4.198660873567426,0.5003136192886268,0.25031371764568505,0.01066217964892,0.17576945657531506,0.175445774500031,0.030781219789915725,0.65314621,1.1245399999999999,0.12491738931193162,-0.2563945085968625,-0.20378281132521936,3.7159255238417077,1.2161418635655392,4.519092591435608,5.2286252026051105,0.175445774500031,0.030781219789915725
46,151.9,-0.0031783377230200018,0.4120282542925986,0.4120159954476582,0.16975718050472471,1.1183804,2.0863,0.30856935719369155,0.24439906428382097,-0.7308995590667511,2.714329389667998,1.180946664487014,3.205478239047495,3.624405255827082,0.4120159954476582,0.16975718050472471,-0.005150699832349997,0.5002386065375468,0.5002120887802128,0.2502121337618636,1.4074384,2.3958,0.3462558835053526,-0.2320441472622696,-0.4071758402892023,2.8135341447189175,1.2311074913088078,3.463762962616579,4.0647349750469814,0.5002120887802128,0.2502121337618635,0.0183704896243474,0.16652683279948963,0.16551045632584946,0.02739371115319092,0.46139379,0.913,0.11811109741598842,-0.0755955018544561,-0.3719099863948814,2.770687355566004,1.2176111131410672,3.3736197151766016,3.906438938374831,0.1655104563258495,0.02739371115319093
47,152.8,-0.003453141133999999,0.4244270043832751,0.42441295676035773,0.1801263578660693,1.1461804,2.2011000000000003,0.3171467276242943,0.2789995903036163,-0.7205674987649928,2.700535988904589,1.1815110202052932,3.190713031351771,3.6140382358219214,0.4244129567603578,0.18012635786606934,-0.006353148821880003,0.48840433308320674,0.48836301055106435,0.23849843007449897,1.4274384,2.497711,0.3321429733834273,-0.2963278897154652,-0.2597199912352597,2.92265711687864,1.2431462760341678,3.633290310972439,4.297662495940141,0.48836301055106435,0.23849843007449897,0.0162791895748,0.16325023592914742,0.16243653381462564,0.02638562751771002,0.67070621,1.1661,0.11304007186728245,-0.12749080885666197,0.014074864378678775,4.108454766895985,1.2374857356123437,5.084154169442319,5.933349111697837,0.16243653381462564,0.026385627517710022
48,153.7,-0.002428694824061998,0.42379435953876643,0.42378740025905065,0.1795957606183248,1.0729196,2.1378000000000004,0.3179540379867639,0.30482924618651996,-0.7148216313449995,2.531698631307185,1.1801586939329038,2.987806150155208,3.374448730997606,0.4237874002590507,0.17959576061832483,-0.00731514981424,0.49777068330388524,0.4977169293283202,0.2477221417400121,1.5624384,2.66674,0.3351282907156298,-0.27839101404129557,-0.28532264316192846,3.1388718789735215,1.248906379382464,3.9201571137142524,4.662209796324816,0.49771692932832023,0.24772214174001214,0.013722799605461801,0.16824242636115036,0.16768183801138226,0.02811719879887544,0.69201621,1.16441,0.11674826701892363,-0.2634747483582809,0.3279256045692791,4.113208689195395,1.239189284941927,5.097044134380962,5.927421688305075,0.16768183801138226,0.02811719879887544
49,154.6,-0.004106918531019996,0.4171187078501985,0.4170984891590939,0.17397114965879878,1.0648804,2.1158,0.3132939312297776,0.2673932902433259,-0.7517255769663889,2.552943274801366,1.178577474705562,3.0088414378819417,3.398981894797669,0.417098489159094,0.1739711496587988,-0.006889059836220001,0.48440624658045006,0.48435725717772904,0.23460195258073277,1.4694384,2.49384,0.3352389291836295,-0.2499192058322844,-0.34533917861553753,3.033483590216164,1.2347644561987294,3.745637715661031,4.38325705066044,0.48435725717772904,0.23460195258073277,0.013007659595261801,0.16833405486669123,0.1678307326436848,0.02816715481971601,0.69596621,1.11936,0.11582842316585325,-0.31485264371489763,0.2745110474995105,4.134435011092417,1.2417109063370584,5.13377304481523,6.008596085292941,0.1678307326436848,0.028167154819716014
50,155.5,-0.0029253717399999966,0.41729478493683725,0.41728453090866435,0.17412637973566406,1.0559196,2.0842,0.3138418677241236,0.2657184908671165,-0.7722057898424151,2.5303925141547756,1.1786962089213369,2.982564063517164,3.364495653996633,0.41728453090866435,0.17412637973566406,-0.0022414998325600006,0.4734867944421757,0.4734814887507512,0.22418472018962773,1.3604384,2.39727,0.32572921308866704,-0.23842945230202434,-0.41575288224574836,2.8732340922047466,1.2354171763457509,3.5496427491719347,4.176593149567073,0.4734814887507512,0.2241847201896277,0.012700889596299999,0.16431677590017854,0.16382518196447118,0.026838690245692094,0.59160621,1.016,0.11545996553403566,-0.32506186765743467,-0.06125334745393163,3.600400548020716,1.2243294851198354,4.408076549183376,5.123907730819514,0.16382518196447118,0.026838690245692094
51,156.4,-0.005055489882040002,0.40911974694397324,0.4090885104247653,0.1673534093615533,1.0769196,2.1122,0.29337731642775494,0.3687967318135595,-0.6387548576735265,2.6322845769345826,1.2067963108533322,3.1766313165607785,3.6707664147756116,0.4090885104247653,0.1673534093615533,-0.005234256808939998,0.44035657534569284,0.4403254659974198,0.1938865160058449,1.1974384,2.280863,0.30165606736694645,-0.030398028389434752,-0.45488942184830394,2.7192472351752115,1.238601415932897,3.3680634757596324,3.9695485340375676,0.44032546599741984,0.19388651600584492,0.011773959543341999,0.15439947472761592,0.15394989987926413,0.023700571672835454,0.67283621,1.11123,0.10497678075605621,-0.2614402759414687,0.40158599170163134,4.357762299301763,1.2532607218139598,5.461412324716589,6.409381247492518,0.15394989987926413,0.023700571672835454
52,157.3,-0.003317464895999997,0.389574323403043,0.38956019802028363,0.15175714788160258,0.9941804,1.9550999999999998,0.2720919147510402,-0.04148681904282064,-0.5331060333667077,2.5519659286462986,1.22508568271801,3.1263769219687507,3.653840287425149,0.3895601980202836,0.15175714788160255,-0.004138319775019996,0.36355110935637747,0.36352755524676866,0.13215228342369245,1.1934384,2.20733,0.25165860692274356,-0.023093064165256024,-0.3486298614576695,3.2827252325342533,1.235661144919799,4.056336019290389,4.742291211865337,0.36352755524676866,0.13215228342369242,0.019589389508522004,0.1431434125562559,0.14179665855348597,0.020106292376933888,0.52440621,0.9878,0.09617782967783148,-0.08337793279758958,0.16801385293925364,3.66350222224796,1.2577491395409113,4.607766767738587,5.452464583122872,0.141796658553486,0.02010629237693389
53,158.2,-0.00300573215102,0.43568146957632714,0.43567110129824355,0.1898093085064244,1.1324804,2.2344,0.3125600758302126,-0.08258280982459144,-0.6524132207504065,2.5993311147735203,1.205624435950268,3.1338171090968063,3.6232407385746237,0.43567110129824355,0.18980930850642438,-0.004656641861419999,0.508530157803456,0.5085088367788532,0.25858123708218234,1.6844384,3.2154,0.35720543687389245,-0.02630166505607074,-0.15173742055561634,3.3123667773721803,1.22848417712496,4.069190174836118,4.715601237040166,0.5085088367788533,0.25858123708218245,0.020422589601840003,0.1829171207072341,0.18177346033395433,0.033041590881779666,0.70639379,1.2665000000000002,0.12325982695601523,-0.02392352552325135,0.2032083706948633,3.8618243457407715,1.2600777945718167,4.86619910460478,5.730932838742941,0.18177346033395433,0.03304159088177967
54,159.1,-0.0037156971390200004,0.5213683971249565,0.5213551564101169,0.2718111991154174,1.5150804,2.775,0.3715159000359647,-0.0020521695412470007,-0.6277181527521534,2.90596900071962,1.211668182433581,3.521070177310272,4.078103790048642,0.5213551564101169,0.27181119911541746,-0.008235804902700001,0.7091735435647311,0.7091257197491585,0.5028592864097621,2.0074384,3.7645999999999997,0.48650902431482623,-0.03410144394550586,-0.3765788259561069,2.830672997062767,1.2425344090749748,3.5172085996898725,4.126209997496287,0.7091257197491585,0.5028592864097621,0.01635635493638,0.26850224007615475,0.2680035868773181,0.0718259225791082,0.90420621,1.5486,0.18413237800789564,-0.35333197017302187,0.02428607740491273,3.3675927982706657,1.2434619841382295,4.187473622707254,4.910631252268015,0.2680035868773181,0.0718259225791082
55,160.0,-0.0023571546531999978,0.5476613085166885,0.5476562358525213,0.29992735266815246,1.3919196,2.6384,0.3794336741421107,-0.007366118016420206,-0.5761874131724589,2.5415700878521803,1.2265273303531405,3.1173051747587315,3.6684134668518618,0.5476562358525213,0.29992735266815246,-0.0024950319062199988,0.7498316336618837,0.7498274825957211,0.5622412536558363,1.7571616,3.4086,0.5117252021498453,0.053373355587104473,-0.48879125562384207,2.343408201410111,1.244283631884902,2.9158644678394388,3.4337992200068768,0.7498274825957211,0.5622412536558363,0.023620155419310004,0.2807834587548477,0.27978820376903474,0.07828143896830292,0.93340621,1.6418,0.18657277857117313,-0.32987463081448737,0.04689976600993928,3.3242920154173246,1.2614266794922762,4.193350638670562,5.00290673241985,0.27978820376903474,0.0782814389683029
56,160.9,-0.0014781921459999996,0.530455953378907,0.5304538937769284,0.28138133342310484,1.3940804,2.674,0.3685369105790912,-0.04284724114474881,-0.5501106697285256,2.6280794684647497,1.2275201896361643,3.2260206075087594,3.782742949164703,0.5304538937769283,0.28138133342310473,-0.004698623884839998,0.7177393696794966,0.7177239899303283,0.5151277257215099,1.8373616,3.5637999999999996,0.4951039608541902,0.11588978565459764,-0.49543327466516285,2.559928683890457,1.2326969306640556,3.1556162313506415,3.7110622117222554,0.7177239899303283,0.51512772572151,0.0204390327499218,0.27073249112936154,0.26995986311553327,0.07287832769335745,0.90210621,1.6695,0.18865925335918834,-0.3098844372339883,-0.04302861518356815,3.332094371964225,1.2319286636050666,4.104902566659851,4.781669565300781,0.2699598631155332,0.07287832769335743
57,161.8,-0.0007360031401200012,0.5180656262203992,0.5180651034093227,0.2683914513705121,1.3660804,2.723,0.3651257010703327,0.013632567376583821,-0.6100982803500039,2.63688677816048,1.2179465886246332,3.2115872560499565,3.741397540615355,0.5180651034093225,0.26839145137051207,-0.002071386863899999,0.7017595540806625,0.7017564970129955,0.4924621810999504,1.8668616,3.6703,0.474215127048767,0.0688193603555259,-0.4232822022973086,2.660258188355804,1.2450851323228842,3.312247918462022,3.936739875039914,0.7017564970129955,0.49246218109995027,0.025110363017,0.26577515790286893,0.264586288812269,0.0700059042274494,0.88520621,1.5676,0.18020235749809832,-0.28278263868480147,-0.007217141599593635,3.330658203666689,1.2503025993601609,4.164330609624705,4.912289840655062,0.264586288812269,0.0700059042274494
58,162.7,-0.0011236749430200096,0.5108510885329419,0.5108498527061686,0.2609675720099141,1.3459196,2.6326,0.3587421493301873,-0.008121755162481903,-0.5346176765669228,2.634661313662267,1.2234293083164078,3.223321868621826,3.7517743663881875,0.5108498527061686,0.2609675720099141,-0.0045882358849,0.6941582091747347,0.6941430453848394,0.48183456745613923,1.7456616,3.3181000000000003,0.48072263665929643,0.1145202575636435,-0.472740560175005,2.514789246784776,1.2307984314067348,3.0951986602612265,3.6313280608776624,0.6941430453848394,0.4818345674561392,0.022342099732359996,0.26263571922675416,0.26168368614283877,0.06847835159330375,0.92660621,1.619,0.17966726184648377,-0.37765179538852,0.09049107159789216,3.528104298714935,1.2432901847806046,4.386457445474537,5.15734586522355,0.26168368614283877,0.06847835159330373
59,163.6,0.000767356858000001,0.5123738751740907,0.5123733005576765,0.2625263991243671,1.3190804,2.612,0.3586105158460328,-0.009934755070144938,-0.5077653338249868,2.574448979374314,1.226203192353608,3.156797557060272,3.6783093125086688,0.5123733005576766,0.26252639912436715,-0.002537282884549999,0.6905828942772694,0.6905782331234702,0.476898296063934,1.7137616,3.3852,0.4728087758738373,0.11917157708331144,-0.4235464530078836,2.481616058262694,1.239014577334264,3.074758471534274,3.6246399970741963,0.6905782331234703,0.4768982960639341,0.025242255698842,0.2590492430576151,0.2578164829020007,0.06646933885595763,0.80515621,1.48955,0.176949770054278,-0.2445979374802712,-0.1299404361600307,3.108120295958268,1.2428850879334512,3.863036367349836,4.550196418752194,0.2578164829020007,0.06646933885595763
60,164.5,-0.002275505659000002,0.5141207762131966,0.514115740478791,0.2643149946080557,1.2789196,2.5292000000000003,0.35965683186554837,-0.043884490051913035,-0.561905147408416,2.4875859120496915,1.2233358897011444,3.043153124925342,3.5559441297589545,0.514115740478791,0.2643149946080557,-0.006044789379700001,0.6958594589585958,0.6958332035362388,0.48418384714350465,1.6731616,3.3296,0.4740647495580768,0.02402140750205961,-0.5363750640761178,2.404453339621204,1.2404282803516409,2.98255192125209,3.5293946693140996,0.6958332035362387,0.4841838471435046,0.022759257106881797,0.26274989906104274,0.26176234578818053,0.06851952567253099,0.90390621,1.5363,0.17661201568743953,-0.31483567783555705,0.17053010799358326,3.440177192189909,1.2579595380490056,4.327603711493943,5.118033484197898,0.26176234578818053,0.068519525672531
61,165.4,-0.0006316860360199965,0.5193433046863893,0.5193429205210481,0.2697170690953317,1.2919196,2.5298,0.36623536860439726,-0.015192967750819948,-0.603027674744137,2.487602301487527,1.2184439073154536,3.0310038680713767,3.5275664524785832,0.5193429205210481,0.2697170690953317,-0.001562624891700001,0.6786272973762557,0.6786254983034817,0.4605325669476489,1.6777616,3.1792,0.46789768542973864,0.08570725494450598,-0.48316260797061616,2.4722872281834953,1.2352127476115524,3.053800700009485,3.585744602389018,0.6786254983034817,0.4605325669476488,0.0254522296944218,0.2569753833405273,0.25571181366255513,0.06538853164659332,0.85090621,1.5243,0.17114578692979002,-0.36179563210568505,0.24776197124851862,3.3112362707226075,1.2625029807980608,4.1804456619139465,4.971820956066371,0.25571181366255513,0.06538853164659332
62,166.3,0.001491187160980001,0.5118187437447966,0.511816571448554,0.2619562028093528,1.2646804,2.5006,0.35985505415543284,-0.06588695993634287,-0.5994338310495317,2.4709536636872285,1.2205669435629896,3.0159643609724918,3.5144161111427503,0.511816571448554,0.2619562028093528,-0.00014055849819999988,0.6801458195881803,0.6801458050643158,0.4625983161465862,1.9006616,3.5991,0.47310796136748023,0.12410864217073975,-0.4159232609641874,2.794491335917975,1.2329021636096127,3.445334414241588,4.017395087806791,0.6801458050643158,0.4625983161465862,0.027108679717801797,0.2572461165269366,0.2558137681051351,0.06544068395214786,0.88670621,1.5731000000000002,0.17686059091594,-0.2897627642524475,0.0378178967459073,3.446917768755323,1.240455214547383,4.275747120368571,5.013588416774216,0.2558137681051351,0.06544068395214786
63,167.2,0.0011149240519800023,0.5130247608933994,0.5130235493952379,0.26319316223408806,1.3739196,2.6164,0.35946846387582526,-0.04867782354599209,-0.5398740705051046,2.678076585635765,1.224244861694355,3.278621499188548,3.8220866030534646,0.5130235493952379,0.26319316223408806,-0.0026674348749800014,0.6861772651899423,0.6861720804978414,0.4708321240547361,1.7209616,3.3434,0.46647490608326536,0.06986348749571586,-0.4605820949491144,2.5080422906806987,1.2419796568913886,3.1149375036487066,3.6892908440669903,0.6861720804978414,0.47083212405473607,0.028309099698239998,0.2549777388598655,0.2534013460666002,0.06421224218836488,0.89780621,1.5462,0.1737943771793369,-0.31941748657272606,-0.10426086275673363,3.5211160551291494,1.2434398712663468,4.378296094303656,5.165910569555202,0.2534013460666002,0.06421224218836488
64,168.1,-0.0033929497300000033,0.504432625119969,0.5044212140439306,0.2544407611775528,1.2991804,2.5821,0.35714335681702103,0.0017559115442558333,-0.5205411822696431,2.575528098903231,1.2194844671368108,3.14081651128689,3.6377000305387805,0.5044212140439306,0.2544407611775528,-0.005268507882099999,0.6852974098250836,0.6852771576068071,0.46960478273766465,1.7533616,3.2648,0.4711444800977966,0.12360308909938791,-0.46456747438181134,2.5585411164001495,1.236962043758215,3.164818248381754,3.7214945182761148,0.6852771576068071,0.46960478273766476,0.020026949716721802,0.2534091230516375,0.25261651753367953,0.06381510493084383,0.85600621,1.5994000000000002,0.1733909277493614,-0.34589177712853336,0.05205918513181995,3.3779612970980946,1.244802583518226,4.204894949652286,4.93685696887998,0.25261651753367953,0.06381510493084383
65,169.0,-0.0010751725500399948,0.5091887576446373,0.5091876225083214,0.25927203491567685,1.2769196,2.5511,0.356122462830933,-0.09416372749861954,-0.5573554087741162,2.507752932147732,1.224758380292347,3.0713914193506398,3.585619367701076,0.5091876225083214,0.2592720349156768,-0.002147397871419999,0.6773744904240105,0.6773710865984537,0.4588315889595699,1.6536616,3.2881,0.466892054212083,0.07481963458034924,-0.49707861470940573,2.44128118696184,1.2332444917148084,3.0106965765476783,3.541849952427834,0.6773710865984537,0.4588315889595698,0.02101133271092,0.252862485166219,0.2519880161875706,0.06349796030214734,0.82260621,1.456,0.17148779976986686,-0.2963046933952374,0.09630603545635452,3.2531761659277385,1.252074186323811,4.073217900921988,4.79687890977621,0.25198801618757055,0.06349796030214733
66,169.9,-0.00042557314506000177,0.5121597435236479,0.5121595667111053,0.2623074217737071,1.2569196,2.4612,0.36188073893186,-0.09974550401861869,-0.6101015441627298,2.4541553995486263,1.2165568512664182,2.985619565393355,3.473297870757002,0.5121595667111052,0.26230742177370703,-0.0001073998819999975,0.6702387701920406,0.6702387615870962,0.4492199975338043,1.7206616,3.3101,0.4631492431360745,0.051897254506453216,-0.5005727406098375,2.567236746849166,1.2332788183477974,3.1661187015731826,3.715134215375291,0.6702387615870962,0.44921999753380437,0.027983089696959996,0.252897382208882,0.25134445014584517,0.06317403261911723,0.82260621,1.5150000000000001,0.1713245272650889,-0.2925331626940165,0.08005958143392933,3.2527272635845783,1.2530791615723922,4.075924752276225,4.801450341825189,0.25134445014584517,0.06317403261911723
67,170.8,-0.001010455557062,0.5168141680289322,0.5168131802257026,0.26709586325500456,1.3240804,2.508,0.35862965810010244,-0.16908297763951938,-0.5638277287918636,2.562004840250191,1.2264395060456967,3.1421439507631286,3.692054937716323,0.5168131802257026,0.26709586325500456,-0.004005319863219998,0.6686485471559489,0.6686365507707117,0.4470748370265546,1.7402616,3.3457,0.4565317397393594,0.11550605117148839,-0.44430846654842027,2.6026551727392278,1.2393171301065133,3.2255151393360517,3.8119180957572425,0.6686365507707117,0.4470748370265546,0.02363065570589,0.251957569030961,0.2508469826465951,0.06292420870290118,0.77666621,1.47906,0.17029270918757006,-0.3153569917822824,-0.02341572596503294,3.0825277961963584,1.249529510670995,3.851709448810976,4.560771942059691,0.2508469826465951,0.06292420870290118
68,171.7,-0.0034540934410219938,0.5244857330111611,0.5244743591165879,0.2750733533707556,1.2619196,2.5178,0.37498148352287697,-0.04910153169006699,-0.6498203769993411,2.4060132060315667,1.2112130475463834,2.9141945877143383,3.365285101932273,0.5244743591165879,0.27507335337075567,-0.0060267312770000015,0.6751218874505357,0.6750949869647149,0.45575324142488866,1.7402616,3.3697,0.4640082751687333,0.13203072488956577,-0.4528373181368628,2.5776998677553675,1.2376709924364087,3.1903443535279847,3.7504969051837844,0.6750949869647149,0.45575324142488866,0.014550577205959998,0.2609732519581162,0.2605673021324199,0.06789531894056779,1.0351062,1.73849999,0.17339473124819002,-0.496677004093327,0.37619660789183174,3.9663306190709724,1.2645208949184554,5.015507943970098,5.96965197586305,0.2605673021324199,0.0678953189405678
69,172.6,-0.0032387243380199967,0.5154084567940144,0.5153982809434365,0.2656353879994496,1.2437804,2.4427,0.36177947444890934,-0.0888359505271925,-0.5865727451887985,2.4131936207191167,1.2220513419233259,2.9490465025206056,3.437951812757269,0.5153982809434365,0.2656353879994496,-0.0062743017667399965,0.6695666046249097,0.6695372067079395,0.4482800711662701,1.7280616,3.1885,0.45164064106600277,0.15422429930160056,-0.4041061247256592,2.5808658736318812,1.2487394823189946,3.2228291149738353,3.8261871117738075,0.6695372067079395,0.4482800711662701,0.018507890710221804,0.25541374836597475,0.25474230279993926,0.06489364083581595,0.98420621,1.6505999999999998,0.16997254022220418,-0.4615304446257442,0.411350426029935,3.8533799229545007,1.2642951534118556,4.871809560845924,5.790383603806547,0.25474230279993926,0.06489364083581595
70,173.5,0.0002649356479599989,0.5086444616012639,0.5086443926032627,0.25871911812674203,1.3339196,2.6391999999999998,0.356913529635454,-0.028282870567396947,-0.5973030982320462,2.6224990159151385,1.2203222725089165,3.200293958753959,3.7373747119153626,0.5086443926032627,0.25871911812674203,-0.0026298218747999994,0.6604635931568347,0.6604583574477225,0.4362052419225437,1.6328616,3.1683000000000003,0.4511024428090998,0.125634007809192,-0.4476208182493644,2.472296152154837,1.2414695245549738,3.0692803285747567,3.6197134953024497,0.6604583574477225,0.4362052419225436,0.024490855725279998,0.2480810858057456,0.24686924296153465,0.06094442312040123,1.0582062,1.70559999,0.16661503699939678,-0.38562589303246025,0.49531999130681426,4.265565819187865,1.259377950342478,5.371959538419746,6.351204663501238,0.24686924296153465,0.06094442312040122
71,174.4,-0.0015655231430820047,0.5095287914618277,0.5095263864274737,0.2596171384658393,1.3270804,2.561,0.35837479921042925,-0.06480513192458155,-0.6180952885169111,2.6045248516627164,1.219297889275301,3.1756916541974167,3.7030516736216423,0.5095263864274737,0.2596171384658392,-0.004400157872800002,0.6642334739163263,0.6642188995215699,0.4411867464816453,1.7691616,3.4006,0.4481954496852299,0.11555042768852236,-0.3899697063169718,2.663463480045665,1.249389698414327,3.3277038340718272,3.947299333901073,0.6642188995215698,0.4411867464816452,0.017690085733078804,0.2494811610959095,0.2488531908746992,0.06192791060851948,0.82680621,1.4202,0.1695819911992741,-0.4018352804851228,0.16477774078035257,3.314102781821454,1.2463763231819545,4.1306192398537105,4.875554321262971,0.2488531908746992,0.06192791060851948
72,175.3,-0.003209884153120002,0.5146323163218074,0.5146223058190078,0.26483611764647236,1.2749196,2.5468,0.3602995204120541,-0.05167627066546295,-0.5671124466700177,2.477340733501029,1.2227195801283808,3.0290930215013137,3.5384992978673604,0.5146223058190078,0.26483611764647236,-0.005688750391340001,0.669498670913681,0.6694745017356303,0.44819610847417046,1.6815616,3.239,0.4634279148634136,0.08544568731681294,-0.4531960768822598,2.5116727979536275,1.234330998822935,3.1002355934144967,3.628528938520261,0.6694745017356303,0.44819610847417046,0.017567998710801804,0.24980980081349272,0.2491912960032396,0.06209630200377418,0.74811621,1.33751,0.1730125330571291,-0.23567525184400745,-0.2651222629529846,2.9947432309052653,1.2333628211494452,3.693604959887522,4.324057897892116,0.24919129600323958,0.06209630200377417
73,176.2,-0.0037724961500199996,0.5183966660995882,0.5183829392408339,0.26872087169596603,1.4029196,2.6258,0.361251862349178,-0.07316080728213342,-0.5555364100643496,2.7062666327612677,1.226340041700749,3.318803135273799,3.8834944431205978,0.5183829392408338,0.268720871695966,-0.0034601546701399995,0.6619599882548731,0.6619509448441405,0.4381790533800504,1.6815616,3.1879999999999997,0.45279114917606983,0.0937262042031169,-0.4896407958409572,2.5402767989544284,1.237846888319747,3.144473731056587,3.7137687056380986,0.6619509448441406,0.4381790533800505,0.01814945670238,0.25188785345046966,0.2512331346325435,0.06311808793729373,0.82240621,1.4438,0.16995417199244275,-0.38189683768645655,0.10491361856108039,3.2649697027241333,1.254412445741589,4.09561863006637,4.838988065774399,0.2512331346325435,0.06311808793729373
74,177.1,0.0016842941499799991,0.519927277256214,0.5199245491302332,0.27032153678827636,1.4029196,2.716,0.3621330482815348,-0.080299624023808,-0.5285456880837058,2.698299668760517,1.226389187593728,3.3091655386556362,3.874044654740601,0.5199245491302333,0.2703215367882764,0.002469894129779995,0.6574358802982546,0.6574312407594644,0.4322158363265287,1.7286616,3.3181,0.4465372255715469,0.1487217543282029,-0.39474592131006725,2.629399538120386,1.2447009923587933,3.272816214406197,3.871259776354353,0.6574312407594642,0.4322158363265286,0.02396562672588,0.24877957611478518,0.24762254789798122,0.061316926227487994,0.79452621,1.42992,0.17380694597141552,-0.37309853867698467,0.0044406790029700716,3.1936954890276485,1.230937762585579,3.9312403796433504,4.57131448665273,0.24762254789798116,0.06131692622748798
75,178.0,-0.0011641047460200027,0.5043259685959594,0.5043246250783248,0.25434332746039284,1.2629196,2.4425,0.3537049661334059,-0.06711338674433957,-0.6175125733198685,2.5041732503205436,1.2227338165127364,3.0619373155735423,3.5705452875198485,0.5043246250783249,0.2543433274603929,-0.005112113867819999,0.6610196163765276,0.6609998483557875,0.43692079952637414,1.7261616,3.3386,0.4467377992508592,0.12292913448662733,-0.422121749099134,2.6113621399954794,1.246553201356738,3.255201835513147,3.863925557440235,0.6609998483557875,0.43692079952637414,0.02013055971438,0.24869205534569486,0.2478759749504819,0.06144249895765193,1.1000062,1.75139999,0.17016126983679314,-0.3725471292312214,0.3177551208652831,4.423165824380414,1.2467892255204673,5.514755492527856,6.46449219058514,0.2478759749504819,0.06144249895765193
76,178.9,-0.0013430967430200043,0.5052575681950288,0.5052557830539824,0.255283406309493,1.3319196,2.5321,0.3530711661232404,-0.029948791263029843,-0.5225742115846876,2.6361200382571623,1.2262793470632534,3.2326195592943514,3.7723828162594564,0.5052557830539826,0.25528340630949303,-0.003192810871149998,0.6627518788327432,0.6627441880960347,0.43922985885507226,1.7754616,3.2729,0.4496384777074799,0.1074022639006568,-0.41873980065613603,2.6789235258404576,1.2439522275288812,3.332452887348761,3.9486424939705835,0.6627441880960349,0.4392298588550724,0.023666959698919996,0.2425823509742878,0.24142508573638788,0.05828607202282224,0.91840621,1.5058,0.16778301623623348,-0.3530198064652255,0.062080910570269765,3.7859564239170282,1.2397189898208811,4.693522073364294,5.473773392575751,0.24142508573638788,0.05828607202282224
77,179.8,-0.0021729891400399954,0.49862190946845797,0.4986171745138432,0.24861908672016836,1.3760804,2.6550000000000002,0.3482827209173854,-0.031775932741681924,-0.4277269783778661,2.759767218145172,1.2277804555101697,3.388388252196313,3.951044129824672,0.49861717451384324,0.2486190867201684,0.001036912029379999,0.6556111565119879,0.6556103365234791,0.4298249133564295,1.7984616,3.3359,0.4475150965902074,0.19163318986376737,-0.37574757333149744,2.7431833368551213,1.2423261113499926,3.4079282875953196,4.0187730284479395,0.6556103365234791,0.4298249133564295,0.0209814207122218,0.2457182638256935,0.24482084299015444,0.059937245162409857,0.83210621,1.4445000000000001,0.16641056710892635,-0.3568479219178469,0.2155903065313569,3.386423935464055,1.251672398028256,4.238693368042578,5.000320739579797,0.24482084299015444,0.05993724516240985
78,180.7,-0.0033133534419999985,0.5044919591881661,0.5044810785098711,0.25450115857448274,1.2643804,2.4793000000000003,0.3529221994320832,-0.138786322041921,-0.531579723664612,2.5062449003838525,1.2256251619136223,3.0717168118281495,3.5826037637604577,0.5044810785098711,0.25450115857448274,-0.004185033872500004,0.6541394811328064,0.6541260935539748,0.4278809462681833,1.7513616,3.3008,0.4389240113972028,0.1200780428733816,-0.39848408710227856,2.6773519264837504,1.2520404015338071,3.352152781082027,3.9901248382948715,0.6541260935539747,0.42788094626818324,0.01874400370796,0.2513710917323601,0.2506712749473194,0.06283608808371459,0.79005621,1.4234499999999999,0.17070161970618825,-0.23613756409925155,-0.005870676589640578,3.142987543059203,1.2478769007471824,3.92206155431972,4.628287718416764,0.2506712749473194,0.06283608808371459
79,181.6,-0.0009201324570600011,0.503669841843945,0.5036690013683253,0.253682462939366,1.2369804,2.4499,0.35250722263946416,-0.08203601884449663,-0.5925690088999822,2.4559350138403975,1.2216805721117139,3.000368092777727,3.509092354868296,0.5036690013683253,0.253682462939366,-0.002091385368600002,0.6537562334572624,0.6537528882471316,0.42739283889146656,1.6296616,3.2281,0.4435251043656154,0.12796810669821856,-0.4241204960790097,2.4927664419838145,1.244887138437515,3.103212882754297,3.674339026042154,0.6537528882471317,0.4273928388914667,0.02184835270988,0.24978372752628633,0.24882636520431417,0.061914560020790724,0.84470621,1.4781,0.17245460236789967,-0.38762985448450105,0.11953013562089332,3.3817503580616806,1.2426200829236134,4.202230910361565,4.898136659745254,0.24882636520431417,0.061914560020790724
80,182.5,-0.0048383226600700055,0.5071681525862741,0.5071450735554979,0.25719612563161137,1.2369804,2.4429,0.3498628835795712,-0.12325500532866135,-0.5657783119572803,2.43899462868891,1.229278152748427,2.998202811718039,3.535614830998976,0.507145073555498,0.2571961256316114,-0.0054210948777999955,0.6530856709419667,0.6530631710026563,0.42649150532004476,1.8029616,3.4244,0.44625699355019066,0.19199899650767108,-0.3073231254319535,2.760681607666464,1.2438096793553315,3.433762505233786,4.040186766949167,0.6530631710026564,0.4264915053200449,0.01242955970728,0.2533011583183917,0.25299601350796436,0.06400698285092209,0.82460621,1.537,0.1758458198914412,-0.3896309512775748,0.010070423002905393,3.255437975390131,1.2384064475737218,4.031555378399481,4.689370554893329,0.25299601350796436,0.06400698285092209
81,183.4,-0.005596636549019999,0.5005783582026913,0.5005470710734805,0.25054737036024,1.3279196,2.5220000000000002,0.3478577356600511,-0.07335646668401612,-0.5568489436269091,2.652770696615507,1.2277645409714257,3.2569777966325875,3.817421502731013,0.5005470710734805,0.25054737036024,-0.006651307881799995,0.6512592319163528,0.6512252661404802,0.42409434725973927,1.6504384,3.2319,0.44482655557982803,0.12066172599932129,-0.40484994120305906,2.534226494023782,1.2428354057376105,3.1496264129310494,3.710296472405219,0.6512252661404803,0.4240943472597393,0.012481739709341797,0.2517545178727782,0.2514449113487549,0.06322454344318322,0.89200621,1.5094,0.17009089414278372,-0.388199982668711,0.1595358321620015,3.543158698946436,1.2543359770879499,4.444311428620647,5.244291380179356,0.2514449113487549,0.06322454344318322
82,184.3,-0.0036116801660299974,0.49729149699903064,0.497278381546911,0.2472857887539152,1.2689196,2.4745,0.34128518831623655,-0.09354327324622198,-0.5565581458560747,2.551661566018036,1.2330571406475992,3.146344514494575,3.718062322775675,0.49727838154691095,0.24728578875391516,-0.001918875886420001,0.647048932669303,0.6470460873723113,0.4186686391838167,1.6629616,3.1353999999999997,0.44337696412760313,0.14436888729905703,-0.42495742514222545,2.5700708494173727,1.2410628209016,3.1896193782948963,3.7506720793942794,0.6470460873723114,0.4186686391838168,0.019983989715881997,0.2458273869111654,0.24501376351259807,0.060031744310607336,0.96330621,1.6327,0.1674422258278987,-0.37777577800993073,0.3068820827329626,3.9186285226556543,1.2500000322505924,4.89828577969766,5.753066200816694,0.2450137635125981,0.06003174431060734
83,185.2,-0.0009195066370399991,0.5040720006458659,0.5040711619827802,0.2540877363426703,1.2770804,2.4299999999999997,0.35431845034821174,-0.13589050213136122,-0.5643195330158446,2.5335277467577666,1.2207311394372728,3.0927562130955546,3.60432937868443,0.5040711619827802,0.2540877363426703,-0.000766321676800002,0.6510120346521577,0.6510115836243084,0.42381608201302995,1.6824616,3.2268999999999997,0.4469364101433374,0.1906702676923081,-0.3698123238909927,2.5843786450106965,1.2402438940049474,3.2052598342712955,3.764431721864898,0.6510115836243084,0.42381608201302995,0.0196221997355,0.24792820019634995,0.24715048397715417,0.06108336173014153,0.89030621,1.6307,0.17281711847389877,-0.2835701877136945,0.0772079255135556,3.5909840401168984,1.2360865914881782,4.438767222236544,5.151724654722017,0.24715048397715414,0.061083361730141526
84,186.1,-0.002781926148020002,0.5094369755011711,0.5094293796932875,0.2595182928946877,1.3289196,2.6293,0.35537375042147173,-0.15515206421676425,-0.4706884656965089,2.6086045259919404,1.228295569632532,3.204137382199271,3.7394984813141297,0.5094293796932876,0.25951829289468775,-0.006439888253500002,0.6547255854241555,0.6546939132512886,0.4286241200482857,1.6824616,3.2629,0.44123237398637355,0.10755286413543798,-0.44216552661376873,2.5697202575488767,1.2471203900483006,3.2047505299093744,3.8130964525553126,0.6546939132512885,0.42862412004828565,0.016877269736,0.25267525930266477,0.2521109764169882,0.06355994442992718,0.80047621,1.43187,0.1769792299908958,-0.33856781097460725,-0.11900801107900971,3.1680039122514834,1.229957587355095,3.8965104486443365,4.522995212721732,0.25211097641698815,0.06355994442992717
85,187.0,-0.0012919360600400008,0.5045968215666895,0.5045951676705022,0.2546162832364222,1.3930804,2.7220000000000004,0.3505403784662924,-0.1432958106780215,-0.49582696324246767,2.760779181435817,1.228561409155769,3.391786761512698,3.9740939577206436,0.5045951676705023,0.25461628323642227,-0.0011847838690000013,0.6462899256255851,0.6462888396470328,0.41768926425230807,1.6655616,3.165,0.4429945021334112,0.17055581151313687,-0.4096019149754193,2.577112119437414,1.2401860352662444,3.196098461841674,3.7597793922471827,0.6462888396470329,0.4176892642523081,0.02404285770797,0.24225773778668527,0.24106171929768663,0.05811075251075667,0.77731621,1.3707099999999999,0.16773420527765792,-0.34275885406356277,-0.04510110709623394,3.208633156991042,1.2363881411012865,3.9671159844481068,4.634214045449309,0.24106171929768663,0.05811075251075666
86,187.9,-0.0030826797840200005,0.5034698654627069,0.503460427952769,0.25347240251438535,1.2670804,2.503,0.3482571147978179,-0.14739204874832418,-0.570932104851952,2.5166956096478734,1.2306139832687775,3.0970808088638138,3.6383474914377807,0.503460427952769,0.25347240251438535,-0.0021717668835499987,0.6434822493113007,0.6434785844201301,0.4140646886073344,1.6851616,3.2516,0.4377900801054018,0.15897683244026617,-0.384508356163193,2.6188159841294407,1.2440680696672182,3.2579853461895696,3.8492457380356413,0.64347858442013,0.41406468860733436,0.016506537712301997,0.24459760398931393,0.2440400010040682,0.05955552209006561,0.79157621,1.36897,0.16945973139065726,-0.3288958869347253,-0.08473449594770122,3.236238610230142,1.2352630983303647,3.997606132609239,4.671175880570536,0.2440400010040682,0.0595555220900656
87,188.8,-0.0010222680700399968,0.4991445310201124,0.49914348419595833,0.2491442178152809,1.1894804,2.3524000000000003,0.34630101682431336,-0.150472654324896,-0.5813451715027349,2.3830380302255008,1.2294340126937788,2.929788007902016,3.434816365565139,0.4991434841959584,0.24914421781528098,-0.0009765538885299989,0.6493976080576463,0.6493968737940576,0.42171629969349517,1.6036616,3.1811,0.444978677953967,0.12238115972609949,-0.44654252925117,2.469460281500828,1.2398370343556457,3.061728311875045,3.6039066127251576,0.6493968737940576,0.4217162996934953,0.022581557710842,0.24569613026476808,0.24465621119937625,0.059856661678433794,0.87180621,1.5262,0.16779092881191754,-0.3076729417677199,0.0701608281287811,3.5483107082741623,1.2464265549374252,4.422708691961739,5.195788688774926,0.24465621119937628,0.05985666167843381
88,189.7,-0.004244635251000002,0.4955180661830244,0.4954998859589679,0.24552013698535016,1.2739196,2.4916,0.3452831045004441,-0.12437110547312588,-0.5324418051353668,2.570884266265007,1.2272240433206651,3.1550509841552237,3.6894930084780952,0.4954998859589679,0.2455201369853502,-0.0074778568925,0.6422177095585089,0.6421741727342144,0.41238766812687266,1.5990616,3.0475,0.4436179499032084,0.17176331340140105,-0.4525049722771559,2.4899058001674717,1.2364776487285951,3.0787128693467665,3.604591744650761,0.6421741727342144,0.4123876681268726,0.015358245720231999,0.24857379990278183,0.24809888812025174,0.061553058286505195,0.92640621,1.5308000000000002,0.1677565284606401,-0.4063444429181169,0.179943837811404,3.7268859805913617,1.2508229125671462,4.661674377048952,5.52232582839456,0.24809888812025174,0.061553058286505195
89,190.6,-0.004833008137,0.48788293219113155,0.48785899351735224,0.23800639755576392,1.2886804,2.4416,0.3433574177433205,-0.16377076891720485,-0.47395003438315175,2.6413721714190865,1.2248944817297436,3.2354021969657496,3.753174777669615,0.48785899351735224,0.23800639755576392,-0.005921572876699999,0.6396536791067734,0.6396262691365145,0.40912176416949697,1.5785616,3.048,0.43681878578792427,0.20697480862787668,-0.375078261937412,2.4678379122345366,1.2435394669104198,3.0688538418014595,3.613767656884593,0.6396262691365147,0.4091217641694971,0.011252259716779997,0.2490152518144719,0.24876089380666525,0.061881982287490984,0.81110621,1.4515,0.1690409772144831,-0.372590347795177,0.08643749094349928,3.2572551443728934,1.2501104015619737,4.071928536521802,4.7982815963661265,0.24876089380666525,0.061881982287490984
90,191.5,-0.00632610734104,0.48445063391766235,0.484409328016229,0.23465239706913454,1.3049196,2.5683,0.33322437613069444,-0.1480764401207836,-0.48795585934340835,2.693606961451072,1.2349848295378323,3.32656373412957,3.9160388419129206,0.48440932801622905,0.23465239706913457,-0.009983079866829999,0.6376142783012065,0.6375361213374039,0.4064523060099409,1.6093616,3.1778,0.43083012763902406,0.1579976058062437,-0.345328911148012,2.524036325359301,1.2491865272330402,3.152992171885629,3.7354899222563698,0.6375361213374038,0.40645230600994087,0.009193909688919998,0.2527860977796495,0.2526188497624326,0.06381628325529448,0.85400621,1.5093999999999999,0.16712740005992677,-0.3230042694007172,0.2384668381443058,3.378374908672496,1.2708094875362215,4.293270886395323,5.109911419035894,0.2526188497624326,0.06381628325529448
91,192.4,-0.001292295567040002,0.49290662532681373,0.4929049312628505,0.24295527126323538,1.2850804,2.466,0.33816573047629056,-0.1953767897774028,-0.4922661541540041,2.6071477516617847,1.2357657396577013,3.221823869729238,3.8001497023072814,0.4929049312628505,0.24295527126323538,-0.0041592558677,0.6374119289169504,0.6373983587335744,0.4062766677162544,1.5846616,3.0711,0.4348360147243413,0.158607084392836,-0.4007447229115284,2.4860871409993153,1.2437608607393125,3.092097882362245,3.644274039730991,0.6373983587335743,0.4062766677162543,0.021797925704339995,0.24338905084837575,0.24241097439650153,0.058763080507861325,0.94240621,1.5478,0.16395436779652162,-0.39761685937590796,0.28147218884046543,3.8720156338794856,1.2549057188210186,4.859014562319758,5.747978676417999,0.24241097439650153,0.05876308050786132
92,193.3,-0.00289291915602,0.48899737363124446,0.48898881626987295,0.23911006243701158,1.2719804,2.4629,0.3408876121867966,-0.1396175678964652,-0.5306522079417051,2.6012008828481092,1.2278589449638375,3.1939077716528823,3.7313775993214775,0.488988816269873,0.2391100624370116,-0.001574160483720001,0.6429316167853687,0.6429296896869982,0.41335858588101976,1.6441616,3.2156,0.43934411393329414,0.18046603134683248,-0.37108719732486595,2.557288453507294,1.2440136755665323,3.1813018085314626,3.7423093831402365,0.6429296896869983,0.41335858588101987,0.020102529705421996,0.24240965511697873,0.24157468657410114,0.0583583291933752,1.1153062,1.72469999,0.16243067800048872,-0.47358089528705366,0.6426378144763434,4.600914924208736,1.2628635159248536,5.810327597657376,6.866351933817849,0.2415746865741011,0.05835832919337519
93,194.2,-0.0023782702610199995,0.4855879840741028,0.4855821599973754,0.23579003410771668,1.2667804,2.4577,0.3355599920354866,-0.18967317774990364,-0.44148110251926687,2.6087556561257164,1.2346427728105955,3.220881316864379,3.775123465451846,0.4855821599973754,0.2357900341077167,0.00026440611955999983,0.6380453820001681,0.6380453272151944,0.40710183958114443,1.6441616,3.1836,0.43307073467861296,0.21191027392838635,-0.34169129895104167,2.576872502149959,1.2476003947108987,3.21490715080195,3.796519756109016,0.6380453272151944,0.40710183958114443,0.019992203694884,0.2408518591755107,0.24002068631624712,0.0576099298597223,0.81020621,1.4436,0.1640058760064231,-0.2690899007065909,0.17167695690647022,3.3639192687717485,1.2521022648423559,4.211970935175948,4.940104767760085,0.2400206863162471,0.05760992985972229
94,195.1,-0.005040708044019999,0.4797006794103717,0.4796741947292841,0.23008733308918716,1.1926804,2.3406000000000002,0.3383133431426189,-0.17521089057214542,-0.5512246139168249,2.486301252410135,1.2208642210362992,3.035436241785275,3.525372038008017,0.4796741947292841,0.23008733308918716,-0.008006939876399997,0.629773740497337,0.6297228383454287,0.39655085313382293,1.6286616,3.1581,0.42836865790280987,0.21213014173554368,-0.34314805678964255,2.586105922285413,1.246802065849859,3.2243622064120077,3.8020092505682754,0.6297228383454287,0.39655085313382293,0.013324941706282,0.2535073048515705,0.25315686745895577,0.0640883995416313,1.0329062,1.67429999,0.16661322543827659,-0.4679073984638223,0.5527156611937776,4.074463260949306,1.2748319066712928,5.194255767618138,6.199425029333279,0.25315686745895577,0.0640883995416313
95,196.0,-0.0027614335380400003,0.47708983446050834,0.477081842696167,0.22760708463037022,1.2874804,2.5044,0.331616307960912,-0.20625564332613353,-0.4357809510211612,2.698612099869784,1.2301683730229824,3.319747256316946,3.882439943670553,0.47708184269616694,0.2276070846303702,-0.005997393857899995,0.6385910946322941,0.6385629314410483,0.40776261741058484,1.7412616,3.2777000000000003,0.4270344790074233,0.2596734159397673,-0.26163961519132206,2.7267238999044174,1.2572397646319613,3.4281457141321736,4.077566767084704,0.6385629314410483,0.40776261741058484,0.0140480880028,0.24603604662463868,0.24563466258276123,0.06033638746214696,0.85830621,1.4577,0.16543896880537973,-0.43438124803807004,0.43194660822216857,3.4885384551372765,1.260095335248242,4.395891034152591,5.188053432620825,0.24563466258276123,0.06033638746214696
96,196.9,-0.0001027050510199956,0.48557784192177356,0.4855778310601498,0.23578583001707937,1.3549196,2.6153,0.33891927864649796,-0.21272219227126246,-0.42400589932687716,2.7903241932078875,1.2273708907532552,3.424762690507923,3.9977649114886082,0.4855778310601498,0.2357858300170794,-0.00049111988732,0.6315629383503487,0.6315627473964742,0.3988715038989827,1.6938616,3.2613,0.43065069686932517,0.1800838236261835,-0.36113379182668304,2.6820155160218717,1.2445184030006045,3.337817666822382,3.9332610217834576,0.6315627473964741,0.3988715038989826,0.02276864969338,0.24016944249059843,0.2390877447661946,0.057162949697385015,0.76667621,1.43907,0.16349756187807976,-0.30337132845995685,0.07156731261957772,3.192230460500869,1.2488788139852547,3.9867089914779283,4.689221057447394,0.23908774476619463,0.05716294969738503
97,197.8,-0.0018673783640619987,0.48379768752315405,0.4837940836252515,0.23405671535079683,1.2303804,2.4443,0.3327169855231364,-0.18436047899821378,-0.4365711221449793,2.543171312577048,1.2355145133828027,3.1421250667077345,3.697978923635211,0.4837940836252515,0.23405671535079683,-0.0023322529610200005,0.6268663660800111,0.6268620274976658,0.3929560015184843,1.6919616,3.1323999999999996,0.42381824072848256,0.18229903389506866,-0.40348626903793283,2.699078609976091,1.247261572655728,3.366457031800216,3.992186832477435,0.6268620274976658,0.3929560015184843,0.020650769681959998,0.23733679379339273,0.2364366710129164,0.05590229939967006,0.82720621,1.4336000000000002,0.16024689379816898,-0.39116840264931746,0.299002597128617,3.4853686054261885,1.258439483415571,4.386125467325382,5.162073288246489,0.23643667101291638,0.055902299399670057
98,198.7,-0.0016132958550200036,0.4853647748493227,0.48536209363836597,0.23557636194101794,1.2798804,2.5397999999999996,0.3371117464664841,-0.19851376691373207,-0.5006039265729334,2.6369453786532566,1.2290443771425967,3.2409228904659404,3.796605764751204,0.48536209363836597,0.23557636194101794,-0.0029957778792200026,0.6269503340319975,0.6269431765780147,0.39305774665773163,1.6723616,3.1208,0.4274320813602355,0.27224380615504057,-0.31355679781305046,2.667454675787202,1.2456116675227538,3.322612666748663,3.912578566115046,0.6269431765780147,0.39305774665773163,0.01873139969288,0.24145998558325324,0.2407323395462488,0.05795205930341043,0.85970621,1.4870999999999999,0.16334312066462323,-0.32806394214671103,0.22342177133466645,3.560450017933017,1.253978126251124,4.464726442098426,5.263192024873533,0.2407323395462488,0.057952059303410436
99,199.6,-0.0007306023650600029,0.4803306729029169,0.480330117264734,0.2307170215515531,1.2649196,2.4823,0.33551811764914014,-0.17446533399004538,-0.548091999848153,2.633434988349499,1.2226075986441005,3.219657627291336,3.770048571036509,0.480330117264734,0.2307170215515531,-0.003541142753100002,0.6327972234095626,0.6327873151880131,0.4004197862628539,1.5987616,3.1122,0.422631596495496,0.20749044919243875,-0.3273229631588426,2.5264990756213237,1.2558066627672826,3.1727943726406385,3.782872869082892,0.6327873151880131,0.40041978626285385,0.019175356697389997,0.24700913431162372,0.2462637166309841,0.060645818128905626,0.85970621,1.5561,0.16713003561679696,-0.3477537685573828,0.1617946318143728,3.480463232243894,1.2544561073813245,4.3660883582044985,5.143936018605129,0.2462637166309841,0.060645818128905626
100,200.5,-0.0021101790430000022,0.48253011663467965,0.48252550254249155,0.232830860603884,1.1877804,2.3707000000000003,0.3389117838115059,-0.16907463793008473,-0.4718673689238013,2.4615673904127746,1.2269307078990228,3.0201726208602957,3.504688997950609,0.48252550254249155,0.23283086060388403,-0.003766053847720002,0.6324625706317992,0.6324513578834342,0.3999947200885997,1.7484616,3.1569000000000003,0.4218773849000274,0.21917986767781128,-0.3570184187469967,2.764529762217189,1.254219834099563,3.4673280597313467,4.14447814123607,0.6324513578834342,0.39999472008859976,0.0192845546773418,0.23939525945247792,0.23861725880416912,0.05693819619921583,0.80162621,1.36802,0.15821070551478317,-0.40223655929017804,0.30119246678297795,3.34854671656157,1.2681613503452478,4.2464975257688655,5.066826593002559,0.23861725880416915,0.056938196199215835
101,201.4,-0.0006292695700199977,0.4768679797367327,0.4768675645480631,0.22740267411800114,1.2499196,2.4476,0.3276673802798743,-0.1520367552140817,-0.4859031958941178,2.621101967655808,1.2343659679930676,3.2353990675139954,3.8145988133832294,0.47686756454806306,0.2274026741180011,0.0005985451441000031,0.6195639289311561,0.6195636398113765,0.38385910377632115,1.6047616,3.1942,0.41407227677073605,0.1888765261074263,-0.3082658364633106,2.590146916345603,1.2585515138226606,3.2598333225898544,3.8755591475845796,0.6195636398113765,0.38385910377632115,0.0215949176899618,0.23765391904162844,0.2366707518173901,0.05601304476580867,0.80790621,1.4992999999999999,0.16168912881834024,-0.37966027789305823,0.35286378630893944,3.3995072046696766,1.2555909172059565,4.268390369159457,4.996663757819443,0.2366707518173901,0.056013044765808664
102,202.3,-0.0037085816660100013,0.4732037276349549,0.4731891950051724,0.2239080142696431,1.2911804,2.4271000000000003,0.3272428957571063,-0.19023114882310582,-0.45616383978434794,2.728593044803864,1.2339957584896466,3.367072243932319,3.945633096213552,0.4731891950051725,0.22390801426964316,-0.004413411948370001,0.6235418001381514,0.6235261809374971,0.3887848983145004,1.6811616,3.2176,0.4158400387890903,0.1430939247026804,-0.3382778096949872,2.696148998555547,1.2573660970147453,3.3900463432840025,4.0428083954962,0.6235261809374972,0.38878489831450047,0.01510273069146,0.24255905270370404,0.24208841685256136,0.05860680157417951,0.91830621,1.5227,0.1623196094333655,-0.3602875917322423,0.29346953859853464,3.7859078016838614,1.2636729452616584,4.784149262242936,5.657395389291998,0.24208841685256136,0.05860680157417951
103,203.2,-0.0007791401610300026,0.4843179146269293,0.4843172879107115,0.234563235369187,1.2905804,2.5785,0.3343302938399389,-0.20947274064009952,-0.4281865547039425,2.6647381007868267,1.234601601876382,3.289889927812444,3.860195811683961,0.48431728791071144,0.23456323536918697,-0.0032311537671200004,0.6247638020684407,0.624755446571174,0.390319368020347,1.6597616,3.1252,0.4228137713254795,0.19233343700014727,-0.371079595311389,2.656622541998966,1.248159314689283,3.3158881714095307,3.925514523325035,0.6247554465711739,0.39031936802034695,0.022271949707398,0.23860100517380514,0.23755925561042937,0.05643439992618132,0.82340621,1.4818,0.16309970468401463,-0.3790379766736928,0.22130273757736107,3.4509754449701617,1.2471821028558159,4.303994812361672,5.048483757804755,0.23755925561042937,0.056434399926181315
104,204.1,0.0002285563379699993,0.4811517202881367,0.4811516660038015,0.23150692569823372,1.2854804,2.4844,0.3346761133944331,-0.2056035545162155,-0.48016482897551427,2.6716737066432867,1.228847079997605,3.2830784331149805,3.8409684723600064,0.4811516660038014,0.23150692569823364,-0.0008972978775199993,0.6284978819364104,0.6284972414060965,0.39500878245507315,1.7735616,3.391,0.4253857886365092,0.2486814076403429,-0.3177589335217501,2.8219054526256047,1.2492957018430804,3.52539435297272,4.169301484388569,0.6284972414060964,0.3950087824550731,0.02320920530084,0.23629012188752224,0.23514751644642895,0.05529435449092357,0.78820621,1.3826,0.15903786006586226,-0.34408354651392536,0.15452353972794697,3.3357560769095476,1.2544811610405662,4.184643156309614,4.956091648074117,0.23514751644642895,0.05529435449092357
105,205.0,-0.0038623552500399996,0.4828732779603966,0.4828578308158012,0.2331516847801409,1.2327804,2.4646999999999997,0.3346517556585672,-0.16523247530403443,-0.4840971579987281,2.5530101918398307,1.2303805789635385,3.1411741579357053,3.6837709026028844,0.4828578308158012,0.23315168478014087,-0.004788526858040002,0.6202430361715099,0.6202245512149472,0.3846784939297827,1.6404616,3.1109,0.41514368410660996,0.2194533909397044,-0.3332311100955647,2.6448690341222614,1.255740434974863,3.3212689913602342,3.9515513852276873,0.6202245512149472,0.38467849392978265,0.012870039704322,0.24359309468137966,0.2432528681320341,0.05917195785446077,1.1505062,1.7458999899999998,0.16307223505457807,-0.5299702414232552,0.6837242240819017,4.723065740040229,1.2652672309005197,5.975940310261814,7.055193666873708,0.2432528681320341,0.05917195785446077
106,205.9,-0.005869925160020003,0.46642787123502505,0.46639093370631995,0.2175205030434529,1.2456804,2.4776,0.32241453327798486,-0.11332552065390346,-0.5010248997451932,2.6706817427132754,1.2318528440972405,3.289886900439923,3.863598787980125,0.46639093370631995,0.21752050304345294,-0.009058416254860004,0.6168179993964618,0.6167514811286692,0.3803823894744072,1.6728616,3.1023,0.41253375166286244,0.24406360195178398,-0.27649573962146823,2.7120829833708577,1.2563437804434552,3.407308588204508,4.055090264146735,0.6167514811286692,0.3803823894744072,0.01041971969,0.24643949134126364,0.24621911447757783,0.060623852334122576,1.1564062,1.74479999,0.16206632831867931,-0.5803392715062279,0.9177363137397485,4.692454905283974,1.2814486591360252,6.0131400464324125,7.135388405456433,0.24621911447757783,0.06062385233412257
107,206.8,-0.0004040213690199983,0.46353970461392774,0.4635395285413109,0.21486889452030078,1.1933804,2.3643,0.3217932014627413,-0.14420001741330488,-0.4083788181815091,2.574494456723919,1.2327434532757162,3.173691187021033,3.708532046591963,0.46353952854131086,0.21486889452030072,-0.004116461853539998,0.6193810676301168,0.6193673882926286,0.3836159616804317,1.6232616,3.1287000000000003,0.41570984030691416,0.23256079333957685,-0.33705385304360913,2.6207801381642852,1.2522217873588397,3.281797988886628,3.904794745300143,0.6193673882926286,0.3836159616804317,0.01991761969521,0.2358552073106386,0.23501269591496818,0.055230967241221306,0.79223621,1.45163,0.16039198589276868,-0.37551870894871303,0.3390602682278314,3.3589939312069834,1.2532103574092202,4.209525985063305,4.939375278573181,0.23501269591496818,0.055230967241221306
108,207.7,-0.0015668676660600008,0.4693434450631164,0.4693408296211098,0.22028081434943161,1.1952804,2.3331999999999997,0.32382710176730994,-0.16729058485707757,-0.41936672343957637,2.5467073474079536,1.2339777307677282,3.142580153483967,3.6911067463985265,0.4693408296211098,0.2202808143494316,-0.0020476038611200024,0.6163204275637104,0.61631702617301,0.37984667675074274,1.5786616,2.9200999999999997,0.41758137586355476,0.1882799434176113,-0.4090064224881096,2.5614299468222805,1.246240027685765,3.1921565278429465,3.78048852570434,0.61631702617301,0.37984667675074274,0.0180427426953,0.2338379512096434,0.23314083053372434,0.054354646861954764,0.86760621,1.495,0.1584273037501707,-0.3447321851808069,0.19238624779773117,3.7102882808880007,1.2520700515221415,4.645540839013437,5.476367958443308,0.23314083053372434,0.054354646861954764
109,208.6,-0.0025477011730200014,0.4715755900610582,0.4715687079951003,0.2223770463601682,1.3350804,2.524,0.3219015377531388,-0.1924969816958443,-0.3834471070800296,2.831105825106719,1.2415139859522428,3.5148574775808563,4.147480652993501,0.47156870799510037,0.22237704636016825,-0.001583375855720006,0.6108808798216867,0.6108788277986213,0.37317294225261766,1.6397616,3.0502000000000002,0.4107412221875145,0.19981780708012584,-0.3393001828331026,2.684257527390019,1.253098534012214,3.363639172483683,3.992201199740805,0.6108788277986215,0.37317294225261777,0.02246687868427,0.2321880883725685,0.23109856716192329,0.05340654774429397,0.74929621,1.28169,0.158502535096355,-0.3730147488412243,0.18836456277158353,3.2271087429673866,1.249452240480817,4.032118249175835,4.727345272708078,0.23109856716192329,0.05340654774429397
110,209.5,-0.0036632691520100003,0.474223805410464,0.47420965624616035,0.2248747980771016,1.2640804,2.492,0.3304195852314671,-0.17376414632448633,-0.45290074949575665,2.665577698921876,1.2291478744379025,3.2763891627788992,3.825682424710026,0.47420965624616035,0.2248747980771016,-0.006744359844499998,0.612568414445515,0.6125312857206399,0.3751945759865802,1.6255616,3.1550000000000002,0.4120363669620274,0.2705010630815951,-0.31684128590668514,2.65368171401953,1.2505892658578348,3.3186658665560445,3.9451896248512672,0.6125312857206399,0.3751945759865802,0.014577891122889998,0.2414696727990898,0.2410292263857407,0.05809508797210865,1.0018062,1.6401999900000002,0.16402972633583177,-0.5700926713024976,0.5680299183299247,4.148786836819602,1.2555114888127399,5.2088495382620765,6.107467362037284,0.2410292263857407,0.05809508797210865
111,210.4,-0.002491787156000004,0.48097073518413086,0.4809642804827948,0.23132663910033255,1.3090804,2.541,0.33186182170465583,-0.20527560620359714,-0.4162303512205834,2.721746468626293,1.234802592061816,3.3608195943948402,3.944655017186734,0.4809642804827948,0.23132663910033255,-0.0037866518476499995,0.612034292600781,0.6120225784945544,0.37457163658712306,1.6255616,3.051,0.40906282606856553,0.2629540000010631,-0.29034378941686745,2.655997579959665,1.2555747175588463,3.3348034112948355,3.973867817867981,0.6120225784945544,0.3745716365871231,0.01692038970486,0.23847067459532437,0.23786963457781818,0.05658196305418475,0.82790621,1.4473,0.16316709612434224,-0.3371293554220295,0.010334649443549448,3.4717317397827854,1.2450327899399551,4.322419853904856,5.073977717720061,0.23786963457781818,0.05658196305418476
112,211.3,-0.002158293357010004,0.466190850887841,0.46618585480612157,0.21732925122131427,1.2141804,2.3951000000000002,0.32587585348121156,-0.14901904478802078,-0.4534256253548907,2.6044706748054884,1.2274349801524764,3.1968184110375817,3.72589864216498,0.46618585480612157,0.21732925122131427,-0.00529878087044,0.612317260304172,0.6122943329704221,0.37490435018769414,1.6239616,3.0244,0.4138913408972668,0.21509063506593062,-0.3441841370236354,2.6521571500259324,1.2507370879053634,3.3171513104908232,3.923642365842798,0.6122943329704221,0.3749043501876942,0.016581308692920002,0.2385525768253446,0.2379756124312784,0.056632392112042025,1.1708062,1.78719999,0.15827482928423464,-0.6042089887186248,0.9837042656351409,4.907958721641483,1.275055197735697,6.2579182783012195,7.397298770087007,0.2379756124312784,0.05663239211204203
113,212.2,-0.0009948197640000025,0.46466175114851704,0.4646606862152678,0.21590955331404355,1.3470804,2.591,0.32145096991733607,-0.15589452262238318,-0.34575404733006687,2.8990559189999714,1.2343181556672702,3.5783573551163275,4.190624779718082,0.4646606862152678,0.21590955331404355,-0.001318867868719998,0.6076261509633886,0.607624719643735,0.3692077999221275,1.5506616,2.9571,0.41283649518276455,0.2451317932337855,-0.33914988013498704,2.5519994449571217,1.2461495062628263,3.180172848316324,3.756115600471599,0.607624719643735,0.3692077999221275,0.019876552690239996,0.23163755249860854,0.23078318478757878,0.053260878380697735,1.1708062,1.89119999,0.1556653430279254,-0.5025389193562839,0.94085907106165,5.0544749215783265,1.2656203904736787,6.397046523887378,7.521302926046709,0.23078318478757878,0.053260878380697735
114,213.1,-0.0011668181520199986,0.466414710709006,0.46641325120665883,0.21754132090116585,1.4440804,2.661,0.32571991397011446,-0.2322777169539144,-0.3183103570742105,3.096129617791912,1.2296884837634923,3.8072749352377775,4.433503565681581,0.4664132512066588,0.2175413209011658,-0.0008765865587000002,0.604039831637569,0.6040391955831574,0.36486334980074786,1.5456616,2.9481,0.40912809777206127,0.2363359858670697,-0.27463743530045726,2.5588736355509334,1.2512591995823001,3.2018141770517117,3.7779404749197623,0.6040391955831574,0.36486334980074786,0.01848098569227,0.23413973965130117,0.23340923471838296,0.05447987085182119,0.77389621,1.3332899999999999,0.15852817689888193,-0.3199377930639766,0.10581533553951106,3.3052749232255296,1.2517427325405261,4.137353864196003,4.881758089564317,0.23340923471838299,0.0544798708518212
115,214.0,-0.0012249165590400017,0.47530752217922473,0.47530594380838287,0.22591574021957764,1.3090804,2.531,0.3271205389966391,-0.2681495689087034,-0.25410441534029315,2.7541756419044923,1.23943641564265,3.4136255856523987,4.001828818255431,0.4753059438083829,0.22591574021957767,-0.005406637864899999,0.6074725023102907,0.6074484417052397,0.368993609330124,1.5429616,3.0194,0.4127252989328167,0.19553886943998708,-0.38627931228262025,2.5399694539784634,1.2467066978512742,3.166596930612594,3.738471094429234,0.6074484417052397,0.368993609330124,0.0186074092883418,0.23545290419471904,0.2347164979572243,0.055091834413303675,0.82150621,1.3829,0.15695330459718923,-0.45422525841046973,0.2022964531338225,3.489046834268887,1.2613841178264307,4.401028263099361,5.234080366184987,0.2347164979572243,0.055091834413303675
116,214.9,-0.0026832544500000007,0.48278055917013024,0.4827731024593025,0.2330698684581802,1.3350804,2.6340000000000003,0.33334207865326376,-0.18746639734235446,-0.34009361504909474,2.765398014979974,1.2376139166914615,3.4224950685301585,4.00513612140976,0.48277310245930255,0.23306986845818026,-0.006044889866539997,0.610269384235442,0.6102394453340483,0.37239218064160695,1.6178616,2.9733,0.4111822487706219,0.2909692813935708,-0.3006352399813208,2.6510613866479478,1.252623627426123,3.3207821306722796,3.9346581834142462,0.6102394453340484,0.372392180641607,0.013699942706342,0.2321990465843033,0.2317945400662026,0.053728708804502395,0.80708621,1.36548,0.15832272111139292,-0.5251995340853262,0.4580494195161644,3.4758377429727103,1.2522440568215718,4.352597156113683,5.097728262465557,0.2317945400662026,0.053728708804502395
117,215.8,0.000715563037919998,0.4695552006923539,0.4695546554627858,0.2204815744667755,1.2215804,2.3434999999999997,0.3237318367644502,-0.21856293698047552,-0.4510625011817848,2.6015693111242153,1.233662183967235,3.209457678103635,3.7734330123633506,0.46955465546278585,0.22048157446677552,0.0030824717385799995,0.6035429090634088,0.6035350374656827,0.364254541448703,1.5642616,2.9257,0.4071567842297952,0.2564943103739407,-0.2977022618151226,2.591798489402279,1.2512972833717255,3.243110408836014,3.8419146151747445,0.6035350374656827,0.36425454144870306,0.020061750706340004,0.23332317957365578,0.23245909809030293,0.05403723228495708,1.0496062,1.67799999,0.1583741269033784,-0.487014387136019,0.5951512656614955,4.498508043298196,1.2552933901914358,5.646947412475235,6.627384286325685,0.2324590980903029,0.05403723228495707
118,216.7,-0.005393646560039999,0.4690285252351326,0.4689975117855411,0.2199586660610288,1.2968804,2.5788,0.32178819442658013,-0.15719240945226054,-0.33526349149820955,2.7650352382082732,1.2400039452525389,3.428654604140552,4.030229891780256,0.4689975117855411,0.21995866606102876,-0.00656190987183,0.5978558474662328,0.5978198354758743,0.3573885556884014,1.5464616,2.9638999999999998,0.40993177161187544,0.22202302855820055,-0.3232457571719527,2.586679726482637,1.2423743275072543,3.2136244856655143,3.772485342912611,0.5978198354758744,0.35738855568840144,0.011200703989399999,0.23704937216327546,0.2367846048060239,0.05606694907314492,1.0597062,1.63809999,0.15535101930209363,-0.5815436377763722,0.66645629766741,4.470402896785961,1.2776302996256146,5.7115221924678625,6.821366250190535,0.2367846048060239,0.05606694907314491
119,217.6,-0.00241777614106,0.45712738304051426,0.4571209891090112,0.20895959868400074,1.3079196,2.6048,0.31928660409192516,-0.18318351037375072,-0.34368239358855623,2.8611709744897995,1.2300377081687304,3.5193481881403255,4.096381067160085,0.4571209891090112,0.20895959868400074,-0.003981587751839998,0.6060203889098007,0.6060073091418622,0.3672448587333605,1.5294616,3.0179,0.40723338024608885,0.2961544523249357,-0.30040301192029206,2.523779113688604,1.2527214349655942,3.161592192836184,3.755737309833872,0.6060073091418623,0.3672448587333606,0.015576196998460001,0.23085077337930865,0.230324687467258,0.053049461656890076,0.88840621,1.4538,0.15767084334256581,-0.46811830430685214,0.3958966906874659,3.8484004060071673,1.2516451856292545,4.816831840552539,5.6345624287033935,0.23032468746725798,0.05304946165689007
120,218.5,-0.0021937274711440013,0.46306093754579697,0.4630557411808808,0.21442061944057486,1.2406804,2.4696,0.31469541396902256,-0.17917291079214276,-0.3764902639604135,2.679302656310318,1.2417273613257058,3.3269634176131655,3.942480077330037,0.4630557411808808,0.21442061944057483,-0.0028512588575599993,0.6068078988193556,0.6068012000585434,0.36820769639248846,1.5964384,3.1404,0.41205280963254043,0.19022354668628313,-0.3587443789696225,2.6308793987456873,1.2452075902887656,3.2759909964524736,3.874353875717213,0.6068012000585434,0.3682076963924885,0.01508747969578,0.23282615335278328,0.2323367935594429,0.05398038564148319,0.77962621,1.40402,0.15829931709790418,-0.33745576695380475,0.1342332615563806,3.348533653857577,1.2515288541219813,4.190786486801264,4.925013097294795,0.2323367935594429,0.05398038564148319
121,219.4,-0.0004729448720219973,0.4677228793613232,0.4677226402486787,0.2187644682011949,1.3390804,2.6340000000000003,0.32171112212312436,-0.20613256126919927,-0.35187290720242714,2.8629781844936,1.2363664566832315,3.539690193523743,4.162368994776348,0.4677226402486787,0.2187644682011949,-0.0003340620686999971,0.5955499627923339,0.5955498690995444,0.35467964658448453,1.5239616,2.8154000000000003,0.4117273378471678,0.245362632798566,-0.3760302103919759,2.55891477661195,1.2368501410713468,3.1649941024420443,3.7013855042234063,0.5955498690995444,0.3546796465844845,0.01937383967328,0.23090977039405214,0.23009558100873626,0.05294397639974791,0.79685621,1.39025,0.15345249259508761,-0.4920972135487187,0.4892569443381376,3.4509419356320388,1.2698082952526113,4.382034696300666,5.192852827113407,0.23009558100873626,0.05294397639974791
122,220.3,-0.0031951400560200007,0.47162488450294804,0.4716140612433449,0.22241982276244146,1.3250804,2.585,0.32779153858569776,-0.21028330982559354,-0.43250859654921125,2.809606624969589,1.2301344310008921,3.4561938469433025,4.042448458911551,0.4716140612433449,0.22241982276244146,-0.007734769064440001,0.6016258817893799,0.6015761589245112,0.3618938749863687,1.5359616,2.9754,0.4063942120454803,0.2792025559006313,-0.2569878575266067,2.5530178246848045,1.2522917436827048,3.1971231433275595,3.779486898371741,0.6015761589245111,0.36189387498636866,0.012426554482730999,0.23407529430348747,0.23374521203000498,0.05463682414695198,0.76158621,1.39598,0.15928737574194346,-0.45459689837441264,0.15198069235053246,3.253595012092881,1.2520095933640598,4.073532168061742,4.7812088462918885,0.23374521203000498,0.054636824146951986
123,221.2,-0.0002592287640600004,0.4637221687480006,0.46372209629129924,0.215038182588797,1.2264804,2.3984,0.3195840971188893,-0.20456550316378277,-0.38295387902408207,2.644860398439358,1.236835015432651,3.271255951720951,3.837739146149484,0.46372209629129924,0.215038182588797,-0.002526537867660001,0.6043791623034908,0.6043738813293246,0.36526778843307256,1.5517616,3.0412,0.4097586073665962,0.24865125493655796,-0.35102105721472343,2.5675299493875974,1.2488985401487265,3.2065844055783037,3.787014042176532,0.6043738813293246,0.3652677884330725,0.01744190167528,0.23014340962665902,0.22948152226385032,0.052661769060534026,0.85080621,1.4232,0.1523760506985105,-0.413873919443329,0.49040480648094986,3.6968523729625216,1.26829161221701,4.688686856232915,5.583595362261982,0.22948152226385035,0.05266176906053404
124,222.1,-0.0006954761730399977,0.4618474842499844,0.4618469606059266,0.2133026150209323,1.3260804,2.594,0.31634226692453443,-0.20345900670412395,-0.3707575045353866,2.871251755660169,1.2411951346047259,3.5637837093506786,4.191916599991822,0.4618469606059266,0.2133026150209323,-0.002422568881399998,0.6076112867301803,0.6076064572747069,0.3691856069219202,1.5129616,3.0023999999999997,0.4170961057152957,0.2556896968150357,-0.32058759142756665,2.4900156284816597,1.243016500451507,3.095130512584833,3.6273692783713676,0.607606457274707,0.3691856069219203,0.01734624568371,0.22726086989699099,0.22659790543387076,0.051346610747017435,0.77900621,1.4384000000000001,0.15062453585882257,-0.3333173959280789,0.39477410658289447,3.4278061610566524,1.2694721516610288,4.351504462753519,5.171841397275058,0.22659790543387076,0.051346610747017435
125,223.0,-0.0007892808050200024,0.4571671964057887,0.4571665150744746,0.20900122250533978,1.2679196,2.5075,0.31877726993761313,-0.1750938423934338,-0.3668066968466239,2.7734264618465208,1.2297114141367507,3.41051417640157,3.977446698907172,0.4571665150744746,0.20900122250533978,-0.0012317178706200012,0.5960843256584327,0.5960830530779714,0.3553150061667557,1.5361616,2.8575999999999997,0.40959233919790966,0.2918507322660447,-0.3024198211440501,2.5770877271486063,1.2407471365449083,3.197514218084659,3.750464676678796,0.5960830530779714,0.35531500616675565,0.0178218436712205,0.227680446854842,0.22698186660651795,0.05152076776817911,0.80890621,1.4693,0.14971175656506494,-0.4721430228125616,0.5546683318517749,3.552813696451146,1.2737752405646674,4.5254861208785035,5.403090769618004,0.22698186660651798,0.051520767768179127
126,223.9,-0.0006193784440600005,0.4621048682483437,0.4621044531587659,0.21354052562916206,1.2680804,2.504,0.3270162891832639,-0.2407591488639654,-0.43186318331768714,2.7441398849719763,1.2197668448494146,3.347210849317703,3.877728547305949,0.4621044531587659,0.21354052562916206,-0.00015622917010000225,0.5938695287317736,0.5938695081821808,0.35268099274854525,1.5374616,2.8329000000000004,0.4048682791173909,0.25849996013548,-0.32834267253601057,2.5888878375075013,1.246049372559446,3.225882065553003,3.7974365473917895,0.5938695081821808,0.35268099274854525,0.016899138082771797,0.23147332937866502,0.2308556287936323,0.053294321345703353,0.80890621,1.3753,0.15403653137295067,-0.4982744652267343,0.5110772559045254,3.49459789674826,1.2672866116878534,4.428657127781601,5.251392009350624,0.2308556287936323,0.053294321345703353
127,224.8,-0.0009340211520400001,0.47461438424319236,0.47461346518512537,0.2252579413350322,1.3480804,2.638,0.32739170372756043,-0.2282652104757856,-0.28059543671033715,2.8403698765885776,1.2378450094410136,3.5159376767017583,4.1176376329982,0.47461346518512537,0.2252579413350322,-0.0037212548739999993,0.5948360507674312,0.594824410691724,0.3538160795547567,1.6776616,3.0431,0.40456979742614285,0.23756722678456535,-0.3268306303220925,2.820376468163883,1.2473069940060346,3.51787529447085,4.146779148303252,0.5948244106917239,0.3538160795547566,0.01847432766436,0.23198274592453128,0.231245959151799,0.05347469362403549,0.80900621,1.3674,0.15700020060824973,-0.482828675209112,0.3851233469902833,3.4873550908962265,1.2563032534156555,4.381175546508579,5.152899212012152,0.231245959151799,0.053474693624035494
128,225.7,-0.004871308169062003,0.4843763432716129,0.4843518476045089,0.23459671227790138,1.3480804,2.638,0.3316552092020445,-0.22974629764639484,-0.38200963672432087,2.783126010850755,1.2405167423032983,3.4525144124001526,4.064704435800822,0.4843518476045089,0.2345967122779014,-0.008517667874040001,0.5992805069697551,0.59921997243743,0.3590645753679143,1.5999616,2.9774000000000003,0.40984183222317483,0.23360374674984033,-0.31915772104485507,2.6698041758277116,1.2443144378999782,3.322075882348073,3.903851374373026,0.59921997243743,0.3590645753679143,0.010029684674789999,0.23374881800323094,0.23353354222302172,0.05453791534323187,0.83050621,1.3709,0.1553621956287752,-0.4820686973527856,0.385195429150734,3.552985709594136,1.269326151864639,4.509897678389178,5.345613240330512,0.23353354222302175,0.05453791534323188
129,226.6,-0.003380876165140003,0.4753457972872022,0.4753337739683158,0.22594219667496193,1.2931804,2.5370999999999997,0.3294640785339675,-0.2010011646733398,-0.41651365076379543,2.720504540863049,1.23166915550367,3.3507615303886915,3.925102869345661,0.47533377396831583,0.22594219667496196,-0.0012922348737199993,0.5956459581447499,0.5956445564119665,0.3547924375832083,1.5805616,2.923,0.4058721796581183,0.25332623426371653,-0.2923490966194362,2.6535252667926317,1.2475219288407462,3.3103309590567993,3.894234882842593,0.5956445564119663,0.3547924375832081,0.013254975681919998,0.2331663148694198,0.23278925234953854,0.054190836009457136,0.76451621,1.41991,0.15740877198199335,-0.43398938352063554,0.1445771878771991,3.278845018536028,1.2541276079528927,4.112090059944847,4.856884405955827,0.23278925234953854,0.054190836009457136
130,227.5,-0.0018956481480699998,0.4593331897292017,0.45932927808370927,0.21098338570490152,1.2029196,2.3559,0.3173223423689602,-0.17790728523509838,-0.3806998182368213,2.618838844868095,1.2370421635184579,3.2396140705618075,3.790844322588951,0.45932927808370927,0.21098338570490152,-0.003888056858540001,0.5927738554384663,0.5927611042445755,0.35136572670524846,1.5805616,3.1029999999999998,0.39937242193198064,0.2746696282214144,-0.2830200317352016,2.6663821042358244,1.2531379524278503,3.3413446104923437,3.957613278237811,0.5927611042445755,0.35136572670524846,0.015167589671960002,0.2339880873799721,0.2334959726832146,0.05452036925928049,0.85870621,1.4321000000000002,0.15675580524341057,-0.4056179148347076,0.24769348820952652,3.6698714862588337,1.2607997848761228,4.626973180398154,5.477986659993869,0.2334959726832146,0.05452036925928049
131,228.4,-0.0030122846770199965,0.45898015856346613,0.4589702736517574,0.2106537120959691,1.2379196,2.4082999999999997,0.3151571463883645,-0.18963569239376646,-0.4281825739146812,2.6971091819622193,1.2378342439229617,3.3385741050318813,3.9279439295167555,0.45897027365175747,0.21065371209596911,-0.006481829865440001,0.5989195908536254,0.5988845149023889,0.35866266218986964,1.5543616,2.8628,0.403454132670565,0.3141248902465283,-0.2780301825002933,2.5952759330924646,1.2535140325456835,3.253214800459497,3.852635217072353,0.5988845149023888,0.3586626621898696,0.015046578686272,0.23263067763376621,0.2321435604236807,0.05389063264618309,0.90740621,1.4678,0.15375042383016244,-0.5013311832057803,0.47099879676999734,3.9006300425627547,1.2694634716759887,4.951707355555374,5.901812739081288,0.2321435604236807,0.053890632646183094
132,229.3,-0.0013863391650400009,0.4661880295414357,0.4661859682052281,0.21732935695144598,1.3009804,2.5109000000000004,0.32302131916468746,-0.22456947095914528,-0.3341039815646405,2.7906774038786564,1.2344926733478068,3.4450708087654793,4.02753726399314,0.4661859682052281,0.21732935695144598,-0.00047737886793999996,0.5996944604240968,0.59969427041849,0.359633217972765,1.5686616,2.9641,0.40528843862897157,0.2457004783533659,-0.3160791725623673,2.6157680344264995,1.2500665294616076,3.269884068672145,3.870481983908894,0.59969427041849,0.35963321797276504,0.015203289686960001,0.23468561876799637,0.23419265496426592,0.05484619963921171,0.90370621,1.4971,0.15789149594598695,-0.4299004349842674,0.47904066711699045,3.850709791013563,1.2612664448526885,4.856771048271115,5.723590143886841,0.23419265496426592,0.05484619963921171
133,230.2,-0.0021235979690399994,0.47137258438568364,0.47136780081174867,0.22218760364210435,1.2099196,2.4132,0.32390655892566694,-0.20704897773607184,-0.4134674388223276,2.5668009555049283,1.2370624429971901,3.175293060704448,3.7353970355310513,0.4713678008117486,0.22218760364210433,-0.00030686486580000125,0.5949185568110479,0.5949184776690787,0.35392799507209405,1.5702616,2.9697,0.4045377494312757,0.22688640002489965,-0.33987141096416984,2.639456413020801,1.2453771094000898,3.2871185980353745,3.8816194587713295,0.5949184776690787,0.35392799507209405,0.012542738683419997,0.2316143314698006,0.23127446518913866,0.05348787824852211,0.75600621,1.2793999999999999,0.15413262533609812,-0.4053767465552387,0.17236661035405243,3.2640735363932913,1.263709094819216,4.124839414098924,4.90490711068776,0.23127446518913863,0.0534878782485221
134,231.1,0.00020494724499999872,0.4665031548159791,0.46650310979658877,0.21762515144988817,1.2779804,2.4398999999999997,0.3252569800173958,-0.1902252001635339,-0.3821162311578665,2.7394892977821836,1.2309961396581794,3.372300750204765,3.9291405827221584,0.46650310979658877,0.21762515144988814,-0.0004632898580400028,0.5866411099315882,0.5866409269939094,0.3441475772242733,1.6579616,2.9884,0.3990518322782074,0.32902998825668306,-0.3086086900899381,2.82619402549771,1.244995127454287,3.5185977909850656,4.154752505544486,0.5866409269939094,0.3441475772242733,0.019750459667340004,0.22764865056417358,0.22679027193999743,0.05143382744661798,0.82830621,1.3517000000000001,0.15308987019201206,-0.4689376639721699,0.37621716708569997,3.6385289697401593,1.2589104640283406,4.580582193676144,5.410587970066875,0.22679027193999743,0.05143382744661798
135,232.0,-0.004684635156030002,0.4680278738117273,0.4680044282463372,0.21902814485818098,1.3120804,2.498,0.32759733235352045,-0.22004214972033728,-0.41304816313726356,2.8034236279863283,1.229934353752762,3.448027028182588,4.005162040160001,0.4680044282463372,0.219028144858181,-0.007287837850980001,0.5945648681527342,0.5945202013901093,0.35345426986093614,1.5680616,3.1015,0.4010640963995751,0.28126754546234595,-0.2941544127908853,2.6373263608255946,1.2495554582684951,3.2954855494050084,3.909753114469165,0.5945202013901094,0.3534542698609362,0.010944706683319998,0.23455918854539107,0.234303705320015,0.054898226326688414,0.89380621,1.5362,0.1560869303544907,-0.47027095963265286,0.4973464824493079,3.8105785390156814,1.268204819685306,4.832594068969079,5.726336010132733,0.234303705320015,0.054898226326688414
136,232.9,-0.002346589957209999,0.45963057396277907,0.4596245838039198,0.21125475803692648,1.2730804,2.508,0.31741023201691126,-0.1474019224580926,-0.35388513397196775,2.7697905059359567,1.2354508453405522,3.4219400219748133,4.010836046180678,0.45962458380391974,0.21125475803692645,-0.004616684863740002,0.596085885222176,0.5960680068431571,0.355297068781974,1.6084384,3.1824000000000003,0.40349155471602766,0.2610083268997665,-0.30731358069989945,2.6983333104767198,1.2495361146879929,3.37166492090627,3.9863000382548255,0.5960680068431571,0.355297068781974,0.01180637967142,0.23092638952676636,0.23062438461472828,0.05318760677892212,1.2681062,1.84649999,0.15204800879875252,-0.5633880735927673,0.9697184260505236,5.491387115169943,1.2744907831998056,6.998722265266262,8.340169726776482,0.23062438461472826,0.05318760677892211
137,233.8,-0.0016908361680200033,0.4506753942874073,0.45067222245126554,0.20310545208916295,1.2589196,2.4991000000000003,0.31012109315689007,-0.1472256285345494,-0.32369961992862395,2.793406553713812,1.237950831968703,3.4580999671968407,4.059445254706081,0.45067222245126554,0.20310545208916295,-0.0018691778384400007,0.5888044411779106,0.5888014742891189,0.34668717612503996,1.5628616,2.9802999999999997,0.39275078372409444,0.32747248713725874,-0.25260541648783486,2.654296555361362,1.2571808777922284,3.3369308733900858,3.9792704808398365,0.588801474289119,0.3466871761250401,0.014261543679802,0.22701968561950175,0.22657128244913677,0.05133454603064651,0.81050621,1.4239000000000002,0.15217849478259055,-0.44721815579764296,0.4331914988179699,3.5702023275569843,1.2622151681496934,4.506363531205766,5.326023306761759,0.22657128244913674,0.0513345460306465
138,234.7,-0.002334872478040002,0.46142731970231476,0.46142141231002004,0.21290971973817352,1.2722804,2.4762000000000004,0.31465085169980594,-0.19969791719084706,-0.30815950665208014,2.7572715044718183,1.2432084379538006,3.427863200088935,4.043467205402084,0.46142141231002004,0.21290971973817352,-0.0024751768496000027,0.5860976523073773,0.5860924257655805,0.34350433153978255,1.5291616,2.9366,0.3950405547955679,0.22868259013936534,-0.30415706171472445,2.6090560062472923,1.2515805801686235,3.2654438299914177,3.870897763373524,0.5860924257655806,0.3435043315397826,0.01642035966634,0.22994100933996278,0.22935396130154126,0.05260323956470889,0.79417621,1.37457,0.15273348019797095,-0.36690021541124135,0.29710714650064984,3.453825884646039,1.2665065852122643,4.374293227080783,5.199751940246501,0.22935396130154126,0.05260323956470889
139,235.6,-0.0009740255739999997,0.46558008343778146,0.46557906457240184,0.21676386536811273,1.2459196,2.4863999999999997,0.3215673665147359,-0.18795067584635464,-0.3269991821608973,2.6760586294849538,1.2376420058516666,3.31200256997242,3.8745212659596957,0.4655790645724019,0.21676386536811276,-0.0025969208664299976,0.5934633501258048,0.5934576681993055,0.35219200394455696,1.4910616,2.8135000000000003,0.40135143232395143,0.23933644824372283,-0.3550787457440423,2.5124746114211076,1.2467413177039084,3.132405907740767,3.7151022269094267,0.5934576681993056,0.352192003944557,0.0187104996693,0.2285453540732346,0.22777817294592848,0.051882896070585306,1.0129062,1.59129999,0.1489976486959305,-0.5132213569957056,0.6818553154491602,4.431970206121217,1.2801951109347276,5.673786589684759,6.798135466332799,0.22777817294592848,0.0518828960705853
140,236.5,-0.0035620605599999983,0.4746021294348534,0.47458876197047095,0.22523449298866433,1.2899804,2.5488999999999997,0.32386750047954455,-0.2161408136670698,-0.3155379386007353,2.7180248886284653,1.2433749240263883,3.379523989400251,3.9830498524549394,0.4745887619704709,0.2252344929886643,-0.004568145860949997,0.5947787986334384,0.5947612557549704,0.35374095134722927,1.6301616,3.1596,0.40188469567907514,0.2982997835764789,-0.27886283752724195,2.740786328876304,1.249388855540171,3.4243078947149126,4.056291810877429,0.5947612557549704,0.35374095134722927,0.01573755965992,0.22580694907992455,0.22525786882755972,0.0507411074687341,0.79502621,1.39442,0.15338560733674103,-0.472636286895274,0.3967069567607533,3.5208226019589848,1.2579243612829265,4.4289285227597475,5.18318650494116,0.22525786882755972,0.050741107468734094
141,237.4,0.0012031428419799974,0.4683727845684912,0.46837123926618723,0.21937161777174402,1.2409196,2.4741999999999997,0.3255900421700728,-0.1875737860064123,-0.3971879903571751,2.649427210300554,1.2314154113472922,3.2625454980069657,3.811294693563762,0.4683712392661873,0.21937161777174405,0.00274538115358,0.5846349732613196,0.5846285272227019,0.3417905148425855,1.5147616,2.9402,0.39224480339220136,0.2829674017796981,-0.301118037401078,2.590952764166801,1.2535147923185743,3.247797616081784,3.861776081926587,0.5846285272227019,0.34179051484258544,0.0178318396828018,0.2258619953429114,0.22515698175674717,0.050695666433808184,0.72035621,1.33475,0.15490777951491005,-0.4201548728278612,0.08734941606096625,3.189364412132863,1.2440983163756527,3.967882895442918,4.65022616847119,0.22515698175674717,0.050695666433808184
142,238.3,0.0004949137209179976,0.4624424328355321,0.4624421680029347,0.21385275874725448,1.1842804,2.3402000000000003,0.3132675573481792,-0.1869564531653725,-0.3285112097317904,2.5609250274426913,1.2467526535383358,3.1928400734769107,3.7804118946276306,0.4624421680029347,0.21385275874725448,0.002344392131400003,0.5860633492395568,0.5860586601590501,0.343464753147421,1.6798616,2.9903,0.396607774532594,0.27297964112298184,-0.2868268822017517,2.8663481553311514,1.2514800701900977,3.587177590623086,4.235574055449954,0.5860586601590502,0.3434647531474211,0.01842405797042,0.22592356089542406,0.2251710670924908,0.05070200945557099,0.82110621,1.4325,0.15072004151295806,-0.4890474483229386,0.4205800724590838,3.634442582020364,1.2649393582898516,4.59734946744215,5.447890020182922,0.2251710670924908,0.050702009455571
143,239.2,-0.0022862572490400025,0.46045656223171505,0.4604508863386414,0.21201501873004047,1.2322804,2.4522000000000004,0.31996175871894633,-0.20995439136812705,-0.3138266806254424,2.6762142210058912,1.2334787166211116,3.3010532827295145,3.851336500129793,0.4604508863386414,0.21201501873004047,-0.004021661361000005,0.58626163150056,0.5862478373602719,0.3436865268095958,1.5559616,3.0204,0.39708557926967647,0.28312694612621747,-0.27011181433802234,2.6540396239430755,1.2502393766547466,3.3181848450555886,3.918454059353501,0.5862478373602719,0.3436865268095958,0.01723993297992,0.2268412174611894,0.2261851512591454,0.05115972265012249,1.0454062,1.7517999899999999,0.15241503866458517,-0.4729827738483565,0.6605271162632329,4.608537247772707,1.2628245328673968,5.819773897120568,6.858943901858605,0.22618515125914543,0.051159722650122495
144,240.1,-0.0028810704631400032,0.46527450985388835,0.46526558969341636,0.21647206895276244,1.2648804,2.4958,0.31829561381716065,-0.24145309314630437,-0.26774312171974746,2.718568013530796,1.2426222572582026,3.378153121483586,3.9739171546567036,0.4652655896934164,0.2164720689527625,-0.002258282851920001,0.5903659557138687,0.5903616364776003,0.34852686182451026,1.5695616,3.034,0.397063732797039,0.2577609280716288,-0.32144770684851,2.658624849229476,1.251898511546861,3.328328491511879,3.9529210813174136,0.5903616364776002,0.34852686182451015,0.01427042967547,0.22703128250301946,0.22658234280685532,0.0513395580718433,0.77786621,1.36026,0.1536957558558103,-0.38864728622478506,0.12442157336998338,3.4262512259281035,1.2534851637966518,4.294755079140968,5.061078008749671,0.22658234280685532,0.0513395580718433
145,241.0,-0.0007056766541299988,0.4719966916943354,0.4719961641696438,0.22278037899085734,1.2599196,2.512,0.327066848708821,-0.19518372286265734,-0.3239916022206497,2.6693398961701256,1.234552227673098,3.2954395152335043,3.8521776357764494,0.47199616416964374,0.2227803789908573,0.0025317541386999966,0.584259288398213,0.5842538029834015,0.34135250630056735,1.5695616,2.901,0.4009166773756456,0.25668867316459637,-0.339879933116805,2.6864127471607016,1.2415966671253795,3.335441113397862,3.914932175618558,0.5842538029834015,0.34135250630056735,0.015774941679899998,0.22813261979062996,0.22758656249333326,0.05179564342753189,0.77319621,1.35159,0.15258637464552968,-0.39924799093249846,0.198156761868312,3.389240042522658,1.2605135862506047,4.272183120664387,5.067269025797333,0.22758656249333326,0.05179564342753188
146,241.9,-0.0015559831391000012,0.47373767268233397,0.4737351173756755,0.224424961434945,1.2545804,2.4975,0.3298396507394084,-0.2072442379914567,-0.34863685585753457,2.648259727575565,1.232468367292602,3.2638963426118077,3.8036069865693256,0.4737351173756754,0.22442496143494498,-0.002030692868739999,0.5796478503425958,0.5796442932465264,0.3359875066932651,1.5415616,2.871,0.39635603161848815,0.32108371892603615,-0.2704073720221887,2.659479542775624,1.2458649994147586,3.3133524790037154,3.8893355393259856,0.5796442932465264,0.33598750669326516,0.01552066387983,0.22705209306685578,0.22652099672827125,0.05131176195876948,0.77319621,1.3005900000000001,0.15133847930532357,-0.48091047439422596,0.29203485697445375,3.405369224111629,1.2627107091002843,4.29999618772628,5.109052327928351,0.22652099672827125,0.05131176195876948
147,242.8,-0.004192514156039998,0.473210840339322,0.4731922677302522,0.22391092223969866,1.2652804,2.4832,0.32348136853743853,-0.22970516458865725,-0.3248107497113977,2.6738195580910915,1.243224455385406,3.3241578639066445,3.911447530102684,0.47319226773025214,0.2239109222396986,-0.00561026686152,0.582879765324882,0.5828527650538615,0.33971734573093193,1.6380616,2.9215,0.39331176235310905,0.315238263356989,-0.2644819534425218,2.8102907279462466,1.2518611757933793,3.51809385500802,4.164791793156123,0.5828527650538616,0.339717345730932,0.013513314701309998,0.23301794959157845,0.23262578351860902,0.05411475515764675,1.0932062,1.6725999900000001,0.15357475935640152,-0.44539056015684264,0.5561199909436882,4.691510683688162,1.2698884653478268,5.957695302271694,7.118397610267403,0.23262578351860905,0.05411475515764676
148,243.7,0.00038335224695999905,0.46038194567437507,0.4603817860688865,0.211951388943978,1.4210804,2.723,0.3162874156905152,-0.20139308875206471,-0.24386568266330144,3.08674224380884,1.2411202938451826,3.831018440660366,4.493003292266664,0.4603817860688865,0.211951388943978,0.0034325491412600007,0.588158882066682,0.5881488656456986,0.34591908816032196,1.5949616,2.9444,0.3994848068846613,0.2834454602990371,-0.32357095284320847,2.7117869824486855,1.248470416667474,3.385585823891143,3.992546330955948,0.5881488656456986,0.345919088160322,0.01878864367835,0.22267783322008147,0.221883762984853,0.04923240427631842,0.76752621,1.31792,0.1496907972317066,-0.4141171313839356,0.27207366774231545,3.446801142713756,1.2591917656823681,4.340183616849739,5.127410797418261,0.221883762984853,0.04923240427631842
149,244.6,-0.0007789106730220002,0.4461494329210836,0.4461487529893678,0.19904870979396794,1.2105804,2.3665000000000003,0.3055421559384566,-0.2172539126886676,-0.2667663660225066,2.713396702252744,1.2434279885730475,3.3739134036828697,3.9620732408651307,0.4461487529893678,0.1990487097939679,0.0005282121243999991,0.5840530104675359,0.5840527716124144,0.34111764002814315,1.6223616,3.0268,0.3998566581698044,0.32962812066246694,-0.27187307373712466,2.777764296945059,1.2448616380456479,3.4579322127997436,4.057357972793947,0.5840527716124145,0.3411176400281432,0.0156303026714218,0.22170410801509777,0.22115244775758167,0.048908405149169894,0.77703621,1.35643,0.14911367858623167,-0.49669313452167774,0.4134803432669587,3.5048345155024587,1.2599292854713415,4.415843646812308,5.211032397344043,0.22115244775758167,0.04890840514916989
150,245.5,-0.0002864274930839965,0.4583392243624163,0.45833913486460287,0.2100747625484326,1.3910804,2.6260000000000003,0.3128459627152583,-0.2825306173096897,-0.20727671064059106,3.03504549918261,1.245191689901538,3.7792134340552512,4.446534607403945,0.4583391348646028,0.21007476254843258,0.0006379701286000037,0.5806965372419187,0.5806961867955308,0.33720806135887005,1.7466616,3.0441000000000003,0.39748202953063355,0.29608475664926254,-0.29243224592315364,3.0078732831712047,1.2441778359480224,3.7423292722618227,4.394315894136256,0.5806961867955308,0.33720806135887005,0.0181139996998018,0.22756708732500255,0.2268450181257259,0.051458662248460914,0.73728621,1.3016800000000002,0.15428953839234916,-0.3383508824489292,0.061222010307907304,3.2398631043997863,1.2476394395171855,4.042180987685758,4.778588475163655,0.2268450181257259,0.051458662248460914
151,246.4,-0.0050425309590000035,0.4687867365645087,0.4687596156457268,0.21973557726032955,1.2991804,2.5121,0.3215505488038406,-0.262302612806735,-0.2726486262150889,2.771367657542979,1.2430980544999806,3.4450817433958454,4.040361320585259,0.4687596156457268,0.21973557726032955,-0.005561256854739999,0.5843956184607074,0.5843691566965769,0.34148731129826837,1.5319616,2.9694000000000003,0.39320194739505165,0.25325531922943234,-0.29523605479436643,2.621446074553352,1.2514651711234686,3.280648460281856,3.8961190557401584,0.5843691566965769,0.34148731129826837,0.009431089699880001,0.2330629547379033,0.23287205804525962,0.05422939541823477,0.75746621,1.3088600000000001,0.1602635438283401,-0.3636779662665091,-0.08264929678163258,3.2500498024313957,1.242957820212423,4.039674818011944,4.726378762791678,0.23287205804525965,0.05422939541823478
152,247.3,-0.0015448361361000017,0.4768440301423308,0.47684152772560895,0.22737784256369267,1.2909196,2.5402,0.32916573437985025,-0.2574777748061012,-0.3108933640725735,2.7072156059386545,1.2373406624218382,3.3497479511708725,3.9217921708409245,0.4768415277256089,0.22737784256369264,-0.0004943028620399978,0.5853619684466332,0.5853617597421255,0.3426483897683978,1.3986616,2.7381,0.3969754473797715,0.3281051636049189,-0.2993010158703262,2.3893960923214888,1.2476931634670272,2.981233169204351,3.5232949776411564,0.5853617597421255,0.3426483897683978,0.017457202675239997,0.22929459474813707,0.22862908226091447,0.05227125725546799,0.75407621,1.3534700000000002,0.15556815243843172,-0.4853573697843113,0.3355360845621784,3.2886785265404805,1.2557803833275623,4.129857980700128,4.847240249243407,0.22862908226091447,0.05227125725546799
153,248.2,-0.0011580571660600053,0.46519918477838895,0.46519774335445546,0.2164089404220778,1.4790804,2.6550000000000002,0.31817315601292656,-0.25577907682177714,-0.30726632869932313,3.17945613061339,1.2409709218046165,3.945612605244638,4.648664955065878,0.4651977433544555,0.21640894042207784,0.0021869521591999976,0.5826897095300484,0.5826856054790315,0.33952251483246554,1.6181616,2.9176,0.3932611057138389,0.306875930651336,-0.2845930550179032,2.7770553924919694,1.2518049673739045,3.476331734993935,4.114725754693561,0.5826856054790316,0.3395225148324656,0.01814779906978,0.22691961324135443,0.22619276792711293,0.05116316826252877,0.76240621,1.3568,0.15339738011222678,-0.35115533692503137,0.14709244669899135,3.3598074626942696,1.2539888876761707,4.2131612229500846,4.9701384042036265,0.2261927679271129,0.05116316826252876
154,249.1,-0.0027436645121600035,0.45235828410982276,0.4523499635324711,0.2046204895078279,1.3011804,2.4961,0.3092375726878586,-0.25558454119298496,-0.24447599136344067,2.8764376506568006,1.2447072326347706,3.5803227479954867,4.207704738755658,0.45234996353247103,0.20462048950782788,2.011133200000792e-06,0.583208891967744,0.5832088919642764,0.34013261166619896,1.5514616,2.9109,0.39764216408176384,0.2868914897537814,-0.2856423249513189,2.660215955839384,1.2456902300870023,3.313805026110677,3.901652641848579,0.5832088919642764,0.34013261166619896,0.01455394546134,0.22813881552526016,0.2276741131986178,0.05183550182077703,0.75040621,1.3128,0.1501421812697604,-0.4146653981632871,0.23411920019438925,3.2892526783409766,1.270951614146141,4.180481000871982,4.997970614611929,0.2276741131986178,0.051835501820777036
155,250.0,-0.0036271199791600033,0.4499266481421977,0.44991202774445777,0.20242083270912972,1.3150804,2.4450000000000003,0.30836102178435504,-0.28802017797811,-0.24555336066273847,2.9228773299606243,1.2416459299886444,3.6291787406016853,4.2647426461041835,0.44991202774445777,0.20242083270912972,-0.005070346863800001,0.5808111970517674,0.580789065154801,0.33731593820338773,1.5407616,3.0502000000000002,0.3937458206488168,0.34143151610497047,-0.2603457793318902,2.652775304300259,1.2492156135155403,3.313888329280322,3.9130868677186808,0.580789065154801,0.33731593820338773,0.01479151966592,0.2256286153135873,0.2251432499416748,0.050689482994299456,0.77194621,1.3283399999999999,0.15180360827689543,-0.4159189000041712,0.18744484540176698,3.4213134221788293,1.2578997621314418,4.303669339935858,5.08516377681841,0.2251432499416748,0.050689482994299456
156,250.9,-0.003147757665060001,0.46832805308778175,0.4683174745091989,0.2193212569306742,1.2958804,2.4368,0.32242648656770106,-0.26178978061893043,-0.3055267752120039,2.767035609880719,1.2376574314771682,3.4246421857308302,4.019149958165422,0.4683174745091989,0.2193212569306742,-0.002445117859620002,0.5857518049208441,0.5857467015414421,0.34309919836667935,1.6094616,2.9909,0.39668129973916005,0.2586645446400343,-0.3211647348939586,2.747685259318143,1.247784628098024,3.4285194294287122,4.057316543679549,0.5857467015414421,0.3430991983666793,0.016275879678422003,0.22879214403009826,0.22821249069799568,0.05208094091058276,0.78319621,1.3395899999999998,0.15574163492417023,-0.3716932616166261,0.16727442573011997,3.4231778950284597,1.2519715855153302,4.285721456739811,5.028817184186708,0.22821249069799565,0.052080940910582754
157,251.8,-0.0009285342510400045,0.4668250396091069,0.466824116161739,0.21792475543018883,1.2607804,2.4817,0.32470939658981923,-0.25273494084138703,-0.31377827817261217,2.7007557286466612,1.2338059992823505,3.332208620600427,3.882796165559226,0.46682411616173897,0.21792475543018877,0.002839219155059998,0.5793593942564291,0.5793524372502165,0.33564924654776596,1.5183616,3.0258000000000003,0.39399567775938127,0.267779419953691,-0.34873183126031115,2.6207594371516496,1.244142197420495,3.2605974050483533,3.8537519209215407,0.5793524372502165,0.33564924654776596,0.015053521690420001,0.2306536198268518,0.2301618643997001,0.05297448382394594,1.2686062,1.8499999900000001,0.15410422762081247,-0.6325910202040128,1.2290303264279396,5.500048951984033,1.270692572261219,6.988871350359214,8.23213106860067,0.2301618643997001,0.05297448382394594
158,252.7,-0.0012954461530219983,0.47680375897090055,0.47680199914434634,0.22734014638804523,1.3580804,2.612,0.3300302741014209,-0.2526687016003366,-0.29525912766999474,2.8483005312944356,1.2365177871774307,3.521974270172495,4.115017641026021,0.47680199914434634,0.22734014638804526,8.183113169999956e-05,0.5761207995881323,0.576120793776561,0.3319151690217348,1.5423616,2.8148,0.39297662372100045,0.3570379736641454,-0.21474222807847054,2.677149655250481,1.2488673562328436,3.3434048121923374,3.9248176784556588,0.576120793776561,0.3319151690217348,0.018344796672840002,0.22568169296184268,0.22493486829114687,0.05059569497315559,0.76174621,1.31814,0.152409843061131,-0.5044299736083959,0.3868456585072799,3.375312370280707,1.2576290753303823,4.244890975187326,4.99801190461476,0.22493486829114687,0.05059569497315559
159,253.6,-0.0019216673290200017,0.463664559141872,0.46366057692983026,0.21498113059890306,1.3140804,2.599,0.32141904569109475,-0.23854111532861774,-0.3090737294277659,2.8341187051950585,1.235341659106444,3.5011049033802704,4.088371294782946,0.4636605769298303,0.21498113059890311,-0.001720207839620004,0.5814133452132173,0.5814108004475083,0.3380385188770123,1.5772616,2.9436999999999998,0.38697502272647843,0.28801174861533213,-0.303677553116406,2.7128059804364875,1.2563490308881389,3.4082311645089285,4.075874429536088,0.5814108004475083,0.3380385188770123,0.019002569691879998,0.22669163764773043,0.22589378239454744,0.051028000924515156,0.75330621,1.3096999999999999,0.1569549002719922,-0.36116857883190845,0.13222973156633655,3.323043663262988,1.240341351706051,4.1217084690698425,4.799507429806725,0.22589378239454744,0.05102800092451515
160,254.5,-0.0006194540650000003,0.4556145581550351,0.45561413704961923,0.2075842418794692,1.2736804,2.4135999999999997,0.3101253523102896,-0.19563739351879453,-0.2395432823792505,2.7955217347699324,1.2477990957052314,3.488249492670241,4.106985741448332,0.45561413704961923,0.20758424187946922,0.002847308141260004,0.577384426958105,0.5773774063211063,0.33336466933008796,1.5825616,2.92,0.39505101663868947,0.2898710245832981,-0.3550489697196082,2.7409149365831973,1.2426222916901677,3.4059219998248236,4.005967668341424,0.5773774063211065,0.333364669330088,0.016325906680849996,0.22367684076079805,0.22308024086363987,0.049764793863779584,0.91280621,1.4651999999999998,0.1514183949156704,-0.43370413712575573,0.48217692871886975,4.080915158204344,1.2585811818321262,5.136163022769461,6.028370664663101,0.22308024086363987,0.049764793863779584
161,255.4,0.00012709385098000104,0.4564530589254176,0.456453041231542,0.20834937884952381,1.2736804,2.5246,0.31440208864359886,-0.244747256827966,-0.21857873953087337,2.7903863827717577,1.2411826681949003,3.4633792158633665,4.051119397758911,0.456453041231542,0.20834937884952381,0.0016332001336800007,0.5703393926796554,0.5703370542929167,0.32528435549952145,1.5154616,2.8388999999999998,0.3894163377659387,0.33771804532365485,-0.25698278116590956,2.6571224422704307,1.2458401569909257,3.3103498406223046,3.891623060023944,0.5703370542929167,0.32528435549952145,0.01774011867742,0.2245135041846606,0.2238115317640864,0.05009160175058666,0.84660621,1.415,0.15245210889257202,-0.5449498094761079,0.5454101907292994,3.770847607027117,1.2562851702967983,4.737259928157336,5.553260077212678,0.22381153176408639,0.050091601750586655
162,256.3,-0.0016239211730199985,0.4568314825349455,0.45682859620989147,0.20869236631510005,1.2509196,2.4613,0.3115411395013297,-0.29455016118499344,-0.23940806990030827,2.7382517357575296,1.2465183341424657,3.413280992119191,4.01526296656131,0.45682859620989147,0.20869236631510005,-0.0019910372573200006,0.5753441734208934,0.5753407283167175,0.33101695366001094,1.5672616,2.7637,0.39052541289075676,0.30643346692343393,-0.3485809871235448,2.724041838611736,1.246084122680929,3.3943852846126497,4.013212836518827,0.5753407283167175,0.3310169536600109,0.016999648581780002,0.22582263795557722,0.22518187263035114,0.050706875761311686,0.71437021,1.288764,0.15431420914672647,-0.39951911513324234,0.2000725887080912,3.1634127404911796,1.2504873164557277,3.9558075086986744,4.629322302528576,0.22518187263035114,0.050706875761311686
163,257.2,-0.0012569659570200002,0.46875652842254556,0.4687548431486758,0.21973110297533965,1.2909196,2.5058,0.32582769631724107,-0.24249879465027155,-0.3078060423943718,2.753923458611209,1.2345644437422079,3.399895982788964,3.9619701289699463,0.4687548431486758,0.21973110297533968,0.0014145771469800013,0.5806767345255531,0.5806750115088085,0.3371834689907549,1.4934616,2.9109,0.39611652256537216,0.2580126780670336,-0.40239492708440094,2.5719329038044645,1.242726906250274,3.1962102206282057,3.770258282406107,0.5806750115088086,0.337183468990755,0.017312042581302003,0.22437373701511615,0.22370486593677769,0.05004386704379168,0.74928621,1.3736799999999998,0.1517204765865166,-0.4419252676469278,0.277439647428698,3.3394559451025243,1.2537805702789775,4.186944979272165,4.938596469361401,0.22370486593677766,0.05004386704379167
164,258.1,-0.001124600164040001,0.4762120920357435,0.47621076413236446,0.22677669187553048,1.2900804,2.533,0.32566193437259955,-0.2590659354511556,-0.31245114564811916,2.709045867535781,1.242712814916296,3.3665660157827495,3.961409866601051,0.47621076413236446,0.22677669187553048,0.001785967141859999,0.5839476349523113,0.5839449038117945,0.340991650687766,1.5962616,2.9516999999999998,0.3982624501151608,0.2808240932739454,-0.3592038368831285,2.7335697662862537,1.2429389208502015,3.3976602553765733,4.008064530157006,0.5839449038117945,0.340991650687766,0.0180628276794218,0.225674494125546,0.22495046466954588,0.05060271155504461,0.94800621,1.4924,0.15176196973384923,-0.5148085927952103,0.5806026032223888,4.20076807382854,1.2607952655275108,5.296308499062143,6.246665166922614,0.22495046466954588,0.05060271155504461
165,259.0,-0.000511320466039999,0.4624504346330952,0.46245015195555905,0.21386014304371967,1.2900804,2.533,0.3203888617138891,-0.18888867628808897,-0.37263968170245043,2.789661990529948,1.2345864443547772,3.444078877840038,4.026608144549221,0.4624501519555591,0.2138601430437197,0.0021635681344100008,0.5770602277917493,0.5770561718515739,0.3329938254719932,1.5588616,2.8123,0.39425184721021517,0.31366237027788035,-0.3134518463207865,2.701384578114722,1.2436308089164374,3.359525088075201,3.9539741183985235,0.5770561718515739,0.3329938254719932,0.01910075969196,0.22426955082503638,0.22345467640318822,0.04993199240645357,0.84220621,1.3856,0.15372515585043442,-0.3911326611987293,0.12672201620371304,3.7553301681022497,1.2427469038214864,4.666924939236493,5.47864925126124,0.22345467640318825,0.04993199240645358
166,259.9,0.0008867581129599986,0.4521502474764259,0.4521493779195569,0.20443905995304226,1.4040804,2.543,0.3047977684021907,-0.26458279133368073,-0.19475128894846838,3.1053403328573994,1.2533701663949213,3.892140929706339,4.606596719393528,0.4521493779195569,0.20443905995304226,0.003132023149440001,0.5785786320647978,0.5785701547029228,0.334743423912964,1.5679616,2.8674,0.3884910805338564,0.30763466357054564,-0.3127248859790739,2.7100233453218796,1.2521753146211216,3.393424335059009,4.0360298564521475,0.5785701547029228,0.3347434239129641,0.0193840366827,0.22623445510581822,0.22540250175832172,0.05080628779891022,0.78409621,1.36749,0.15276997819729884,-0.37734518844773934,0.2594454023056221,3.465856735364422,1.255205524398752,4.350362521004046,5.132528126615021,0.2254025017583217,0.050806287798910214
167,260.8,-0.0014305011610200014,0.44780141406184376,0.44779912918876386,0.2005240601022152,1.2592804,2.5012,0.3036944065465815,-0.23075461792786284,-0.1755744230100409,2.8121402935679134,1.2508194596252333,3.517479802390962,4.146538009440908,0.4477991291887638,0.20052406010221518,0.0001741521435000002,0.5802282487939544,0.5802282226585759,0.3366647903695299,1.6152616,2.9317,0.39125551979753515,0.32688584526616765,-0.2629793297337488,2.7838382625413978,1.253225004751749,3.488775719801544,4.128405909355239,0.5802282226585759,0.33666479036952984,0.02024399367732,0.22269699280329566,0.22177495648432385,0.049184131323623745,0.81170621,1.3681,0.15141043948094468,-0.36790755332534836,0.24696658103384417,3.644890753944602,1.2509389967631974,4.559535983050915,5.3609659464871635,0.22177495648432385,0.04918413132362374
168,261.7,-0.0004950376510400005,0.457360302835373,0.4573600349258647,0.20917820154738817,1.3390804,2.58,0.31570939249052427,-0.2663908600360555,-0.19777839388700924,2.92784570873,1.2391244118232456,3.627965091739275,4.24149686975243,0.4573600349258647,0.20917820154738817,0.0011219421239800015,0.5749655891324282,0.5749644944970695,0.3305841699322707,1.6793616,3.0138,0.39486420191055555,0.298758962790114,-0.28497458965300426,2.920803665022818,1.2431450170787957,3.6309825220386,4.253010508104779,0.5749644944970695,0.33058416993227074,0.0206718946828418,0.22322247080591712,0.22226323187365024,0.04940094424292001,0.79082621,1.3492199999999999,0.15115054855797794,-0.3707402563656473,0.13291844159662425,3.5427715101657093,1.2500024663625753,4.428473125466202,5.2320432677533875,0.2222632318736502,0.049400944242920006
169,262.6,0.00046141404299999955,0.47120851664491453,0.4712082907332824,0.2220372532557816,1.3320804,2.662,0.3229294678146565,-0.2647113012207278,-0.21246540667694047,2.8269446602634454,1.2423112352854329,3.511945112975439,4.1249886825581985,0.4712082907332824,0.2220372532557816,0.003198082137969999,0.5723706277048477,0.5723616931013816,0.3275979077298801,1.6190616,2.8795,0.39002897916101625,0.24664731744955676,-0.3372217967000326,2.8286944186711405,1.246710374126654,3.526562676991476,4.15113154792429,0.5723616931013816,0.3275979077298802,0.017036455659609998,0.2279879745779933,0.22735055691758016,0.051688275730733854,0.76660621,1.367,0.15085084491125217,-0.4271858217750124,0.34106824436740935,3.362485286423511,1.2690969760135673,4.267319908890191,5.081882109782057,0.22735055691758016,0.051688275730733854
170,263.5,0.0015802278119780003,0.46892560617428586,0.4689229435696058,0.2198887270059837,1.2649804,2.5289,0.3152427094129057,-0.25236547857818586,-0.27168383122993367,2.697614255532559,1.2508451431865772,3.3742976897237753,4.01271896931683,0.46892294356960573,0.21988872700598366,0.0015073181548299985,0.5702288183687584,0.5702268261755233,0.32515863329021055,1.5778616,2.8673,0.3869650481473279,0.34359654639103654,-0.2865494423405446,2.767067445861042,1.248484612593248,3.454641128165211,4.077530018678241,0.5702268261755233,0.3251586332902105,0.020933772987241802,0.22550985629690962,0.22453612723918495,0.05041647243557145,0.84570621,1.4221,0.1538452394135031,-0.4321839189531703,0.2903739348247747,3.750196217084768,1.2475902490887505,4.6787082326044755,5.497123038867148,0.22453612723918495,0.05041647243557146
171,264.4,-0.0014338131731399977,0.47068220156227053,0.47068001768429724,0.22153967904729038,1.3031804,2.5671,0.3164635897933586,-0.28572523394559857,-0.23974698119621385,2.7687054995377625,1.2517410451487532,3.4657023157005,4.117947346963164,0.47068001768429724,0.22153967904729036,-0.0018173029565999954,0.5826525254790211,0.5826496913729942,0.3394806628570453,1.5284616,2.7649,0.39323830791859565,0.29060639335035543,-0.3133152277815765,2.623281515416745,1.2510800540234612,3.281935180026328,3.8868583482878964,0.582649691372994,0.33948066285704526,0.01972128898929,0.22854360135634322,0.22769112517076293,0.051843248481528034,0.84570621,1.4031,0.1560047586244715,-0.3854424676287201,0.22524719855813746,3.7004151723389627,1.2481789559480816,4.618780346384487,5.421028290782787,0.22769112517076295,0.05184324848152804
172,265.3,0.0012373108339599997,0.4613048430652327,0.4613031837060515,0.2128006272973391,1.2961804,2.5241,0.31382085842549495,-0.24481420965217587,-0.1987218639224202,2.8098131192104314,1.2470665179148104,3.5040238625651043,4.130319464751989,0.46130318370605145,0.21280062729733903,0.0019937781413800005,0.5796506834337523,0.5796472545039258,0.335990939653939,1.4811616,2.7956000000000003,0.39565347951616175,0.2762111264793489,-0.31097076374844246,2.5552658563703403,1.2460278765984893,3.1839324891577556,3.7435828993878397,0.5796472545039258,0.335990939653939,0.0187383886783218,0.2249605500686188,0.22417877213713988,0.05025612187691569,0.81540621,1.3528,0.15247544412692138,-0.4238322306560211,0.14781467680333815,3.6246631231621724,1.2501443772657623,4.531352222903747,5.347787079218156,0.22417877213713988,0.05025612187691568
173,266.2,0.001011758830918002,0.4555553647559148,0.4555542412292554,0.20752966670196263,1.2961804,2.4791,0.30812165037099615,-0.24354209453225686,-0.1791309037347686,2.845275240462791,1.2508356888233445,3.558971815296282,4.206716400614252,0.4555542412292554,0.20752966670196266,0.002245663129300003,0.5715710839179122,0.5715666723735795,0.32668846096820675,1.4701616,2.7636000000000003,0.39306637735234723,0.35661462899005175,-0.29395417246899136,2.5721413160417006,1.243556279804444,3.1986024861081233,3.7402374883928005,0.5715666723735794,0.3266884609682067,0.0198073996968018,0.22208499255852573,0.22119993407994398,0.04892941083697157,0.89130621,1.4317,0.15070107747194447,-0.46027009822764786,0.2588696683330629,4.013356326925671,1.2493939058287904,5.014262936780352,5.91439839019022,0.22119993407994404,0.04892941083697158
174,267.1,-0.001357603164044001,0.4647670584540249,0.46476507564322855,0.21600657553765598,1.2509196,2.4941,0.31603883878933153,-0.24168984450924685,-0.23328406113138778,2.691497982152584,1.2459669008204408,3.3535173993871252,3.9581198462567793,0.4647650756432285,0.21600657553765593,-0.001365941847619998,0.5696268658055796,0.569625228066978,0.3244729004503567,1.4588616,2.7733,0.38530660791323335,0.27737095618968943,-0.30083653077582806,2.5610828554177196,1.2497981576994068,3.200836634416602,3.786235610909946,0.5696252280669779,0.32447290045035665,0.019724799663843804,0.22693017394577264,0.2260713076117353,0.05110823612527985,0.88180621,1.4912,0.15057895450851183,-0.4224821808744706,0.4274023651243133,3.885804142602548,1.2670573733538117,4.923536790293345,5.856105276319699,0.22607130761173533,0.05110823612527986
175,268.0,0.000639784125938001,0.47262014105435773,0.4726197080174642,0.22336938840651316,1.3310804,2.606,0.3189869786319415,-0.2827988499103551,-0.15624850114978273,2.8163852624446397,1.253609630294475,3.530647687620033,4.1728361631207775,0.4726197080174643,0.2233693884065132,0.0017964001540100047,0.5767479818356264,0.5767451842000544,0.3326350074979547,1.5183616,2.9378,0.3885028662469239,0.2862991254288051,-0.3526338784687275,2.632625770388451,1.2504757913791662,3.292034793631685,3.908237832755043,0.5767451842000544,0.33263500749795466,0.02120323966178,0.2240952986635474,0.22308994937233192,0.04976912551094962,0.75569621,1.36509,0.1516540930932123,-0.41068181872258713,0.2236698794991101,3.372209120435804,1.255134853367205,4.232577199901745,4.983025479803706,0.22308994937233192,0.04976912551094962
176,268.9,0.0008296568379800022,0.47935835203718236,0.4793576340659805,0.22978374133733445,1.3579196,2.705,0.3242604077166963,-0.2667111091946398,-0.22262924855295374,2.8327859402659796,1.2495089119775673,3.539591278087094,4.187744071383527,0.47935763406598053,0.22978374133733448,0.0005148441518800011,0.5782471540706412,0.5782469248740498,0.33436950612629507,1.6989616,2.9564000000000004,0.3931239709269764,0.3841653224019141,-0.3134719723633608,2.9381235826928904,1.2451601867376283,3.658434508884109,4.3216942380641195,0.5782469248740498,0.334369506126295,0.0177372016889,0.22880879128760986,0.22812026356013246,0.05203885464674429,0.83380621,1.3752,0.15410886460218085,-0.4638690386274357,0.3822081463978497,3.6441178912217396,1.2583418558340007,4.585546070117848,5.410501285259619,0.22812026356013246,0.05203885464674429
177,269.8,0.0011252798259999985,0.4705102344320801,0.4705088888115124,0.22137861445064416,1.3021804,2.5401,0.3166202716604577,-0.2617107016224184,-0.20371548231984438,2.7675920834575902,1.253519006720821,3.4692292794641664,4.112751193001479,0.4705088888115125,0.2213786144506442,-0.0019187478677299993,0.5750351935939934,0.575031992395468,0.3306617922783015,1.6406616,2.9920999999999998,0.3901829004291736,0.32919300397930445,-0.25323612573529175,2.8531498911323987,1.2490089093077086,3.5636096336146847,4.204852642684721,0.575031992395468,0.3306617922783015,0.0189131296724618,0.22835355793241796,0.22756898063309688,0.05178764094638682,0.83380621,1.4602,0.15248415312027583,-0.42885863477205505,0.2806697380583527,3.651382608396966,1.2638250765661467,4.614708904629592,5.46814992205986,0.22756898063309688,0.05178764094638682
178,270.7,-0.00039610608712000063,0.45805868264879274,0.4580585113824599,0.20981759984991513,1.5479196,2.7901,0.3023134638884602,-0.24790277474511446,-0.10095734749842133,3.3793041342408876,1.2667208778528358,4.280635099457334,5.120246978385029,0.4580585113824599,0.20981759984991513,-0.0017453300475999995,0.5742966936161548,0.5742940415166018,0.3298136461214724,1.5203616,2.8718,0.38821215887003774,0.34333637977967657,-0.22137292039721368,2.6473452083221827,1.2535671631461636,3.318625022665028,3.9163162854694957,0.5742940415166019,0.32981364612147246,0.0159312996667,0.23001950008251168,0.22946713078159667,0.05265516410913839,0.84810621,1.4745,0.15324760932011447,-0.4887629570223485,0.4648129715444922,3.6871057005852577,1.2662230046538754,4.668698058671497,5.534221471790895,0.22946713078159667,0.05265516410913839
179,271.6,0.000717432838935999,0.4547715927742921,0.45477102687461096,0.20681668688458812,1.2663804,2.4203,0.3094216433278075,-0.31016089662416135,-0.17697208575405332,2.784651504449879,1.2488261373108303,3.4775455820589345,4.092733741506153,0.454771026874611,0.20681668688458815,0.002140383137860001,0.5757306584664608,0.575726679821465,0.3314612098582476,1.5717616,2.8802000000000003,0.3913449259795185,0.33977894615175647,-0.31679189491451787,2.730029358149186,1.2470594870209588,3.4045090109256813,4.016307598893617,0.575726679821465,0.3314612098582476,0.01905063847436,0.22505176336136007,0.22424399516102286,0.05028536936577684,0.72251621,1.2579099999999999,0.1528755914633706,-0.339802022318723,0.15513246289018356,3.210444562657674,1.251125527885675,4.016669148202777,4.72617115056668,0.22424399516102286,0.05028536936577685
180,272.5,-0.0027270407300400055,0.463638623399268,0.46363060334324885,0.21495333635642494,1.4060804,2.652,0.3156850713492429,-0.3153330174542543,-0.1278549670864093,3.032707649960251,1.2499839820707113,3.790835984753624,4.454060478661188,0.46363060334324885,0.21495333635642494,-0.0009288788617000025,0.5789654104693398,0.5789646653328606,0.33520008370399135,1.4496616,2.7531,0.39550127326241885,0.3089547448402252,-0.35243691691604484,2.5038829156042812,1.2444889815801574,3.116054699636327,3.665377833153361,0.5789646653328606,0.33520008370399135,0.017289948700162,0.22351659363350193,0.22284686514167032,0.0496607253034698,0.74048621,1.39388,0.15265733424846772,-0.3491206441208122,0.10530991759917896,3.3128914411346493,1.2444494056549333,4.12272578491933,4.85064287048778,0.22284686514167035,0.04966072530346981
181,273.4,0.0009482935448999968,0.47938161756100534,0.47938067962190417,0.2298058359947587,1.3370804,2.569,0.32483258499062995,-0.25037677017538146,-0.16638318612782932,2.7891774549111603,1.251828245124958,3.491571118723535,4.116213895347258,0.4793806796219041,0.22980583599475865,-0.00021148165974999933,0.5752845403232686,0.57528450145164,0.330952257610462,1.6013616,2.8487999999999998,0.39136798683635843,0.32064656124697954,-0.34105214118257576,2.783599223959938,1.2456894836447454,3.4675002799685686,4.091703087277735,0.57528450145164,0.330952257610462,0.0168261824028,0.22407669194698063,0.22344404995356162,0.049927243459649745,0.75164621,1.30904,0.15382797941975582,-0.35748419373359924,0.14389555437282198,3.3544149704684543,1.2456989914155066,4.17859134550163,4.886277599401839,0.22344404995356165,0.04992724345964976
182,274.3,0.0035130007349999997,0.47350705524373266,0.4734940233956783,0.22419659019142715,1.3489196,2.686,0.32175988091753244,-0.26762025307633497,-0.15962296089060812,2.8487845852806952,1.2500656212499726,3.5611676724062575,4.192317563499255,0.47349402339567825,0.22419659019142713,0.0021658571570600032,0.5728675573149165,0.5728634630404825,0.3281725472867343,1.5944616,3.0879000000000003,0.38487077742555953,0.3684725944115304,-0.2436228094901005,2.783298826474639,1.254360130419295,3.4912590789725995,4.142849219848591,0.5728634630404825,0.32817254728673434,0.019324209680079998,0.22779340347744317,0.226972266120946,0.05151640958807753,0.84780621,1.4052,0.15373175175651488,-0.4378930427560625,0.30455052409510097,3.7218207246460167,1.2560819101814484,4.674911685166271,5.51484127587892,0.226972266120946,0.05151640958807753
183,275.2,0.0009387837139779985,0.4770727553859452,0.4770718317158081,0.22759753261667628,1.4369196,2.849,0.3224760670203553,-0.26406589169268685,-0.12491257454319982,3.0119506590510543,1.2519701121760016,3.7708722044807303,4.45589532667334,0.4770718317158081,0.22759753261667628,0.0008088420434600007,0.5759804214005558,0.5759798534769341,0.33175279161131055,1.4969616,2.6974,0.39108389782114206,0.3845011112487941,-0.29583606122802575,2.59898000761898,1.249147204759954,3.246508611744253,3.8277249673025886,0.5759798534769343,0.33175279161131066,0.021285716227301802,0.22655545592337858,0.2255533038847818,0.05087429289334072,0.76106621,1.35946,0.15384612655666224,-0.3815633167745032,0.320595055192205,3.3592932330766456,1.255312122398013,4.216961518170727,4.946931242495051,0.2255533038847818,0.05087429289334072
184,276.1,0.001394907432999999,0.4637178482502162,0.46371575023829403,0.2150322970190639,1.3160804,2.609,0.3161468283261263,-0.2761996079027858,-0.14421114462507267,2.8381059839858906,1.2474663305425426,3.5404416575337114,4.1628771256954575,0.463715750238294,0.21503229701906384,0.002979785055299999,0.5736807712207029,0.5736730324404353,0.32910074814940476,1.6078616,2.8513,0.3863860550823947,0.38967121595927073,-0.25877563325401587,2.8027113347005197,1.252221035015326,3.5096140883878704,4.161282683085269,0.5736730324404353,0.3291007481494048,0.021294155689839996,0.22425219495076176,0.2232388986572262,0.04983560587369132,0.77265621,1.37205,0.15161362933025108,-0.4021944841084588,0.30023815917602725,3.4454789179193956,1.2534115097865786,4.318602932447177,5.096218680425942,0.2232388986572262,0.04983560587369132
185,277.0,0.0028139033258399995,0.4637683678585168,0.4637598311348508,0.21507318097422531,1.3690804,2.625,0.3128519419285718,-0.2471546840885224,-0.11075315073680247,2.952078008946202,1.2542359101825713,3.7026022484805927,4.376128821704994,0.46375983113485075,0.2150731809742253,0.0021255921252000005,0.571378478275909,0.5713745245414874,0.32646884729501074,1.6078616,2.8993,0.39040038353502227,0.40873406496250425,-0.21621804426378732,2.8140044841233776,1.2489620683601874,3.514584860865576,4.118493904747306,0.5713745245414873,0.3264688472950107,0.0186922796635,0.22220596318138625,0.22141835685947336,0.04902608875434909,0.82180621,1.3982,0.14943235576698863,-0.43700705865842293,0.3976829792816483,3.698398540858066,1.2610409469319106,4.663831998095251,5.499519871596287,0.22141835685947334,0.04902608875434908
186,277.9,0.0013785562439800002,0.47081764127208947,0.47081562305821595,0.2216673509156961,1.5050804,2.775,0.3201001581456036,-0.302050744591587,-0.14107809532484872,3.1967374797882764,1.249516111400448,3.9943749849131156,4.701904581113595,0.47081562305821595,0.22166735091569606,-0.0006709848706000007,0.5730950065595338,0.5730946137617902,0.3284374363227755,1.5857616,2.8922,0.39268972363212534,0.34338093851240375,-0.2903252829162257,2.767013465218998,1.2436709375519424,3.4412542305077602,4.038204986198094,0.5730946137617903,0.3284374363227756,0.019129559690960002,0.22563186913077854,0.2248194838386539,0.05054380031347877,0.78117621,1.3595700000000002,0.15436790524511265,-0.34773144749038726,0.08381443831845337,3.4621714255587817,1.2464880006720696,4.315555138228735,5.060483322356493,0.2248194838386539,0.05054380031347877
187,278.8,0.0014468308469599994,0.48546397647566264,0.4854618204720769,0.23567317913606303,1.5050804,2.854,0.33020088705402284,-0.3232578453539721,-0.13687016359171,3.1002926538988067,1.2488470401926977,3.871791304552688,4.558074974988664,0.48546182047207687,0.235673179136063,0.0031835541292999977,0.5747681623071136,0.5747593456264998,0.3303483053850022,1.5857616,2.8302,0.39067875499781746,0.34552650562891013,-0.29378403590807256,2.7589586619320894,1.2491847592170575,3.4464491117954528,4.058991126888533,0.5747593456264998,0.33034830538500226,0.0198540596549,0.22642777784250814,0.2255556580844646,0.0508753548939159,0.74640621,1.3248,0.15627114540512754,-0.3322838629752748,0.197050403582256,3.296442764717511,1.246884805387471,4.11028439515573,4.77635335726866,0.2255556580844646,0.0508753548939159
188,279.7,-0.00038483355699999946,0.4841522904311003,0.4841521374865693,0.23440329223281392,1.4550804,2.8040000000000003,0.3335176932581295,-0.24690145696794386,-0.2215190912887106,3.0054188088305085,1.2391670074834111,3.7242158315728595,4.362828207959046,0.48415213748656927,0.2344032922328139,0.0010418642372799969,0.5706236584059647,0.5706227072694515,0.3256102740515182,1.5728616,2.7453000000000003,0.38887969545347983,0.419426886967739,-0.2824826323947085,2.7563904454886843,1.2462985556855664,3.435285431118042,4.04459687247455,0.5706227072694516,0.3256102740515183,0.011829119675802002,0.22974491792121507,0.2294401866245785,0.0526427992383214,0.81450621,1.3749,0.15397051088170885,-0.518301707769702,0.4150007217909111,3.545263230933854,1.2623641087440798,4.475413058780972,5.290014336743754,0.2294401866245785,0.05264279923832141
189,280.6,-0.002559382158059998,0.4778021447886389,0.4777952899805443,0.22828833912759244,1.3799196,2.726,0.3261527250222231,-0.23509112577862934,-0.22848507355067227,2.8880565209903417,1.2460238256732132,3.598587235044856,4.230900109468582,0.4777952899805444,0.22828833912759247,-0.004221939054000002,0.5690363455603493,0.5690206831032607,0.32378453779930144,1.5207616,2.8592,0.3865445647111887,0.3946933412629341,-0.23896435757452306,2.6725210293948,1.2488099043655898,3.3374707311335476,3.934246497907052,0.5690206831032607,0.3237845377993015,0.012157812692700002,0.23102238253971857,0.23070225145164336,0.053223528824857286,0.78735621,1.38375,0.15389426559439295,-0.39297394921653395,0.16915137674846692,3.40813821303498,1.2597449550715485,4.293384920057378,5.116215389566061,0.23070225145164333,0.05322352882485727
190,281.5,-0.004514385790059998,0.46197572388624963,0.4619536662709398,0.21340118978116285,1.3980804,2.6790000000000003,0.308333082748083,-0.24839471565215693,-0.08866553621807283,3.0263070713738274,1.259963408416131,3.813036172562007,4.534318495891898,0.4619536662709398,0.21340118978116285,-0.0067543608435399975,0.5667866290561707,0.5667463819791465,0.3212014614864527,1.5949616,3.0254000000000003,0.3763826187147327,0.3947238911483885,-0.17909809979287594,2.8140423895602047,1.257925616140017,3.5398560067316462,4.237606947543055,0.5667463819791465,0.3212014614864527,0.008027669696810001,0.23248552440413722,0.2323468863073177,0.053985075576705614,1.0620062,1.62239999,0.15409108547464295,-0.5190907110281843,0.6917193667050077,4.568053011996909,1.2725385605791668,5.813023604535874,6.892067745053054,0.23234688630731767,0.05398507557670561
191,282.4,0.0004936558319599977,0.4713278937061359,0.4713276351853158,0.22214973968938215,1.5230804,2.778,0.3206795557674438,-0.2607005581409107,-0.07283381501174535,3.231466714231032,1.2505023515187126,4.040956725000353,4.749540070788096,0.47132763518531584,0.22214973968938218,0.0010287181618800015,0.5508692487668243,0.5508682882285645,0.30345587097586885,1.5736616,2.7421,0.3719659433650671,0.479622718875845,-0.20499328004789552,2.8566880498826146,1.2514606518135227,3.5750326889339976,4.230660435639736,0.5508682882285646,0.3034558709758689,0.0167133316728318,0.2172119068491275,0.21656795012519273,0.04690167702142796,0.91360621,1.475,0.14958989088768895,-0.44653292608762096,0.48258006498402883,4.206059526168511,1.2464234388462303,5.2425311785989015,6.107406085922806,0.21656795012519273,0.04690167702142796
192,283.3,4.955851899998365e-06,0.48799026477685253,0.4879902647516876,0.23813449849242216,1.4680804,2.7430000000000003,0.3357310289528988,-0.26771971856210336,-0.08615107727014593,3.0084214910953637,1.2438842999395598,3.742128260374283,4.372787360699876,0.4879902647516876,0.2381344984924222,0.00023689014276000143,0.5317418718785613,0.5317418191114711,0.2827493621919765,1.4291616,2.5816,0.3651943895655029,0.5074541539042813,-0.1879691262079537,2.6876980647602466,1.2432256094821983,3.3414150646656826,3.9134270427877405,0.5317418191114711,0.2827493621919765,0.020953499669960005,0.21594086341330201,0.21492186334401472,0.046191407343263345,0.65855621,1.21895,0.1477631138879072,-0.31767766384668505,0.0008738015661515774,3.0497062926878744,1.2437959394459202,3.793212303347849,4.456837655029248,0.21492186334401472,0.04619140734326334
193,284.2,0.00014054887897999978,0.4896373541250519,0.4896373339529923,0.23974471880059411,1.4450804,2.7889999999999997,0.33146592681770093,-0.21294312631942813,-0.0471120667450049,2.9513279324496366,1.2514911658363839,3.6935608349468803,4.359665000483633,0.48963733395299225,0.23974471880059406,0.0008774911634800024,0.531195779395908,0.5311950546242729,0.2821681860572842,1.4983616,2.7718,0.35959833851861667,0.4795380784627062,-0.24994676403411287,2.8207332552679207,1.2479393417829827,3.520104001924419,4.166764524476324,0.5311950546242729,0.2821681860572842,0.020087492662950002,0.21647553273408493,0.21554152479515823,0.04645814891102181,0.71751321,1.239907,0.14743954696719877,-0.4558758087235805,0.24023591287932078,3.3145233594661327,1.2511176029206243,4.146858520319683,4.866490875474725,0.21554152479515823,0.046458148911021804
194,285.1,-0.00024177976904000344,0.48961686586067027,0.48961680616352304,0.2397246168777689,1.5390804,2.948,0.32993657329105996,-0.20881619181833833,-0.08886861181820338,3.143438282695871,1.2544586201103203,3.9433132505126176,4.664776580080046,0.489616806163523,0.23972461687776886,0.002347995156980003,0.5396053665720024,0.5396002581096936,0.29116843855204794,1.5976616,2.7920999999999996,0.36709312515693515,0.5220993976135486,-0.17919392816708024,2.960796350395109,1.246675800325642,3.6911531597300624,4.352197005370196,0.5396002581096936,0.29116843855204794,0.015784722684344,0.2216377573960001,0.2210749602132873,0.048874138033306556,0.72572621,1.2881200000000002,0.1519182294466773,-0.34486729403150357,0.1300155307384867,3.274379864362845,1.2449854792847659,4.076555384794164,4.777084439723063,0.2210749602132873,0.048874138033306556
195,286.0,-0.0015595984610600046,0.48661155309946497,0.4866090538229983,0.23678837126251367,1.5390804,2.903,0.32867558056444524,-0.25586551255214224,-0.008065803392885762,3.162852156297668,1.2549463265084475,3.969209694835081,4.682673405054575,0.4866090538229983,0.23678837126251367,-0.0007193818434399973,0.5382646096022465,0.5382641288810004,0.2897282724400222,1.5569616,2.7224,0.36237451299428064,0.4885304453781406,-0.13162153637673368,2.892557995129059,1.254636584639405,3.6291090838801274,4.296553825308828,0.5382641288810004,0.2897282724400222,0.017890291671181998,0.21801049198317515,0.21727519894977917,0.047208512078666116,0.73217621,1.29857,0.14850663592804847,-0.3263728397888965,0.08733644781786909,3.3584448314373114,1.2472705930595926,4.188889476664738,4.930259213162297,0.21727519894977915,0.04720851207866611
196,286.9,-0.0005052021680399985,0.47813392411284034,0.4781336572113626,0.22861179415831276,1.3910804,2.75,0.3221455061125254,-0.21699117293505008,-0.028879142099345945,2.9093948993079666,1.2560372240750974,3.654308293065026,4.318174159207721,0.4781336572113626,0.22861179415831276,0.0006300174499599982,0.5304298284539326,0.5304294543025313,0.28135540599168113,1.5527616,2.6702,0.3606907255645636,0.5156971880649455,-0.2107234997117038,2.9273647836244487,1.24693402848208,3.650230762481406,4.304966803816684,0.5304294543025313,0.28135540599168113,0.018272706663880003,0.2142237994364343,0.21344307071478663,0.04555794443615741,0.85290621,1.3633,0.14561715038097306,-0.5412996467897689,0.5734872447271164,3.981379343675954,1.256248115953153,5.001600299387718,5.857182397599262,0.2134430707147867,0.045557944436157426
197,287.8,0.0018547941440000006,0.48175036292671236,0.4817467923283999,0.23207997191870247,1.4430804,2.724,0.3258554834528419,-0.24917010440907283,-0.0007434060674529341,2.9954941626469154,1.2565099025289372,3.7638680783334766,4.428590198049695,0.48174679232839995,0.2320799719187025,0.0012955221381800027,0.528852192039449,0.5288506052254451,0.2796829626473196,1.4545616,2.538,0.3651906692520263,0.5189627815332927,-0.22113453667000327,2.7504123494140664,1.2403841288241129,3.4115678259350486,3.9830196181605455,0.5288506052254452,0.27968296264731973,0.01764065967532,0.21989516568612116,0.2191864298225285,0.04804269101834622,0.79966621,1.33606,0.14934533917693976,-0.4704864043628378,0.3377501338142217,3.6365793104403457,1.252631230966527,4.555292818144294,5.354477176235009,0.2191864298225285,0.04804269101834622
198,288.7,0.0005682137319999998,0.4913171510326251,0.4913168224597751,0.24139222003197014,1.5200804,2.859,0.3291505268032213,-0.3111097254798751,0.035283908640339146,3.0938883301858553,1.260722283979358,3.9005339620089936,4.618192213645648,0.4913168224597751,0.24139222003197014,-0.0008581948629199986,0.5299065758087786,0.5299058808759931,0.28080024258696223,1.5074616,2.6949,0.3632866076426119,0.4674991938651796,-0.2074556609019469,2.8447686230336204,1.2433542765453662,3.537055233230925,4.149510519482144,0.5299058808759931,0.28080024258696223,0.01797237969395,0.22102959888120058,0.22029770119027775,0.04853107714972091,0.69322621,1.2206199999999998,0.14918498942579334,-0.41027030191583447,0.14877045666039912,3.1363501246391734,1.2526422978783665,3.9287248270791153,4.646755767240378,0.22029770119027775,0.04853107714972091
199,289.6,-0.0026309460550400002,0.5013050805005784,0.5012981765960722,0.25129986185854686,1.4789196,2.883,0.33629266154733667,-0.25175328950069437,-0.050620443492195744,2.950138862592863,1.2592200451215976,3.7148739916691635,4.39771594537702,0.5012981765960723,0.2512998618585469,-0.0014021695463600006,0.5364182355168498,0.5364164029143533,0.2877425573155738,1.5074616,2.7049000000000003,0.363214778219557,0.48248908997845935,-0.2206317115529437,2.8102355591016224,1.2490033264551672,3.509993561440523,4.1503311274652095,0.5364164029143532,0.28774255731557374,0.0139235896834054,0.21934175840270786,0.21889938471708875,0.04791694062952003,0.67955621,1.19795,0.14796655789749677,-0.3724528500493292,-0.023543531063817902,3.0981615855944127,1.2509819703314233,3.875744284752025,4.592633765737524,0.21889938471708875,0.047916940629520025
200,290.5,0.0004452000429599945,0.503773317320929,0.5037731206023751,0.25378735704145516,1.4950804,2.8499999999999996,0.33869900736017905,-0.2292658507826221,-0.07539302477346865,2.9677641681200004,1.2557483381014742,3.7267649219937953,4.4141859512747335,0.5037731206023751,0.25378735704145516,0.00450492412796,0.5328791955287331,0.5328601530288704,0.28393994268595113,1.5187616,2.7531999999999996,0.3663074647056812,0.5327073963725841,-0.1707785043673069,2.85010488820652,1.2445140885278323,3.546995687155056,4.146138821441399,0.5328601530288704,0.28393994268595113,0.016805630963345402,0.21530714382568503,0.2146502665973142,0.04607473695029806,0.72485621,1.32625,0.14781447775420586,-0.3366752124092546,0.09249544955513311,3.366614767723877,1.244492774388872,4.189727752583236,4.903824178882743,0.2146502665973142,0.04607473695029807
201,291.4,0.0013296157079799972,0.48892930367353643,0.4889274957626727,0.23905009611275832,1.5490804,2.825,0.3284569656908529,-0.2187237110101619,-0.05117986378843398,3.1683116318884794,1.257168647194621,3.9831020481522215,4.716235494478782,0.48892749576267264,0.2390500961127583,-0.0016130508541099995,0.52947358302075,0.5294711259207372,0.2803396731837731,1.4053616,2.5978,0.3684443436197611,0.48596937433880427,-0.3000163729890324,2.6542619784392985,1.2322263938312323,3.2706516659756093,3.8143117796112778,0.5294711259207371,0.28033967318377306,0.01897634096634,0.21543512950279875,0.2145977481415331,0.04605219350741687,0.70703491,1.2474287,0.14800394823069324,-0.2828918691322398,0.010980917050529282,3.2818923804662727,1.2431185080611784,4.079781159622582,4.777135464642789,0.2145977481415331,0.04605219350741687
202,292.3,-0.0017423902710199998,0.483025116727512,0.4830219741023901,0.23331022746577004,1.5490804,2.923,0.32201592148096103,-0.27015402587019977,0.05844032136785282,3.2070390262415267,1.2646269068335163,4.055707843850194,4.810570834124388,0.4830219741023902,0.23331022746577007,-0.0034523818173900003,0.52629538052487,0.5262840569707623,0.2769749086216046,1.4741616,2.5986000000000002,0.3513929530993833,0.5394257321670589,-0.12819776269254834,2.801015654991748,1.2571892700590626,3.5214068267230827,4.195193975853773,0.5262840569707623,0.2769749086216046,0.014328279689421998,0.21962928332797585,0.21916140740628123,0.048031722496301985,0.69113621,1.2525300000000001,0.15188501050796885,-0.3537164185013772,0.0400356215733324,3.146830875771313,1.2395562169320662,3.9006737756961094,4.550391165583378,0.21916140740628123,0.048031722496301985
203,293.2,-0.0015993651770199989,0.4909629219834625,0.49096031692344544,0.24104203279356998,1.4680804,2.882,0.3263398020217646,-0.2689320687554262,0.010296569677767042,2.990206254413344,1.2643576874225306,3.7806902647464424,4.49862502491219,0.49096031692344544,0.24104203279356998,-0.0006743599462599961,0.5276632272197734,0.5276627962995393,0.2784280265986491,1.4948616,2.5323,0.3585236805419536,0.551483503471206,-0.1387411020265299,2.8329842272245083,1.2488860242916826,3.5380744084194604,4.169491950267632,0.5276627962995393,0.2784280265986491,0.01287565966296,0.21996650043368518,0.21958934104661376,0.04821947870128605,0.67592621,1.26132,0.14860721142086541,-0.3825131714514952,0.15845792760714472,3.072859770316599,1.2566828000493622,3.8616100203205037,4.548407870232706,0.21958934104661376,0.04821947870128605
204,294.1,-0.0006466594699999968,0.4993888328459154,0.49938841416550256,0.2493887882027355,1.5060804,2.834,0.33215352859864555,-0.2537456306271819,0.02341664916905195,3.015847173468326,1.2641802777741398,3.812574517479542,4.534289930184236,0.4993884141655025,0.24938878820273547,-0.00048043695989999867,0.5354697217934357,0.5354695062633044,0.28672759213786697,1.6130616,2.7145,0.36820555394329896,0.49153205667496186,-0.2556988077543969,3.012423549547138,1.2406626553373987,3.737401399982064,4.380872539061158,0.5354695062633045,0.286727592137867,0.019201009679382,0.21740250957460697,0.21655293208966103,0.046895172396629346,0.67331621,1.25171,0.14641638475937824,-0.3027045305236932,0.15830457135520337,3.0970949292051992,1.2553867680098052,3.888051993394471,4.598639770450095,0.21655293208966106,0.04689517239662936
205,295.0,-0.00024361496006000306,0.5027343626949202,0.502734303669462,0.25274178008601883,1.5170804,2.952,0.3357246745524521,-0.23495494907908707,0.06993340118710467,3.017658056767101,1.2640061090936079,3.8143382189091617,4.518823056489339,0.502734303669462,0.2527417800860189,0.00034713815757999943,0.5266823956539382,0.5266822812539558,0.277394225386871,1.5745616,2.706,0.3624711486059233,0.5008791103042752,-0.26070472313938975,2.9895846396099808,1.2385682587472844,3.7028046414593616,4.343963943215395,0.5266822812539558,0.277394225386871,0.01970540967728,0.2164775850604881,0.21557885254141096,0.04647424166307141,0.75575621,1.30915,0.1463803792260479,-0.3951473997216258,0.2695787382180659,3.4911522585067036,1.252222409643772,4.371699093580561,5.162961142715196,0.21557885254141096,0.04647424166307141
206,295.9,0.0019928567470000017,0.49741189927626683,0.49740790711810057,0.24741462606360895,1.5330804,2.934,0.3332246848283118,-0.2296188096905226,0.035494188150809514,3.0821144452527744,1.2619533589434664,3.889484676834917,4.600740790826745,0.49740790711810057,0.24741462606360898,0.0024287341536699987,0.5256372882475949,0.5256316771720441,0.276288660046696,1.4543616,2.4918,0.35737515691119387,0.5897301557085369,-0.11265210559270988,2.766853936197428,1.2490880658641512,3.456044231693459,4.069565474472537,0.5256316771720441,0.276288660046696,0.019146517667879996,0.21610021595352646,0.21525035237219553,0.04633271419635434,0.69902821,1.2604220000000002,0.14769150727808542,-0.3501179606211871,0.18263139848444299,3.234740913680206,1.2491914954353727,4.04081083930616,4.733029155723989,0.2152503523721955,0.04633271419635433
207,296.8,-0.0014877439570000002,0.4956546702011011,0.4956524374096033,0.24567133871008073,1.5880804,2.911,0.3309329711967529,-0.24828699367941523,0.05960368254443971,3.2040057230887604,1.2630662133412294,4.046871376185348,4.798797757313285,0.4956524374096033,0.24567133871008073,0.0018823551387000012,0.5365152085926834,0.5365119064758791,0.2878450257903824,1.5773616,2.6628,0.36479280751277493,0.5522463995249667,-0.13173465605226697,2.940012836052735,1.2484361246817814,3.6704182315563707,4.323993147657554,0.5365119064758791,0.28784502579038246,0.0190996996683038,0.21862698847199183,0.21779109614700284,0.04743296156091304,0.66056621,1.23096,0.14811087134367784,-0.2725307994978879,0.004205897006891668,3.0214303120432215,1.2489171799238319,3.7735162246534038,4.459944121638554,0.21779109614700284,0.047432961560913034
208,297.7,-0.0002462779700420026,0.4902237363957543,0.4902236745333455,0.24031925107297541,1.5880804,2.871,0.3250606880156452,-0.25699379582351084,0.12416159744167388,3.2395012360600046,1.2706144995451185,4.116157241832176,4.885488951907853,0.4902236745333455,0.24031925107297541,0.0024162141553999987,0.535398860671461,0.5353934085487547,0.28664610191745377,1.5625616,2.6719999999999997,0.3653258778117423,0.5404512551628464,-0.22215651579030782,2.9185000469376066,1.245428456378148,3.634783008397055,4.277171957704049,0.5353934085487547,0.2866461019174538,0.02040485965438,0.21253981406882635,0.21155806358278179,0.044756814266896344,0.79021621,1.34761,0.14388657484287337,-0.3593550300260599,0.1281688971680568,3.717967917973739,1.2509976999419918,4.651169313843264,5.491938430412495,0.21155806358278179,0.044756814266896344
209,298.6,0.0013602048379999978,0.49304995426201964,0.49304807802138156,0.24309640724057835,1.4620804,2.776,0.3304409369335039,-0.22813569358034838,0.05506278656930741,2.965379851192547,1.2625580493851754,3.7439642006077642,4.42463459148895,0.4930480780213815,0.2430964072405783,0.004959436144599998,0.5272121938436798,0.5271888668500061,0.2779281013305934,1.6075616,2.6029999999999998,0.36048894480845695,0.569319508341662,-0.17929066560407847,3.049173783861015,1.2462730557188908,3.8001031290303993,4.459392231443229,0.5271888668500062,0.27792810133059354,0.02114125165842,0.21289261073185556,0.21184029640873508,0.044876311182540735,0.70512421,1.2775180000000002,0.1476784338939672,-0.3328775933409378,0.1016432870162216,3.3121121845235133,1.239123971858831,4.104117605328805,4.774727029582922,0.21184029640873508,0.044876311182540735
210,299.5,-0.0005744411610400002,0.49996058031254775,0.4999602503037737,0.24996025188381205,1.5500804,3.0519999999999996,0.3344073105185313,-0.2744173425359277,0.008347472156751135,3.1004052340105996,1.2603138252267587,3.907483580228963,4.635306559526012,0.4999602503037737,0.24996025188381205,0.0005085041528200023,0.5310959237401627,0.5310956803034113,0.2820626216369432,1.4303616,2.5068,0.35812375898366167,0.48362301111066225,-0.22376506901504856,2.6932264701391317,1.2512483312119267,3.3698951263373766,3.9940427411442867,0.5310956803034114,0.2820626216369433,0.019390489676622002,0.21965760639704188,0.2188000753157516,0.04787347295817858,0.67140621,1.2768000000000002,0.15077280544979127,-0.2393264926305462,-0.10738090583119586,3.0566035067613386,1.2402457642570115,3.7909395522738776,4.453098872817515,0.2188000753157516,0.04787347295817858
211,300.4,-0.0029801821570200004,0.507383378056427,0.5073746257374939,0.25742901084226205,1.4790804,2.894,0.34249705736973296,-0.274905201756896,-0.06288889038797052,2.9151140221931136,1.2557558307075176,3.6606714305462464,4.318520022796286,0.5073746257374939,0.257429010842262,-0.0021433088514199996,0.5342859346933694,0.5342816356925761,0.28545686623833466,1.4956616,2.5831,0.3671400927300803,0.5037642646203666,-0.25275577122046444,2.7993654762002507,1.2412613157337113,3.4747440742078504,4.073817133068067,0.5342816356925761,0.28545686623833466,0.01813499067046,0.21618414706962724,0.21542216124996183,0.04640670755760455,0.71373521,1.319129,0.1479427869375015,-0.3477368391680964,0.04051106278168248,3.3015150263082176,1.246585272588525,4.115620009025541,4.824400193985245,0.21542216124996183,0.04640670755760456
212,301.3,0.0009295400209599985,0.5049310159510522,0.5049301603436965,0.2549544668247111,1.4560804,2.819,0.33808976877130587,-0.2534921667643347,0.014411389446349787,2.8837214470919963,1.2603115209139326,3.63438736287664,4.306786346394696,0.5049301603436965,0.2549544668247111,0.004714045131380002,0.530816282514985,0.530795349981071,0.28174370356152767,1.5993616,2.7728,0.3653387602246996,0.57556486217953,-0.19479925884583293,3.013022871910207,1.2420570833239162,3.742346400273041,4.377749568691593,0.5307953499810711,0.2817437035615278,0.01835087967987,0.2152224643132156,0.21443869604161533,0.04598395436002829,0.78109621,1.36749,0.1477432616481337,-0.3474818841241448,0.2610708019253791,3.6292503781727086,1.2463149187454339,4.523188890179155,5.286848288622893,0.21443869604161533,0.04598395436002829
213,302.2,0.0013847408188899988,0.5003720208255793,0.5003701047404195,0.2503702417179384,1.5030804,2.817,0.3352376147677486,-0.25457100262406146,-0.013424153446224274,3.003925754121945,1.2587685276271992,3.781247198617505,4.4836269373928355,0.5003701047404195,0.2503702417179384,0.0019516834618600015,0.5316221982557559,0.5316186157481195,0.2826183526099468,1.6113616,2.7248,0.35561857378005723,0.559215343882174,-0.10879758325209243,3.0310276833564367,1.2579382007337674,3.8128455103756353,4.531151404359981,0.5316186157481196,0.28261835260994683,0.01710756968435,0.21790044126379543,0.2172278374482697,0.04718793336245188,0.78109621,1.36249,0.14700250670035292,-0.3424219044779809,0.19090645276154472,3.5846472153509152,1.2533891948043008,4.492958086906163,5.3134890522116835,0.21722783744826968,0.047187933362451875
214,303.1,-0.0019693114740700016,0.4969645987213643,0.49696069683085065,0.24696993419460467,1.5440804,2.99,0.32759227018297227,-0.18756230566019869,0.08756293321591047,3.1070229227046564,1.270175931719331,3.9464657357197055,4.7134213488540935,0.49696069683085065,0.24696993419460467,-0.0005501423489000001,0.5273797116928373,0.5273794247490284,0.2781290576486161,1.6113616,2.6898,0.35899129299104343,0.5592984810758097,-0.16776162714741982,3.055410673322428,1.2463625276494195,3.8081493698091564,4.488581287235293,0.5273794247490284,0.2781290576486162,0.018305421673842,0.21863720305816428,0.217869543760572,0.04746713809843979,1.1389062,1.6502999900000002,0.14357946034384617,-0.5262879198425686,0.9366052667922657,5.209114387074443,1.2752853921500278,6.643107483874584,7.932236249339084,0.217869543760572,0.04746713809843979
215,304.0,-0.0024684866610600008,0.5066917380677656,0.5066857250798933,0.2567304239997372,1.4430804,2.824,0.3374156181079297,-0.3077656957457464,0.0008701602477776404,2.8480440701541507,1.263310790560647,3.597964805818003,4.276863080885602,0.5066857250798933,0.2567304239997372,5.401314234000143e-05,0.5284808773463167,0.5284808745861226,0.27929203480331305,1.4243616,2.7728,0.36137180521865075,0.5617100793771386,-0.17719672180146606,2.6951998852866863,1.2454272222818497,3.3566753066269572,3.9415404838741614,0.5284808745861226,0.27929203480331305,0.012519729673692699,0.22107565106091695,0.22072086412685588,0.04871769986090597,0.86710621,1.4335,0.14968296064803602,-0.36687791674248743,0.29078589505084773,3.9222148881564105,1.254093072456469,4.918822519922578,5.792952025039847,0.22072086412685588,0.04871769986090597
216,304.9,-0.0006194405439000019,0.5054318587198956,0.5054314791368469,0.255460980102461,1.4820804,2.857,0.34177463090300175,-0.24357056699230428,0.020474484106509205,2.932305066312315,1.257520944822103,3.687435037495702,4.336426012908564,0.5054314791368469,0.255460980102461,0.00151014915332,0.534111262963,0.5341091280566788,0.2852725606734656,1.5505616,2.7110000000000003,0.3597254083695349,0.4927066240624363,-0.21001443890838756,2.9030685318227665,1.2520618257676603,3.634821286282654,4.310403335221613,0.5341091280566788,0.2852725606734656,0.01668446366878,0.2169761997279066,0.21633376971811308,0.046800299920449574,0.74720621,1.2666,0.1470498137479734,-0.38718037843764114,0.24540428355633548,3.4437242929732137,1.2514092849870455,4.309508555162129,5.081313542366168,0.21633376971811305,0.04680029992044957
217,305.8,-0.00016539196897999743,0.5111896215986491,0.5111895948429179,0.2613148018756666,1.6200804,3.076,0.3398741008196946,-0.20220521002183584,-0.011338265888332533,3.1692357034430865,1.263429259896664,4.004105119239183,4.766707425169366,0.5111895948429179,0.26131480187566664,-0.001452663849929997,0.5284604457926847,0.528458449204043,0.27926833253514205,1.5800616,2.6875,0.3619587324064297,0.5359052121261845,-0.23446481096612493,2.9899335183542934,1.242190308680935,3.7140664400999936,4.365308690013339,0.528458449204043,0.27926833253514205,0.01823565969242,0.21966232875932984,0.2189040871970054,0.04791899939155415,0.74218621,1.29358,0.15129283934376853,-0.4340628691517051,0.2779397014732692,3.3787596361739687,1.2440389213818102,4.203308493394261,4.905626817628823,0.21890408719700544,0.047918999391554154
218,306.7,0.0008234002288799958,0.509889735579882,0.5098890707416517,0.2599868644617851,1.5360804,2.989,0.3391278956067502,-0.16196289694856594,-0.017463833975512877,3.0125736856676717,1.262738819787406,3.8040937403625925,4.529501759953199,0.5098890707416517,0.2599868644617851,0.0015152695425800005,0.524250375355627,0.5242481855178225,0.2748361600187292,1.5373616,2.6958,0.3608420711236203,0.5554540111997146,-0.15130412904061963,2.9324949914573275,1.2428991630091866,3.644795570410944,4.260483250228652,0.5242481855178225,0.2748361600187292,0.0172667296848084,0.22154500195866414,0.2208711115987246,0.048784047938856254,0.86020621,1.4975999999999998,0.15025172587047997,-0.3505856575851007,0.19462996205224004,3.8827606237783563,1.2496867604839155,4.852234545664081,5.725100360853859,0.22087111159872458,0.04878404793885625
219,307.6,-0.0005100807681420024,0.5033524937111163,0.5033522352615605,0.25336347274280935,1.5360804,2.871,0.33200836775216563,-0.1840248607357541,-0.02096212823652932,3.051699195279215,1.2661376371241122,3.8638712083243796,4.626631582811907,0.5033522352615605,0.2533634727428093,0.002166266149890002,0.5377981763700102,0.5377938134618846,0.28922218579787634,1.5718616,2.8023,0.36675719932457096,0.5556699748377891,-0.18206871744349096,2.922772276041607,1.246977175813168,3.6446303183233884,4.285837068487759,0.5377938134618847,0.2892221857978764,0.01978886365396,0.22009969687655767,0.21920829692426688,0.04805227744043755,0.80402621,1.44142,0.14861168670854866,-0.4265732041276983,0.3572384988512054,3.6530091654371333,1.255788907750321,4.5874083898662095,5.410248869436656,0.21920829692426685,0.048052277440437545
220,308.5,-0.0015889019570599987,0.4965203739331371,0.49651783162467905,0.24652995712127312,1.4140804,2.786,0.33409787909023564,-0.19173659353116645,0.010349450759744805,2.8479806151729523,1.2594811261077743,3.586977832331142,4.232533303864748,0.49651783162467905,0.24652995712127315,-0.00013396965169000196,0.5282832359730296,0.5282832189860549,0.2790831594622681,1.5354616,2.7659000000000002,0.3574590924249411,0.5526894042250174,-0.1000450171628322,2.9065120667171613,1.252754007805561,3.6411446403151477,4.295489001506976,0.5282832189860549,0.2790831594622681,0.017083749668879995,0.21141013499348937,0.21071874780193728,0.04440239067521645,0.80402621,1.34642,0.14508053036280483,-0.4163530157130104,0.34058376004047064,3.803158301870253,1.2457288859260514,4.7377041543892435,5.541930457445674,0.21071874780193728,0.044402390675216445
221,309.4,-9.79503720000019e-05,0.4917596252950287,0.49175961553998276,0.24182751947603168,1.5550804,2.84,0.32890680858192306,-0.21247989161000727,0.006778238654745028,3.162277503093178,1.2611798268881056,3.9882005939232044,4.72802739081233,0.49175961553998276,0.24182751947603165,0.0025571813413599975,0.5280335004532746,0.5280273084079323,0.27881283842452564,1.5236616,2.7461,0.363195021306936,0.5320347275425629,-0.19333343257280022,2.8855396460490828,1.2407537937065098,3.5802442627259388,4.1951610308896665,0.5280273084079323,0.2788128384245257,0.01518459767092,0.21113971546943522,0.21059299001174364,0.044349407442086354,0.73611621,1.26951,0.14531581890557857,-0.38890871509595176,0.24009547089073724,3.4863938712968516,1.244866945064481,4.340096487852841,5.065630263407896,0.2105929900117436,0.04434940744208635
222,310.3,0.0001962772459399993,0.49608665805201785,0.49608661922335945,0.24610193377246242,1.4690804,2.833,0.3290728263922151,-0.22431230399350158,0.03683769961141348,2.961338258457976,1.2667737221003235,3.7513454880648998,4.4643017659836595,0.49608661922335945,0.24610193377246242,0.001905299158179998,0.5299409410640448,0.5299375159874637,0.28083377085096334,1.4763616,2.5267999999999997,0.3596936746706713,0.4972309161060763,-0.25491906520506236,2.7858983626282567,1.2457528383283265,3.4705407925383884,4.104496976077571,0.5299375159874637,0.28083377085096334,0.017519169681922003,0.21618133685124363,0.2154702974807593,0.04642744909644691,0.73735621,1.3657499999999998,0.1499058952352451,-0.3284925564435482,0.0264860150643198,3.410822695149589,1.2378102843539478,4.221951410164011,4.918793946314638,0.2154702974807593,0.0464274490964469
223,311.2,-0.001729344464000004,0.5045432213059255,0.5045402575944609,0.25456087153348494,1.4909196,2.885,0.3377032931002716,-0.18750509699484702,-0.008550601476467357,2.954988863275191,1.2610410039686442,3.726362122860709,4.414880252758782,0.504540257594461,0.254560871533485,0.0022682411511599993,0.5301585961928007,0.530153743926421,0.2810629921992012,1.5263616,2.6258,0.36370244959798803,0.5251770745403906,-0.26149478448704766,2.8790660209250176,1.2416340281480485,3.5747463408653033,4.196731701112094,0.5301537439264211,0.2810629921992013,0.018722639687459998,0.21779836122735838,0.21699214021815727,0.04708558891645643,0.77586621,1.3452600000000001,0.1517048801287057,-0.3526141025591977,0.1501716676604281,3.562314269160538,1.2362291485430352,4.403836735807037,5.11431279825513,0.2169921402181573,0.047085588916456436
224,312.1,0.00010898914300000051,0.5050042163368534,0.5050042045759284,0.2550292466393662,1.4930804,2.8499999999999996,0.3396455541635563,-0.22464730686916407,0.018869161363606946,2.9565701665430635,1.2581988334365852,3.719953134517893,4.3959957128748615,0.5050042045759283,0.2550292466393661,0.0003762011535799985,0.5315027005439634,0.5315025674051048,0.282494979158218,1.5469616,2.6083999999999996,0.36109922062085054,0.5744386319697148,-0.1661111901346639,2.9105432548447467,1.2480377642115579,3.632467896417468,4.284034724141067,0.5315025674051048,0.282494979158218,0.013573769705920002,0.2195835411657514,0.21916360173820354,0.0480326843268619,1.0915062,1.59889999,0.15065221181751276,-0.5175019383841385,0.6988862200656096,4.970801519117877,1.2487109534026926,6.2070943041132365,7.2452052766550645,0.21916360173820354,0.04803268432686189
225,313.0,0.00018452784593999994,0.5016974897061024,0.5016974557707851,0.2517003371268788,1.4159196,2.809,0.3342553807759232,-0.17327767830645094,0.005665799179438213,2.822257693235529,1.2645503636527302,3.5688869923027036,4.236041306838972,0.5016974557707851,0.2517003371268788,0.0012559601664799995,0.5318440894895172,0.5318426065002632,0.2828565580889938,1.5148616,2.6422999999999996,0.3587364073832222,0.5448841823097327,-0.18789474008601514,2.848318952748009,1.2512316752383397,3.563906894860004,4.2227707275379505,0.5318426065002633,0.28285655808899385,0.01537545139326,0.22095397668656666,0.22041836427135864,0.04858425530806135,1.0915062,1.65889999,0.15097277018011887,-0.4567909203607236,0.6741544438804414,4.939970831791598,1.2506350154920864,6.17810049774814,7.229821634045481,0.22041836427135864,0.04858425530806135
226,313.9,-0.0017521882691200006,0.4956475712944541,0.4956444741610266,0.24566344476636054,1.4980804,2.8529999999999998,0.32769835147085474,-0.21311556240909968,0.06878037200108889,3.022470978900492,1.2689521945029352,3.8353711814972145,4.571522539786833,0.49564447416102647,0.24566344476636043,-0.0005380238414799967,0.5282509565782303,0.5282506825893947,0.27904878365616137,1.5610616,2.7375,0.3618672612308238,0.5515514372893197,-0.19786452987475212,2.9551514873003693,1.2415512211910573,3.6689719378623424,4.313906692443911,0.5282506825893947,0.27904878365616137,0.017030969662642,0.21730340444394788,0.21663498252886157,0.046930715655280154,0.75558621,1.23898,0.14624878703571986,-0.4247123888768877,0.30050844046276337,3.477102496085831,1.2577841531830394,4.3734444185699495,5.166444285212809,0.21663498252886157,0.04693071565528016
227,314.8,-1.597817003999946e-05,0.4959127876454901,0.4959127873880841,0.2459294926950191,1.4689196,2.912,0.3273870916387965,-0.23785128270592076,0.060979092479556574,2.962052273292208,1.270522633983985,3.763354456261467,4.486797547963946,0.4959127873880841,0.24592949269501907,0.0024052651253800034,0.5316444442293436,0.5316390032527751,0.28264002977960423,1.4407616,2.6172000000000004,0.3661979874819505,0.5563136351005392,-0.21631811217062902,2.710009698471478,1.2416040554697905,3.364759031984651,3.9343788039550973,0.5316390032527751,0.28264002977960423,0.017340879685839996,0.21558022571995966,0.21488165955518393,0.046174127613189966,0.69016621,1.2465600000000001,0.1500128461308423,-0.33874708986584173,0.049896347265839136,3.201435603358775,1.2368425779006724,3.9596718646412623,4.600714057501663,0.21488165955518393,0.046174127613189966
228,315.7,-0.0008810912520400003,0.514714284532224,0.5147135304028104,0.26493001837972485,1.5720804,3.0300000000000002,0.3447494717977598,-0.22024612896304702,0.06051382611720291,3.0542777755404975,1.2619765128433675,3.8544268164315945,4.560066159933752,0.5147135304028104,0.26493001837972485,0.0032863487590999983,0.5349590518379034,0.5349489574297178,0.2861703870551421,1.5999616,2.7994000000000003,0.36172255960569066,0.5228600405454592,-0.18288213123905317,2.990811342481593,1.250073617574728,3.7387343543794938,4.423173389417842,0.5349489574297178,0.2861703870551421,0.015178705083419999,0.22250492588652332,0.22198659634256704,0.0492780489557578,0.82730621,1.3817,0.1546966899092264,-0.343472701194144,0.03959174556949785,3.718147841913051,1.2369901036178699,4.599312084234584,5.347924448063178,0.22198659634256704,0.0492780489557578
229,316.6,-0.002528299269,0.5071571943830245,0.5071508922571932,0.25720202751726723,1.5080804,2.934,0.3345241966488186,-0.20238304416690353,0.07671462124219586,2.973595596597295,1.27077724913189,3.7787776322746116,4.508135480505087,0.5071508922571933,0.2572020275172673,-0.0016476172481999969,0.5243607854417495,0.5243581969097955,0.27495151866649187,1.4944616,2.5209,0.3606294013730988,0.5618388150755481,-0.2042975717580231,2.850063623161648,1.2399669598788166,3.5339847262729536,4.144037048310059,0.5243581969097956,0.2749515186664919,0.015765959680381803,0.21655684986534846,0.2159821838461674,0.04664830373895965,0.74610621,1.2445,0.1470872124664401,-0.49487032030200706,0.28095604000887375,3.445313369047974,1.2505925279199033,4.308683155673945,5.0725430000941385,0.2159821838461674,0.04664830373895965
230,317.5,-0.0011754360709999967,0.5008451569887412,0.5008437776683662,0.2508444896291198,1.5370804,2.903,0.3294300891835605,-0.20569475317643188,0.1097645369077993,3.068973271582524,1.2746016638400868,3.91171843823984,4.665877375710903,0.5008437776683662,0.25084448962911987,0.001315248353340004,0.5254988148602908,0.5254971689184816,0.27614727454133925,1.6576616,2.8121,0.3585218014535084,0.590497580040577,-0.13986641468613614,3.154453546085934,1.2437665701577836,3.9234038677373593,4.623600554497823,0.5254971689184816,0.2761472745413392,0.015891902681751797,0.21586883471247056,0.2152830723240303,0.04634680122927366,0.73928621,1.32068,0.14750231903472422,-0.3888375938258406,0.24739473724319883,3.4247009809669953,1.2461909781395244,4.2678314653066485,5.012031097802342,0.21528307232403032,0.04634680122927367
231,318.4,0.0003055728339599977,0.5058949053286483,0.5058948130419259,0.25592956186272514,1.5630804,3.049,0.33598981558142577,-0.24187420012625233,0.052313805792430834,3.089733427903498,1.2666312399660122,3.9135528829498445,4.652166010731935,0.505894813041926,0.2559295618627252,0.0034415961710800008,0.5322902425730677,0.5322791163988029,0.2833210577542904,1.4919616,2.6284,0.3585506691342721,0.541561826889121,-0.1466909487835153,2.8029099176943824,1.2523652835160661,3.510267073743319,4.161089989323885,0.5322791163988029,0.2833210577542904,0.018564249673881796,0.21287982254812648,0.21206882722872686,0.0449731874821676,0.69561621,1.2760099999999999,0.1457379317611449,-0.35760079089596425,0.16577808108049785,3.267647453260816,1.2474042682746525,4.07607738041434,4.773062178075027,0.21206882722872686,0.0449731874821676
232,319.3,-0.0010328041600199999,0.49617506949015233,0.4961739945816634,0.24618863289912454,1.4910804,2.971,0.33074261367247293,-0.209788247454879,0.023684612778971825,3.0051497781461864,1.263765307794902,3.797804034348697,4.5082802710042795,0.49617399458166334,0.2461886328991245,0.000765565132800002,0.5284478668625417,0.5284473123231853,0.2792565619015982,1.4609616,2.5234,0.3648231194806653,0.5873259830453921,-0.20377961442325843,2.7646276796875044,1.2384601033547868,3.423881081923291,4.004575154337025,0.5284473123231853,0.27925656190159814,0.01554152266192,0.21256676835135213,0.21199785867004983,0.04494309208068643,0.70175321,1.231147,0.1445401612373906,-0.42429469381827406,0.29027065737224733,3.3013307557090505,1.2518956150298712,4.1329214968354115,4.855074215999047,0.21199785867004983,0.04494309208068642
233,320.2,-0.00039078857518999843,0.4965884846838451,0.4965883309189685,0.24659997040488693,1.4760804,2.803,0.3235180660465501,-0.238625472686392,0.08947698177538843,2.9724418618763426,1.2772381628387264,3.796516182807863,4.562590330852222,0.4965883309189684,0.24659997040488688,0.001528036550580003,0.5267869811009455,0.5267847649294235,0.277502188561748,1.6225616,2.6710000000000003,0.3613112072266936,0.5940948725237093,-0.1652509365022361,3.080109528540298,1.243376180742645,3.829734821865465,4.490759122735913,0.5267847649294236,0.2775021885617481,0.0165426196709,0.21469322193836543,0.214054949208609,0.04581952128070019,0.68238621,1.28878,0.14730497224472663,-0.35791266688654527,0.23444676324426572,3.1784245624479976,1.248135953640505,3.9671059723254363,4.632472343610442,0.214054949208609,0.04581952128070018
234,321.1,8.302682682999984e-05,0.5026066396268829,0.5026066327691799,0.2526134273035733,1.5129196,3.018,0.3282857407364493,-0.2534408389201403,0.19090758665389496,3.0101464658786385,1.2779238522480116,3.8467379675063675,4.60854497245613,0.5026066327691799,0.25261342730357333,0.0026007636454900025,0.5258984661290566,0.5258920352176429,0.27656243270535463,1.5611616,2.6016,0.3599549806608248,0.5004990675710307,-0.2584721478240435,2.9685608545146196,1.241236677744192,3.6846866127391866,4.337102370785188,0.525892035217643,0.27656243270535474,0.01494672968266,0.21675723991400767,0.2162412919100609,0.04676029632693216,0.73810621,1.2605,0.14970811604202566,-0.33564414493052747,0.10774313943749148,3.405220560535015,1.2427791211234156,4.231937015453091,4.930301906897291,0.2162412919100609,0.04676029632693217
235,322.0,-0.0015409621720500004,0.5018301908276233,0.5018278249177431,0.25183116586167303,1.5110804,2.886,0.33200417351265277,-0.2546132255037124,0.07305030783226218,3.0111388824731957,1.2693958449397678,3.8223271859480503,4.551389773244559,0.501827824917743,0.251831165861673,0.0020491251715800004,0.5255744523094608,0.525570457699461,0.2762243060064209,1.5611616,2.6845999999999997,0.35052847416030514,0.5718773318997028,-0.18282534349596702,2.9703909562955326,1.2554397055438318,3.729146747521724,4.453736900375297,0.525570457699461,0.2762243060064209,0.01985132968284,0.2121459220461642,0.21121509640799915,0.04461181695064038,0.77894621,1.30534,0.14465144282114692,-0.36376446578589805,0.21489546408713478,3.671747269459635,1.2482665991960435,4.5833194771557375,5.384987489983916,0.21121509640799913,0.04461181695064037
236,322.9,-0.0010166551640400016,0.5043252427329402,0.5043242180085311,0.25434291686991645,1.5750804,2.934,0.33534751457182355,-0.22084295107382157,0.0027697230365335557,3.123144087463546,1.2637253372292248,3.94679631514533,4.696860216814444,0.5043242180085312,0.2543429168699165,0.002510448159139999,0.5244758530290717,0.5244698447581259,0.2750686180606126,1.4241616,2.4875999999999996,0.3599323794506637,0.5493053273780374,-0.26305132107591156,2.715399749625954,1.239824397990123,3.3666188598825286,3.9567476595842392,0.5244698447581259,0.27506861806061267,0.017407653651382,0.21443695958641695,0.21372922877093847,0.045680183231020154,0.74398621,1.33138,0.14353872825085004,-0.34607630915275295,0.17081067957798224,3.4694868432891464,1.258052529503469,4.364796699278917,5.183174039969203,0.2137292287709385,0.04568018323102016
237,323.8,0.0028465270279999996,0.49459989261232984,0.4945917013618476,0.24462095105600706,1.5750804,3.0620000000000003,0.3254654818760097,-0.23082596049298248,0.14853904943803498,3.184554674447851,1.2754238091433037,4.061656853309391,4.839469890696573,0.4945917013618476,0.24462095105600706,0.00422021815738,0.5216472077588402,0.5216301363239079,0.2720979991212987,1.4178616,2.5873,0.3571237809003947,0.5766730019907909,-0.17929915892089232,2.7180469461181964,1.2449529347430512,3.3838405223392365,3.970224543504862,0.5216301363239079,0.27209799912129873,0.019286354661642,0.21196880101860296,0.21108957607880463,0.04455880912912945,0.76893621,1.26633,0.1422596332716467,-0.4020314354114226,0.34007512353144964,3.627591448859099,1.2579975588228929,4.563501187071548,5.405160918218494,0.21108957607880463,0.04455880912912945
238,324.7,-0.0024008657701600003,0.4956545214158757,0.4956487066900856,0.2456676404435545,1.4869196,2.9059999999999997,0.32934855325729706,-0.2039048219514895,0.05892866265308472,2.999911300622253,1.2667732265105016,3.800207317534567,4.514729411421988,0.4956487066900856,0.2456676404435545,-0.00034493784543999695,0.521544754292061,0.5215446402250233,0.27200881174744906,1.4207616,2.4432,0.35468363766110994,0.60018964800063,-0.162897123385898,2.7241412904795212,1.2468524991237253,3.3966023760005215,4.005715091254074,0.5215446402250233,0.27200881174744906,0.019000903386000002,0.21415625042717581,0.21331166228676557,0.04550186526754312,0.72283621,1.34123,0.14656302909386282,-0.374705242778969,0.23463168088402275,3.3752748685044875,1.2456175058133143,4.204301463140922,4.931913692484321,0.21331166228676557,0.04550186526754313
239,325.6,-0.0011561895700300004,0.5021457981605194,0.5021444670968139,0.25214906583594326,1.3910804,2.741,0.3315495496565753,-0.25707563700105734,0.009264058379632178,2.770271911257371,1.269518189323099,3.516910580712098,4.195693830502575,0.5021444670968139,0.2521490658359432,0.003237672142050001,0.5305618235887275,0.530551944797959,0.2814853661288965,1.4767616,2.6041999999999996,0.36766707060738335,0.5766849662776732,-0.21644814962442416,2.7833921219796105,1.2372105145235655,3.4436419993552323,4.016572921693532,0.5305519447979591,0.2814853661288966,0.02033102665618,0.2123144478855911,0.21133876628784667,0.04466407413606908,0.74304621,1.30244,0.14494559085947417,-0.3327342405549542,0.10234205363449789,3.499743975974739,1.24534368265246,4.358384051381144,5.1263802202882385,0.21133876628784665,0.04466407413606907
240,326.5,0.00114798182496,0.5117891004574268,0.5117878129505935,0.2619267654847517,1.4939196,2.9589999999999996,0.33773135734140514,-0.22292425921499628,0.0020960994231482566,2.919014099098173,1.267623547581719,3.7002110077398815,4.423396192050446,0.5117878129505935,0.2619267654847517,0.004605323145860001,0.5349854994010398,0.5349656770000315,0.286188275568102,1.6309616,2.6224,0.3690757982440258,0.5788540934966867,-0.23929999743637076,3.048608984404242,1.2379445406320213,3.774008848764962,4.419042396601794,0.5349656770000315,0.28618827556810206,0.0170366896848,0.21284085702929076,0.21215791671664488,0.04501098162554682,0.68079621,1.25719,0.14665513436835367,-0.32697841499069563,0.07124165424807671,3.1986161844213497,1.2397778818932041,3.9655735981112232,4.6421573505230596,0.21215791671664486,0.045010981625546814
241,327.4,-0.00180586414406,0.519154518216396,0.519151377383506,0.2695181526391915,1.5099196,2.997,0.3467714388760576,-0.19227999213077426,0.058227252012359454,2.9084204163097147,1.2626937184880593,3.6724441903967033,4.354221342143672,0.519151377383506,0.2695181526391915,-0.0005930028414999988,0.5302438949381302,0.5302435633431007,0.28115823646678884,1.6309616,2.7154,0.36063297245641773,0.5675995982459116,-0.17007092561446013,3.075870586289925,1.2480104864704706,3.838718746715901,4.522497177368053,0.5302435633431007,0.28115823646678884,0.01531109966874,0.21874544160980045,0.21820893302520988,0.04761513845200053,0.77113621,1.29753,0.1460438782733371,-0.3693702392654583,0.19894898265462047,3.525267563634802,1.2605011609141161,4.443603856494546,5.280167981822109,0.21820893302520986,0.04761513845200052
242,328.3,-0.0009344858491399992,0.5051975719951842,0.5051967077149524,0.25522371348602707,1.5259196,3.008,0.33753903410681796,-0.1831332464883661,0.08656976868793453,3.02044127800073,1.265604502187681,3.8226840800312365,4.520720408049476,0.5051967077149524,0.25522371348602707,0.0002663511560400007,0.5276078165291537,0.5276077492983995,0.27836993711972274,1.5517616,2.5682,0.35798371900315884,0.5854388081818451,-0.1705659774306203,2.941127010225512,1.2475289119879314,3.6691409790849505,4.3347267421016635,0.5276077492983995,0.2783699371197228,0.0176540196837,0.21811102293862694,0.21739538614317871,0.04726075391634178,0.77691621,1.38131,0.14907578038999925,-0.40095912973277525,0.35598212600153856,3.5620217609020712,1.2494243490128427,4.45047671978465,5.21155219155988,0.21739538614317871,0.04726075391634178
243,329.2,0.002141396821899997,0.5121233643442883,0.5121188872976311,0.2622657547269638,1.5859196,3.1639999999999997,0.3362784825571101,-0.1797251472790404,0.09992409270616953,3.0967530685317928,1.2728876420072452,3.9418187112821346,4.716090033297517,0.5121188872976311,0.26226575472696384,0.004236652143359997,0.5372730370528486,0.5372563327896728,0.28864436712260766,1.5615616,2.8,0.36800428536089225,0.5582331864934362,-0.1644991782309133,2.9064581549927992,1.244529858228611,3.617173955580579,4.243324499519393,0.5372563327896728,0.28864436712260766,0.019535759686402,0.21455697431098114,0.2136657420340429,0.04565304931895817,0.69454621,1.27894,0.14919391981446936,-0.323363967455242,0.08416004302636937,3.23711784354918,1.2346789225493275,3.996801171238504,4.655325169173821,0.2136657420340429,0.04565304931895817
244,330.1,0.0018071518378599998,0.504241533248044,0.5042382949108221,0.25425625805457314,1.5859196,2.941,0.33614715828314323,-0.20141673526367862,-0.030124379088794395,3.145158610367509,1.2613510827416026,3.9671492185811315,4.71793249153143,0.5042382949108221,0.25425625805457314,0.0003726581492800025,0.5363439590579863,0.5363438295943178,0.28766470354389867,1.5628616,2.6103,0.3651961308002637,0.5696455969126216,-0.2024542617016416,2.913916664121564,1.2447424432963774,3.627075748060705,4.279513029273506,0.5363438295943178,0.28766470354389867,0.0182399496751018,0.21226049830740676,0.2114753493378327,0.04472182337755838,0.75744621,1.3198400000000001,0.14541594642840197,-0.44671008199566126,0.259344836820139,3.5684746622191885,1.2444396277754737,4.440751280378256,5.208824950796862,0.21147534933783269,0.04472182337755837
245,331.0,-0.0001086204870199996,0.5068401469051514,0.5068401352659685,0.2568869227164252,1.4530804,2.8979999999999997,0.3421375657479913,-0.19449736959667935,0.015370912502589817,2.866940215515179,1.2573195292594301,3.604659922186474,4.2470647642074395,0.5068401352659684,0.25688692271642516,0.0009682391502399974,0.532292224187749,0.5322913435738823,0.2833340744436888,1.5598616,2.6973000000000003,0.36004187695836454,0.5880482371986836,-0.1704448244974608,2.9304609932641226,1.2523904076928558,3.6700812380820658,4.3324449177348985,0.5322913435738823,0.2833340744436888,0.017385659672309997,0.2158643527768349,0.21516309543581225,0.04629515763752045,0.79847621,1.35687,0.1461451683468563,-0.33793494446574057,0.24776237994676586,3.698972061521809,1.2537491671900167,4.637583141592107,5.463582676266942,0.21516309543581227,0.04629515763752046
246,331.9,0.0013369520449690042,0.5090862266421593,0.5090844711008001,0.2591669987159814,1.5180804,2.9240000000000004,0.3385942840601804,-0.2030261081613854,0.05323867987718689,2.9819710700346067,1.2663786439975495,3.7763044801103467,4.483479111921992,0.5090844711008002,0.2591669987159815,0.003039594144699996,0.5298876488977061,0.5298789308151195,0.2807716813217742,1.5288616,2.7363,0.36818358741700763,0.5132150289340259,-0.2590202211160797,2.88525615416853,1.2347881561388045,3.562680126593898,4.152443651075623,0.5298789308151196,0.2807716813217743,0.017128613690340005,0.21709062567982326,0.21641384047954104,0.046834950351104236,0.72821621,1.2856100000000001,0.1484989359225217,-0.3241206858394315,-0.006028584548258387,3.354434157253809,1.2419677320116498,4.166098982466923,4.90384800049976,0.21641384047954101,0.04683495035110422
247,332.8,-6.39102551200006e-05,0.5154693219068811,0.5154693179449376,0.2657086177426191,1.4700804,2.919,0.34240729749915055,-0.16113364873838978,0.0022755156759917128,2.8519260749829227,1.2664652523682869,3.6118652762889454,4.293367608509124,0.5154693179449376,0.2657086177426191,0.0002416647494999995,0.5362761378949692,0.53627608344368,0.28759203767369285,1.5288616,2.6683,0.3655960965265897,0.5738969354024235,-0.1906476309239964,2.850885004880509,1.2463052160943358,3.5530728520677046,4.181832395162912,0.5362760834436799,0.2875920376736928,0.0187616976828418,0.21392224424272976,0.21309792416141402,0.04541072528190376,0.79073621,1.40413,0.1469438713038435,-0.37806830575841266,0.22341916164822706,3.696372075747207,1.2449039941463997,4.601628360948917,5.381212588070132,0.21309792416141402,0.04541072528190376
248,333.7,0.0004253211370000005,0.5139707785462138,0.513970602565294,0.2641657803013314,1.5940804,3.0,0.3439555281586126,-0.147780262865053,-0.0797963565275146,3.101500059028488,1.2585077343462727,3.9032618123627736,4.634553799829906,0.5139706025652941,0.26416578030133153,-0.00036874085957999816,0.5362941442615554,0.5362940174935876,0.2876112731994125,1.5171616,2.6966,0.3680757377652789,0.5625560846921,-0.21518262172550795,2.828972898984455,1.2417298787598614,3.512820174870902,4.121873419886998,0.5362940174935876,0.28761127319941243,0.0158631216877818,0.21578336491117053,0.2151994933607094,0.04631082194270601,0.72236621,1.30176,0.14930148015596847,-0.4003438732200372,0.14548008904395449,3.3476454975913903,1.2390351885334507,4.147850570251306,4.838305750521541,0.2151994933607094,0.04631082194270601
249,334.6,0.0016588903318999976,0.501920592598076,0.5019178512036312,0.2519215293568705,1.5940804,2.979,0.3339857762544657,-0.2066877135873993,0.04247017558556099,3.1759613443007213,1.266639959966626,4.0227995500006175,4.772899067370644,0.5019178512036312,0.2519215293568705,0.004373571155699997,0.5381899981685418,0.5381722270834878,0.2896293460040011,1.5515616,2.723,0.3669874503277001,0.545940286399556,-0.1553565378058117,2.882925370742595,1.2466036123892004,3.5938651814161937,4.2278328553593285,0.5381722270834878,0.2896293460040011,0.017544309660819997,0.21387943414270089,0.21315864877533627,0.04543660954772717,0.75153621,1.31093,0.1463363820035917,-0.38671918681861234,0.12546228712152763,3.5138311124321246,1.2465216897655815,4.380066695819766,5.135675760943402,0.2131586487753363,0.04543660954772718
250,335.5,-0.00039188817604199767,0.49420071802800963,0.4942005626494751,0.24423419612305775,1.4570804,2.895,0.32244427269121423,-0.18088718752044813,0.11588693456508192,2.948357513145939,1.2777745431702723,3.767336174462692,4.5188596089450765,0.4942005626494751,0.24423419612305777,0.0014445501497800017,0.5314832326155087,0.5314812694971438,0.28247233982629566,1.5783616,2.5638,0.36667573947272314,0.5888918690809015,-0.23131573748841516,2.969729811103628,1.2378047330503101,3.675945616064674,4.304516034438689,0.5314812694971438,0.2824723398262956,0.01770999367092,0.2139467310811332,0.21321247586498943,0.0454595598644787,0.73474621,1.26914,0.14474776137075687,-0.45129832837451783,0.36254418141053435,3.4342483583979995,1.2550909805905586,4.310294139733261,5.0760454119771925,0.21321247586498945,0.04545955986447871
251,336.4,0.0012885948289800004,0.4995729869549531,0.49957132505625307,0.24957150881846046,1.4590804,2.83,0.32820165971036425,-0.25779732647331766,0.10018235012791621,2.920655115668947,1.273853689466525,3.720487294754169,4.4456825760345895,0.49957132505625307,0.2495715088184605,0.0006313940548000012,0.532105105896906,0.5321047312917873,0.2831354450631051,1.4282616,2.5067,0.3575502117579193,0.5972855436315437,-0.1016639670471986,2.6841719505633197,1.2572432286904174,3.3746570094864836,3.9945762945513503,0.5321047312917871,0.28313544506310506,0.0189638396658818,0.2140494332194177,0.21320772182704986,0.045457532646680676,0.72541621,1.25681,0.14692669430764205,-0.2889005735020483,0.051641463668454346,3.3890125243003597,1.2426716394314825,4.211429749626155,4.937266256607457,0.21320772182704986,0.045457532646680676
252,337.3,0.0015999888469800006,0.5031671573874033,0.5031646135302138,0.2531746283090094,1.4790804,2.864,0.33465080607403425,-0.21402917008143077,0.04480514894470167,2.9395408231328823,1.2642731500104245,3.7163825360464453,4.419772410985274,0.5031646135302137,0.25317462830900933,0.0033824530401999993,0.5295926500971903,0.5295818482995766,0.2804569340483957,1.5159616,2.5704000000000002,0.36474900437822944,0.5082979952073371,-0.22866753963751396,2.862504983257967,1.2401805654615408,3.550023048773344,4.156177485896607,0.5295818482995767,0.2804569340483958,0.01920054965688,0.20976449893285734,0.20888390054148834,0.043632483905426386,0.74769621,1.30409,0.14142979398109234,-0.3498123779622333,0.1477628502683821,3.5644554431459206,1.2544456994256121,4.4714158014486145,5.286695178951891,0.20888390054148834,0.043632483905426386
253,338.2,-0.0006142391650799981,0.5093377787948076,0.5093374084218402,0.2594245956178764,1.5469196,3.082,0.3361630140047021,-0.2147625192972728,0.18012891419292698,3.0371193035402033,1.2724060863610451,3.8644490868291728,4.601694819342506,0.50933740842184,0.25942459561787634,-0.00044649484866000265,0.5263320529855884,0.5263318636016391,0.2770252306423744,1.4305616,2.5140000000000002,0.3612423578578159,0.5920807691879967,-0.20290942047983407,2.717983052495514,1.2412686788740914,3.373747232773277,3.960115885864818,0.5263318636016391,0.2770252306423744,0.013770054660113999,0.21495544095356933,0.2145139323918167,0.04601622719020091,0.73635621,1.3047499999999999,0.14259080130525204,-0.415980886362208,0.3010476692972506,3.425622569651791,1.2630986486594757,4.326899238544578,5.1641214107748885,0.2145139323918167,0.04601622719020091
254,339.1,-0.001927835369130003,0.5089654032466852,0.5089617521512302,0.2590420651528503,1.5740804,3.0069999999999997,0.3347128467228017,-0.18584939910083847,0.11992635727570633,3.092706085637564,1.2738621773340149,3.9396813081044253,4.702778562017974,0.5089617521512302,0.2590420651528503,0.0012223751481200027,0.5275053113675324,0.5275038950756238,0.27826035931995474,1.4129616,2.5414000000000003,0.36036822933007856,0.566735352848631,-0.1281622695284539,2.6785732191718874,1.2473354313226828,3.341079281665153,3.920882822069758,0.5275038950756238,0.2782603593199547,0.01507363367338,0.21767208080292932,0.21714953448938762,0.04715392032895774,0.78468621,1.32908,0.1510459140730271,-0.3361567415998145,0.12149197071611662,3.6049005784550765,1.2386487702389002,4.46520566833688,5.195017785258481,0.21714953448938762,0.04715392032895774
255,340.0,-0.0005311564611520025,0.5031377400104187,0.5031374596425966,0.2531473032956055,1.5220804,2.995,0.33423775184521715,-0.22067781561560285,0.05266344030918635,3.0251763661546867,1.265416655487848,3.8281085595203455,4.553885345377931,0.5031374596425966,0.25314730329560553,0.002462610150200001,0.5375433255653006,0.5375376846427149,0.28894676241105083,1.5318616,2.7333,0.36336788047897817,0.594223678082522,-0.09693458290711554,2.8497453640393307,1.254719997656899,3.5756324964901878,4.215731995851577,0.537537684642715,0.28894676241105094,0.013175249668571799,0.21970124455313214,0.21930583588761604,0.04809504965436598,0.78468621,1.33908,0.14821615282911837,-0.4914348899222633,0.4096221346731248,3.5716056665770637,1.2570770194537706,4.489783406004893,5.294201711635855,0.21930583588761607,0.048095049654365986
256,340.9,-0.0005592603751600014,0.503191912297207,0.5031916015089607,0.2532017878291527,1.5000804,2.851,0.3318711446847119,-0.21914824565884325,0.08183508561738995,2.9811297903253813,1.2701424995553834,3.7864596433828956,4.520068779782358,0.5031916015089607,0.2532017878291527,-0.0009434278268999998,0.5296443171833988,0.5296434769433153,0.2805222126686041,1.5399616,2.6334,0.35905080944337564,0.5713690792226948,-0.21510307188207367,2.907539173061232,1.2469791025782015,3.625640588734861,4.288979608171196,0.5296434769433153,0.2805222126686041,0.0137772416823018,0.21422857321445127,0.21378510049375973,0.04570406919312695,0.73597621,1.26037,0.1454962299937208,-0.4072135749810595,0.2806189471894922,3.435471743833437,1.251068842305654,4.298011657331484,5.058386805154763,0.21378510049375973,0.04570406919312695
257,341.8,0.00018460053489999638,0.5038157626152999,0.5038157287960339,0.25383028858227874,1.5210804,2.878,0.33169711887699244,-0.24149570475910662,0.13151478768194602,3.0191203072013764,1.2733789419120962,3.844484222289412,4.585751016318239,0.5038157287960339,0.25383028858227874,0.0009960621419600009,0.5304131529692895,0.530412217716591,0.2813371207030323,1.4274616,2.6369,0.3623511862416958,0.5648182110465924,-0.168834314796094,2.6912258717736757,1.246928343170313,3.355765817387831,3.9394423261190963,0.530412217716591,0.2813371207030323,0.016417659680301795,0.21472325305609852,0.21409468898974376,0.04583653585361511,0.78477621,1.32717,0.1476062753733444,-0.3417345021858142,0.08358123744577606,3.6548263815422435,1.2401650225022567,4.532587841707177,5.316685947227143,0.21409468898974376,0.04583653585361511
258,342.7,-0.0002683506760399985,0.5077411976315681,0.507741126717399,0.25780105176025386,1.5830804,3.0570000000000004,0.32983806359961937,-0.25889530667977395,0.17470730905322407,3.1178884191089997,1.2804736022349645,3.99237381538318,4.79956856016974,0.507741126717399,0.25780105176025386,0.004148854139000002,0.5319610192074734,0.5319448401531753,0.28296531296558725,1.6316616,2.6231,0.3684554956643095,0.5267908084761737,-0.22736817495087625,3.067257827332693,1.2373241821275949,3.795192282578888,4.428381769847628,0.5319448401531752,0.2829653129655872,0.01661344967688,0.21751176930369517,0.21687637740302115,0.047035363075457665,0.76763621,1.34903,0.1479086135702122,-0.36094868269622765,0.17832135058396537,3.5291709154744995,1.2503455080615236,4.412683001344915,5.189935808813482,0.21687637740302118,0.04703536307545767
259,343.6,1.3134542980003162e-05,0.5157030341765394,0.5157030340092762,0.26594961928637273,1.5320804,2.953,0.34026565332659486,-0.20521266548781852,0.012823515929907714,2.970857835743364,1.268881321611531,3.7696660169380123,4.50260079153353,0.5157030340092762,0.26594961928637273,0.0014235998537600013,0.5291100528990885,0.5291081377585612,0.27995542144233265,1.6316616,2.6940999999999997,0.3589975134304837,0.5916820652974428,-0.11291957778842754,3.0837849159354174,1.2501165491772392,3.8550905575140066,4.545049865132158,0.5291081377585612,0.2799554214423326,0.0159682886653018,0.2192865783909315,0.2187044060358724,0.04783161721950374,0.72816621,1.3225600000000002,0.14858022603551682,-0.40303676141820804,0.18716275562924078,3.3206145827213702,1.2532995061078473,4.161724616499209,4.9008285249609065,0.2187044060358724,0.04783161721950374
260,344.5,3.0631848919999704e-05,0.5166239276275395,0.5166239267194224,0.26690028165899504,1.5550804,2.8680000000000003,0.34197295001196554,-0.2182562735838552,0.03586019710870936,3.0100820284133967,1.2692406238017968,3.8205183914379974,4.547378381669042,0.5166239267194223,0.266900281658995,0.00043434614286000194,0.524355190236722,0.5243550103428183,0.2749481768716171,1.5953616,2.6248,0.36240313727303164,0.5797223637640435,-0.2738546189190787,3.0425208517145954,1.2363449772072836,3.7616053730657666,4.402173811199838,0.5243550103428183,0.27494817687161704,0.01648580969535,0.21431417157780466,0.21367915719079716,0.04565878221776941,0.73996621,1.34236,0.15023113593299778,-0.3671586783250455,0.12081798180593051,3.452717123428128,1.2315899741057246,4.25233179263724,4.925518304874035,0.21367915719079716,0.04565878221776941
261,345.4,0.0018607522279400022,0.4980198197089995,0.49801634353114416,0.24802027842413057,1.5270804,2.971,0.3243900181193273,-0.17174672491265694,0.07817859715622344,3.0663044713607905,1.2781514018945925,3.919201358705452,4.707544359266509,0.4980163435311441,0.24802027842413055,0.004882942158779997,0.5325179118864778,0.532495524258945,0.2835514833558086,1.6918616,2.8762999999999996,0.3615683138355195,0.5830472170643577,-0.10785579348380292,3.177098013485547,1.2493967302984585,3.96945586988657,4.679230826542068,0.532495524258945,0.2835514833558086,0.017482379678342003,0.21462373128468135,0.21391052435853036,0.04575771243134141,0.68860621,1.302,0.14683452545806044,-0.3712520288298961,0.22122906260771913,3.208434621270369,1.2476264984582444,4.0029280520677535,4.689675046463666,0.21391052435853036,0.04575771243134141
262,346.3,0.001473324818917999,0.4934313580217319,0.49342915843426655,0.24347233439314853,1.5180804,2.962,0.3237077700027059,-0.21553496577338674,0.11365712276158124,3.076578687836739,1.2738469183796808,3.919090280653432,4.68966314891765,0.49342915843426655,0.24347233439314853,0.004368117160259998,0.5296124656430734,0.5295944517430388,0.28047028331700985,1.6382616,2.6897,0.3587714584746959,0.6122332701154437,-0.11919213843562293,3.0933214496958024,1.2511047812214489,3.8700692555692817,4.56630972531932,0.5295944517430388,0.28047028331700985,0.018634749661840002,0.21186207649629213,0.21104095707317405,0.04453828556236129,0.73280621,1.2362,0.14162116785505596,-0.4201267087050647,0.3514046468772003,3.458883355241848,1.2617202251181239,4.364143085633076,5.174411573487377,0.21104095707317405,0.04453828556236129
263,347.2,-0.001315188498082002,0.5032950868374619,0.5032933684382727,0.2533042147139428,1.5580804,3.042,0.32684088932615674,-0.23453203886777127,0.1890781408133413,3.095759209155917,1.280787360851995,3.965009267328067,4.7670914224112915,0.5032933684382727,0.2533042147139428,-0.0007412528522000019,0.5327834935620572,0.5327829779153982,0.28385770155639967,1.6093616,2.9257999999999997,0.36488456587625917,0.5874639254019149,-0.12290955260359038,3.0206671555085363,1.2443539144315332,3.7587789991518124,4.410604751492207,0.5327829779153982,0.28385770155639967,0.0149104696871618,0.2154871019083952,0.21497062353397808,0.046212368982587335,0.76680621,1.4012,0.14802714345444443,-0.3035524318215566,0.15593019661615592,3.5584784574529835,1.2439407165084095,4.426536242043804,5.180172987908706,0.2149706235339781,0.04621236898258734
264,348.1,-0.001086059967019997,0.5094140186321714,0.5094128609023592,0.2595014628527263,1.5580804,2.9459999999999997,0.3372594684041753,-0.22072564089587818,0.17219776470308812,3.058573857436442,1.2710898160732544,3.887722081895351,4.619827005517247,0.5094128609023592,0.25950146285272635,-0.0007409318669000005,0.5327997535443183,0.5327992383598674,0.28387502839685486,1.6093616,2.9257999999999997,0.37359547509355684,0.5311206491928346,-0.21031298914109353,3.020574970791786,1.2297412012113738,3.714525492930501,4.307765236174178,0.5327992383598675,0.2838750283968549,0.012734259672460002,0.2185215267129081,0.21815016907519133,0.04758949626753456,0.76680621,1.3492000000000002,0.1500132245251455,-0.3511383640270324,0.13561813330606176,3.5090648575205323,1.2461589728396925,4.372852658475648,5.1115907442644595,0.21815016907519127,0.047589496267534545
265,349.0,6.477502893999931e-05,0.5152996453501004,0.5152996412788726,0.26553372030213485,1.5370804,3.005,0.338939638358998,-0.2032042151962315,0.14950114522726787,2.9828865862224494,1.2768860507579327,3.8088062729403953,4.534967959020348,0.5152996412788726,0.26553372030213485,0.0017537211580000035,0.5273038520275467,0.5273009357332764,0.27804627682518884,1.7393616,2.8028,0.36171418601613164,0.5885351462179976,-0.1667287327934015,3.2985945263095378,1.241224755165146,4.094297183307647,4.808662936770825,0.5273009357332764,0.2780462768251889,0.0161171896647,0.21509091386938417,0.2144862173345386,0.04600433742647892,0.76250621,1.3329,0.1447687519985811,-0.4382974807541573,0.46129783268491,3.5450414723842703,1.261218648683306,4.471072415326766,5.267063502816363,0.2144862173345386,0.04600433742647892
266,349.9,-0.0001600631650400026,0.504977847830435,0.5049778224627702,0.2550026011792411,1.7000804,3.045,0.334881329663698,-0.18883584849065652,0.10741869352749944,3.3666435216993222,1.2679216181112987,4.268640101636926,5.076665222594801,0.5049778224627702,0.2550026011792411,0.0013311001612800024,0.5311566851426975,0.5311550172446264,0.2821256523441394,1.6267616,2.7892,0.36255420385967085,0.6210879403803247,-0.10130705734416079,3.062677446228439,1.2458341700057032,3.815588214217194,4.486947283142384,0.5311550172446264,0.28212565234413944,0.01836037169196,0.2152087676801435,0.2144241367890729,0.04597771043773905,0.71136421,1.289758,0.14996566460313945,-0.26157024059239137,0.08410189819825575,3.3054611002525385,1.2359316169572148,4.085323882424294,4.743513869541495,0.2144241367890729,0.045977710437739044
267,350.8,-0.0006517694760900006,0.5008223023328396,0.5008218782266969,0.25082255371051637,1.5150804,2.8979999999999997,0.32650891401898735,-0.2409338954611165,0.1369187218769321,3.0251855657040974,1.2791725833728542,3.8697344352639793,4.64024207287613,0.5008218782266968,0.2508225537105163,0.0010544671648299992,0.5353846987172965,0.5353836603031592,0.2866356637196086,1.5523616,2.6688,0.36435026456445596,0.5577667514136011,-0.198096324477413,2.89952552569999,1.2449259585266277,3.609694594354484,4.2606298141588885,0.5353836603031593,0.28663566371960864,0.01617194966084,0.21758994342902532,0.21698813683151827,0.047083851525613694,1.0510062,1.6283999900000001,0.14432375218737112,-0.3981326971505351,0.5532608622227833,4.8302149604759785,1.266958850360114,6.11968359331687,7.282281565376091,0.21698813683151827,0.047083851525613694
268,351.7,-0.0006674293210000037,0.4997828628868656,0.4997824172312317,0.24978246457349293,1.5700804,2.9779999999999998,0.32467265472380624,-0.21842777753334558,0.22155879204063922,3.1415250833748867,1.2831674721120008,4.031102799810596,4.83588739968151,0.4997824172312316,0.2497824645734929,0.0008176859487400008,0.5253608226115517,0.5253601862767825,0.27600332532477556,1.5083616,2.4758,0.3620148017155051,0.5946872142722012,-0.2603502647145395,2.871096463763672,1.237486713381663,3.5529437267446213,4.16657438550087,0.5253601862767825,0.27600332532477556,0.013246453654739998,0.2170083571407002,0.2166036900296911,0.046917158534478504,1.0510062,1.57739999,0.14551102269723726,-0.5291619335259314,0.9430271458603259,4.8431600231808885,1.268774332101148,6.144877123670312,7.222863124169046,0.21660369002969113,0.04691715853447851
269,352.6,4.4181620000000256e-05,0.49925815469633966,0.4992581527414236,0.24925870307877868,1.4990804,2.8890000000000002,0.3270745261939662,-0.2255799754207475,0.15195445381244888,3.0026157527898074,1.276072911805275,3.831556626694877,4.583299156446671,0.49925815274142366,0.2492587030787787,0.002711725426460002,0.527816664135692,0.5278096981721171,0.27858307748454136,1.5011616,2.6506,0.36355358343589284,0.6039508587642328,-0.13266763112621316,2.8440966380971995,1.2427057020278152,3.5343751092815294,4.129134379072094,0.5278096981721171,0.27858307748454136,0.01749297967436,0.2128602228509152,0.2121402133831625,0.045003470134253716,0.69746621,1.2588599999999999,0.14458084932387213,-0.28254989158073374,0.1358823699181766,3.2766394803997607,1.2498483608367827,4.095302483630729,4.824056666299023,0.21214021338316247,0.04500347013425371
270,353.5,-0.0013896964720000024,0.5101740139252262,0.5101721211790121,0.2602755932282926,1.7630804,3.108,0.3317365691009175,-0.25248807913529125,0.20822023600205108,3.4558412460780614,1.2803982544553083,4.424853099153007,5.3147001694095835,0.510172121179012,0.2602755932282925,0.0006533481698799974,0.5311883873454141,0.5311879855444686,0.28216067598679057,1.5928616,2.7423,0.3575778935093652,0.5019868779270552,-0.2128506715828289,2.9986754943199,1.251091974547294,3.7516188452152663,4.454586340243883,0.5311879855444686,0.28216067598679057,0.012870189666830002,0.21876159366185846,0.21838267577675635,0.047690993079415885,0.86420621,1.3876,0.14576779448846144,-0.420296120762006,0.2959952922788509,3.9504475878696077,1.2639958193730172,4.993349235719404,5.928649829907442,0.21838267577675632,0.04769099307941588
271,354.4,0.0005091358879799968,0.5167994086515171,0.5167991578584522,0.2670813695632054,1.5870804,2.9619999999999997,0.3453081087036643,-0.1895968471967007,0.07602895153660105,3.0709795201607593,1.2646154047708957,3.8836080089312297,4.59612838504756,0.5167991578584521,0.2670813695632053,0.0015264335494800014,0.5314943963448853,0.5314922044081484,0.282483963346633,1.5408616,2.7033,0.3606653266660992,0.5849398914296604,-0.18353326980294238,2.8991116568614563,1.249386143180609,3.62210993161608,4.272275392379252,0.5314922044081484,0.282483963346633,0.01656604766976,0.21653365135231717,0.21589902323208895,0.046612388232570086,0.81320621,1.3326,0.14613232909874696,-0.42853425887308894,0.39000824057554606,3.755565035371107,1.2566713110699614,4.719510836808316,5.564861759306436,0.21589902323208893,0.04661238823257008
272,355.3,0.00045010323988000424,0.5145929015431807,0.5145927046953767,0.26480565172570314,1.6460804,2.974,0.3393801361306058,-0.21671126252163145,0.057164075337226894,3.198801217552111,1.269225852222504,4.060001201437961,4.850255582921118,0.5145927046953767,0.26480565172570314,1.209025750000281e-05,0.5283235827624175,0.5283235826240796,0.27912580795674274,1.5319616,2.7034000000000002,0.36143148536745423,0.566530312824553,-0.19202100042090242,2.8996653755070207,1.2443950833370931,3.608329336603743,4.23859476006223,0.5283235826240796,0.27912580795674274,0.01363900968342,0.2153586412233242,0.21492631705868886,0.04619332176441205,0.81320621,1.4206,0.14685400882599997,-0.3465022476072862,0.26739464663196433,3.7760556315765172,1.2492289942808354,4.717158178982817,5.537514545915649,0.2149263170586889,0.046193321764412064
273,356.2,-0.00035545786301999894,0.503883974006334,0.5038838486299432,0.2538989329101235,1.4950804,2.86,0.3304152265469894,-0.16478871603413117,0.07722115724233625,2.967112424935361,1.2741570432695581,3.780567194404008,4.524853214618364,0.5038838486299432,0.2538989329101235,0.0008079056429499971,0.5338592209071672,0.5338586095925397,0.2850050150360797,1.5014616,2.5839,0.3664789086316655,0.5514748432456319,-0.20570842193466055,2.8124672969938067,1.2422593327381843,3.4938137477114912,4.096993209257409,0.5338586095925397,0.2850050150360797,0.0124505397045,0.21731117728796226,0.21695421598887366,0.04706913183534684,0.69412621,1.26152,0.15141293010288567,-0.32798688725857505,-0.018850065595531706,3.1941578830075685,1.2336717627913762,3.9405423861639175,4.584325853335898,0.21695421598887366,0.04706913183534684
274,357.1,-0.00045438126112,0.5033448300914515,0.503344625001064,0.2533558115174617,1.5730804,2.949,0.33087793792647624,-0.2333004136551257,0.21310322872181287,3.1252539133345048,1.2776561721819113,3.9929999520075024,4.7542619790792795,0.503344625001064,0.2533558115174617,0.004775499155680001,0.5250362747375811,0.5250145563678504,0.27564028439813076,1.5303616,2.7598000000000003,0.35836050860494895,0.6083333051841674,-0.18358121802212368,2.9147730807074077,1.2446613760769156,3.627905473585233,4.270452695687646,0.5250145563678504,0.27564028439813076,0.015393739655839999,0.21383432521879195,0.21327951477154175,0.04548815142118429,0.67603621,1.24343,0.14432141276500515,-0.3107434575640913,0.111476016196987,3.1614952805555903,1.2548777467012144,3.967290073870123,4.684240522927616,0.21327951477154172,0.045488151421184286
275,358.0,-0.0002965219740120029,0.5056499850355567,0.5056498980927194,0.2556818194411775,1.5730804,3.029,0.3302246603406668,-0.2406993453542272,0.17992881864452137,3.1110065194392975,1.279182914850044,3.9795463876538504,4.763667251189469,0.5056498980927194,0.25568181944117757,0.0009592894474800009,0.5258367409987753,0.5258358659771784,0.2765033579479691,1.5096616,2.5231000000000003,0.3589030785880303,0.6006999127716,-0.15318398314335768,2.8709701743787357,1.245167792173285,3.5748395934265216,4.20632112139912,0.5258358659771784,0.27650335794796904,0.016125439682839998,0.21276629053272667,0.2121543414170253,0.045009464582091735,0.74744621,1.32984,0.1462007424140838,-0.33276426988707347,0.21495998679778028,3.51299168739811,1.243683074439501,4.369048302263693,5.112465215005619,0.2121543414170253,0.04500946458209174
276,358.9,0.0007601488479800002,0.5127785483002926,0.5127779848732631,0.2629412617706844,1.5620804,3.0999999999999996,0.3427105272244236,-0.20670893836046733,0.0648372622934672,3.046306061706031,1.2625560357657182,3.8461321049966433,4.558016973248894,0.512777984873263,0.26294126177068433,0.001384256159380004,0.5322804125676117,0.532278612606248,0.2833205214380322,1.5192616,2.6157000000000004,0.3583283369837183,0.5533094779269495,-0.21421261053143548,2.854250436666255,1.2500102121746137,3.5678421939366696,4.239858931583835,0.532278612606248,0.28332052143803227,0.01398668967092,0.21286884527709754,0.2124088458648892,0.04511751780165426,0.76171621,1.28811,0.14486418790230587,-0.37868089558981144,0.23877405781183914,3.5783358011288686,1.2512851052227183,4.477518289437756,5.258140200348822,0.2124088458648892,0.04511751780165426
277,359.8,0.00038825682796000185,0.5110200814890752,0.5110199339964504,0.26114137294173656,1.5190804,2.949,0.3346752712967193,-0.18641823547883565,0.155657765273034,2.97264325811524,1.2765242107917683,3.794651089031028,4.53896815893876,0.5110199339964505,0.2611413729417366,0.0027464091632399996,0.5239292212419099,0.523922022926945,0.27449428610786225,1.5125616,2.572,0.3569639079499817,0.565126844182421,-0.19720000770189117,2.8869578917828984,1.2456639664181377,3.5961794183604305,4.237295609762157,0.523922022926945,0.2744942861078623,0.009719760654809999,0.21816373483700977,0.21794710700269987,0.04750094145084631,0.76514621,1.34354,0.14529062199086146,-0.40536105141004836,0.4789586094977847,3.50721081380295,1.2693391154920157,4.451839872236669,5.2663151930626775,0.21794710700269987,0.04750094145084631
278,360.7,0.0001616970369799975,0.5045874862930454,0.5045874603848203,0.25460850517760253,1.5730804,2.997,0.33016166550272047,-0.19043539680597868,0.16067099843449606,3.1175572972620533,1.2772825736871949,3.982001608264171,4.764576158787999,0.5045874603848203,0.2546085051776026,0.0021378915495599993,0.526016973969509,0.5260126294337061,0.27668928632376144,1.5208616,2.5523,0.3621727129976922,0.5874720061974478,-0.20434655062224127,2.8912785618362156,1.2386090770022615,3.581163870832381,4.199271633171577,0.5260126294337061,0.27668928632376144,0.013875980652379999,0.21272175514651626,0.21226870300058176,0.04505800227354919,0.72104621,1.34944,0.14262711501415587,-0.3368780617186993,0.40922571135538055,3.389621383592691,1.2624699689533934,4.279295202908023,5.055463751955128,0.2122687030005818,0.0450580022735492
279,361.6,-8.158717512000457e-05,0.4942850584130151,0.4942850516795856,0.24431771231389057,1.4750804,2.9,0.32389224775918507,-0.2049937701908838,0.1141636865304494,2.984270665061154,1.2771077707860237,3.8112352564783745,4.554231878673203,0.49428505167958553,0.24431771231389054,0.0006046871495800005,0.5344161805780482,0.5344158384788761,0.28560028841708013,1.5689616,2.6424,0.3649237695375188,0.6026485365822569,-0.09443771500009035,2.935842246211448,1.2478774159599897,3.6635712358685137,4.299422868475798,0.5344158384788762,0.28560028841708024,0.01412706965925,0.2148748751138538,0.21440997611593768,0.04597163785803697,0.72104621,1.27044,0.1463048694261359,-0.32383335277610503,0.2061739793163233,3.355656214426865,1.251135962727015,4.198382168417846,4.928381487425683,0.21440997611593768,0.045971637858036964
280,362.5,0.003478265633729997,0.4967123800761789,0.49670020151910915,0.24671109018912363,1.4160804,2.7800000000000002,0.3302821328658863,-0.2080810984741786,0.1415790335752556,2.8509061919954988,1.2676186829888554,3.613861952422107,4.287487148373875,0.49670020151910915,0.24671109018912363,0.00509319815576,0.5257888285798638,0.5257641596685072,0.27642795159193156,1.5103616,2.6088,0.35931887627271375,0.5887790670120969,-0.1918649450423131,2.872563124019639,1.244244405111278,3.5741705953904104,4.203401768555222,0.5257641596685072,0.2764279515919315,0.016257373645759996,0.21123368137909398,0.21060713651513985,0.04435536595110675,0.74975621,1.36515,0.1442595801729189,-0.3412873360537137,0.23071806793282112,3.5494160074521344,1.2481944110918926,4.430361223141853,5.197271537192147,0.21060713651513982,0.04435536595110674
281,363.4,0.0009144878219399956,0.5013053061272453,0.5013044720161139,0.2513061736633547,1.5130804,2.887,0.3257120688500007,-0.23911104303549763,0.16066463171060485,3.018281238012545,1.2815149596910362,3.8679725590678573,4.645453898414845,0.5013044720161139,0.2513061736633547,0.003458740147280001,0.5260284944039195,0.5260171233348283,0.276694014041448,1.5583616,2.5618,0.3657338457408848,0.5687081956272539,-0.23848559168133487,2.962504154391657,1.2349109878271354,3.6584289317417937,4.26091710720169,0.5260171233348283,0.27669401404144794,0.015548869656800001,0.21181062421842997,0.21123913743479641,0.044621973184196806,0.69594621,1.2573400000000001,0.1429517579946334,-0.32943984582589686,0.24063257458912757,3.2857001983163254,1.2559778983407113,4.1267668296589965,4.868399100248398,0.21123913743479641,0.044621973184196806
282,364.3,-0.00012925777403999695,0.5106689255358133,0.5106689091772966,0.26078273480033,1.5289196,2.971,0.3329724273034006,-0.21356211053145321,0.13061011741669626,2.9939546417393603,1.279409351739003,3.830493567323734,4.591730349512893,0.5106689091772966,0.26078273480033,0.0015864848537400023,0.5255181780937952,0.5255157833717562,0.2761668385728306,1.5345616,2.6159999999999997,0.3586027542613018,0.5158307278986821,-0.23022575685470192,2.920092327854945,1.2433957085010565,3.6308302688816987,4.2792800160196665,0.5255157833717563,0.2761668385728307,0.013912959663922,0.21521803776663445,0.2147678591724343,0.046125233333510575,0.66443621,1.2168299999999999,0.14653604026092917,-0.31081476960741,0.05216494867584798,3.087270086164722,1.2509722181323628,3.8620891076631736,4.534285277648234,0.21476785917243432,0.04612523333351058
283,365.2,0.000440186830000002,0.5167692072919708,0.5167690198151652,0.26705021984072663,1.4950804,2.971,0.3409233760350998,-0.1670410977088763,0.0891886949158951,2.893129812890129,1.2726273024574764,3.681875989437668,4.385385412369241,0.5167690198151652,0.26705021984072663,0.002492618054800002,0.5353755626338033,0.5353697599983532,0.2866207799206943,1.5664616,2.6709,0.3670383692230261,0.575421946988134,-0.20836887782357127,2.925911657778559,1.2418829070833006,3.633639675430956,4.267841542877388,0.5353697599983532,0.28662077992069435,0.013801558655460002,0.21414102740596103,0.2136958038829037,0.045665896597160444,0.72592621,1.27932,0.14517895921868815,-0.4145254894486111,0.33957216580864547,3.3899445556680488,1.256502343318223,4.259473277915756,5.000216380574212,0.21369580388290374,0.04566589659716046
284,366.1,0.0023599108459399993,0.5118265970203221,0.5118211564972694,0.2619608962382024,1.5680804,2.956,0.34147060674005153,-0.21648767951366824,0.08187081473418667,3.0636946362866313,1.2666520846988147,3.880635197933039,4.592138734780529,0.5118211564972694,0.2619608962382024,0.0022273297488000043,0.5289925267634589,0.5289878376425861,0.27982813237377896,1.6190616,2.6475,0.3621204637990659,0.5722892805757301,-0.20428080775579538,3.0606511776374674,1.241857442953421,3.8008924452332424,4.471058009299326,0.528987837642586,0.2798281323737789,0.015671769678892,0.21010179944159355,0.20951649520676732,0.043897161763727356,0.64791621,1.2273100000000001,0.1480472749737585,-0.2774714844950558,-0.059624676759364004,3.0838203752753435,1.2282916286962653,3.7878307513536797,4.376414291413629,0.20951649520676732,0.043897161763727356
285,367.0,0.0008732799079499997,0.4998783665412126,0.49987760373726814,0.2498776187181133,1.4859196,2.961,0.32622747297252064,-0.1863223205183228,0.14207501302231895,2.972562326074363,1.27948817691309,3.8033583513494205,4.5548573406788595,0.49987760373726814,0.24987761871811326,0.0016801611620599992,0.5264267108525735,0.5264240296163621,0.2771222589575285,1.6299616,2.7274,0.36039051647454085,0.5681436758148236,-0.19652579213193544,3.096274498230149,1.2423151546332336,3.8465487320557257,4.522764960479047,0.5264240296163621,0.2771222589575285,0.01345552966736,0.2152501605263398,0.21482918872440457,0.04615158032798584,0.67989621,1.25329,0.14569830946702708,-0.3818837992643347,0.16541696921145466,3.1586327663472393,1.2552745198032897,3.9649512290114672,4.6664660179455755,0.21482918872440457,0.04615158032798584
286,367.9,0.002315146936979999,0.5025096540103321,0.5025043208453475,0.25251059246824387,1.5520804,2.9299999999999997,0.33435039653241083,-0.18175551992479724,0.11206249114356392,3.088657874756149,1.2693023349927457,3.9204406524217115,4.642077341904831,0.5025043208453475,0.25251059246824387,0.004921070152500002,0.5299024439376084,0.5298795930771485,0.2807723831596045,1.6299616,2.6314,0.3644649014466737,0.6115227265779838,-0.1830337290530637,3.07596543221815,1.2411614404726166,3.817769686695854,4.472204575886948,0.5298795930771485,0.28077238315960446,0.0163598596622,0.21229369513320026,0.2116623915227769,0.0448009679851413,0.69668621,1.23408,0.143302261080276,-0.3708173377641609,0.2127197545479973,3.2817093770160035,1.253975989777522,4.115184764205818,4.8616553901387904,0.2116623915227769,0.044800967985141306
287,368.8,0.0019647816229599996,0.5114289197299129,0.5114251456169121,0.2615556795692797,1.5890804,3.05,0.33725953924242225,-0.2332635959034494,0.1772851726660658,3.1071383308538714,1.2734540309701423,3.956797832207702,4.711743375945754,0.5114251456169121,0.2615556795692798,0.002125840147259997,0.5331324622643225,0.5331282239046135,0.2842257031236876,1.5432616,2.6696999999999997,0.36749511487080755,0.5489413708057536,-0.19955324047494516,2.8947057424442932,1.240010358806693,3.5894651063281424,4.1994071146837735,0.5331282239046133,0.2842257031236875,0.01779752669082,0.21331761151725875,0.2125738728703922,0.04518765142711767,0.69878921,1.323183,0.1487677821072935,-0.21236145092732517,-0.03773530837103367,3.2758158364409753,1.233691726137302,4.041346893766777,4.697181070401541,0.21257387287039223,0.04518765142711768
288,369.7,0.0011699699389599992,0.5108221501676689,0.5108208103359361,0.2609379002722623,1.6370804,3.0330000000000004,0.3390389221257752,-0.19430003368060686,0.11045572908771373,3.204795249114894,1.2688195480271278,4.066306859501447,4.828591330268219,0.510820810335936,0.26093790027226227,0.00218663576588,0.5314078616879516,0.5314033628871654,0.28238953408778844,1.4819616,2.6084,0.35997721996019255,0.5014846435194596,-0.26200832554098064,2.788746096628551,1.2468875556060846,3.4772528036311834,4.116820503708207,0.5314033628871654,0.28238953408778844,0.017198519652919998,0.2094086629837815,0.208701219580536,0.043556199054403104,0.69238621,1.21478,0.14303087407731382,-0.3466593500051414,0.1447606792907985,3.3063876161304018,1.2480558171280738,4.1265562979917725,4.840816463344396,0.20870121958053597,0.0435561990544031
289,370.6,0.0009456594358800019,0.5104903679928038,0.5104894920972023,0.26059952154165955,1.4829196,2.9450000000000003,0.3330106603930906,-0.1404648153355655,0.20162025458278654,2.9048924190885113,1.2807020517241263,3.720301681164517,4.453069455042491,0.5104894920972023,0.26059952154165955,0.006293349367500004,0.5310130863971142,0.5309757919893595,0.2819352916787276,1.5399616,2.6574,0.3601742330009287,0.5956052606390121,-0.17233069069430496,2.9000445364699567,1.2488119691221637,3.621610328131019,4.2756018029641485,0.5309757919893596,0.28193529167872766,0.015759787636763,0.21405346256382418,0.21347251328732375,0.045570513929206614,0.74401621,1.3284099999999999,0.14278716946066228,-0.35308928148742247,0.43784276242845754,3.475842909002965,1.2661004044895872,4.400766113030917,5.210665725851339,0.21347251328732372,0.0455705139292066
290,371.5,-0.0013234367700400002,0.5031278618431523,0.503126121243946,0.2531358938779778,1.5750804,2.9530000000000003,0.32964922577225814,-0.21723506641864104,0.15575938014140167,3.1305767767061643,1.2761634118962175,3.995127540564402,4.778049747607058,0.503126121243946,0.25313589387797786,0.0026558161643800045,0.5280441369498903,0.5280374581482411,0.27882355720765545,1.5306616,2.5511,0.3563653569134396,0.5911596580790998,-0.11862708289086044,2.8987379896716,1.252134528231549,3.6296099251643175,4.295203139994874,0.5280374581482411,0.27882355720765545,0.015811188665860003,0.2166411286496247,0.2160633817553447,0.04668338493555582,0.72364621,1.35204,0.1478773511312521,-0.27683624641326815,0.16076299726777288,3.3402992982480177,1.2502625769123277,4.176251208286007,4.893556751349369,0.21606338175534473,0.04668338493555583
291,372.4,-0.00010263318600000071,0.5026838969823811,0.5026838865050502,0.25269108975182225,1.5880804,3.002,0.32483204799655324,-0.2250699416658324,0.2656058651297326,3.1592028500082656,1.2867817911329245,4.065204701885876,4.888927708317903,0.5026838865050502,0.2526910897518222,-0.00114887884894,0.5329788625012627,0.532977624249396,0.28406514795053034,1.5238616,2.6243,0.3594807564477198,0.5918414604222654,-0.1653360907009631,2.8591407787703584,1.2521495755960665,3.5800719127067118,4.2390630726894525,0.532977624249396,0.28406514795053034,0.01445558965486,0.2188401969818976,0.21836223973664964,0.047682067742806054,0.75709621,1.3344900000000002,0.14580051112760703,-0.36133425570326166,0.3375446765981791,3.459584758382514,1.2650637107517768,4.376595132099673,5.192685568415991,0.21836223973664964,0.04768206774280605
292,373.3,0.0037000138238799975,0.49524961441613224,0.4952357928068515,0.24525849047703074,1.4840804,2.855,0.32413684876307836,-0.22488288873056808,0.2345929856758886,2.9966311064161784,1.2803997433957315,3.836885699706942,4.5785612023542575,0.4952357928068515,0.24525849047703072,0.0033434611517600002,0.5285196912797135,0.5285091156620956,0.27932188533793034,1.5238616,2.6263,0.35981354489619977,0.6237388771796335,-0.12438891499166793,2.883263623177877,1.249746600711986,3.6033489120230766,4.2351423997659925,0.5285091156620957,0.2793218853379304,0.01689853966482,0.21067910083900906,0.21000029258915295,0.04410012288752985,0.69620621,1.2356,0.14275599793282476,-0.2551400606045224,0.16033915662681064,3.3045812670902164,1.2526309792144437,4.139420868488925,4.876896383209108,0.21000029258915295,0.044100122887529854
293,374.2,0.0010397718049999997,0.5071221882870618,0.5071211223442104,0.2571718327276516,1.4590804,2.8579999999999997,0.33301852157549233,-0.2290112142138706,0.16221265807844576,2.8771772044296204,1.2762461363108584,3.6719862906349796,4.381379128996101,0.5071211223442105,0.25717183272765165,0.001974130151180002,0.523450317332261,0.523446594721363,0.2739963375253909,1.5132616,2.5967000000000002,0.35460996449982346,0.5693456165191374,-0.11507511558452954,2.890936445911933,1.25080170457027,3.6159882343509637,4.26739728573181,0.523446594721363,0.2739963375253908,0.015381379666322,0.20978651549938546,0.20922188041630432,0.04377379524493435,0.69576621,1.27516,0.14148267715567892,-0.2547776879500682,0.14434128618959186,3.3165440035255185,1.2548742165146392,4.16184555796041,4.917677725552375,0.20922188041630435,0.043773795244934355
294,375.1,-0.0012213283000699997,0.5102703738204909,0.5102689121983496,0.26037436275608694,1.5900804,3.0,0.33384662119908703,-0.21077762102889322,0.21191145206330297,3.116152693903757,1.2784234221080442,3.9837625907516423,4.762906972935236,0.5102689121983496,0.26037436275608694,0.0009055761496800021,0.524901170482433,0.5249003893175022,0.2755204187056653,1.4834616,2.4519,0.3597256063210911,0.5897646490323132,-0.21947794060650594,2.8261731606286205,1.2423404508601412,3.511069238584191,4.123869899536321,0.5249003893175022,0.27552041870566535,0.015197069652879997,0.21193505676825405,0.21138949207878943,0.04468551736132858,0.74997621,1.28937,0.14408155574247009,-0.283744935980445,0.0730611786905433,3.5387076656226872,1.2513075690667133,4.428011686708069,5.205220100069574,0.21138949207878946,0.044685517361328586
295,376.0,0.002194608818870002,0.5105637428202784,0.5105590261417219,0.26067051917478345,1.5690804,2.98,0.3342340387583235,-0.24187840615412365,0.1914410263377837,3.0732311529460214,1.2794749721398806,3.9321223437950237,4.694555963926115,0.5105590261417219,0.26067051917478345,0.004616812146400002,0.530324396320229,0.5303042997921289,0.2812226503780201,1.4605616,2.529,0.3648148255020545,0.6085526404400661,-0.21346167321603904,2.754090911401444,1.2406814286579322,3.41694944661137,4.003569750735841,0.5303042997921288,0.28122265037802,0.017399481673782,0.21470898127663504,0.21400281465049506,0.04579720467833414,0.71496021,1.306354,0.14759843045930307,-0.32830425700611204,0.2678599374546553,3.3299036013720915,1.2465781355452281,4.150985022943762,4.843955371172691,0.21400281465049506,0.04579720467833414
296,376.9,0.00246617393497,0.5096154191871188,0.5096094518936882,0.2597017934593853,1.6500804,3.084,0.33247173809580105,-0.19375491199605513,0.12271748432340646,3.237893395439295,1.2790705178773722,4.141493982136263,4.963069671577717,0.5096094518936881,0.25970179345938527,0.0021008459312599967,0.5325674618395726,0.5325633181665987,0.28362368785661785,1.5188616,2.5913,0.36724479590027964,0.591517060432704,-0.1404770219643643,2.851960941724849,1.2420052804363735,3.5421505492205547,4.1358287903756334,0.5325633181665986,0.2836236878566178,0.018040122636165598,0.21339017331862928,0.21262624495632412,0.045209920044226755,0.71223321,1.319627,0.1427756767018992,-0.36387596427686136,0.2724659248752488,3.3377038826268244,1.2620046699989627,4.212197886948722,4.988477214414252,0.21262624495632412,0.04520992004422675
297,377.8,-0.00024139916706000087,0.4984554663888268,0.49845540793469684,0.248457793699345,1.6490804,2.987,0.32796810408443594,-0.18776601488491945,0.14803676658519604,3.308380610101711,1.2758914837857107,4.221134645550547,5.028173104221871,0.4984554079346968,0.24845779369934498,0.0002596191582800023,0.5278201019101928,0.5278200380606811,0.27859399257837886,1.5358616,2.6263,0.35957340852740116,0.6060338803773483,-0.1290939948344212,2.9098202104119992,1.2485536587994615,3.6330666701585206,4.271343663286937,0.527820038060681,0.2785939925783788,0.015097840667259999,0.21674799289690166,0.2162215244419976,0.04675174763202136,0.99300621,1.5804,0.148150644098916,-0.3505333990090902,0.40539990204466614,4.581385953005495,1.250308107360104,5.728143999988466,6.70267899299174,0.21622152444199758,0.046751747632021355
298,378.7,-0.000801145978059997,0.5012672252738356,0.501266585061135,0.2512681892988521,1.4940804,2.912,0.327306539009382,-0.187255014944204,0.15846494597204241,2.980606599970313,1.278560345098114,3.8108854030597596,4.564774063243427,0.501266585061135,0.2512681892988521,0.003643580145859999,0.5278241810115347,0.5278116050109338,0.278585090384218,1.5248616,2.5913,0.36057458608555887,0.5919210156267509,-0.20892346667665418,2.8889574499556256,1.2454380030168408,3.598017397273359,4.228976913082203,0.5278116050109338,0.278585090384218,0.01679294965383,0.21172823061950535,0.21106122448993414,0.044546840483190374,0.71968621,1.30708,0.14444001441687981,-0.31324574577316044,0.13125689636625326,3.3991036901136757,1.2491011728516515,4.245824405965369,4.982595805639124,0.21106122448993414,0.044546840483190374
299,379.6,0.0010379752508900008,0.5092655860118683,0.5092645282202464,0.25935035970339015,1.6210804,3.0090000000000003,0.3362445787498534,-0.24654731431138502,0.1682614203074091,3.183172875856216,1.2711829236535974,4.046395002825735,4.821134681270179,0.5092645282202464,0.25935035970339015,0.002471321150099998,0.5285552166067762,0.528549439101026,0.27936450957400927,1.4812616,2.5207,0.3614773588395027,0.5801376907375627,-0.21869304948254564,2.802472766250265,1.2440064156601405,3.486294100928151,4.097799111832301,0.528549439101026,0.27936450957400927,0.016461119678320004,0.21344316749049796,0.21280746529976996,0.04528701728731279,0.71040621,1.2258,0.14595172444780313,-0.2708806420139253,0.10078546002209476,3.328315534071269,1.2459841988017,4.147028564079042,4.867405388238927,0.21280746529976996,0.04528701728731279
300,380.5,0.0010024538429300016,0.5109422504066831,0.5109412670130867,0.2610609783369384,1.5590804,3.044,0.3370289062421675,-0.1848338808386366,0.15870423247938836,3.051382810403826,1.2718718981396993,3.8809680470191643,4.6259545431386355,0.5109412670130867,0.2610609783369384,0.0028899931632600027,0.5282124567277898,0.5282045507016421,0.2790000473819235,1.4399616,2.5473999999999997,0.35853361901760633,0.5658512184180676,-0.17008956697761812,2.72610307019335,1.2490895941967037,3.4051469776862,4.016252656990831,0.5282045507016421,0.2790000473819235,0.01712527965335,0.21245973670827628,0.21176842191163592,0.044845864518944636,0.69167621,1.30707,0.14382495803637968,-0.2740826151006227,0.22990388977606413,3.2555637162900433,1.2569322760196808,4.092023111643535,4.8091528719587355,0.2117684219116359,0.04484586451894463
301,381.4,-0.0004230922652399993,0.5142258171094041,0.5142256430544566,0.26442801197476945,1.5360804,2.948,0.3383768435972562,-0.14728156405849127,0.10913086176545406,2.9871709060324974,1.2732065325122857,3.8032855112912185,4.5395553184729085,0.5142256430544566,0.2644280119747694,0.0036283641728400012,0.5237376801844887,0.5237251116935859,0.27428799261845904,1.5399616,2.5884,0.35382607720128584,0.6066665055202037,-0.14770944793024032,2.94032997484073,1.2519217185868345,3.6810629553149905,4.3523123342996035,0.5237251116935859,0.27428799261845904,0.01360497466238,0.2173813312792669,0.21695517475548348,0.04706954785318238,0.79715621,1.49755,0.14419263278318217,-0.38577073706289455,0.40794466588783385,3.6670867976970114,1.2681338800437914,4.650357009220873,5.528411504897467,0.2169551747554835,0.04706954785318239
302,382.3,0.0005667548329799951,0.5055435458615322,0.5055432281726364,0.2555739555512104,1.5560804,3.04,0.33062807310959746,-0.1769788225682537,0.1315639109592177,3.078034350825653,1.278320397869409,3.934714096003157,4.7064376154295475,0.5055432281726364,0.2555739555512103,0.0031559731436400034,0.5266387233091521,0.5266292668682687,0.27733838472221023,1.6463616,2.7678000000000003,0.35747714718013457,0.6017804032164022,-0.09589038694556562,3.1261689031429967,1.2497675618535382,3.9069844880233733,4.605501674685767,0.5266292668682688,0.2773383847222103,0.016899049681792,0.21451632102003101,0.21384965303647638,0.04573167410382133,0.77014621,1.31954,0.1464440128191533,-0.2887036694786396,0.2202025741881326,3.5901520515452328,1.2491358216702773,4.4845875328281855,5.258980515311809,0.21384965303647638,0.045731674103821326
303,383.2,-0.0005595421769999995,0.4952281779657865,0.4952278618614514,0.2452506351638648,1.5170804,2.883,0.3247098976730221,-0.1803278212240064,0.20356496630541265,3.0633967683979595,1.277355343741992,3.913046232115083,4.6721101231342095,0.4952278618614514,0.2452506351638648,0.002058496147800002,0.5337410451084503,0.5337370755597463,0.2848752658270703,1.5537616,2.6992000000000003,0.3645693576921103,0.5748184321285752,-0.15908795978067092,2.9110775988462585,1.245215811420241,3.6249198543546304,4.261909475431553,0.5337370755597463,0.2848752658270703,0.0154381526374,0.2140316556996683,0.21347415085833155,0.045571213084685695,0.75067621,1.27407,0.14296969635622278,-0.3609919523224393,0.4573788065033635,3.5073139416972854,1.267421762908101,4.445246019058135,5.25059665881655,0.21347415085833152,0.04557121308468569
304,384.1,0.0029464538330000014,0.49551239927566015,0.4955036389833391,0.24552385624573123,1.4700804,2.851,0.3308617095460603,-0.20304727961448307,0.0712587863880989,2.966788322853198,1.2649011680823024,3.7526940150299453,4.44318685899598,0.4955036389833391,0.24552385624573125,0.005619182158039999,0.5284267593033993,0.5283968818414503,0.27920326473976753,1.5179616,2.6264000000000003,0.3552943698617932,0.6314138632547474,-0.0983732921920275,2.8726054713827494,1.2557415131586345,3.607249941341946,4.272405443943498,0.5283968818414502,0.2792032647397675,0.016411363655920004,0.20844591558222536,0.2077988615605614,0.04318036686586536,0.74559621,1.27999,0.1397341952169689,-0.3772807720142766,0.3722997563631876,3.5769288542662077,1.261448473299809,4.512111442316143,5.335817827857337,0.2077988615605614,0.04318036686586536
305,385.0,0.0009401612350000006,0.5039063976737335,0.5039055206220417,0.25392077371337096,1.6510804,3.081,0.3310844840091338,-0.20685077137003274,0.2462792214831775,3.276561694041107,1.2777521748974874,4.18663383074682,4.986885462003259,0.5039055206220417,0.25392077371337096,0.0033938269396800035,0.5270702724570532,0.5270593458488863,0.27779155404665584,1.5892616,2.7277,0.36334474421842866,0.5652982813411542,-0.19030273571801848,3.015274590599295,1.2404278308360421,3.7402305197921186,4.373977125824608,0.5270593458488863,0.27779155404665584,0.016311669665670003,0.2153966357312712,0.2147781183385961,0.046129640117067994,0.78888621,1.39228,0.1468594355234461,-0.28675818845625667,0.1392386084332573,3.6624815764727834,1.2495368917211571,4.576405845051805,5.371709398093488,0.2147781183385961,0.046129640117067994
306,385.9,-0.0017119321662000023,0.5103496045594549,0.5103467332728312,0.26045378816225034,1.6040804,3.077,0.33481640245352273,-0.18629986697986226,0.16929541089694533,3.1431010931901824,1.2755947735234665,4.009323327129291,4.790925379537429,0.5103467332728312,0.26045378816225034,0.0009122721593799959,0.5287568809887166,0.5287560940097269,0.2795830069524231,1.6804616,2.7959,0.3626685985225615,0.5759937992568932,-0.20634171170333726,3.178136607617708,1.2400141011004453,3.940934208669491,4.633601052988488,0.5287560940097268,0.27958300695242305,0.016159778665260003,0.21385262712218847,0.2132411960211994,0.04547180768055159,0.75718621,1.28558,0.14464787310634822,-0.4034844012653577,0.34409897499604236,3.540691644472379,1.2543600134148607,4.441302018658258,5.234686094853952,0.2132411960211994,0.04547180768055159
307,386.8,0.001018296744957997,0.5090607266039365,0.5090597081308509,0.25914178644226704,1.5420804,2.905,0.33932588169223177,-0.17215880030654918,0.09322621235661988,3.0292660961838087,1.2681291053591741,3.841500504448451,4.544541053896576,0.5090597081308509,0.25914178644226704,0.0035589861546999986,0.526798999892621,0.5267869777295339,0.27750451990541636,1.4713616,2.5448,0.3565628468028413,0.606127424798927,-0.1642371593600469,2.7930227663680305,1.2507262473876897,3.4933068834478704,4.126514058301701,0.5267869777295339,0.2775045199054164,0.012727199668191799,0.21186337895029217,0.21148075498456373,0.044724109728841076,0.72210621,1.2565,0.14391137005670196,-0.34417735870050953,0.16251303354872038,3.4083578463525877,1.2500965977959928,4.260776547796647,5.017714790120375,0.21148075498456376,0.04472410972884108
308,387.7,0.0029503438457400017,0.5002268502405255,0.5002181495835082,0.250218197172749,1.6070804,2.987,0.333884783992964,-0.16974941558922318,0.07515647755890242,3.212703195014948,1.264869096639384,4.06364898804902,4.81327834344756,0.5002181495835082,0.25021819717274896,0.00460437936039,0.5237443068631578,0.5237240672933364,0.2742868986622752,1.4927616,2.6262,0.35386135242063077,0.5785177538321031,-0.14518388390982118,2.8501724609486283,1.2521931271293727,3.568966366733283,4.218492892169733,0.5237240672933364,0.2742868986622752,0.01501838965066,0.2132365937457097,0.21270705884989757,0.04524429288457379,0.74644621,1.28384,0.1405926068932126,-0.3427546722490525,0.16130372195480636,3.5005539944525514,1.266221011854976,4.432475020908687,5.309284936774554,0.21270705884989757,0.045244292884573795
309,388.6,-0.000558990192019996,0.488730428333134,0.4887301086577886,0.23885711910865387,1.5320804,2.905,0.3162945458944786,-0.14769304124344929,0.20835103729751658,3.13481688714435,1.2848516806123391,4.027774745859359,4.843840717098956,0.4887301086577886,0.23885711910865387,0.001616896240580002,0.5176196686723302,0.517617143304779,0.2679275070430001,1.4204616,2.4179,0.3577071982760798,0.586689489614443,-0.24972499807202375,2.744218749730698,1.2359712671047338,3.391775525317219,3.971017655908849,0.5176171433047789,0.26792750704300006,0.01504157666542,0.20995231619182916,0.20941281251569135,0.0438537260457321,0.72056621,1.25896,0.1433782091891482,-0.3684030389153429,0.21926775019754974,3.4320469669962264,1.2482632706434784,4.2840981720247395,5.025632654188131,0.20941281251569138,0.04385372604573211
310,389.5,-0.0006002415341200007,0.4964957101412263,0.49649534730825157,0.24650762989874134,1.3639196,2.7270000000000003,0.3259588731206834,-0.18129593505402397,0.0744672698022999,2.74709241619034,1.2731483484997572,3.4974561728489393,4.184330332664455,0.49649534730825157,0.24650762989874134,0.0035140631543800005,0.5252857367893062,0.5252739824457625,0.27591275663443127,1.5860616,2.6835,0.35732473938576287,0.6159583892854507,-0.11646401355830394,3.0194263596313378,1.250313217718675,3.7752286873752436,4.4387119759085865,0.5252739824457626,0.2759127566344313,0.01634443966588,0.21005409364975683,0.20941724272616433,0.04385558155102923,0.68001621,1.2074099999999999,0.145150409951945,-0.3116169952494018,0.05319268364721497,3.237338526398137,1.2391738213281696,4.0116251526896844,4.684907264300068,0.20941724272616433,0.04385558155102923
311,390.4,0.0013226477189599976,0.5074874238119912,0.5074857002225216,0.2575417359303431,1.6100804,3.041,0.3311902870873395,-0.24166316306275526,0.18387135183448722,3.1726508371495847,1.2781929935581604,4.055260071051031,4.861496435055172,0.5074857002225216,0.2575417359303431,0.0036090341278000038,0.531142603869218,0.531130342305575,0.2820994405176373,1.5916616,2.6641,0.3708492012674662,0.5537397898218254,-0.23900718925393827,2.9966746941503324,1.2336098598945804,3.6967274496004263,4.291937516813072,0.531130342305575,0.2820994405176373,0.01391027967192,0.21903083519983416,0.21858867968809795,0.04778101088778588,0.68554621,1.31694,0.14803783761155795,-0.28071971539821083,0.12727238554864684,3.129907299922121,1.2564575697017395,3.9325957194518817,4.6308850565544635,0.21858867968809792,0.04778101088778587
312,391.3,0.0020218348249300003,0.5161515199085768,0.5161475599941112,0.26640830368787466,1.5180804,2.9770000000000003,0.33639371432360066,-0.1841298063228788,0.13801107025332415,2.9411526295009067,1.2778885174917607,3.758465173429907,4.512808460325903,0.5161475599941112,0.26640830368787466,0.003497734161760001,0.5288515899701748,0.5288400231352726,0.27967177006971566,1.4697616,2.5392,0.3624844825626243,0.5922963549373361,-0.2137380824643884,2.779157003353037,1.242795222678505,3.4539230468406648,4.0546883265439595,0.5288400231352726,0.2796717700697156,0.017923686675723603,0.21366901117614634,0.21291591719019656,0.04533318779294264,0.70377221,1.2781660000000001,0.14432522561701655,-0.3560593673740073,0.2621215754864856,3.293749552759516,1.2538673921081047,4.129925161975811,4.876293849472578,0.21291591719019656,0.045333187792942646
313,392.2,0.000975419227980002,0.507843853663125,0.5078429169150075,0.2579044282607432,1.5700804,3.0069999999999997,0.3301406941078288,-0.17693724057210125,0.167883020657011,3.091659746740782,1.2814241760056044,3.9617275434570027,4.755791782176324,0.5078429169150075,0.25790442826074317,0.004064665163580004,0.5235001104989274,0.5234843304144806,0.2740358441894971,1.5114616,2.5769,0.35454006997423604,0.6338366387846016,-0.09733668469247858,2.8872230772969374,1.2515826103105652,3.613598195632204,4.263161566222504,0.5234843304144806,0.27403584418949717,0.0153589496536,0.2141636952821405,0.21361224459857095,0.045630191042439705,0.82590621,1.5043,0.14365345308047245,-0.3709822949394387,0.3791131118522699,3.8564249132512693,1.260483459486212,4.860959815903775,5.7492959082392545,0.21361224459857095,0.045630191042439705
314,393.1,-0.00013269076413999903,0.5057627185370943,0.5057627011308694,0.2557959098551932,1.6390804,3.087,0.33237001680049916,-0.17282841133664842,0.16763002661675586,3.2408090591196563,1.2759367857355364,4.135067494075742,4.93149296611745,0.5057627011308695,0.25579590985519324,0.0034296901584800047,0.5303562272071728,0.5303451375876308,0.28126596496284306,1.5233616,2.5987999999999998,0.35889963074469355,0.6039203281598711,-0.12816577811604501,2.872336595389744,1.2511258200625495,3.5936544784026645,4.244533762375634,0.5303451375876308,0.28126596496284306,0.01590867467538,0.2132853521062874,0.21269122100635918,0.04523755549317592,0.71004321,1.276437,0.14629157654151012,-0.2968960518786991,0.07695345458659952,3.3290762960888243,1.242850881785497,4.137545410125192,4.853616501962612,0.2126912210063592,0.04523755549317593
315,394.0,0.0013999292369,0.5012271549496181,0.501225199942122,0.25122670105702016,1.5600804,3.027,0.3254515296258516,-0.22690657014274043,0.3313522802211444,3.1125217071625233,1.2866088214727236,4.004597885460644,4.793587548331738,0.501225199942122,0.25122670105702016,0.003519455141579998,0.5312901308110863,0.5312784736207252,0.28225681653276763,1.5772616,2.6327,0.36921895312121905,0.6052246432442642,-0.2112964825733914,2.9687387521994744,1.234488119011927,3.6648727180405443,4.271886875433954,0.5312784736207252,0.2822568165327676,0.015705799652959998,0.2124923473219458,0.21191112648384353,0.04490632552765153,0.67690621,1.2433,0.14273261476529278,-0.24170252450559238,0.14893448044049462,3.1855557083871058,1.2588729467835662,4.010209901760486,4.742477471691341,0.21191112648384355,0.04490632552765154
316,394.9,0.0025831642208500004,0.5028925520818481,0.5028859176811402,0.2528942462020025,1.5340804,2.988,0.3230417178721112,-0.22459505397163693,0.3097990199837368,3.050513263020688,1.2914593708986088,3.9396139395785603,4.748861571517912,0.5028859176811402,0.2528942462020025,0.003589411155080001,0.5198305537508492,0.5198181612260909,0.2702109207404742,1.5078616,2.5073,0.3526360068569195,0.6196480119921074,-0.12895620430219834,2.9006790561270215,1.2493553580383228,3.623978920721839,4.275971740491629,0.5198181612260909,0.2702109207404742,0.013987661854840003,0.21164644145156625,0.21118371503254202,0.04459856149494591,0.74517621,1.33857,0.14275683864015268,-0.3109466944200164,0.30651587261923696,3.5208539528907137,1.2578725790203358,4.428785642076585,5.21989851483309,0.21118371503254202,0.04459856149494591
317,395.8,0.0013755213419599987,0.5126936972832263,0.5126918520661142,0.26285293517498237,1.5080804,2.9240000000000004,0.3346153027158614,-0.17887377388868933,0.21280872689761088,2.941484180498701,1.2805067772751972,3.7665904283763663,4.506908045626911,0.5126918520661142,0.2628529351749823,0.0033754999571800025,0.5237261683923145,0.5237152904574527,0.27427770545893404,1.5229616,2.5814,0.3515420533942393,0.6065481748362835,-0.10548639043352326,2.9079348940593226,1.2555579761379687,3.6510808503261014,4.3322316214955485,0.5237152904574528,0.2742777054589341,0.0133281626762518,0.21457513941295298,0.2141608053163874,0.04586485053376359,0.74517621,1.31357,0.14489575545595604,-0.3116314155232238,0.23875156652162977,3.4727984427212584,1.2539063573926947,4.354564045271636,5.142843609566681,0.2141608053163874,0.04586485053376358
318,396.7,-0.000950870962030001,0.5126554243767895,0.5126545425404516,0.2628146799873597,1.6230804,3.164,0.3341454720402393,-0.20628030102717324,0.29979488188847325,3.166025994893355,1.2844424229305629,4.066578099941967,4.857406536409811,0.5126545425404515,0.26281467998735963,-0.0006671808536299997,0.5241512343780228,0.5241508097577582,0.27473407136971356,1.4952616,2.5657,0.36050345654488064,0.593219693534839,-0.18834533144857835,2.852729330637431,1.2405250818595077,3.5388822864120177,4.147703920319689,0.5241508097577582,0.27473407136971356,0.013704198643299999,0.2129718464001048,0.21253047381167434,0.04516920229861479,0.70635321,1.301747,0.14227622664486964,-0.3265475122779019,0.2680763182767878,3.316650636878041,1.2639258514317633,4.192000480117778,4.964660833767414,0.21253047381167436,0.0451692022986148
319,397.6,0.00022047983183799902,0.5105765248969077,0.510576477292527,0.2606883391644463,1.6230804,3.1100000000000003,0.33364307214475203,-0.18223561118946718,0.19952668560330356,3.178917010192981,1.279031143129764,4.06593385746178,4.864720821464627,0.510576477292527,0.2606883391644463,0.0037595221544500044,0.5291792851578989,0.5291659303407534,0.2800165818333951,1.6039616,2.6634,0.36273542907594497,0.6075304940084769,-0.1901015392988672,3.03103625744043,1.2417759270873603,3.763867858618493,4.421849842696735,0.5291659303407534,0.2800165818333951,0.01480982265424,0.21267298615639896,0.21215670669019593,0.045010468193629825,0.73951621,1.3159100000000001,0.14581641884678112,-0.2515046301006231,0.22325921252214265,3.4772456218589154,1.248194844070267,4.340280056770208,5.07155652188289,0.21215670669019596,0.04501046819362983
320,398.5,0.0026506653369600024,0.5059357424017384,0.505928798758155,0.2559639494128697,1.6880804,3.13,0.3339067683021225,-0.19301848427907387,0.14104790751759477,3.336550985677504,1.2722870722722508,4.245050685054724,5.055544122641463,0.505928798758155,0.2559639494128697,0.005942874174079998,0.5327353676790959,0.5327022190893638,0.28377165422273254,1.5205616,2.566,0.3601844063801056,0.6294618089821654,-0.16521746279953442,2.8542531475326065,1.249608716186888,3.566699611360605,4.2216197399599205,0.5327022190893639,0.2837716542227326,0.01485485965342,0.21469996434122757,0.2141854519634832,0.04587540783280158,0.71972621,1.33912,0.14530669387159706,-0.27925404676162274,0.1414269959288501,3.352241870222776,1.254059770225874,4.203911669513129,4.953152472356155,0.21418545196348324,0.045875407832801585
321,399.4,0.0009534004180000016,0.49358544754361755,0.49358452675755166,0.2436256850544762,1.6450804,3.048,0.3233469138778128,-0.18952218074093177,0.17287862775244855,3.332919169693767,1.276088361862326,4.253099363474063,5.0876638353247055,0.49358452675755166,0.2436256850544762,0.001064612163999998,0.5230556348116369,0.5230545513702607,0.27358606370914473,1.5205616,2.5,0.3548504056963827,0.6238455831923756,-0.10727588198295956,2.907074312558712,1.248688576732143,3.630030485803511,4.285077811918929,0.5230545513702607,0.2735860637091447,0.0160436996523018,0.2113397644723595,0.21072991185092618,0.04440709574869912,0.68659621,1.24999,0.1411239389040991,-0.3550034936031262,0.24915110082148573,3.24877910086721,1.261070373667853,4.096939074694924,4.865200159035932,0.21072991185092618,0.044407095748699124
322,400.3,-0.0006720900689999985,0.5061195769222827,0.506119130678667,0.25615657443892964,1.6450804,3.04,0.3269397295943702,-0.2491178397248405,0.28950470231160796,3.250378912437546,1.2884938169961486,4.188093131570444,5.031754329891414,0.506119130678667,0.2561565744389296,0.0012932134559799967,0.5248122028376428,0.524810609502377,0.27542617584625645,1.5476616,2.6921,0.3567185692465652,0.6176746037430461,-0.141638061036911,2.948981734098108,1.2471614481370596,3.677856330027534,4.338606771351594,0.5248106095023769,0.2754261758462564,0.012434747645930002,0.21604120949389657,0.21568305740267998,0.04651918125056775,0.73684621,1.28824,0.14540417166795405,-0.32343252840023473,0.2054657999709466,3.4106743418357723,1.2593362777091162,4.295185930125451,5.067572694424936,0.21568305740267998,0.046519181250567754
323,401.2,0.0027004165998899977,0.5081448912690976,0.5081377158537536,0.25820393827307003,1.6310804,3.035,0.33139609924462876,-0.25539895213506036,0.22676037324521525,3.209872672194654,1.2792701675137332,4.106294351056209,4.921845500649587,0.5081377158537536,0.25820393827307003,0.007053268041159997,0.5366185868709419,0.5365722310978328,0.2879097591853061,1.6105616,2.84,0.36875426528052485,0.5409628422347192,-0.2559672033205054,3.0013153465132287,1.2410289848131582,3.7247193375874645,4.367574158836609,0.5365722310978328,0.2879097591853061,0.01512457966757,0.21311104616866525,0.2125736697923388,0.04518756508898229,0.67661621,1.25001,0.14440333695298094,-0.18617885910428347,-0.08145475574808891,3.1749466870173255,1.2490948901780132,3.965809683340953,4.685599545530673,0.2125736697923388,0.04518756508898229
324,402.1,0.001146904824770005,0.5057024389070212,0.5057011383473764,0.2557336413258323,1.5270804,2.9379999999999997,0.33205203476213885,-0.1707126515335662,0.12372082480474944,3.0197212481325804,1.275329279576142,3.851138923901692,4.598918964896282,0.5057011383473764,0.2557336413258323,0.0025631501572500053,0.5285924459779787,0.5285862315708325,0.2794034042062538,1.6105616,2.84,0.35791862175654804,0.5544130216945626,-0.21054627941359128,3.0468872800862847,1.2479429387310288,3.8023414662930697,4.499798284023022,0.5285862315708325,0.27940340420625376,0.012984218637209999,0.2081696001748785,0.2077642714793617,0.04316599250334991,0.72109621,1.2564899999999999,0.1389850879667052,-0.3568133315070964,0.3473019605049692,3.463984219570118,1.2663396354109528,4.386580513679717,5.1882991229443505,0.20776427147936172,0.04316599250334992
325,403.0,0.0012415218460000012,0.5046998431627172,0.5046983161374499,0.2547203903119773,1.5170804,2.975,0.3340411845197316,-0.1466102832544196,0.17686348526262874,3.0059062243672767,1.2733837679051367,3.827672193954306,4.541596875789988,0.5046983161374499,0.25472039031197724,0.00228156714853,0.5240801751978821,0.5240752088076572,0.2746548244867895,1.4893616,2.5768,0.357528489016934,0.6124228847390747,-0.18102390940239355,2.8418583081064788,1.2449093762337924,3.537856053689657,4.1657144696221895,0.5240752088076571,0.27465482448678946,0.0130739076751118,0.2152439798886769,0.21484655877258033,0.04615904381641982,0.74733621,1.3197299999999998,0.1453088604721984,-0.2615969621221944,0.14509689762109046,3.472042332549874,1.2524177982261573,4.348447613480125,5.143087679384741,0.21484655877258033,0.04615904381641982
326,403.9,0.0021311288269600017,0.50093591151636,0.5009313782711654,0.25093224573664935,1.5000804,2.936,0.32633340497302654,-0.19461527270592602,0.21314415775071316,2.9945555220011597,1.2814984151224504,3.837518155440668,4.596772433162308,0.5009313782711653,0.2509322457366493,0.004295831148640003,0.5257773057148787,0.5257597560098523,0.27642332103953937,1.5081616,2.6096,0.36105811456039,0.6026033943107078,-0.17131806812012895,2.8684417977101773,1.2425836649531885,3.5642789217036244,4.177060531754777,0.5257597560098523,0.2764233210395393,0.010395529668369999,0.21434253624501282,0.2140902982548688,0.04583465580685868,0.79002621,1.36242,0.14353174784914446,-0.27723338594082997,0.2551474681133903,3.6858116164909465,1.2599051028813575,4.643772863876328,5.504191385102742,0.21409029825486878,0.04583465580685867
327,404.8,-0.00013726917000000106,0.5061465532045007,0.5061465345904993,0.2561843144779715,1.4480804,2.8840000000000003,0.3314178847045623,-0.18496176373602208,0.1880359629899373,2.8609903412992823,1.2790059345132183,3.65922362510678,4.369348990597989,0.5061465345904993,0.2561843144779715,0.0017648081643300033,0.5271340892376039,0.5271311350020043,0.27786723348850123,1.4839616,2.5054,0.3550055522651814,0.6447061017157313,-0.12846437041514047,2.815150130294665,1.2527358381641747,3.526639458032673,4.180108143467889,0.5271311350020043,0.27786723348850123,0.010139249637839999,0.21545481690521823,0.2152161093980715,0.04631797374444268,0.85570621,1.4231,0.14102544963042052,-0.3779982647104662,0.6098719042533132,3.9716271944685175,1.280354993256143,5.085092709789653,6.067743178571765,0.21521610939807148,0.04631797374444267
328,405.7,0.001743829825000002,0.5142944519141173,0.5142914954840142,0.26449574232718376,1.5669196,3.1180000000000003,0.3393573834352168,-0.2159695507673945,0.16989954647695438,3.0467363475693534,1.2719422984104836,3.875272832578125,4.617314007252547,0.5142914954840142,0.2644957423271838,0.0046152991535799975,0.5304147121114737,0.5303946321730835,0.2813184658380205,1.4401616,2.5195999999999996,0.36374222327145883,0.5831903391872431,-0.24554889940899427,2.715161489897231,1.2421260487340922,3.3725728131210184,3.959291794742276,0.5303946321730835,0.2813184658380205,0.014703227664259999,0.21077303738393038,0.210259573823169,0.044209088384300654,0.76968621,1.3380800000000002,0.14384156085750144,-0.24133490231037724,0.20002226237255094,3.651729934498168,1.2471634214827576,4.554303999439742,5.3509306031689965,0.210259573823169,0.044209088384300654
329,406.6,0.0015169598358580009,0.5086010807489931,0.5085988184924344,0.2586727581719002,1.5510804,2.9459999999999997,0.3317769236233481,-0.14973460434319927,0.251389803335321,3.049699378766156,1.2815123539323656,3.9082274296686905,4.6750701738402825,0.5085988184924345,0.2586727581719003,0.005571591152200003,0.5246318549213992,0.5246022689336186,0.27520754057030067,1.4842616,2.5987,0.3580036429820721,0.5361259857856752,-0.2218943715142152,2.829148832798903,1.2461965856650064,3.525675615772131,4.145939934120525,0.5246022689336186,0.27520754057030067,0.012115389649279999,0.21300027066862698,0.2126554317165552,0.04522233263855448,0.74794621,1.30234,0.14199265466409844,-0.3676277913474168,0.36057719267212507,3.5114800917957973,1.2661761547255785,4.446152360025424,5.267499306702598,0.2126554317165552,0.04522233263855448
330,407.5,0.00014408622979999964,0.509256450921694,0.5092564305382095,0.2593421120445182,1.4740804,2.8689999999999998,0.3299382362854404,-0.2004950359611208,0.2698252283668654,2.894573838646695,1.2844787952212273,3.71801871694379,4.467746498846908,0.5092564305382095,0.2593421120445182,0.0026209066527599976,0.5250401900126673,0.5250336484234657,0.27566033197685536,1.5524616,2.6178999999999997,0.3581006719523479,0.6109144440595148,-0.15732911823354767,2.956843360814997,1.2470563193806459,3.6873501985230495,4.33526581096889,0.5250336484234656,0.27566033197685524,0.01548410962446,0.21267879952682708,0.21211438922739312,0.04499251411731002,0.78079621,1.3351899999999999,0.14170152846817177,-0.34068877667128616,0.49566813146782485,3.671246084410549,1.2705495921252143,4.664500215139113,5.510146703713067,0.21211438922739312,0.04499251411731002
331,408.4,0.0015373888318600004,0.5103811790856003,0.5103788635909478,0.2604865844003873,1.4950804,2.864,0.33563118995235347,-0.18455022795394527,0.1428682231074001,2.929340777570576,1.2751471573212192,3.73534056534425,4.45453356171172,0.5103788635909478,0.2604865844003873,0.004297659154000005,0.5321303924493339,0.5321130375155999,0.2831442846940782,1.5948616,2.6993,0.36360140542595243,0.6135885971389125,-0.11620784080534419,2.9971255591304207,1.2465594644435898,3.736095231859812,4.386291076437531,0.5321130375155999,0.28314428469407826,0.014664869662240001,0.2131378301334973,0.2126327261542895,0.04521267623180506,0.76016621,1.37856,0.14594677129128217,-0.2897686042045139,0.23120786299793883,3.5665475693539506,1.2474947629203517,4.449249414475363,5.208516798791334,0.2126327261542895,0.04521267623180507
332,409.3,0.0030453018399399985,0.5061765191964112,0.5061673584127077,0.2562053947224985,1.5400804,3.009,0.33526807493297056,-0.18007593837239136,0.15980205223757205,3.0425757450088358,1.2709771265119427,3.8670441775862634,4.593579034651316,0.5061673584127077,0.2562053947224984,0.005526828142560001,0.5276604015443888,0.5276314561591908,0.27839495352866817,1.5442616,2.6237,0.3640887926223353,0.5739449108587109,-0.24279353683290505,2.926620219141252,1.238282110393801,3.6239814612793984,4.2414422835636225,0.5276314561591908,0.27839495352866817,0.01323427566526,0.20932938820848415,0.20891061896264196,0.04364364671535417,0.82990621,1.3913,0.14221928255164376,-0.34400636898267917,0.5009044426603859,3.96459482876549,1.2555010839252643,4.97755310483957,5.83539865417784,0.20891061896264196,0.04364364671535418
333,410.2,0.0006153928258800025,0.4967845606830278,0.49678417952336074,0.24679452102469873,1.4030804,2.7649999999999997,0.32259724097625664,-0.18496624902483105,0.20311005831223383,2.8243236828272367,1.2835793897201102,3.625243669175439,4.34932548013722,0.4967841795233608,0.24679452102469876,-0.000298018845260003,0.5201454474182219,0.5201453620428332,0.2705511976546701,1.4819616,2.4724,0.35496848102869827,0.6077591934488702,-0.16331840200024406,2.849129233670735,1.2448369773684151,3.5467014233746665,4.174910391213544,0.5201453620428332,0.2705511976546701,0.01161646067114,0.21144724980980287,0.21112791689780164,0.044574997293605034,0.71692721,1.2533210000000001,0.14244116549532324,-0.3486763318139612,0.22930743899346462,3.3905724034948537,1.2546669927582643,4.254039281222048,5.033146194128403,0.21112791689780167,0.04457499729360504
334,411.1,0.00035984883508000153,0.49799008381308324,0.4979899537992484,0.24799399408497755,1.5110804,2.8979999999999997,0.3302034340221564,-0.16610643286420548,0.11434882414998881,3.0343584121790914,1.269900333798457,3.8533327604903844,4.576210433652267,0.49798995379924843,0.24799399408497758,0.0025380041631400015,0.525506064262157,0.5254999354054862,0.27615018211117015,1.5545616,2.623,0.3556831450276337,0.6068566386811401,-0.08963865696246387,2.958218193319426,1.2522287633752416,3.7043659100145256,4.370636117376951,0.5254999354054862,0.27615018211117015,0.01457586866078,0.20867549798890275,0.20816581735169742,0.043333007513700256,0.72629621,1.24969,0.14122693639882022,-0.2917047087982607,0.29937997699563246,3.480505459431677,1.2563083355316738,4.372588020547513,5.142759791580859,0.20816581735169742,0.043333007513700256
335,412.0,0.0006931138379800004,0.5091332618661232,0.5091327900770544,0.25921619793164585,1.6630804,3.221,0.33586318545116184,-0.20852387264290945,0.1475139555155649,3.2664933222086514,1.2736493154447772,4.160366983735985,4.9516602951466675,0.5091327900770544,0.25921619793164585,0.007370324153080004,0.5277631631788052,0.527711696601825,0.2784796347303767,1.5318616,2.5913,0.36169692864647973,0.5786771401756454,-0.17571797899742814,2.9025549846513408,1.2449000780480222,3.6133909269311295,4.23520765225306,0.527711696601825,0.2784796347303767,0.012313699676161999,0.210678905731667,0.2103187441018463,0.04423397412057791,0.74299621,1.32239,0.1446700292045067,-0.2997288722823386,0.1063052179162094,3.5266758549919732,1.2433783591401089,4.38499243779896,5.135799129131955,0.2103187441018463,0.04423397412057792
336,412.9,-0.0010053826700199987,0.5127079532948224,0.5127069675530582,0.26286843457745274,1.5290804,2.9210000000000003,0.3351176635568706,-0.17219524705295244,0.18759213646560902,2.982361381705996,1.279949638383767,3.817272372044301,4.562816485919161,0.5127069675530582,0.2628684345774527,0.0032549121467600004,0.5238827193016354,0.5238726077299642,0.27444250912979296,1.4915616,2.6,0.3602053607483501,0.5734335641808512,-0.21720756854739998,2.8471288420972045,1.2398779718678146,3.5300923343858406,4.14086452489542,0.5238726077299642,0.27444250912979296,0.012193269664242,0.21261078618012463,0.21226085502283681,0.045054670575025754,0.73095621,1.28635,0.14349596984394364,-0.3554261248273922,0.3578278235335599,3.438001538551912,1.2571947490354392,4.322237481443224,5.093914559377088,0.21226085502283684,0.04505467057502576
337,413.8,0.0005196317399000022,0.5046532238774352,0.504652956349949,0.2546746063527436,1.7040804,3.036,0.32971605702103285,-0.16552041549624888,0.1538314887548058,3.3767353885246734,1.2766186240947661,4.310803285630474,5.168327000499389,0.504652956349949,0.2546746063527436,0.002228589163880004,0.5186781414800601,0.5186733537011015,0.2690220478395479,1.4372616,2.4677,0.3518619754067375,0.6353241281192606,-0.12405558711264275,2.7710086179817424,1.2493723565829,3.4620215671593746,4.084731231155588,0.5186733537011015,0.26902204783954786,0.013353004668459999,0.20826192158137827,0.20783340743752493,0.04319472524709224,0.70451121,1.275905,0.1426201106325802,-0.34049214527354876,0.2755326088160288,3.3828133566159986,1.2481511924129878,4.22226252477084,4.93977467045283,0.20783340743752493,0.04319472524709224
338,414.7,0.0015890529299399984,0.49990421672427426,0.49990169114486505,0.24990170080949606,1.6920804,3.107,0.3294361546196446,-0.16991325446499347,0.08884990276771276,3.384809216228874,1.2719303445846104,4.3052415527511565,5.136292347613201,0.499901691144865,0.249901700809496,0.0045951421591,0.5265495035356578,0.5265294524926268,0.27723326434218537,1.4695616,2.5309999999999997,0.35702581284881074,0.5816968528277336,-0.12709785808412422,2.7909277098017085,1.2506416269796894,3.4904503717691076,4.116121431876169,0.5265294524926268,0.2772332643421854,0.01374873963884,0.21064455282127015,0.21019538480094246,0.044182099791616275,0.67641621,1.26581,0.13992564109872532,-0.3384652525035258,0.27364595486590915,3.211173519278861,1.2679610546324978,4.071642962112773,4.834111923223212,0.21019538480094246,0.044182099791616275
339,415.6,0.00024020872298000494,0.5020569711273358,0.5020569136635049,0.252061144557324,1.5120804,2.7990000000000004,0.3242455098648985,-0.22220407908645187,0.21621716680760006,3.0117705498735,1.286790734883596,3.875518439172493,4.663381154082997,0.5020569136635049,0.252061144557324,0.0016089661499999988,0.5275614632019155,0.5275590096696996,0.27831850868367425,1.5195616,2.529,0.3629318418813063,0.6007800786116487,-0.2343875314392072,2.880349885257659,1.2404270215796236,3.5728638292773685,4.186906257999152,0.5275590096696996,0.2783185086836742,0.012473649647262,0.20711706818220826,0.20674111346529714,0.04274188799687087,0.69540621,1.2748,0.1400482895306954,-0.34239755283480433,0.3443910102088217,3.3575514374712294,1.2593119981716963,4.228204809686145,4.965474496906174,0.20674111346529717,0.04274188799687088
340,416.5,-0.0006013617810000028,0.5053413947221903,0.5053410369085187,0.2553695635837769,1.5120804,2.944,0.3279467419691868,-0.23616612597134592,0.2179968364389855,2.9921958022680113,1.2829659982345345,3.838885474369963,4.610749876399358,0.5053410369085187,0.2553695635837769,0.00212642914516,0.5268374494201346,0.5268331580401935,0.27755317641060345,1.5045616,2.543,0.362838293256528,0.5954268180636427,-0.1993671371849164,2.855836466553395,1.241116193130539,3.5444248835721197,4.146645015046054,0.5268331580401935,0.2775531764106035,0.012790239668261998,0.20939702252798248,0.20900603535020904,0.043683522812812826,0.65398621,1.17838,0.14485085121589206,-0.2338544226669359,-0.03349628279806449,3.123187723037492,1.2377019730591783,3.865575607037706,4.514893799452171,0.209006035350209,0.04368352281281282
341,417.4,0.0014772719369599988,0.509490224420728,0.509488082733942,0.25957810644790813,1.5770804,3.0090000000000003,0.33783426807826133,-0.18532175369733336,0.15813924715908856,3.0954085562546045,1.2706921624754832,3.9333113920922766,4.668207310558146,0.509488082733942,0.2595781064479081,0.004588240143860002,0.526825529630082,0.5268055492517127,0.2775240867223987,1.6046616,2.9271000000000003,0.3587398660094669,0.5357669984298579,-0.08488134239462664,3.0459070598320013,1.2504008057657146,3.8086046419014132,4.47305067554899,0.5268055492517127,0.2775240867223987,0.01213876965442,0.21298888934979424,0.21264269857612283,0.04521691725773583,0.72929621,1.29969,0.14310194354790717,-0.35196079903769373,0.21465302665097274,3.42410447900063,1.2600708364659903,4.314614195001268,5.0963403565224725,0.21264269857612283,0.045216917257735835
342,418.3,0.0028958927139600002,0.5152147588803545,0.5152066202733919,0.2654378615735311,1.5030804,2.942,0.33610802963957354,-0.17382859650282442,0.21378582066014706,2.917386146441997,1.281765804399416,3.7394058007379387,4.4720157433067955,0.5152066202733919,0.26543786157353105,0.0017225741460800052,0.5242062763178433,0.5242034460677747,0.2747892528693303,1.5531616,2.6696,0.35516916473432886,0.6123035838552021,-0.1080841750637136,2.962882495245569,1.2517056107416962,3.708656643267236,4.3730192657963,0.5242034460677747,0.2747892528693303,0.012237780568959999,0.2121539651405769,0.21180071211309726,0.044859541651615105,0.75794621,1.37934,0.1427891979271879,-0.3528038873412118,0.45587724159927046,3.5726233516199972,1.2609807953005183,4.505009435234987,5.308148102256989,0.21180071211309726,0.044859541651615105
343,419.2,0.00035392113396000193,0.5114796091213929,0.5114794866725388,0.26161126528680384,1.5540804,2.992,0.3371330074521415,-0.18159020682277197,0.20602702432905096,3.0384014773718175,1.2744430320610236,3.872269591440433,4.609695181568993,0.5114794866725388,0.2616112652868038,0.0031597841536000013,0.525188317223894,0.5251788117513578,0.27581278431256817,1.4623616,2.5158,0.35661505101142477,0.6020916712539591,-0.1414045559447903,2.784451885239819,1.249677949130098,3.4796681213979324,4.100672688526404,0.5251788117513578,0.27581278431256817,0.011811379663791999,0.21300596804218655,0.2126782399119072,0.045232033732026763,0.76295621,1.31535,0.1449820230191192,-0.2778452712855082,0.23154049237906849,3.5818536776814347,1.2506934850634157,4.479801059126606,5.262419395950812,0.2126782399119072,0.04523203373202676
344,420.1,0.0013614638459600004,0.503911285069803,0.5039094458698867,0.25392472963689633,1.6570804,3.0060000000000002,0.33168040931691584,-0.18716232749769512,0.19237700629702026,3.2884367726959263,1.2750027760805271,4.192766014152596,4.996015301032397,0.5039094458698867,0.2539247296368963,0.004607379159280002,0.5274513000554186,0.5274311765410099,0.27818364598743395,1.5748616,2.7413,0.3546859809697725,0.5750918486460654,-0.13807312170730368,2.985795275951602,1.2554486510702136,3.7485126515652554,4.44015744770644,0.5274311765410099,0.27818364598743395,0.010959275027379999,0.21028986753651013,0.2100041015775578,0.04410172267939722,0.76295621,1.3463500000000002,0.14157529184427625,-0.2861429624195619,0.3407556844734554,3.6281168414713894,1.259212817580901,4.568571230461908,5.389049177021672,0.21000410157755783,0.04410172267939723
345,421.0,0.00011872007895999515,0.4981429927332596,0.4981429785862601,0.2481464271147912,1.7410804,3.1639999999999997,0.32678711592389564,-0.15242922822416882,0.29838430988414055,3.4951418074695177,1.2786142599696746,4.4689381556467085,5.327873453877155,0.4981429785862601,0.24814642711479118,-0.00010337184181999958,0.515421403738899,0.5154213933728783,0.2656592127464394,1.4509616,2.4564000000000004,0.3511139917432021,0.5985652397933894,-0.17636185143299077,2.8150976840981654,1.2468634600662818,3.510042438819215,4.132451665615208,0.5154213933728783,0.26565921274643933,0.011397237651241997,0.2111821793710555,0.21087440778299713,0.04446801585782976,0.86250621,1.4319000000000002,0.14070082063034564,-0.41780899155654855,0.7422558484242083,4.084180836511504,1.2697712105339718,5.185975244816863,6.130072348803195,0.21087440778299715,0.044468015857829765
346,421.9,0.0002588969279800011,0.5018409244922284,0.501840857710485,0.25184424646759523,1.5480804,2.862,0.3267004547282415,-0.20842249325862036,0.22598653182975514,3.0848030211294053,1.2822945660555374,3.9556261513459416,4.738531512873884,0.501840857710485,0.25184424646759523,0.00022097413777999808,0.5315535320893907,0.5315534861583897,0.28254910864713745,1.4754616,2.6529,0.3681587626392922,0.5723030676341532,-0.16626140712061055,2.775753543016385,1.2397291879860395,3.441182685933075,4.0076775286362,0.5315534861583897,0.28254910864713745,0.013431679655823998,0.21468651249314757,0.21426592969507247,0.04590988862809374,0.75621621,1.3696100000000002,0.14439228233603424,-0.19256481045060608,0.126907848455184,3.5224206738377997,1.2564561282715843,4.4257670419940265,5.237234274336838,0.2142659296950725,0.04590988862809375
347,422.8,0.0016138132459600028,0.510589500062539,0.5105869496774479,0.26069903318092075,1.4790804,2.851,0.3375086909512183,-0.20275380553044706,0.1807615645271503,2.8968092759816573,1.273511307541459,3.689119368753628,4.382347594758021,0.510586949677448,0.2606990331809208,0.004292010148780001,0.5324970747053842,0.5324797772861184,0.2835347132186743,1.5817616,2.7612,0.36157722528121394,0.5915689125174645,-0.15844064770731148,2.97046063750706,1.2487744687037545,3.709435404408295,4.37461623521724,0.5324797772861185,0.28353471321867435,0.011958619638779998,0.21192039336368124,0.21158271323468836,0.044767244539752366,0.75942621,1.33582,0.13932429265679078,-0.3467807046572217,0.4855879402033447,3.5835447355778167,1.2749171598092535,4.568722676332273,5.450781019723232,0.21158271323468839,0.04476724453975238
348,423.7,0.0006501454349599984,0.51541552593473,0.5154151158876579,0.26565274168548775,1.5830804,2.944,0.3386852800231613,-0.1735426622740249,0.16342796173413987,3.071464324108224,1.2753736226576589,3.917264581901663,4.674193103083015,0.5154151158876579,0.2656527416854878,0.003864869173880003,0.5263963547479789,0.5263821663755609,0.2770781850782287,1.4673616,2.6108000000000002,0.3540955802286791,0.6095104303996779,-0.15180784988537477,2.7875603369300004,1.2541454953569489,3.4960062395964586,4.143970390854245,0.5263821663755609,0.2770781850782287,0.01325783566978,0.21112632603988976,0.21070964700377376,0.04439855534045495,0.71489121,1.3282850000000002,0.14321308171231992,-0.2729137894975053,0.25348812700433454,3.38608274680501,1.2535490372534057,4.244620767317787,4.991801038371912,0.21070964700377376,0.04439855534045495
349,424.6,-1.4608303040000603e-05,0.5046784936132077,0.5046784934017835,0.25470038170229403,1.5640804,2.865,0.32585001205286024,-0.19928103880429782,0.2225098874897804,3.0991619809318283,1.284863776926361,3.982000968126652,4.8000010500115335,0.5046784934017834,0.254700381702294,0.003631431151060003,0.5248481466840553,0.5248355835740206,0.27545238978548275,1.4957616,2.6712,0.3599510131106175,0.5879817796660571,-0.15390883854178705,2.8498940302068148,1.2438440627041045,3.5448237688086186,4.1554587861108025,0.5248355835740206,0.27545238978548275,0.011617789661299999,0.20870038727808932,0.20837677081049666,0.043420878613410256,0.73098621,1.2703799999999998,0.1383105703608774,-0.22108424098449314,0.12260493131516714,3.502562786459877,1.2646812265357241,4.429625400798461,5.28510733556173,0.20837677081049666,0.04342087861341025
350,425.5,0.003555905916940001,0.4945411329540347,0.49452834874915924,0.24455828771657007,1.4910804,2.901,0.3197612725918534,-0.19726706765631513,0.24290986545905646,3.0150786267127128,1.2876088038648739,3.8822417841001022,4.663105034308612,0.49452834874915924,0.2445582877165701,0.00531603015558,0.5220644191269616,0.5220373526307832,0.27252299754175674,1.5115616,2.669,0.3556616307114793,0.5776572400911091,-0.15460850482942456,2.895354566640944,1.2480088387530037,3.6134280904917713,4.249999070679099,0.5220373526307832,0.2725229975417567,0.01384931963396,0.20750039893961494,0.20703770648308428,0.04286461190577576,0.80153621,1.35393,0.137035284724623,-0.2710013045524181,0.3567168226491413,3.86281768177832,1.2703210529194977,4.907018624752689,5.849122812498356,0.2070377064830843,0.04286461190577577
351,426.4,0.002887583158860003,0.5009693131595511,0.5009609910871834,0.250961914591053,1.4980804,2.843,0.3275715608055887,-0.2349839981746361,0.19844226314702418,2.99036360241667,1.279599554315451,3.8264679328935176,4.573292004702141,0.5009609910871834,0.250961914591053,0.005049887124300003,0.5250196193104114,0.5249953326467591,0.27562009930088127,1.5216616,2.5921000000000003,0.3641063841891914,0.6213907373710646,-0.16956479759951426,2.898294738011183,1.2395708730943427,3.5926417388812615,4.179167589682629,0.5249953326467591,0.27562009930088127,0.013647389651292002,0.2070632577796295,0.2066130234956623,0.042688941478019105,0.69050621,1.2399,0.14113134302227584,-0.26450529677208856,0.11709010238275175,3.334759712584464,1.2479774800572143,4.161705022707479,4.8926496071890435,0.2066130234956623,0.042688941478019105
352,427.3,-0.0007750491620200004,0.5070707079249344,0.5070701155996974,0.2571201021342905,1.5440804,2.841,0.3336649197608656,-0.23814096625325204,0.16211983154036336,3.0450987916828796,1.273710117522349,3.8785731398215635,4.627637814327701,0.5070701155996974,0.2571201021342905,0.0026693361448,0.5229971672838055,0.5229903551992435,0.2735189116314309,1.5804616,2.6509,0.35712465327581516,0.6038910870994986,-0.16666240737992277,3.021931472799659,1.2446658077279331,3.7612947774906496,4.425518052318206,0.5229903551992435,0.27351891163143094,0.0114601296498818,0.20725252574351508,0.20693543644208037,0.04282227485547428,0.67964621,1.19604,0.14081043964011966,-0.2600173030469963,0.05392984027101333,3.279314486333907,1.2519256811375454,4.105458021967797,4.82667486684244,0.20693543644208037,0.04282227485547429
353,428.2,0.0027413103349199952,0.5133629766593808,0.5133556574366621,0.2635340310222276,1.6620804,3.082,0.3355006254992542,-0.20211738633995768,0.2893291665204347,3.2376319983488013,1.2831182399328374,4.154264671271549,4.954030704195199,0.5133556574366621,0.2635340310222276,0.004473302669300002,0.5185985376505278,0.5185792444906513,0.26892443281649464,1.5619616,2.6454,0.3527471407332212,0.5761040443513115,-0.15135404778955142,3.011889711599171,1.2463995954452682,3.7540181180629726,4.427992234758593,0.5185792444906512,0.2689244328164946,0.01232941965146,0.20912606278769358,0.2087622943640459,0.043581695548140544,0.68518621,1.23658,0.14235223515717463,-0.29132567452303887,0.2782619446468253,3.2764266723445488,1.2550092535070234,4.1119457922296325,4.813315430161451,0.2087622943640459,0.043581695548140544
354,429.1,0.002938639826,0.5120755838671344,0.5120671518354205,0.26221276798883963,1.5500804,2.876,0.33555798848840335,-0.2031320406181645,0.16660284753237597,3.0270539132015934,1.2784028084958867,3.869794224105381,4.61941140779478,0.5120671518354205,0.26221276798883963,0.003993985176440003,0.5247284028898002,0.5247132025037019,0.2753239448816909,1.5328616,2.7272999999999996,0.3523757420601241,0.6093171836079138,-0.15002643217858624,2.9212476236433518,1.2519882167696292,3.6573676030677564,4.350076969085049,0.5247132025037019,0.2753239448816909,0.01126649964492,0.20655158754685388,0.20624408913682027,0.04253662430387666,0.69024621,1.23464,0.13925731504338432,-0.3125168641083914,0.25917093419600823,3.341761824238826,1.25766848376545,4.202828526595709,4.956624431434429,0.20624408913682024,0.042536624303876655
355,430.0,0.0005779525449800014,0.5078492706843394,0.5078489418178118,0.25791054770547117,1.7430804,3.199,0.3340312262150338,-0.1965530975844323,0.20929723573373904,3.432279025725795,1.2757935518833212,4.378879449285337,5.218315723805671,0.5078489418178117,0.2579105477054711,0.0029134931655199975,0.5287147037082044,0.5287066762154878,0.2795307494748287,1.5414616,2.6419,0.3588567399052724,0.6110641046444495,-0.1206712643335286,2.9154884272912653,1.2483377087289678,3.6395141431505995,4.295479027109538,0.528706676215488,0.27953074947482875,0.01275578965642,0.2070559208286353,0.2066626337305205,0.04270944418043526,0.72980621,1.2742,0.1414218839543448,-0.26040145494041006,0.18642853674110604,3.5246816757488717,1.249305809555053,4.403405294345306,5.160489943943918,0.2066626337305205,0.04270944418043526
356,430.9,0.0007874699329579968,0.5071704333905152,0.5071698220484216,0.2572212283966277,1.4930804,2.949,0.33375817609328534,-0.14331057830558264,0.18971143708241334,2.943942118270814,1.2754295595179819,3.7547907991525786,4.473539547335866,0.5071698220484215,0.2572212283966276,0.00523063715868,0.5293268731188981,0.5293010287546627,0.2801595790407443,1.5414616,2.6979,0.3622631472996358,0.5793160871257844,-0.20878244521244582,2.9121166490516623,1.2426074430138707,3.6186178230362076,4.255088080281661,0.5293010287546627,0.2801595790407443,0.01222298264822,0.20728378761807498,0.20692309514521695,0.04281716730447651,0.73500621,1.3114,0.14075152927233506,-0.1979248665190444,0.20441048185976474,3.5458933785707614,1.2527848429397452,4.442241479353854,5.222012249528479,0.20692309514521698,0.04281716730447652
357,431.8,0.00217954883194,0.49921998664385087,0.4992152287656856,0.2492158446315758,1.5730804,3.056,0.32659782762043765,-0.22202973637429957,0.3020263259000662,3.1510765636117313,1.2804549555200164,4.034811601099626,4.8165672486596804,0.49921522876568564,0.24921584463157584,0.0035578459496800026,0.5180038099793465,0.5179915915198984,0.26831528888531725,1.4986616,2.6241,0.35234386992979794,0.6049026244260935,-0.1399210647527216,2.8931478323677844,1.2493607823170751,3.6145854392059653,4.253406197470096,0.5179915915198984,0.26831528888531725,0.01052883666276,0.20993090223665617,0.20966670530254775,0.04396012731242541,0.71595921,1.2923529999999999,0.14029036404892997,-0.3697435795653908,0.3181252597683466,3.410451736128374,1.2623041195895055,4.305027276176027,5.103409737751413,0.20966670530254775,0.04396012731242541
358,432.7,0.0015097248339400015,0.5114358481768537,0.5114336198680172,0.26156434753130353,1.6249196,3.243,0.3336419853372891,-0.132349377199991,0.2637772872834132,3.177171889284744,1.28065717812766,4.068867986157926,4.870249163507758,0.5114336198680173,0.2615643475313036,0.0020520751450799966,0.5279833940330663,0.5279794061914491,0.27876225336227517,1.4943616,2.5808,0.36093419297144047,0.5747432796903567,-0.15151427066651957,2.8303193185398023,1.2456318475906147,3.5255358820241436,4.140260549152914,0.527979406191449,0.2787622533622751,0.012601596665322,0.21065433248579576,0.21027707330215706,0.04421644755652073,0.72502621,1.27742,0.14338684103319302,-0.23708850442310994,0.20857697175120116,3.441781621315042,1.251539016549158,4.3075239855175935,5.056434780037882,0.21027707330215706,0.04421644755652073
359,433.6,0.000691249025000004,0.5200118526960851,0.5200113932590326,0.27041184911920024,1.6450804,3.093,0.33307698141003667,-0.21089733733172672,0.3144017872230376,3.1635440451420793,1.2913736125048065,4.085317301893196,4.939039596899711,0.5200113932590327,0.2704118491192003,0.004796394167340001,0.5301118003901107,0.5300901013184798,0.2809955155158361,1.5172616,2.5917000000000003,0.3589939834420997,0.541809072022199,-0.2345035546952472,2.8621539812610153,1.248563154764085,3.5735800042638393,4.226426263337952,0.5300901013184797,0.28099551551583607,0.012277229653159999,0.20993880923753314,0.20957951535423708,0.04392357325611689,0.68118621,1.23358,0.14033899761024785,-0.21450057704004166,0.07963899847915101,3.2446893095848646,1.2596457348841317,4.087159049842713,4.853862587018067,0.20957951535423705,0.043923573256116885
360,434.5,0.0005505298509800008,0.5135078379504334,0.5135075428398417,0.2636899965534118,1.6110804,3.059,0.3426506728501435,-0.14768378933815504,0.2268256773136632,3.137401770594805,1.2690067808794292,3.981384121227935,4.701815953253936,0.5135075428398416,0.26368999655341174,0.005382146160680001,0.5209847749895186,0.5209569735338845,0.27139616827358437,1.5172616,2.6137,0.3541143770512172,0.5968091486204535,-0.18387964994544603,2.912295469729466,1.2486542529233318,3.6364501240470504,4.2846653463622335,0.5209569735338845,0.27139616827358437,0.01217877867342,0.20477332121827116,0.20441083736628327,0.04178379043278511,0.70018721,1.1825809999999999,0.13885040251774386,-0.35133300079282004,0.32144071067890634,3.4193282886380456,1.252132072433193,4.281450616381799,5.042745266154502,0.2044108373662833,0.041783790432785115
361,435.4,-0.0014514221670500023,0.5036034286184101,0.5036013370612821,0.2536143066899111,1.4730804,2.91,0.3327922692245829,-0.15408356588433486,0.13205447841790452,2.9250801648457023,1.2714729005083631,3.7191601614158465,4.4264261409447,0.5036013370612821,0.2536143066899111,0.0015867601597800035,0.5198885944924496,0.5198861729989845,0.27028163287553003,1.5291616,2.5616,0.352030944337367,0.611527427327545,-0.09969838766151984,2.941325538200873,1.2516039575730553,3.6813746841229102,4.343827224843439,0.5198861729989844,0.27028163287553,0.01000572965122,0.21183755966526774,0.2116011272632605,0.04477503705908257,0.79551621,1.35791,0.14253105017497827,-0.27466437195678317,0.3434594374836828,3.7553123783007325,1.258765829360747,4.727058900380402,5.581353740278938,0.21160112726326052,0.044775037059082576
362,436.3,0.003188168331929997,0.49734006617290094,0.4973298472880477,0.2473369770035528,1.5600804,2.909,0.3272950334400252,-0.1761883135501517,0.1574494534386699,3.1368484184373675,1.2740690575015727,3.9965615080037957,4.766587453536398,0.49732984728804763,0.24733697700355278,0.005281366158240001,0.5240912261332716,0.5240646147960942,0.27464372048137864,1.5215616,2.62,0.3571017191620885,0.5772294310815714,-0.1811326142298455,2.9032380702612275,1.2474753842732318,3.6217180273358003,4.2608632732719025,0.5240646147960942,0.27464372048137864,0.01276135562984,0.2100743338523392,0.2096863694806909,0.04396837354599282,0.71389021,1.274284,0.13940276674301513,-0.284534607686734,0.24615415666419116,3.3982743008567238,1.2669899818419308,4.30557949473636,5.121061989508683,0.20968636948069092,0.043968373545992825
363,437.2,0.0023787698299780028,0.49876678762447174,0.49876111505542503,0.2487626498913309,1.6140804,3.093,0.32574481792026994,-0.20091798488094037,0.2579337173042866,3.236142501964792,1.2807149797313795,4.144576178811694,4.955045517853997,0.49876111505542503,0.2487626498913309,0.004478715156640002,0.5281290862618054,0.5281100954027249,0.2789002728662752,1.4752616,2.5947,0.3571173486349903,0.6073076178981307,-0.1940890439052687,2.7933731323949083,1.24983113540061,3.4912447136586864,4.131027533775362,0.528110095402725,0.2789002728662753,0.013176589648322,0.20777458712650473,0.20735635158062857,0.042996656540829244,0.79232621,1.32372,0.1408655997345556,-0.31020384466344103,0.3028828793242817,3.8133932592901156,1.2543211598618933,4.783219856002304,5.624696245875815,0.20735635158062857,0.042996656540829244
364,438.1,-0.0006027761542420031,0.5031462272711094,0.503145866203886,0.2531557626780587,1.5090804,2.936,0.33245505136139225,-0.21657949234783885,0.22755737320613934,2.999287917122481,1.2758712915402644,3.826705348520169,4.539201295995854,0.5031458662038859,0.25315576267805867,0.0020840971578999956,0.5277210616549578,0.5277169463389177,0.27848517545327217,1.4723616,2.5507999999999997,0.35705605776247223,0.5477798958284872,-0.20774148070402454,2.790037591796328,1.2479913755720524,3.4819428520836357,4.123614676156742,0.5277169463389179,0.2784851754532723,0.01180743966324,0.20626025983198223,0.20592202202425022,0.04240387915455579,0.66745621,1.16685,0.14046577843960867,-0.251999909306007,0.09566006767755075,3.235990348037493,1.2502337845361065,4.045744459549227,4.751735386473252,0.20592202202425022,0.04240387915455579
365,439.0,0.0009664822357799958,0.5089428101508106,0.508941892475253,0.25902184991629196,1.5509196,3.1,0.33283129417700896,-0.14984109407423912,0.2795516307514867,3.0473357105495404,1.280931872836631,3.9034294388761683,4.659776971498292,0.508941892475253,0.25902184991629196,0.002414959765480006,0.5194359597124989,0.5194303458711051,0.2698078842117759,1.5055616,2.689,0.3512480769287131,0.5668074280910143,-0.14410362033397783,2.8984547023531237,1.250904828066661,3.625690981106039,4.286319837433753,0.5194303458711051,0.2698078842117759,0.012233759638612,0.20835673136799462,0.20799726592303885,0.04326286263145934,0.77909621,1.3054899999999998,0.13963902464705594,-0.3196249470063261,0.28563339054578263,3.739241851629833,1.2622090933571957,4.719705067388973,5.579358721311621,0.20799726592303885,0.04326286263145934
366,439.9,0.003159120330999998,0.5060938833561964,0.5060840233886954,0.2561210387292896,1.5490804,2.9370000000000003,0.3306221243277182,-0.2233871023861313,0.24495301024025684,3.0608558035263473,1.2825337977191902,3.9256510179674695,4.685350090076021,0.5060840233886954,0.2561210387292896,0.005257862154400001,0.5265991336875655,0.5265728843057338,0.27727900248605974,1.4242616,2.5327,0.36256617370842265,0.57813111067568,-0.2631876813052312,2.7046409856895495,1.2404194475016432,3.35488927715933,3.9282804168747343,0.5265728843057338,0.27727900248605974,0.01190485567335,0.21056372472371354,0.21022691688011913,0.04419535658092052,0.69847021,1.280864,0.14444216177063493,-0.26673304368375456,0.03696273128524874,3.3171440660848965,1.24311130821214,4.1235792995189335,4.835639410528394,0.2102269168801191,0.04419535658092051
367,440.8,0.0002870690318999989,0.5075961688480913,0.5075960876726997,0.25765378822063106,1.5090804,2.9610000000000003,0.33320784030765427,-0.2090767457657924,0.23653897234767074,2.9729940701180184,1.2796070802322934,3.80426426161164,4.528946253505471,0.5075960876726997,0.25765378822063106,0.0006903561362999988,0.5313680884953073,0.5313676400380077,0.2823515688795618,1.5143616,2.6958,0.3708259761077945,0.5361042262842132,-0.2664851165640454,2.849929517386466,1.2327200489791994,3.5131652542599108,4.083752750804582,0.5313676400380077,0.28235156887956175,0.007987069670389998,0.20982936031171057,0.20967729292153214,0.043964567166901995,0.72982621,1.27722,0.1439110036915636,-0.25581663136353194,0.08944276004279272,3.4781891767472946,1.2454400818575957,4.331876213004354,5.071371828968657,0.20967729292153214,0.043964567166901995
368,441.7,7.186482781999581e-05,0.5082027333771967,0.5082027282960025,0.25827001304750064,1.5959196,3.1100000000000003,0.33178700924337673,-0.1419824841451124,0.16523860573262805,3.1403207719771973,1.2795884443397985,4.018318171342257,4.810072593376735,0.5082027282960025,0.25827001304750064,0.003645097150980005,0.5263938157475992,0.5263811950707181,0.2770771625240774,1.5434616,2.6249000000000002,0.3592353533759577,0.6126881933934005,-0.10716385370910109,2.9321423501298787,1.2466092977849155,3.65523591610082,4.2965192192113975,0.526381195070718,0.27707716252407727,0.011398809639699999,0.20510674582074964,0.20478975638438432,0.04193884431997547,0.68631621,1.21671,0.1374244166916812,-0.34177435411215645,0.3563883801917411,3.3461415774193846,1.2635695724673206,4.228082682394938,4.9941358786320045,0.2047897563843843,0.041938844319975466
369,442.6,0.002010249632959997,0.5012906189923834,0.5012865882767862,0.2512882435861801,1.5290804,2.925,0.32996445772855615,-0.1998561349504133,0.26405743006005666,3.0502872826016976,1.27785091934283,3.8978124083323222,4.634076077544968,0.5012865882767861,0.25128824358618007,0.005889278638960004,0.5180453575164091,0.5180118809848061,0.2683363088414169,1.5434616,2.6169000000000002,0.3595651836838533,0.6009757667947128,-0.14614121859020335,2.9793947143925728,1.2382172750181113,3.689138004458536,4.292578008211953,0.518011880984806,0.26833630884141685,0.01093984965634,0.2076965730398445,0.2074082595799698,0.04301818614199213,0.68998621,1.33938,0.13919691985747912,-0.2584680349144042,0.1336062117480039,3.322087600682911,1.2575507739048153,4.1776938332183855,4.956907169400464,0.2074082595799698,0.04301818614199213
370,443.5,0.0005512260360000008,0.5126440061296519,0.5126437097736749,0.26280357317051584,1.6450804,3.2,0.33386496012031014,-0.16679591337132324,0.3122101981999168,3.2090112833269835,1.2846986666159155,4.122612516845603,4.927382614237763,0.5126437097736749,0.26280357317051584,0.0032585381370600023,0.5261695090762879,0.5261594190079573,0.2768437342107911,1.5161616,2.6386000000000003,0.36456530552685035,0.5439917749910735,-0.25331266060136315,2.881507905430863,1.2367752541939638,3.5637776722011725,4.1588203183759465,0.5261594190079573,0.2768437342107911,0.011150419655499998,0.2090945138911805,0.208796992030286,0.04359618388089532,0.65514621,1.2435399999999999,0.14420857779431143,-0.22078808187711446,-0.01765318823343831,3.133253942477702,1.242066574545239,3.891709991513645,4.543046051909982,0.20879699203028604,0.043596183880895326
371,444.4,0.0007780450329600048,0.5196927806716162,0.5196921982559708,0.27007998092812324,1.5990804,3.034,0.33806916175063734,-0.183304352836859,0.2522329438409834,3.076972510438678,1.2820823603207818,3.944932178825382,4.730039237295164,0.5196921982559708,0.27007998092812324,0.00393636214888,0.5278631713968436,0.5278484941440738,0.2786240327701663,1.4400616,2.4335,0.36256554249666784,0.5876087269621093,-0.23260153227343183,2.7280963666953237,1.2401234622237038,3.383176311546112,3.9718655834847705,0.5278484941440738,0.2786240327701663,0.0116397496766418,0.20835338691504535,0.20802800308236322,0.04327565006643572,0.73531621,1.3197100000000002,0.14211192655689453,-0.24734527545978527,0.16599624436582694,3.5291780992253328,1.2481494244733577,4.404941613412078,5.174204782211689,0.2080280030823632,0.04327565006643571
372,445.3,9.976929800017408e-07,0.5188354455481134,0.5188354455471541,0.26919021955611394,1.6870804,3.222,0.34257528335033516,-0.1864544598203359,0.23836835804636936,3.251667584541602,1.2759319054820861,4.148906417138499,4.924699714178458,0.5188354455471541,0.26919021955611394,0.004412143161740002,0.5295838760519509,0.5295654962012993,0.2804396147669284,1.6328616,2.7613000000000003,0.36171184989804683,0.6080062905892792,-0.10971312284931134,3.0832917576210725,1.2462013358590658,3.842402307190628,4.514260731187665,0.5295654962012994,0.28043961476692847,0.0103412596566018,0.20904558074293159,0.20878963857640126,0.04359311317686427,0.74122621,1.3506200000000002,0.1417566550311678,-0.33011089454452597,0.30531603630542303,3.5457635955074496,1.2540311771688701,4.446498095636733,5.228863574955461,0.20878963857640126,0.04359311317686427
373,446.2,0.0008691959389600008,0.5064697883777971,0.5064690425266586,0.2565108910378703,1.5930804,2.99,0.33326506709708187,-0.17344633843533924,0.23515452938268,3.1454598804453355,1.2767980824865786,4.016117143891067,4.780220182921024,0.5064690425266586,0.2565108910378703,0.001099912149159999,0.52678941803801,0.5267882697536929,0.2775058811500895,1.5482616,2.7087000000000003,0.36515085615916965,0.5646862876760023,-0.2507523805161602,2.939052203756087,1.236116731852373,3.6330116048504886,4.240060166598956,0.5267882697536929,0.27750588115008945,0.009859482669679998,0.21092098110415136,0.21069041475924824,0.04439045087142405,0.79425621,1.32165,0.14112032345558892,-0.29831324581932106,0.3236000616112582,3.76565766877313,1.2620701768606635,4.752524240025219,5.628219880391327,0.21069041475924827,0.044390450871424056
374,447.1,0.0025112085389800034,0.4992872852909349,0.4992809700808405,0.24928148708486514,1.5779196,3.029,0.32549226482222404,-0.1926281419880493,0.29258737301535387,3.160344047376543,1.2825494372883801,4.053297479600467,4.847794465597581,0.49928097008084055,0.24928148708486517,0.00396315215686,0.5242004195147708,0.5241854378408879,0.27477037324444337,1.4862616,2.6017,0.3561791080460982,0.6239814241329484,-0.13172495568985365,2.835292656529666,1.249202197342834,3.54185381664686,4.172792750684416,0.5241854378408879,0.2747703732444433,0.01209735965982,0.20934309782413085,0.20899326902047485,0.04367818649586457,0.68749621,1.20689,0.14516474273956514,-0.2500431681835271,0.1158740324845251,3.2840643763548663,1.2415605204088087,4.077364676163177,4.73597236509014,0.20899326902047485,0.04367818649586458
375,448.0,0.0019463347429380005,0.5079239351964983,0.5079202060624926,0.25798293572656494,1.7660804,3.148,0.3343792238747129,-0.22520944450645874,0.27204415175401175,3.47705685363452,1.2765461403956235,4.438623506443297,5.281669056872161,0.5079202060624927,0.257982935726565,0.006229052150600001,0.5288401381201369,0.5288034517627797,0.2796330905962304,1.7004616,2.7049,0.3599876945939124,0.6282636479513299,-0.14053729164772033,3.2154548745952134,1.249686720889953,4.018311258402506,4.72366590729781,0.5288034517627797,0.2796330905962305,0.010278629645779998,0.20561503271479897,0.20535795930743161,0.04217189145091274,0.66121621,1.28061,0.13888157246763846,-0.19112403790915988,0.15340846489819437,3.2157970225705657,1.2563625251509745,4.040206867649741,4.761007513463123,0.20535795930743161,0.04217189145091274
376,448.9,5.514793100000004e-05,0.5085632887663986,0.5085632857763142,0.258636615639601,1.7660804,3.17,0.3309802204191241,-0.2514447877046999,0.34094465720571376,3.4726855811474517,1.2850217399838095,4.4624764679027855,5.3359091904754665,0.5085632857763142,0.258636615639601,0.002510992158200002,0.5281002427027557,0.5280942730811337,0.278883561261091,1.7067616,2.7902,0.3581471414683189,0.5818647074600929,-0.10449263121573837,3.2318894444452297,1.2513190444252533,4.044124811311268,4.765531823045354,0.5280942730811337,0.27888356126109093,0.009892782658282,0.20772413901084957,0.20748843528995722,0.04305145077907476,0.69928321,1.318677,0.14429255473333216,-0.12095125695975419,-0.036436217152340244,3.366403217892149,1.237151620314718,4.164751195647953,4.846287539175871,0.20748843528995722,0.04305145077907477
377,449.8,0.0012943268449999961,0.5070353731648989,0.5070337211256136,0.25708319435848653,1.6190804,2.9850000000000003,0.3346780646107749,-0.18762108972138022,0.3014402677748418,3.1932296752665423,1.2763831563483883,4.075784571862048,4.837724880126112,0.5070337211256136,0.25708319435848653,0.0025902331529600022,0.514623741187358,0.5146172224924912,0.26483088568588614,1.4040616,2.4085,0.3514366766527623,0.6019983203254171,-0.2239373779664109,2.7283265182451544,1.243907036440494,3.3937845537523414,3.9952050917761373,0.5146172224924911,0.2648308856858861,0.010186729641745,0.20642709153843064,0.2061755918148936,0.042508374660221615,0.76583621,1.3012299999999999,0.1393310605845891,-0.2526327332763602,0.22394045525360573,3.7099597940003135,1.2571509421454645,4.663979450349288,5.496521786217612,0.2061755918148936,0.042508374660221615
378,450.7,0.0026790633409999997,0.5097479095258283,0.5097408693498756,0.25983575388556696,1.5720804,3.082,0.3364199761939855,-0.18399607119312422,0.27984690221864383,3.084035011467457,1.277005767584419,3.938330497076222,4.6729698330800415,0.5097408693498755,0.2598357538855669,0.004748300152480002,0.5242979433643715,0.52427644145219,0.2748657870617716,1.4311616,2.5776000000000003,0.35414748616776826,0.6270336498969992,-0.12087254805469128,2.7296723515952936,1.253906666101969,3.4227543579395765,4.041145725716161,0.5242764414521901,0.27486578706177167,0.007767764680125002,0.21183784205482803,0.2116953782167208,0.04481493315832047,0.76583621,1.34923,0.1429651167067044,-0.21510170082611552,0.3214785961260489,3.6152002048896708,1.256619889647098,4.542932482520624,5.35680470622164,0.2116953782167208,0.04481493315832047
379,451.6,0.0002838310319099997,0.5036483990220457,0.503648319045557,0.2536616292774151,1.5960804,3.114,0.33007570770537525,-0.19202983518219305,0.25424760199266183,3.169036977183236,1.2789806067597023,4.053136835921747,4.83549792590207,0.503648319045557,0.2536616292774151,0.0021864601503200003,0.5300128849250951,0.5300083750080117,0.2809088775786331,1.4311616,2.4056,0.3620377630925872,0.5773597587676838,-0.19821475501993424,2.700239259659246,1.2445913299576028,3.360694371383034,3.9530727064900026,0.5300083750080117,0.28090887757863314,0.011102319167128503,0.20853467187500718,0.20823892019295556,0.04336344788312812,0.70789671,1.2592905,0.1417644843735149,-0.18309198152959738,0.10419186733650232,3.394623558926947,1.250467833851402,4.2448675684723165,4.993470072058841,0.20823892019295556,0.04336344788312811
380,452.5,-0.0002655336711020069,0.49816922858678814,0.4981691578195353,0.2481725098026251,1.5210804,2.858,0.3239227517572874,-0.19534448504664786,0.28830895543341706,3.053340737875395,1.2851481473657718,3.923995192557002,4.695812170488514,0.4981691578195353,0.24817250980262506,0.0011652561544300024,0.5271326608013621,0.5271313728679202,0.2778674842616184,1.4887616,2.6642,0.3585358816980176,0.5742947724469407,-0.2297597665170379,2.824263626041957,1.245937909779324,3.51885711889649,4.152336421529861,0.5271313728679203,0.27786748426161845,0.010991769615230003,0.20376340160688947,0.203466716774848,0.04139870483513621,1.0146062,1.52899999,0.13217481515783014,-0.35916805789294937,0.8049917560179045,4.979334816747067,1.287154967921955,6.409175546322745,7.676244515934879,0.20346671677484804,0.041398704835136226
381,453.4,0.0017311207299499998,0.49941276575553917,0.499409765443784,0.24941011382061534,1.4820804,2.959,0.3234834286602612,-0.18853795857909386,0.3197715885841945,2.967646206956338,1.2866432715044607,3.8183020243861066,4.581626966605936,0.499409765443784,0.24941011382061537,0.0053455981585399945,0.5246780198137003,0.5246507877207021,0.2752584490559532,1.8003616,2.8617999999999997,0.3511142065439865,0.651542171369827,-0.0405538477005436,3.4313646312823667,1.2596457865397703,4.322303999876426,5.127566946723519,0.5246507877207021,0.2752584490559532,0.01125887564931,0.20718133802204,0.2068751907400116,0.04279734454371618,0.70982021,1.291214,0.14299085304845519,-0.23181775956555775,0.16388278191340966,3.4260817927746423,1.243516015645772,4.260387580227647,4.9640952191498835,0.20687519074001157,0.04279734454371617
382,454.3,0.00150358798992,0.5124127991325018,0.5124105931164599,0.2625646159379622,1.6290804,3.02,0.33347759920339304,-0.20974514243210776,0.260895357664229,3.179234403898537,1.2824471788187561,4.077200192083208,4.88512692873982,0.51241059311646,0.26256461593796226,0.004606678166980002,0.5264008653081298,0.526380707770919,0.27707664951341365,1.4965616,2.6710000000000003,0.3539401391620988,0.5749550904471826,-0.15646397289480163,2.843007484655225,1.2546025577305076,3.566844461895422,4.22829013839145,0.5263807077709189,0.2770766495134136,0.011514729656160001,0.21272811207784853,0.21241624389191902,0.04512066066915123,0.68726621,1.23166,0.14639960575079564,-0.22341060561382436,-0.03040925024140284,3.2307258466548734,1.2431191421506687,4.0161771430175985,4.69445396710889,0.212416243891919,0.045120660669151214
383,455.2,0.0006861578247600022,0.5185550109422011,0.5185545569761255,0.2688988285607058,1.6290804,3.121,0.3366641042409855,-0.18052004264320334,0.2220283221087347,3.141576815620782,1.2818310703816176,4.026970772253261,4.838889502855635,0.5185545569761255,0.2688988285607058,0.0034915941464999964,0.5346179513166012,0.534606549380267,0.28580416264027586,1.4675616,2.4290000000000003,0.36607254077080126,0.5901748872988593,-0.25224597176325636,2.745066072670854,1.2427052324077799,3.411307971813145,4.008936581011803,0.5346065493802671,0.28580416264027597,0.010719352647803798,0.21083250987527238,0.21055983163727796,0.04433544269911884,0.76819621,1.38159,0.14125134700608147,-0.2847114279603971,0.29445722101305716,3.643632618396763,1.2611364687979092,4.595117973961774,5.438505375576531,0.21055983163727798,0.044335442699118856
384,456.1,-0.0003420481571600014,0.5172051527451492,0.5172050396401714,0.2675010530291913,1.6220804,3.0540000000000003,0.33928463310846785,-0.15685307226544376,0.2469538532205453,3.136241762848936,1.2783414667514343,4.009187895207413,4.780883782264986,0.5172050396401714,0.2675010530291913,0.005079765138700001,0.5258013125107015,0.5257767741390942,0.27644121622411205,1.6059616,2.7234,0.35991015533323406,0.5843932683941686,-0.17420950822655712,3.0543126496423767,1.2453811167073492,3.8037832983850057,4.462118048636528,0.5257767741390941,0.276441216224112,0.0106363446636418,0.20905543735338725,0.20878468348806678,0.04359104405921223,0.71715121,1.272545,0.14458476903360548,-0.23401588738007162,0.0751934392738085,3.4304355776584172,1.2401499493826746,4.254254507993612,4.960074389532098,0.20878468348806678,0.04359104405921223
385,457.0,0.0003247788258780009,0.5011572173941319,0.5011571121564009,0.25115845106494344,1.4719196,2.911,0.3264240343893069,-0.15084868692315476,0.15697364779017775,2.937041608726186,1.279529904921239,3.75803257036314,4.509225562246828,0.5011571121564009,0.2511584510649434,0.0038911065710000026,0.5255550158764282,0.5255406111829283,0.2761929340025258,1.6513616,2.7687999999999997,0.3530916127904879,0.5814460327783385,-0.04892686510164168,3.142128892531165,1.257361796494234,3.950792829129423,4.676864417563664,0.5255406111829284,0.27619293400252587,0.00972859303492,0.2081850290318038,0.20795759373135164,0.0432463607905339,0.70800281,1.2453965999999999,0.13976643745343673,-0.30073762873651716,0.3069357506601422,3.4008344081833113,1.2630319177720595,4.295362404592975,5.065613912037155,0.20795759373135164,0.04324636079053391
386,457.9,0.002857058539960001,0.49763611702139937,0.4976279153952631,0.24763354218063513,1.6500804,3.017,0.32722287265437505,-0.17854928121673555,0.23182814354025894,3.315837302719415,1.2763229017456095,4.232079087923179,5.042680502786479,0.4976279153952631,0.24763354218063513,0.002106672165199998,0.5289091689795181,0.528904973471599,0.2797404709629929,1.5728616,2.5913,0.36168331462187564,0.5878523992680322,-0.18316621928890608,2.973783954312406,1.2456574551896902,3.704316152812726,4.348725905822775,0.528904973471599,0.2797404709629929,0.012130049656799998,0.20707411201860232,0.20671852786728198,0.042732549763616234,0.68110621,1.2775,0.1398344729305967,-0.2518296397393044,0.13493122932845525,3.2891905384040157,1.2542841003311143,4.125579395279694,4.870803284237714,0.20671852786728195,0.04273254976361623
387,458.8,0.0023395136109999964,0.5000579058884622,0.500052433168381,0.25005243591761817,1.5010804,2.892,0.3247710325046849,-0.19679286233323337,0.21308538570144409,3.001813154684561,1.2831599947531667,3.8518065518150273,4.621965168578717,0.5000524331683809,0.25005243591761805,0.005399331146260003,0.5265220194713353,0.5264943344532267,0.2771962842113461,1.6133616,2.6638,0.363504799094713,0.5978636413473979,-0.1925507662918351,3.064186378415716,1.240042168291918,3.7997203207411845,4.438350206154033,0.5264943344532267,0.2771962842113461,0.010352189667280002,0.20660513358766716,0.20634561636698384,0.04257851339387047,0.65790621,1.2333,0.14193046081570887,-0.1640369173156649,-0.11742974022438446,3.184365260318354,1.2399950978361203,3.9485973125144005,4.635412343614282,0.20634561636698381,0.04257851339387046
388,459.7,0.00037555083487799876,0.5151234154891158,0.5151232785913898,0.26535199214674265,1.5950804,2.989,0.33628224520154115,-0.20513744056892733,0.23164374223915862,3.096501444193626,1.2808778667768876,3.966240164310283,4.743278667727564,0.51512327859139,0.26535199214674277,0.0020746635580600045,0.5225598428539208,0.52255572443007,0.27306448513463527,1.4589616,2.5094000000000003,0.35768641338997764,0.5776286929327256,-0.196642706687439,2.791951237645802,1.2420379713467766,3.467709451304714,4.078884591037922,0.52255572443007,0.2730644851346353,0.011237819661682,0.20673219362156298,0.20642652758023838,0.04261191128883492,0.67769621,1.26109,0.14058875661213713,-0.2619082951542133,0.10975282294433297,3.2781358245565175,1.2501291278539064,4.098093079339486,4.820415418209154,0.20642652758023838,0.04261191128883492
389,460.6,0.0009328198308980018,0.5132802014123251,0.5132793537724268,0.2634556950090401,1.5520804,2.893,0.33673326758882555,-0.15044259929307288,0.1298344560459772,3.023846226153563,1.2735952620000863,3.8511562266460193,4.609227983660934,0.5132793537724268,0.2634556950090401,0.003426706146480002,0.5226519346381416,0.5226407011188259,0.2731533024659779,1.6002616,2.6347,0.3566586088293753,0.6439931201957186,-0.11311888356710087,3.0618113010677788,1.2452908574140371,3.8128456203466823,4.486816132806601,0.5226407011188259,0.2731533024659779,0.01078734166274,0.2058648101818402,0.20558198688371604,0.0422639533310564,0.69846421,1.302858,0.1398371143737016,-0.3130083050979333,0.35646168294744296,3.392829543733323,1.2535203013747673,4.25298071217381,4.994841413370557,0.20558198688371604,0.0422639533310564
390,461.5,0.002740493831979997,0.5083856410798395,0.508378254599581,0.2584484497497163,1.5730804,2.971,0.32949121819325,-0.1558195014448814,0.2071960514879687,3.0942659919715463,1.2838440796911175,3.9725550747822327,4.774271097803196,0.5083782545995809,0.25844844974971626,0.0057113511474600025,0.5276400715435016,0.5276091598584144,0.2783714255665019,1.6201616,2.7176,0.3630056897703803,0.5842894444621576,-0.20292853375031017,3.0705810407093486,1.2402603863289634,3.8083200278045672,4.463185139122297,0.5276091598584144,0.2783714255665019,0.00791797965838,0.20655592699363404,0.20640410987751423,0.04260265657432896,0.68487621,1.23727,0.1413419997067424,-0.231505504077488,0.10344691096381364,3.3156938170121237,1.2462263569510637,4.132105026340185,4.845525119362872,0.2064041098775142,0.042602656574328955
391,462.4,0.0009841717349800012,0.5000591761482442,0.5000582076679243,0.25005821105605686,1.5740804,3.0389999999999997,0.3265549532498286,-0.16966938213161403,0.3445791197139281,3.1477882520315124,1.2848145150055719,4.044324036374105,4.8202619018176724,0.5000582076679243,0.25005821105605686,0.003458551152880001,0.5304191107453315,0.5304078350362024,0.2813324714677912,1.5623616,2.6597999999999997,0.3620428732854252,0.5925449362174854,-0.2071910946994402,2.9455228296820017,1.2442943232446237,3.6650973359607555,4.315404929316961,0.5304078350362024,0.2813324714677912,0.010544493663880002,0.20576618791646478,0.20549583388245682,0.04222853774304629,0.72672621,1.25812,0.13932973909770394,-0.29267858629037025,0.2368337558576208,3.5318057711941973,1.2528421858033028,4.424795262215658,5.215872897676129,0.20549583388245685,0.0422285377430463
392,463.3,-0.0009976486830400018,0.5014023393800926,0.501401346859913,0.25140331063293475,1.5740804,2.989,0.32542697386733704,-0.2098155185606663,0.2764552425938702,3.1393559151441335,1.285613137547146,4.035997207945641,4.8369696626367755,0.501401346859913,0.25140331063293475,0.0013434001457000022,0.5233326108663678,0.5233308866025946,0.2738752168722578,1.5246616,2.5781,0.361312711468099,0.6249257167418127,-0.13295256333817784,2.913370136586653,1.2404406099469683,3.6138626292288305,4.219784003183666,0.5233308866025945,0.2738752168722577,0.010598921658284001,0.20396990998546932,0.20369434709672726,0.041491387039162005,0.70172421,1.287118,0.14194976487997626,-0.2581716102996405,0.15545013227933246,3.440332008039766,1.2383268968396626,4.260255659614049,4.943468631972258,0.2036943470967273,0.04149138703916201
393,464.2,0.0034541068359199988,0.5026335972863442,0.5026217288050496,0.2526286022669768,1.5840804,2.974,0.33054278319877894,-0.19408406405863654,0.29694920039245076,3.1515609154506414,1.2768156680245395,4.023962355581141,4.792361172342944,0.5026217288050495,0.25262860226697675,0.0055326602589,0.5159758711007233,0.5159462076889506,0.2662004892286098,1.4618616,2.5042999999999997,0.3473310967935172,0.6056834958209468,-0.16517119178604656,2.833197600658018,1.2552453951190459,3.556358241688306,4.208841688796594,0.5159462076889506,0.2662004892286098,0.01087078967693,0.20500563332675387,0.2047172089187995,0.0419091356275034,0.71888621,1.30228,0.14343613274951533,-0.2270782486522108,0.142496995923024,3.506665638081191,1.2340544563476623,4.327416357595312,5.011890631877267,0.2047172089187995,0.0419091356275034
394,465.1,0.0015585431219399988,0.5105540382326611,0.5105516593832741,0.2606629968990147,1.5550804,3.0460000000000003,0.32828642072361863,-0.18405959284163084,0.3504830912263306,3.0458683773868125,1.2915704775122836,3.93395367462105,4.736962304356805,0.510551659383274,0.2606629968990146,0.004611316172399999,0.5195913332722907,0.5195708704063717,0.2699538893748348,1.4226616,2.4681,0.3470955706767365,0.5870465633984576,-0.16239544993982546,2.738039510860081,1.2585503507519287,3.445960586765594,4.098760457317906,0.5195708704063718,0.26995388937483483,0.009234639664270001,0.20969828665331927,0.20949485162077075,0.043888092855608754,0.73171621,1.3161100000000001,0.14397804152980137,-0.22747580055869834,0.08196279251502592,3.4893761970010724,1.2439858145353344,4.340734490646587,5.082137541428811,0.20949485162077075,0.043888092855608754
395,466.0,0.00019938665000999967,0.5129098630986096,0.5129098243442002,0.2630764879087983,1.6410804,3.0540000000000003,0.33789985179078114,-0.2034201994602568,0.28453976331131825,3.19954931278928,1.278553011069797,4.090793407933034,4.856706480641237,0.5129098243442002,0.2630764879087983,0.0031851103695999983,0.5258145096489759,0.5258048626908337,0.27647075362932644,1.5921616,2.6406,0.35202823810340045,0.607637805520502,-0.19041321302455705,3.0279909945103984,1.2551403427353536,3.8005536546493452,4.522823534208463,0.5258048626908337,0.27647075362932644,0.010708569676689999,0.20839967942394544,0.20812436887467722,0.04331575291948271,0.73171621,1.2941099999999999,0.1414390597415604,-0.25523796730701265,0.24960674996849885,3.5111196524994495,1.251871168175704,4.395469460979157,5.173367323969793,0.20812436887467722,0.04331575291948271
396,466.9,0.0018471178329800063,0.5112321552869278,0.511228818392536,0.26135490475502854,1.5290804,2.908,0.334667597016331,-0.19538416063800323,0.1906293371696024,2.9909707051619385,1.2784166514627908,3.823706753516428,4.568952637280222,0.511228818392536,0.26135490475502854,0.005082675164580001,0.5201944490787507,0.520169617783965,0.2705764312655162,1.4714616,2.4999000000000002,0.34976881665259785,0.6105462076412715,-0.1335967948554031,2.828676089500601,1.255213213623975,3.5505916046033486,4.206954793976117,0.5201696177839651,0.2705764312655163,0.011009379668499998,0.20699522151145403,0.20670223822661124,0.04272581528789074,0.67304621,1.21544,0.14304695579563695,-0.25947611874685,0.09513636735972852,3.25150602552802,1.243153503703878,4.042121107949429,4.705071885357301,0.20670223822661124,0.04272581528789074
397,467.8,0.001284010841999999,0.5000683692364799,0.5000667207753282,0.2500667252269901,1.6190804,3.044,0.3286181002709017,-0.18094370912826102,0.31071853864338106,3.2377180793739524,1.279676369350819,4.143231316794766,4.926936156788943,0.5000667207753282,0.25006672522699,0.004814522159280001,0.5198813476982963,0.5198590540338551,0.2702534360609747,1.4935616,2.8529999999999998,0.35362021235900687,0.5957452731835928,-0.1361752929966107,2.872889374878595,1.2491381843316278,3.5886358175214736,4.223631873405718,0.5198590540338551,0.27025343606097474,0.00941512966246,0.21195666592541332,0.2117474523191633,0.044836983563656334,0.69093621,1.28333,0.1471741947912514,-0.20617948131607466,-0.03492929401793443,3.2597993886313428,1.2393068457191887,4.039891698002049,4.694683133683922,0.21174745231916328,0.04483698356365633
398,468.7,0.002200907832949999,0.49352650860426944,0.4935216010468345,0.2435635706998309,1.4389196,2.864,0.3228601637035582,-0.18766292267311346,0.23529716523726973,2.915587258057068,1.2794813710884887,3.7304395824669845,4.456788919060261,0.4935216010468345,0.24356357069983087,0.004637826139359998,0.5269910657361229,0.5269706575649119,0.27769807393439566,1.5099616,2.5684,0.36057046196463205,0.6356067774845963,-0.14757988764763708,2.865250851816289,1.2455570327613463,3.568833349105217,4.187701876001452,0.5269706575649119,0.2776980739343956,0.00926889965478,0.20805706315979125,0.2078504968237194,0.04320182902986698,0.69678621,1.22118,0.14010473500639933,-0.35112487692305616,0.2475299479338231,3.3490149260871602,1.2579751257273462,4.212977472707255,4.97332377787356,0.20785049682371937,0.043201829029866974
399,469.6,0.0015553956147470022,0.5112280879436732,0.5112257218167192,0.2613517386470256,1.6820804,3.121,0.3292492880474457,-0.22413235032288925,0.26014900810125896,3.290273832108635,1.2880174646951075,4.237930159385219,5.108835344717915,0.5112257218167193,0.26135173864702566,0.004599016155979998,0.5282612253765954,0.5282412055934099,0.2790387712867791,1.4747616,2.5332,0.35823948031824154,0.5903142024348127,-0.16208906770193376,2.7917278974027444,1.2508293808600133,3.491975277437901,4.116691992434495,0.5282412055934098,0.27903877128677906,0.0100158096537718,0.20846347747932661,0.20822272930627225,0.04335670499975313,0.66797621,1.26337,0.14365335330701062,-0.20149042239822423,0.013671007266442992,3.2042841176639363,1.2418932325347103,3.9793787608452984,4.649917280889545,0.20822272930627223,0.04335670499975312
400,470.5,0.0004911438378599992,0.5156067233953762,0.5156064894745279,0.2658500519882465,1.6820804,3.129,0.33561543663203264,-0.20552441149573228,0.22190384564706056,3.2623321684464375,1.2807271865596634,4.178157499717492,5.011927987818469,0.5156064894745279,0.2658500519882465,0.0029648201494000036,0.5259948378788558,0.5259864820664933,0.27666177931668556,1.5337616,2.6252,0.3607861659810454,0.5585173921344435,-0.2188409837617762,2.915925194599053,1.241637233563455,3.6205212918999474,4.251165218126959,0.5259864820664933,0.2766617793166855,0.009405974654720001,0.20675163200642946,0.20653756311653526,0.04265776497811679,0.71085221,1.248246,0.14120473253512697,-0.2855539215479861,0.08599078626780488,3.4381939484661204,1.2479337409718407,4.290638236296069,5.034195364685557,0.20653756311653526,0.04265776497811678
401,471.4,0.00097312003498,0.5148469531365422,0.5148460334812519,0.2650664381913784,1.7410804,3.1879999999999997,0.3341489457630586,-0.1706515948600814,0.2627133213617241,3.3817436218530936,1.2845905015055121,4.344155735159332,5.2104919739432045,0.5148460334812519,0.2650664381913784,0.002623726148900002,0.5212148041936691,0.5212082004072273,0.2716579881717404,1.5494616,2.6179,0.3571554718566348,0.6352837827352452,-0.13375677837202504,2.972788929886694,1.2444963466482364,3.6996249626003106,4.3383392446580435,0.5212082004072273,0.2716579881717404,0.011353169676270003,0.2088949951756863,0.20858625205835551,0.04350822454775182,0.72672621,1.29112,0.14401126726539082,-0.303681268254648,0.11230923959141093,3.47890675594599,1.2417023299621088,4.319766624579057,5.046314943265893,0.20858625205835551,0.04350822454775182
402,472.3,0.0035767047229600005,0.5019995166694152,0.5019867746461567,0.2519907219196513,1.4500804,2.8200000000000003,0.32829248223122565,-0.19857158025288732,0.18722178059192585,2.8886091556835707,1.2786760335720129,3.693595297729269,4.417038094033075,0.5019867746461567,0.2519907219196513,0.006592254147179997,0.5313225368341303,0.5312816393713553,0.2822601803331148,1.5870616,2.6925,0.35827215414373204,0.6380536287010677,-0.018788296879190813,2.9870022255341544,1.256725981172128,3.75384330264774,4.429765421745003,0.5312816393713552,0.28226018033311473,0.00886794865734,0.21148273213892493,0.21129672377856465,0.04464630547955505,0.70014721,1.291541,0.14370629109386593,-0.20619973076582723,0.00819174330461303,3.3106589976342224,1.2492658815584148,4.135893331218814,4.872070698301431,0.21129672377856468,0.04464630547955506
403,473.2,0.001566606262979997,0.4994282727029192,0.4994258156321499,0.24942614531983814,1.5960804,2.971,0.32665392780430696,-0.22416038753878983,0.2857392875375324,3.195815069423223,1.2811752572128141,4.094399193572885,4.886150951033981,0.4994258156321499,0.24942614531983817,0.005136250144400001,0.5286952217813743,0.5286702719738559,0.2794922564689107,1.5361616,2.7626,0.36437069833166685,0.5966700893685121,-0.15085291410180446,2.9055711811127973,1.2404935553298184,3.6043423247224737,4.215930663562073,0.5286702719738559,0.2794922564689107,0.00879595664003,0.20888395909556226,0.2086986811511353,0.04355513951422324,0.71658221,1.289976,0.1390517231878738,-0.2235766464997454,0.19125748120907016,3.4305277107093275,1.266024689392826,4.343132779404258,5.153350088526559,0.2086986811511353,0.04355513951422324
404,474.1,-0.00016514797006200176,0.49960024306935563,0.49960021577367963,0.24960037560110723,1.6090804,2.979,0.3272859895523013,-0.1826902689883247,0.30572819979797616,3.220735822933985,1.2816903119088747,4.1279859014723455,4.916435323739589,0.49960021577367963,0.24960037560110726,0.0019195461363000015,0.5209760890807,0.520972552766892,0.2714124007364521,1.5092616,2.6007,0.36398420236595336,0.5988938191708492,-0.23405354748312535,2.8969882334968604,1.2327755523002502,3.5713362695564177,4.146503035542662,0.5209725527668921,0.2714124007364522,0.00955225965244,0.2037150875287758,0.2034910101758531,0.04140859122238915,0.77302621,1.3664200000000002,0.13832470522286394,-0.22364100465084508,0.32375666084035704,3.7946438792404424,1.2543213229623233,4.759702730779755,5.588489841742494,0.2034910101758531,0.04140859122238915
405,475.0,0.0028145016788379976,0.5005548190033051,0.500546906301229,0.25054720540773134,1.6540804,3.065,0.32478940143453894,-0.24446243471498255,0.336217948500134,3.304494007856267,1.2847771208769336,4.245538297368654,5.092778251673889,0.500546906301229,0.25054720540773134,0.0049588375540499975,0.5174461198945542,0.5174223583534461,0.2677258969240419,1.4709616,2.5624000000000002,0.3539552197018601,0.6062791445126576,-0.11367538591928117,2.842733848887985,1.2449751208937296,3.539132917188017,4.155784455556286,0.517422358353446,0.26772589692404186,0.00978525965376,0.20496907690243518,0.2047353686585317,0.041916571179744885,0.67261621,1.20301,0.13979173239806908,-0.24755498340617915,0.14642137870626293,3.2815496862493254,1.2504407973599019,4.103383606249742,4.811559299405969,0.2047353686585317,0.041916571179744885
406,475.9,0.0016286598267379996,0.5104469667688423,0.5104443685169623,0.26055345335068036,1.6670804,3.112,0.33070155172199295,-0.1789921128524255,0.2965556048653326,3.2659228255438792,1.2847586962785258,4.195922751492033,5.041041964633553,0.5104443685169622,0.2605534533506803,0.004856300162050003,0.5216761332544119,0.5216535290362857,0.272122404356011,1.4709616,2.5174000000000003,0.353488200388392,0.6030297586226869,-0.1317564495728889,2.8196835282143127,1.2511398827473634,3.527818518874727,4.161274968680126,0.5216535290362857,0.272122404356011,0.006428589639380001,0.20955569454802742,0.2094570656548846,0.04387226235275463,0.66535621,1.23675,0.14264088232297428,-0.2473773052378978,0.09285439662122164,3.1750805504715554,1.2534548967837578,3.9798202636714404,4.664554783764368,0.20945706565488453,0.04387226235275461
407,476.8,0.0016676118319800045,0.5135847954694345,0.5135820880912404,0.26376656120815867,1.6670804,3.126,0.33348329614356653,-0.21393577803456287,0.3158511622936211,3.2459691461002658,1.2865721424992043,4.1761734787845315,4.998992211239006,0.5135820880912404,0.2637665612081586,0.002137336130599996,0.5268516043154684,0.5268472689158099,0.2775680447640477,1.4537616,2.4932,0.36693976387616994,0.6026556123698638,-0.22975617774444368,2.75933790101836,1.2342799490672445,3.4057954439282585,3.9618535332425746,0.5268472689158099,0.2775680447640477,0.009826529682662,0.2101211588848114,0.20989125928797492,0.044054340725491914,0.77202621,1.34342,0.14485650925889118,-0.22731282442927156,0.16272990640843776,3.6741954694016585,1.243286074341793,4.5680760615167895,5.329592808426824,0.2098912592879749,0.04405434072549191
408,477.7,-0.0005185741530599972,0.5109814860357591,0.5109812228958717,0.2611018101521605,1.5940804,2.9779999999999998,0.33574505830203416,-0.238997892629559,0.2906869491346824,3.1196441428182085,1.2800957161813515,3.993443103231833,4.747889389829753,0.5109812228958717,0.2611018101521605,0.004166944164080002,0.5248397631088646,0.5248232212054861,0.27543941351650253,1.6000616,2.7495000000000003,0.35402452252217176,0.6057991054992292,-0.12206785380927654,3.0486668740990726,1.2516450997198187,3.815848953644242,4.519634935457873,0.5248232212054861,0.2754394135165026,0.008034689675149998,0.2119572041195787,0.21180486335307033,0.04486130014001279,0.76025621,1.3406500000000001,0.14395778024101383,-0.23203102770287484,0.22983776143022983,3.586838263685959,1.2524571195092815,4.492361119881789,5.2811053958124425,0.21180486335307033,0.0448613001400128
409,478.6,0.002524709539880001,0.5002026326364215,0.5001962610197582,0.2501962995381461,1.4470804,2.879,0.32762391840176597,-0.1845080731191604,0.25538689496565325,2.892988372277977,1.2801323206500559,3.7034079186178346,4.41689485633171,0.5001962610197582,0.25019629953814615,0.0061462901606,0.5209406013531338,0.5209043417513682,0.27134133325542625,1.5784616,2.6619,0.35182688966414083,0.634608903701784,-0.08847422706208752,3.03002222499067,1.2534673630110635,3.79803396822397,4.486472314571587,0.5209043417513683,0.2713413332554263,0.00795798966114,0.20630134885764556,0.2061478036289428,0.04249691694103717,0.71783621,1.32023,0.1395873043944448,-0.2664504757051901,0.3138049967108252,3.4795517042175503,1.2553082626279104,4.367910004545317,5.142560873383897,0.20614780362894283,0.042496916941037174
410,479.5,0.0013296255288600019,0.5039129623929037,0.5039112082138528,0.253926505763545,1.5310804,2.942,0.3280298810332533,-0.21298849755681806,0.3715158181749998,3.0383826459423524,1.2865931864585636,3.909162410123373,4.667502835952893,0.5039112082138528,0.253926505763545,0.004518394142079999,0.5247382596588663,0.5247188058991145,0.27532982526419253,1.5245616,2.771,0.35905173164495197,0.6070321257566148,-0.15696335407220685,2.9053753408244356,1.2458502208235884,3.619662509941531,4.246077836793617,0.5247188058991145,0.2753298252641926,0.00823674864801,0.20762500765931313,0.2074615621681263,0.04304029977723934,0.70532921,1.329723,0.14146480909375764,-0.2101085738480733,0.11909375768065056,3.397130326214642,1.2513754024307486,4.251085329076549,4.9858987158603805,0.2074615621681263,0.04304029977723934
411,480.4,0.002222243935540002,0.5169686935825832,0.516963917286665,0.2672516917763738,1.5420804,2.944,0.3352346897889367,-0.21067720465152057,0.3267247991363047,2.9829280170012074,1.2852421607494862,3.833784849930812,4.600002466841637,0.5169639172866649,0.2672516917763737,0.003702776146200004,0.5272858880743412,0.5272728868538166,0.2780166972111577,1.4584616,2.6468999999999996,0.3636569358821708,0.5627073577385355,-0.25132798158598924,2.7659788228475666,1.2397304360079073,3.4290681320374516,4.0105425088676405,0.5272728868538167,0.27801669721115774,0.008482569664230001,0.20613353272314142,0.20595892630525606,0.042419079324813896,0.74903621,1.3354300000000001,0.14224720494206866,-0.17853934394862697,0.1324317450209369,3.6337426526621113,1.2413783992982776,4.510849637623569,5.265735873721042,0.20595892630525603,0.04241907932481388
412,481.3,0.0024109638327479963,0.5189720475515687,0.5189664472711747,0.2693261733932649,1.6020804,3.041,0.33936807524722024,-0.185920996367536,0.22776343666323529,3.087026377544556,1.279209360073773,3.9489530369496286,4.720775219746079,0.5189664472711747,0.2693261733932649,0.003944155158720004,0.521100255828784,0.5210853291591581,0.2715299202649081,1.4584616,2.5359,0.35420102557749683,0.5682555764237971,-0.2158143682388043,2.7988119055523955,1.2481252073762648,3.4932676900247426,4.117609760226113,0.5210853291591581,0.2715299202649081,0.008717090653780001,0.20757264216558804,0.20738952265275368,0.043010414106137033,0.70129521,1.276689,0.14182567105478505,-0.16412139120776173,0.017851253809578527,3.3785531787014205,1.2488117861167471,4.219177029584534,4.944769199992718,0.2073895226527537,0.04301041410613704
413,482.2,0.0020106488349999996,0.5166558374559279,0.5166519250603335,0.26692921166854844,1.4899196,2.9699999999999998,0.33698026790229835,-0.1272593495547372,0.2191319704163437,2.8837757980951757,1.2812462934182913,3.694827052358819,4.421385291414086,0.5166519250603335,0.26692921166854844,0.0027516317658800036,0.514857937812954,0.5148505847832288,0.26507112465163263,1.4612616,2.5097,0.3482381905797963,0.6093097329885911,-0.12959739100109458,2.838184075023179,1.2519071449810941,3.553142922293075,4.196155503700167,0.5148505847832288,0.26507112465163263,0.008518669643802,0.20926854750912469,0.2090950913916406,0.043720757244078534,0.69578621,1.28118,0.14110864904499482,-0.21749996838455715,0.10194400417819116,3.324848469976893,1.2564465335637565,4.177494334727227,4.930854449454314,0.2090950913916406,0.043720757244078534
414,483.1,0.0018793524806599948,0.5113320882024419,0.5113286345000868,0.2614569724597234,1.4980804,2.938,0.33285007276071454,-0.18708039904121845,0.22388228941816868,2.9297601980474455,1.2814596829597003,3.754369574537828,4.500766328739751,0.5113286345000868,0.2614569724597233,0.005003983155050003,0.5245346627017282,0.5245107935287888,0.2751115725281998,1.5196616,2.6071,0.3564585422650061,0.605850174620179,-0.18437577485489243,2.8971614424348187,1.2482084953113923,3.6162615247357484,4.2632211598683485,0.5245107935287889,0.27511157252819984,0.0091023396738318,0.2139181075848413,0.21372436493095945,0.045678104165141925,0.66699621,1.22339,0.14538969291188855,-0.17500095065001708,0.013935206660961263,3.1179978989645134,1.2505241892776777,3.8991317947721007,4.587644396526953,0.21372436493095945,0.045678104165141925
415,484.0,0.003108048233799999,0.5025905116159799,0.5025809013508062,0.2525875624025888,1.4550804,2.799,0.3282999508391848,-0.19296716108062567,0.19650978618213655,2.8951609040956185,1.2804095105184017,3.7069915560850846,4.432167584188155,0.5025809013508062,0.2525875624025888,0.00510142675127,0.5286026074873645,0.5285779905440088,0.27939469208754225,1.6157616,2.6601999999999997,0.36219617740065324,0.6023551353042246,-0.21436825304847984,3.0566659662923104,1.242857166896493,3.7989992030149913,4.461012293381222,0.5285779905440088,0.27939469208754225,0.0082655596332918,0.20502797371363432,0.20486129582980583,0.04196815052906722,0.68844621,1.36984,0.1372010497877289,-0.24210784826791906,0.27918950658756403,3.357815997155409,1.2630456949624345,4.241075039683133,5.0177911252510965,0.20486129582980583,0.04196815052906722
416,484.9,0.0009781828218399986,0.49906938076698415,0.49906842214019925,0.2490692899775081,1.4770804,2.8970000000000002,0.32622921304536895,-0.15403138172601924,0.1481972721616458,2.959669450628248,1.277672150812384,3.781487232677901,4.527737985851626,0.49906842214019925,0.2490692899775081,0.001256571062999999,0.5184977082296296,0.5184961855872634,0.26883829446854185,1.6261616,2.7026000000000003,0.3493894763742431,0.6106114522629061,-0.14265004207514353,3.1362946724536225,1.253171014270974,3.930313575731358,4.654294733989533,0.5184961855872633,0.2688382944685418,0.010759629662120001,0.20223805607849246,0.20195163207050715,0.040784461695941486,0.67469621,1.22009,0.13825762230916408,-0.28619194087648925,0.11322758548768963,3.3361486116052137,1.2449714923058968,4.153409915544389,4.879992862102616,0.20195163207050715,0.04078446169594149
417,485.8,0.002243915820930002,0.507600494540118,0.5075955347510072,0.2576532268991609,1.6240804,2.979,0.33086345442761544,-0.20798529403927232,0.21501695465996162,3.199524857578013,1.280280148557626,4.0962881599737955,4.9086122334351305,0.5075955347510072,0.2576532268991609,0.0034756821609200008,0.5220652399849981,0.52205367007053,0.2725400344341099,1.3504616,2.6619,0.3549214550998756,0.5437004791073282,-0.2366976689687732,2.586767891382323,1.2452504201127468,3.221173803478002,3.804959042614027,0.52205367007053,0.27254003443410985,0.00776665965932,0.21079031099786025,0.2106471794454199,0.044372234208310934,0.68896621,1.2423600000000001,0.14514142479073,-0.17651532411351437,-0.03433014520714561,3.2684908843224476,1.2414505934390185,4.0576699479921245,4.746861283698818,0.2106471794454199,0.044372234208310934
418,486.7,0.003041647423877997,0.5106518947630105,0.5106428360468808,0.2607561060060016,1.6240804,3.0940000000000003,0.3271344510413119,-0.18340552513431324,0.33525200971930236,3.1804060978834174,1.2933696193732633,4.113440624271881,4.9645654709564795,0.5106428360468809,0.26075610600600163,0.006993336357829999,0.5202284538655609,0.5201814466683125,0.2705887374579384,1.5893616,2.6638,0.35542862365092975,0.5616512146156647,-0.2201586483074527,3.055122395152049,1.2430956281248218,3.797809292799747,4.471675870317436,0.5201814466683125,0.2705887374579384,0.0064585166395172,0.2096123572195383,0.20951283459957393,0.04389562786194842,0.75489621,1.3332899999999999,0.14023503016915156,-0.31543636393341273,0.29438804001320173,3.6013917309720274,1.2627017529944595,4.54748365191813,5.383078743516822,0.20951283459957395,0.04389562786194843
419,487.6,0.0016521743318199955,0.5096753659939167,0.5096726881254383,0.25976624902101025,1.6119196,3.192,0.32952840952716567,-0.17387205365245872,0.2237236204072781,3.162639804763959,1.2854617191669104,4.0654524005375805,4.891595241554178,0.5096726881254383,0.25976624902101025,0.0014970581520399998,0.5205909931891172,0.5205888406473201,0.27101274100652084,1.5590616,2.6995,0.3529678272584308,0.6424877211377824,-0.044228037477789695,2.9947917278577147,1.2521454888048973,3.749914951947261,4.417007669252839,0.5205888406473201,0.2710127410065209,0.007867769650140001,0.20751448930258629,0.20736528511601343,0.043000361471245536,0.76079621,1.33819,0.1438630102275956,-0.3283397913161823,0.3380355336817007,3.6662317535362483,1.2438000201084187,4.560059128770509,5.288337904207604,0.2073652851160134,0.04300036147124553
420,488.5,0.0006432174247600005,0.49802743514727105,0.49802701977976427,0.24803091243071373,1.4809196,2.91,0.32328289014411715,-0.12951948019112838,0.17382549001969494,2.9735703206030792,1.2826036766243147,3.8139122259064515,4.5808783735502265,0.4980270197797643,0.2480309124307138,0.0006682201490099979,0.5208730958761509,0.5208726672512568,0.27130833548943845,1.6028616,2.6923,0.35965234096619414,0.5802880953247884,-0.12436998171870561,3.077259341459855,1.2400852358894667,3.8160638763473087,4.456697252947014,0.5208726672512568,0.27130833548943845,0.008643959653389998,0.20607780383528218,0.20589643803398738,0.0423933431950836,0.63490621,1.2323,0.13917879476414172,-0.2277811781843646,0.06019551292997338,3.0809053579951775,1.2539688808682692,3.8633594438262673,4.561802759363874,0.20589643803398738,0.0423933431950836
421,489.4,0.0028182741158999988,0.49124383973256447,0.4912357554231992,0.24131256740620116,1.5690804,2.9160000000000004,0.31975247481127683,-0.15863611936170807,0.30685433016421504,3.1940968478184173,1.2865422670640574,4.109340599814466,4.907172027131603,0.4912357554231992,0.24131256740620116,0.006342212162299999,0.5137109383516111,0.5136717867734037,0.2638587045269811,1.7054616,2.8349,0.34988102608776317,0.573682552851864,-0.13509651277896806,3.3198857035679694,1.2472323669366814,4.140668904020328,4.874404362733882,0.5136717867734036,0.26385870452698107,0.006680569653601799,0.2015983842450771,0.20148766344203092,0.04059727851932913,0.74870621,1.2651,0.13671378096076378,-0.31318242783523165,0.3062695465698799,3.7138502513483465,1.2543716106854887,4.6585483216285315,5.476450177432188,0.20148766344203092,0.04059727851932912
422,490.3,0.002481973126958006,0.5029183586622242,0.5029122341809779,0.2529207152889027,1.5580804,2.8979999999999997,0.3279070738901033,-0.22371315223882052,0.2679999619708391,3.098078193336457,1.2827919684180458,3.974189823943097,4.751591301510574,0.5029122341809779,0.2529207152889027,0.003332390166640003,0.5192329152446161,0.5192222216442589,0.26959171544919996,1.4401616,2.6126,0.3504250882092778,0.617922113748735,-0.1332441320641098,2.7736330993606684,1.2532326131606606,3.476007457060673,4.109755974834539,0.5192222216442589,0.26959171544919996,0.00897369966672,0.20658898409595597,0.2063939947384387,0.042598481064090664,0.72099621,1.32739,0.14207270198680033,-0.21583044133175988,0.21006293071434445,3.4900031729916123,1.2461266250514866,4.348985875379017,5.074839852535403,0.2063939947384387,0.04259848106409066
423,491.2,0.0006059405119800007,0.5135254450575696,0.5135250875640556,0.2637080155576709,1.6870804,3.094,0.33553517337345895,-0.18743311568973614,0.26094069038770895,3.2852907606377073,1.2809952458836287,4.208441845722313,5.028028456862368,0.5135250875640555,0.26370801555767087,0.002195667165379998,0.5286024328859926,0.5285978727716271,0.27941571109868923,1.6841616,2.8606,0.3579662409692469,0.5661098832565225,-0.13126009038023723,3.186064791274305,1.2502684756344056,3.983436369858976,4.704805669495206,0.5285978727716271,0.27941571109868923,0.006993169671789299,0.2120373642976738,0.21192201262786745,0.04491093943624601,1.0026062,1.57099999,0.14274876009903625,-0.33821199006789077,0.5424916306542009,4.728441156212765,1.2619990169617068,5.967288090901786,7.023572038765253,0.21192201262786742,0.044910939436245995
424,492.1,0.002397221948100002,0.5194693821519037,0.5194638508310393,0.26984269232021224,1.6870804,3.144,0.34138673821065924,-0.16856556511775767,0.2908989127264934,3.2476993985887357,1.279063847766727,4.154014889148594,4.9418451602503515,0.5194638508310392,0.26984269232021213,0.004935934152100003,0.5216291815369077,0.5216058277904019,0.27207263958491035,1.4576616,2.5370999999999997,0.3581977252293419,0.5656900741597573,-0.23714956099550832,2.794440287457084,1.2418650960310693,3.470317855935981,4.069432878354291,0.5216058277904019,0.2720726395849104,0.008228070644581798,0.20958061367937583,0.20941903562878791,0.04385633248369154,0.78539621,1.3207900000000001,0.13980906331856127,-0.29415970591271534,0.36628037861592055,3.7474659330921143,1.2652652218814158,4.7415383153268404,5.617634446276486,0.20941903562878794,0.04385633248369155
425,493.0,0.00241826383094,0.5095509407160967,0.5095452022977972,0.2596363131847031,1.5440804,3.017,0.3299221019197368,-0.20146073379960827,0.3060873148800569,3.0302768116373775,1.2885440706759852,3.904645218142272,4.680136283732948,0.5095452022977972,0.25963631318470304,0.0028656671643499994,0.5178805674716576,0.5178726388953845,0.2681920701164693,1.5555616,2.7640000000000002,0.35058340888947237,0.5805806790447744,-0.10925543242068825,3.0037072207485993,1.250105399298453,3.754950614569575,4.437065647023868,0.5178726388953844,0.26819207011646923,0.008605729665051801,0.20904408026494742,0.20886686886806588,0.04362536891074983,0.65581621,1.28221,0.14343958947686447,-0.17416597949303522,0.05419056811970524,3.1372149317445537,1.2444039821074115,3.9039627537897537,4.572072552576409,0.20886686886806588,0.04362536891074983
426,493.9,0.0015602808398299981,0.5018533941898411,0.5018509686984423,0.25185439478356486,1.5950804,3.028,0.33116396569194306,-0.18088972376274204,0.23788901347547808,3.1783792208379746,1.274684823977366,4.051431757647172,4.816588050777793,0.5018509686984423,0.25185439478356486,0.0035796741519699997,0.5269613624596952,0.5269492038691622,0.2776754634583439,1.5462616,2.7527,0.3601209090875748,0.585530152872733,-0.16542185948906152,2.934297863476217,1.2448921988579782,3.6528845193671757,4.29372902539235,0.5269492038691621,0.2776754634583438,0.008049889653400002,0.20519991976614077,0.20504196240915828,0.04204220634859868,0.68242621,1.27582,0.13857555433793428,-0.28124998820639907,0.20792089459360197,3.325665091768737,1.255765131115292,4.176254260010518,4.924578604504919,0.2050419624091583,0.04204220634859869
427,494.8,0.0018019928254800009,0.502068734216163,0.5020655004073443,0.25206976669927705,1.7210804,3.11,0.3276431584949925,-0.24329044226896762,0.30290429698455235,3.427977650683577,1.282840931934372,4.39755004405312,5.252911148536325,0.5020655004073444,0.25206976669927716,0.003372427152980003,0.5292437265888473,0.5292329816524557,0.28008754886874854,1.5702616,2.6277,0.3594257186976382,0.6185212702631296,-0.17777581006031928,2.966991427788593,1.2476846114176299,3.70186954665985,4.368807011612212,0.5292329816524557,0.2800875488687485,0.0078324526746955,0.20952353501263665,0.2093770866386535,0.04383876440929022,0.74366621,1.32306,0.14344497764223765,-0.2274566707805651,0.20904917601743778,3.5493206524753815,1.2468745350783632,4.425557538399274,5.184330760291645,0.20937708663865354,0.04383876440929023
428,495.7,0.002082654156450001,0.5048444348890503,0.5048401390441425,0.2548635659901092,1.5100804,2.9240000000000004,0.32989907308120625,-0.2083283039686544,0.2491488007426037,2.991179649889318,1.2811059942838783,3.8320181794531583,4.57740116059158,0.5048401390441425,0.2548635659901092,0.00042784627126000085,0.5223229783787452,0.5223228031495574,0.2728211106900113,1.5149616,2.6374,0.350787033885922,0.5955795981596996,-0.13402528686216808,2.9004306965439985,1.255352992343271,3.6410643539907865,4.318750277676097,0.5223228031495575,0.27282111069001136,0.0085165196822168,0.20701337427559344,0.20683811549487038,0.042782006021469345,0.69382621,1.23722,0.14381493389817193,-0.26043565124348855,0.04679400169052128,3.3516008925892913,1.2359171820010586,4.142301130361189,4.82443784656789,0.20683811549487038,0.04278200602146934
429,496.6,0.0025334138267999965,0.5162463493794559,0.5162401331376683,0.2665038750619974,1.6270804,3.034,0.32942268148482895,-0.17844260655533423,0.2541801034417994,3.1517518757387846,1.2948740109709687,4.081121592923154,4.939187528515497,0.5162401331376683,0.2665038750619974,0.003249903148950003,0.5211447840613327,0.5211346506267411,0.27158132408385555,1.5304616,2.7109,0.35384802862802167,0.5993595895052989,-0.11193051273413568,2.936730150252991,1.2522370834580931,3.677482398256253,4.325194649053361,0.5211346506267411,0.2715813240838556,0.009197789658305002,0.21172704299192094,0.21152716468459629,0.044743741399504315,0.69382621,1.29122,0.14399998557000035,-0.19201780881339392,0.15820664831086706,3.276984367209412,1.251924991804765,4.102538627062986,4.818238052272037,0.21152716468459629,0.04474374139950432
430,497.5,0.0027145082159000023,0.5105877757209931,0.5105805599127888,0.260692508160857,1.5530804,2.911,0.3329090560326545,-0.19101006749313434,0.200143196362355,3.0417500650244107,1.2804047465757196,3.894671221154259,4.665179188900349,0.5105805599127888,0.260692508160857,0.0075166141578799995,0.5228807191472576,0.5228266892265111,0.27334774696755487,1.5304616,2.6389,0.3533872372309259,0.6124849445892284,-0.14666889410970363,2.9269803684786084,1.2513086544570753,3.6625558665032423,4.330834390037403,0.5228266892265112,0.2733477469675549,0.0072869296396600005,0.20785652717090222,0.20772875714251665,0.043151236543974666,0.78167621,1.3040699999999998,0.1406189221076235,-0.2499962331365059,0.23588339581003703,3.7606526994328933,1.2565111063568766,4.7253018839884,5.558826637866984,0.20772875714251665,0.043151236543974666
431,498.4,0.0020156630459399988,0.5081674413624236,0.5081634437494669,0.25823008556331756,1.5220804,2.888,0.3270891267378024,-0.2060567342864191,0.2644543553007388,2.9952340038142196,1.2900487069715794,3.863997753697841,4.653411793844536,0.5081634437494669,0.2582300855633176,0.0025970411529400005,0.5202358705946432,0.5202293882804164,0.2706386164306163,1.4205616,2.605,0.3526827102278745,0.6319682176020656,-0.1493871942448619,2.7306106331658007,1.2497894323328336,3.4126883131462855,4.027874230302218,0.5202293882804164,0.2706386164306163,0.007962059661222,0.2062535929619557,0.20609985496275157,0.04247715021566723,0.67864621,1.3060399999999999,0.14332123522071882,-0.24008849087763173,0.08017889632748787,3.2903485474077487,1.2383037101640741,4.074450813987987,4.735140671616913,0.20609985496275157,0.04247715021566723
432,499.3,0.00041665482589999756,0.5050816277835052,0.5050814559288346,0.2551072771231913,1.4870804,2.9699999999999998,0.33030602147331906,-0.19105667921618505,0.18038020685515077,2.944237759203176,1.2785583949291512,3.764379903696614,4.502129247801561,0.5050814559288346,0.25510727712319126,0.00019891417834000212,0.5210492390689923,0.521049201100554,0.27149226996752557,1.5645616,2.701,0.3512781739257609,0.6619542294138963,-0.03607376045815025,3.0027135300985175,1.2544927508409482,3.7668823563606235,4.453910650112451,0.521049201100554,0.2714922699675255,0.00773648964361,0.20674650424003027,0.20660170314754708,0.04268426374346717,0.73965621,1.28305,0.14016253900129558,-0.2019021048069529,0.1493151437488982,3.577599595789382,1.2521403858109523,4.479656938148824,5.277131930330993,0.20660170314754708,0.04268426374346717
433,500.2,0.002825891809810002,0.4997744390496079,0.4997664497170948,0.24976650426282943,1.5649196,3.055,0.32270882415797514,-0.1789284356330046,0.23140670570706412,3.1312517762531376,1.286808323638747,4.029320849091149,4.849323857453391,0.49976644971709483,0.24976650426282945,0.005854224175550001,0.519755952346664,0.5197229820385952,0.27011197805909004,1.4898616,2.5313,0.34621738244110156,0.6230646143645736,-0.06639505560264425,2.866463757217926,1.2612792096079373,3.615411142073624,4.303254762933387,0.5197229820385953,0.2701119780590901,0.009143049651809999,0.2065349493944888,0.20633247433317078,0.042573089964448585,0.67418621,1.25058,0.13919487416180754,-0.2501975907465273,0.18988334723178601,3.264271795047536,1.2571749727065948,4.103760804845794,4.843470092269993,0.2063324743331708,0.04257308996444859
434,501.1,0.002413206617933999,0.4974431706997025,0.49743731716628625,0.24744388450959248,1.6570804,3.0709999999999997,0.320610596366743,-0.22502168544076606,0.24916918491799445,3.331195395986951,1.2875175102331178,4.288972402341144,5.1685141376440455,0.4974373171662863,0.24744388450959254,0.0045557841477300055,0.5235650879456054,0.5235452665685068,0.27409964614628884,1.4984616,2.6549,0.35544445087120374,0.6074625439388646,-0.1863994978157022,2.8620349876263695,1.2503400357717604,3.578516928808785,4.21574059273462,0.5235452665685068,0.2740996461462888,0.00960768966313,0.20665165939604108,0.20642819727564923,0.04261260063047436,0.75384621,1.30024,0.1418832779483536,-0.22286655823729748,0.13053378955090356,3.6479078474529865,1.245281740992806,4.542673035257575,5.313143457782282,0.20642819727564923,0.04261260063047436
435,502.0,0.0004945921990000022,0.51622451977039,0.5162242828371467,0.2664875101907264,1.6570804,3.059,0.33157553081602464,-0.22255751970754925,0.2887253724842078,3.209999402463579,1.2920340179185188,4.1474284254810625,4.997595558157862,0.5162242828371467,0.2664875101907265,0.0008571641576800007,0.5252487549568943,0.5252480555445915,0.27588551985337434,1.5207616,2.6772,0.3579442866966185,0.5516958077084961,-0.21563368696083351,2.895316905843603,1.245658131719868,3.6065750476700913,4.248598613026463,0.5252480555445915,0.27588551985337434,0.0086282196498538,0.20754834561078003,0.20736892146955307,0.04300186959144567,0.69255621,1.36195,0.13861804144840534,-0.16838873118646752,0.11668411840300408,3.336842835156903,1.2615142704010638,4.209474854635978,4.996147707495742,0.20736892146955307,0.04300186959144567
436,502.9,0.0028441998290000027,0.5034362682493899,0.503428233928337,0.25343998671620444,1.5979196,3.0300000000000002,0.33228469921996906,-0.16172134242968708,0.1473363790600022,3.174025593262244,1.2740705281276883,4.043932463898426,4.80888708914699,0.503428233928337,0.25343998671620444,0.003895304156350001,0.5191378229096154,0.5191232086709906,0.2694889057808648,1.4761616,2.5196,0.3514351125185673,0.6149002881615409,-0.12361123352472836,2.8434869024309317,1.2516491558525495,3.559047981105457,4.20038165629227,0.5191232086709906,0.2694889057808648,0.008920239653102,0.2033983909309245,0.20320269377599404,0.0412913347578204,0.66488621,1.22228,0.13567624641110085,-0.3115298499496081,0.27577938915697997,3.2688862825163647,1.2643709263087892,4.133084777023311,4.900535116407819,0.20320269377599404,0.0412913347578204
437,503.8,0.003266217818001002,0.5065004960028506,0.5064899646313824,0.256532084272299,1.5330804,2.963,0.3299335411709855,-0.17742348563369423,0.14545090501716684,3.026809276789675,1.2799149295491423,3.8740583822609476,4.646633969249865,0.5064899646313824,0.256532084272299,0.004939593160880001,0.5141670070942037,0.5141432792555164,0.2643433116036159,1.4761616,2.5545999999999998,0.3516266914705669,0.602742054713718,-0.165182220948473,2.8709768997868492,1.2433774845238548,3.5697080357830675,4.19809313629299,0.5141432792555164,0.2643433116036159,0.01022640666925,0.21003777845547447,0.20978867697077,0.044011288985146085,0.71754921,1.406943,0.14662019061412898,-0.10751794639358357,-0.04261773351619169,3.4162864189315925,1.2336513770930653,4.214506445259295,4.893931777025352,0.20978867697077,0.044011288985146085
438,504.7,0.001995174817860999,0.5012296058543095,0.50122563488145,0.25122713706231264,1.6750804,3.013,0.3201962065471458,-0.2037227462616474,0.29724456689306145,3.341942256473352,1.2932786725055896,4.322062645042191,5.231418629418898,0.5012256348814501,0.2512271370623127,0.0038664951391599984,0.5232661378970515,0.5232518526341163,0.27379250128503496,1.5665616,2.7350000000000003,0.3596138502090502,0.5830306976008216,-0.15171735978113032,2.993814211437104,1.2426549734364196,3.7202781193869496,4.356232662032702,0.5232518526341163,0.27379250128503496,0.00926727565114,0.20925760775557803,0.20905229968979808,0.04370286400559315,0.74615621,1.41655,0.14220334309863955,-0.20840211240074202,0.20811306340677094,3.5657303837265637,1.2530458235069653,4.468023565080459,5.247107372731931,0.20905229968979808,0.043702864005593145
439,505.6,0.00147947473189,0.5040071785891403,0.5040050071416983,0.25402104722390334,1.5029196,2.968,0.3278011320094675,-0.19163126330075478,0.20329432236946632,2.9819408608565854,1.2813940900345213,3.8210413959340817,4.584851769079898,0.5040050071416983,0.25402104722390334,0.004621166432830002,0.5223394676141171,0.522319025355385,0.27281716424819935,1.4838616,2.5983,0.3591640970031655,0.6063357605351828,-0.17886297317834066,2.840799311562296,1.2437482069270465,3.5332390499951933,4.131430764882165,0.5223190253553851,0.2728171642481994,0.00977833964809,0.20390058688874965,0.20366598490494953,0.04147983340730313,0.69659621,1.23699,0.13709545030916018,-0.24665917330663584,0.17408366843792367,3.416352157829101,1.2564911191472792,4.29261614619191,5.081103774261838,0.20366598490494955,0.041479833407303136
440,506.5,0.002337525922760001,0.509126586803534,0.5091212206957955,0.2592044173627769,1.6760804,3.151,0.33025230391856686,-0.2010010632025679,0.227933337673615,3.292070073423174,1.2842362259284552,4.2277956465849895,5.075151271051498,0.5091212206957955,0.2592044173627769,0.00285751414727,0.5226559909967412,0.5226481795028888,0.2731611195376838,1.5237616,2.6742,0.3567871281415102,0.5944994609257721,-0.07269342963357062,2.9154197526638526,1.2492774339994723,3.6421681076392742,4.270786359186254,0.5226481795028888,0.27316111953768385,0.010820109640280002,0.2063319184921528,0.2060480182288214,0.042455785816024716,0.75856621,1.3509600000000002,0.1394930626490669,-0.14326964942346035,0.13020122603088646,3.6764365665937904,1.2554981511749483,4.6157593122704785,5.438021042726558,0.2060480182288214,0.042455785816024716
441,507.4,0.0011760611329399992,0.5093015997241533,0.5093002418630814,0.2593867363617932,1.5310804,2.909,0.3347983694926566,-0.18096448462199735,0.18698818051100874,3.006235206858294,1.2768401521390245,3.838481818890635,4.573141745941455,0.5093002418630814,0.2593867363617932,0.0020158481573799964,0.5165848159909322,0.5165808827943517,0.2668558084685917,1.5107616,2.6612,0.3539081843282518,0.557005007895103,-0.1968990087928595,2.924518013759272,1.2436365297574714,3.6370374338447933,4.2687953172587845,0.5165808827943518,0.26685580846859175,0.011151479662830002,0.20550281570228127,0.2052000286620235,0.04210705176289526,0.68407621,1.24047,0.1396661187861298,-0.1982820537302552,0.21425540103257612,3.3287923947039433,1.2521650052001778,4.168197346224775,4.897939571497102,0.20520002866202347,0.04210705176289525
442,508.3,0.00396059882696,0.5131940543212529,0.5131787710414538,0.2633524510476169,1.5400804,3.024,0.32896440954307216,-0.15260899712995515,0.3102681101089648,3.0009708550441028,1.293517881275576,3.881809462186402,4.681601885563104,0.5131787710414538,0.2633524510476169,0.005890871164880001,0.5199154175881515,0.5198820434317584,0.27027733908278073,1.5149616,2.5594,0.3541832631199123,0.6030085489767442,-0.20587838449393114,2.9138616566282893,1.2466470884163068,3.6325571502835734,4.277338196771581,0.5198820434317585,0.2702773390827808,0.0092678196714,0.20880017791888167,0.20859439546041272,0.04351162181749506,0.74644621,1.31284,0.1431896610015934,-0.2813115244539458,0.31135974848699544,3.574930909733192,1.248722665760129,4.464097255510315,5.212989574657165,0.20859439546041272,0.04351162181749506
443,509.2,0.0018389398327800005,0.5030688970817604,0.5030655360003805,0.2530749335113502,1.5570804,2.997,0.3292466477015921,-0.17996251805886773,0.23051775649309336,3.095163324611059,1.2787982116877814,3.9580893243942303,4.729221727448649,0.5030655360003805,0.2530749335113502,0.0036091021522999998,0.5263267720998891,0.5263143978752082,0.27700684541074294,1.5541616,2.6746,0.3575475551038098,0.5977411494920266,-0.15678671120504628,2.952845423004709,1.2480317115454223,3.6852447272016335,4.346726967686206,0.5263143978752083,0.277006845410743,0.010226189652524998,0.20597149756560393,0.20571748310391164,0.04231968285460817,0.66330621,1.2297,0.13929933818595414,-0.15902347367001915,0.07820325209141643,3.2203786341298533,1.25331595292947,4.036151916628162,4.7617326732345,0.20571748310391164,0.04231968285460817
444,510.1,-0.001093676926090001,0.4992884455375824,0.4992872477022788,0.24928775571811668,1.5720804,2.894,0.3213507473167898,-0.1929425616196364,0.26427346051368117,3.1486416600475216,1.2889995426348568,4.058597659722312,4.8921012729129645,0.4992872477022788,0.24928775571811668,0.0031384051572900017,0.5217567482103367,0.5217473092562082,0.27222025471609335,1.4745616,2.5069999999999997,0.3551701354919494,0.5821756183447505,-0.2414828923313852,2.8261476350001273,1.2437863738266608,3.5151239188356014,4.1517049229310095,0.5217473092562083,0.2722202547160934,0.01013888964108,0.20691938532826815,0.20667083718191667,0.04271283494147431,0.76695621,1.46835,0.1369358059060892,-0.2378305723838678,0.44173528267778783,3.7065459516190766,1.2712556023034227,4.711967306190822,5.600844899003113,0.20667083718191667,0.04271283494147431
445,511.0,0.001285281998760001,0.4958772129376417,0.4958755472505041,0.24589255836098692,1.6040804,2.927,0.3164948035163054,-0.20706613652389716,0.32091016032603603,3.234833862393509,1.294174876982896,4.186440715923226,5.068267731976712,0.4958755472505041,0.24589255836098692,0.005512136666680002,0.5150436952438607,0.5150141982118733,0.2652396243598188,1.5158616,2.6443000000000003,0.3473601647032986,0.6050818073151958,-0.13819832275197363,2.9431708687983766,1.2548314284009963,3.6931833053224685,4.3639477235243405,0.5150141982118733,0.26523962435981874,0.008482312652115999,0.20611647082066226,0.20594186052290747,0.04241204991563667,0.70574321,1.315137,0.1395472169097251,-0.2393074521580463,0.31602462364498507,3.4240020081367137,1.2551962448228988,4.297794462879268,5.057379327432623,0.20594186052290747,0.04241204991563667
446,511.9,0.0013342208288790029,0.49757844570900106,0.497576656897171,0.24758252948896506,1.5610804,3.008,0.3263030166684584,-0.17606143194685323,0.19073484935962748,3.1373553526331146,1.279089208624244,4.012957375172527,4.784143327691458,0.497576656897171,0.24758252948896506,0.0057676761532800035,0.5186154678748323,0.5185833948660736,0.268928737430822,1.4312616,2.6477,0.352812609289032,0.5521657141945516,-0.2200267690882849,2.7597742232120135,1.2474472709224533,3.4426728231079595,4.056718955947174,0.5185833948660736,0.2689287374308221,0.006916879663439999,0.20526799425829906,0.2051514227163599,0.04208710624254658,0.66299621,1.28239,0.14062296785367887,-0.21422637707868977,0.13119201552825155,3.22990543360461,1.24695197221196,4.027536950491394,4.714707846941912,0.2051514227163599,0.04208710624254658
447,512.8,0.000329198535000002,0.508169080738504,0.5081689741089481,0.25823570624694075,1.5690804,3.0709999999999997,0.33321100443050766,-0.1667939078415318,0.23805287685207954,3.0877132424501537,1.2799076039926467,3.9519876579607423,4.708969329154426,0.5081689741089481,0.2582357062469408,0.001531628167100001,0.521908302457142,0.5219060550413775,0.2723859302888534,1.4286616,2.4441,0.3534948630552443,0.5887265944292296,-0.18401129547271466,2.7373804809654634,1.2504204438003836,3.4228765158593424,4.041534260645616,0.5219060550413775,0.27238593028885344,0.00858215765678,0.2073333868061582,0.20715568989160346,0.04291347985446618,0.70455821,1.269952,0.13964349467234854,-0.25497739587642654,0.08261415643033398,3.398189847053968,1.2568681228203065,4.271076494053745,5.045406602385129,0.20715568989160346,0.04291347985446618
448,513.7,0.0017176253349799988,0.5065529140173244,0.5065500019372732,0.2565929044626514,1.5690804,3.0869999999999997,0.3295171159091375,-0.14914756498957463,0.29744601929159886,3.097564650366095,1.2837513089936978,3.9765026746000807,4.761756898942588,0.5065500019372731,0.2565929044626513,0.004349008153779999,0.517731486567119,0.5177132201432346,0.2680269783110773,1.4241616,2.5426,0.35092004456198445,0.5809728994269172,-0.18073313750157016,2.7507726243251596,1.249464340277768,3.4369923023065803,4.0583649240602,0.5177132201432345,0.26802697831107725,0.00831639965582,0.20506302888619454,0.20489432230480406,0.041981683312744926,0.80315621,1.3505500000000001,0.14131747607814665,-0.22138942206551107,0.1423259727938273,3.916630971279245,1.2425354833968434,4.8665529571855055,5.683346690651803,0.2048943223048041,0.04198168331274493
449,514.6,0.001863140827800001,0.503767518447879,0.5037640731030648,0.25377824134939,1.5460804,2.981,0.3282908142544213,-0.16612113847788965,0.1802304510292907,3.0690355042411515,1.2800615584150439,3.928554370390028,4.709484191664915,0.5037640731030648,0.25377824134939,0.005625333141329994,0.5097804656171614,0.5097494274169407,0.2598444787518989,1.4456616,2.5701,0.3476198162304829,0.5940970196037654,-0.1398848167512763,2.835851307581631,1.2476345025038742,3.53810593530957,4.158743352655939,0.5097494274169407,0.2598444787518989,0.008066159676709999,0.20739808922618483,0.20724117467999054,0.04294890448274235,0.65754621,1.19994,0.1429615834429153,-0.2743868770677996,0.14349725119238377,3.1704545227651124,1.2448216170834492,3.9466503259180024,4.599460877282175,0.20724117467999054,0.04294890448274235
450,515.5,0.0006529333365800021,0.5002480430639996,0.5002476169532636,0.25024767826741917,1.4910804,2.926,0.32823045638162657,-0.16390406833955198,0.16806814089376187,2.980682124945839,1.2773858761172023,3.8074812476008253,4.542785018908643,0.5002476169532637,0.2502476782674192,0.0038187271640399974,0.5190687309042394,0.5190546837524774,0.2694177647253843,1.4500616,2.5525,0.3499377682059273,0.5793395893351012,-0.1638216822555587,2.7935830337418555,1.2522081543861603,3.4981474548063796,4.143769926390696,0.5190546837524774,0.26941776472538437,0.00699598965693,0.20371788434684895,0.20359772231406778,0.04145203253147626,0.67881621,1.2212100000000001,0.1404083435808669,-0.24287036748576937,0.014330835979731393,3.3321385217424075,1.2433143605156358,4.142895675309677,4.834585984621648,0.20359772231406778,0.04145203253147625
451,516.4,0.0023148437427,0.496086753978212,0.49608135317817176,0.24609670897108596,1.4640804,2.781,0.3268878821255557,-0.19577834921503662,0.17792663318573743,2.9512588035444747,1.2766485059742585,3.7677201422884314,4.478845745152632,0.4960813531781717,0.24609670897108593,0.0038559811636599997,0.5197747769737101,0.5197604738601576,0.27015095018733554,1.4820616,2.5244999999999997,0.35321318878567737,0.5521400026214908,-0.2592423784378761,2.85135344317595,1.2464228200749514,3.5539919996737908,4.195940715280836,0.5197604738601576,0.2701509501873355,0.006922969644754802,0.20132952857140685,0.20121046584629418,0.04048565156608272,0.71892621,1.27432,0.13728520595472724,-0.26340851084228467,0.13362597428053924,3.570893028466084,1.2498253149546388,4.462992503971948,5.236734759585687,0.2012104658462942,0.04048565156608273
452,517.3,0.00189482981798,0.5103500187140643,0.5103465011356565,0.2604535512214067,1.5879196,3.144,0.3262206084132223,-0.17340847635332957,0.24853245823505965,3.1114324321984,1.290199636675856,4.014368993563851,4.867625033635486,0.5103465011356565,0.2604535512214066,0.0035632606500799985,0.5178568797767649,0.5178446206205741,0.26816305110566635,1.5745616,2.678,0.3555294191257448,0.5951122712689515,-0.16146013681479365,3.040534289471551,1.2415708472799352,3.7750387339628886,4.428780053903511,0.5178446206205741,0.2681630511056663,0.007043169665349998,0.20384220454954738,0.20372049017387672,0.041502038116684604,0.65578621,1.29718,0.13802819408382722,-0.19050313187327703,0.10263857936686227,3.2171267547324813,1.2518493280702812,4.027357966228781,4.7511033115576975,0.20372049017387675,0.04150203811668461
453,518.2,0.0018758433128000006,0.5125854126281147,0.5125819802246275,0.26274028645100045,1.5960804,3.053,0.3303263892522067,-0.17527115005291236,0.18777713334973534,3.1137842800024633,1.2854406112659327,4.002584768236619,4.831828312637112,0.5125819802246275,0.26274028645100045,0.0013726216519100035,0.5178476514792026,0.5178458323210938,0.2681643060523264,1.5391616,2.7076000000000002,0.3523012851086203,0.5746068421166707,-0.1313628327357872,2.972228599673034,1.246973102326098,3.706289117756637,4.368878755368295,0.5178458323210938,0.2681643060523264,0.00682452968426,0.21067946691721456,0.2105689045778373,0.04433926357511035,0.68273621,1.30913,0.14380229579867596,-0.21052426646099062,0.07014185107586135,3.240639536401892,1.2494524280398773,4.049024937159366,4.747742073296483,0.2105689045778373,0.04433926357511036
454,519.1,0.0026184653276799972,0.5116050160088086,0.511598315130827,0.261732836044701,1.6400804,3.1100000000000003,0.3322358592458009,-0.15473639771825892,0.23298577427677625,3.2057551210009283,1.284458995150123,4.117661001418213,4.936494223480571,0.5115983151308271,0.26173283604470104,0.0054780921629099975,0.5238597532461209,0.5238311097838131,0.27439903157734125,1.4266616,2.4891,0.35478594025621535,0.6084743027573696,-0.19857395979256154,2.723365540413491,1.2481730865448002,3.3992315723676554,4.021189788326193,0.5238311097838132,0.2743990315773413,0.0050107796739518,0.2095657063588842,0.20950579316276,0.043892677368757176,0.68376621,1.25516,0.14344787931685338,-0.23373399116780383,-0.004507457857636066,3.262777206634376,1.2448525138191522,4.061676407710634,4.766652621539772,0.20950579316276002,0.04389267736875718
455,520.0,0.00390044831794,0.5097440389816444,0.5097291160805308,0.2598237717802393,1.5260804,2.996,0.3296400576043573,-0.14640146767684736,0.19709498648328472,2.993817059732116,1.2853929454765383,3.848231328626974,4.629535655013269,0.5097291160805308,0.2598237717802393,0.004909500444860001,0.5256479659235539,0.5256250382972177,0.2762816808849516,1.5752616,2.8117,0.36241037943400894,0.5717070898812942,-0.20761616829202856,2.9967995733271677,1.2382336199172033,3.7107379838472294,4.346623853489379,0.5256250382972176,0.27628168088495153,0.005311789655274,0.20764746463127143,0.2075795135808282,0.04308925445845324,0.73262621,1.31602,0.14046755586761112,-0.14640511551200425,-0.055825095667124014,3.52822131154337,1.2494257096584347,4.408250416007088,5.21562581106267,0.2075795135808282,0.04308925445845325
456,520.9,0.002170602315859998,0.49583289450446233,0.4958281433705228,0.24584554775825967,1.4640804,2.896,0.3213582981279144,-0.17584752751207874,0.20765133567421756,2.952769806576082,1.2849626535383671,3.7941989259459734,4.55591285032644,0.4958281433705228,0.24584554775825967,0.0019240001607399994,0.5204597141221394,0.520456157853359,0.2708746122474805,1.6519616,2.7573999999999996,0.35577192457741424,0.557780236597178,-0.1741689927736183,3.1740431683293053,1.2443430824873254,3.9495986600267243,4.64331636613035,0.520456157853359,0.2708746122474805,0.0060594996497418,0.19981724808838167,0.19972534916131363,0.03989021509760864,0.69643621,1.20183,0.13519116996445382,-0.23706008592281497,0.23071544981398873,3.4853658363464075,1.256860042196559,4.38061705214079,5.151491848048329,0.19972534916131365,0.03989021509760865
457,521.8,0.0017465308237399999,0.49963455185322714,0.4996314992428488,0.2496316350356568,1.4489196,2.8819999999999997,0.32306709258791433,-0.19618741603896203,0.23619196672374887,2.899958769115782,1.2867139638831435,3.73141744290665,4.484887607690077,0.49963149924284883,0.24963163503565683,0.004347121150580002,0.5201482006516842,0.5201300348748252,0.27053525317888694,1.5454616,2.7979000000000003,0.3544563335955482,0.5854029471363137,-0.09312372422563087,2.971194744235815,1.2495212608101756,3.7125710029301024,4.36009023826175,0.5201300348748253,0.270535253178887,0.0041473396555,0.2052924718485595,0.20525057508195566,0.042127798571473515,0.64139379,1.28174,0.14043898776104757,-0.15946398640341505,0.12320127043163565,3.124292791764641,1.2487080333989788,3.9013295077670302,4.5670636069473165,0.20525057508195566,0.042127798571473515
458,522.7,0.004866483620489999,0.5012198179287563,0.5011961923455794,0.2511976232217071,1.6150804,2.999,0.32097157672489807,-0.22087171097210107,0.370156925325936,3.2222995624438155,1.2956417131082167,4.174945725232562,5.0318486654794095,0.5011961923455794,0.2511976232217071,0.006771590158479998,0.5179947996324554,0.517950536260938,0.2682727580129932,1.6191616,2.7496,0.35585146321029704,0.5721715095859825,-0.13195742412048306,3.1258259757605296,1.2423182521874638,3.883270662848995,4.550105219163104,0.5179505362609379,0.26827275801299316,0.00556511965937,0.20829863216321295,0.2082242771730578,0.043357349604242396,0.69742621,1.3058200000000002,0.143924192639627,-0.1653984998114385,0.0691706656117832,3.348203503581002,1.2456124794918206,4.1705640679387335,4.845788586400421,0.2082242771730578,0.043357349604242396
459,523.6,0.001816619031950001,0.5150479028582285,0.5150446991611038,0.2652710421339519,1.5950804,3.069,0.3323066859143587,-0.18124358644272578,0.319146838706057,3.0969554310350427,1.289739697159432,3.9942663597393944,4.800024999831272,0.5150446991611038,0.265271042133952,0.002434133150099999,0.5226877096801732,0.5226820418251545,0.2731965168465126,1.5873616,2.6168,0.35863805376978436,0.5843671612980765,-0.19908155994699195,3.0369216084519928,1.2414142829161132,3.77007786082888,4.426082462010441,0.5226820418251545,0.2731965168465126,0.006373779660791801,0.2091575927536444,0.2090604542694171,0.043706273539335046,0.72413621,1.3355299999999999,0.14084422070414873,-0.20992192259880188,0.3454900980683404,3.4621559775404447,1.2622273848591357,4.3700280855053,5.141398109057588,0.2090604542694171,0.043706273539335046
460,524.5,0.00200214952594,0.5089212739421879,0.5089173355941171,0.25899685446821524,1.4379196,2.867,0.33265453514301796,-0.10938337571860589,0.19607152495062774,2.8254263942665205,1.2798979640113282,3.616257489485588,4.322561240242211,0.5089173355941171,0.2589968544682152,0.002821142154899998,0.5180110624366916,0.5180033802628433,0.26832750196373184,1.5130616,2.6135,0.3535252170096987,0.6215313890578646,-0.10123347600426813,2.9209059607388554,1.2461344265917826,3.639841474513834,4.279925524968959,0.5180033802628433,0.2683275019637319,0.0060431896596638,0.20416044366734154,0.20407098426082793,0.041644966617183074,0.68068621,1.2980800000000001,0.14026631870581796,-0.2033955105611416,0.26839839361296036,3.334074896061199,1.2484919425359797,4.16256564354389,4.8528129652251755,0.2040709842608279,0.04164496661718307
461,525.4,0.004498160107000002,0.5005188656287018,0.5004986527513279,0.2504989014058943,1.6050804,3.045,0.3230908966692693,-0.16149688940255447,0.2736997965863077,3.2068329691905983,1.2880862452253163,4.130677438349471,4.967891130783032,0.5004986527513279,0.2504989014058943,0.0041896466499399985,0.5217892248834142,0.5217724044690202,0.2722464420653828,1.6432616,2.7617000000000003,0.355160670859415,0.6075984202521046,-0.05985173520748521,3.149282357003753,1.2505456085195044,3.9383212215389976,4.626811848349223,0.5217724044690202,0.2722464420653828,0.005605359675642001,0.2099419124595803,0.20986706876042455,0.04404418655009276,0.73474621,1.35214,0.1442244454997104,-0.1477829225507937,0.006943233467276322,3.4997595353498516,1.2439221532631346,4.353428417115575,5.094463753729428,0.20986706876042452,0.04404418655009275
462,526.3,0.002875711039999999,0.49829991356837305,0.49829161557090484,0.24829453414826244,1.5780804,2.985,0.3248114058433765,-0.16590509542335935,0.36916557554915297,3.1669289057251007,1.2871748230911755,4.076391153969037,4.85845130931439,0.4982916155709049,0.24829453414826247,0.0024410241553999993,0.5203735399861891,0.5203678146454013,0.27078266251883065,1.4931616,2.5536000000000003,0.3526789526852763,0.607243361992536,-0.18687495880770566,2.8694033905713754,1.2501068073447337,3.5870607115713358,4.233770086451594,0.5203678146454013,0.2707826625188307,0.0054886996491408,0.20435880448615024,0.2042850830265639,0.04173239514717011,0.68847621,1.20087,0.13668158214835355,-0.26409774415671894,0.2543039953735189,3.36895790583204,1.2632715054739785,4.255908525578904,5.037081069582083,0.20428508302656392,0.041732395147170115
463,527.2,0.0015106383315779963,0.5052524171215342,0.5052501588114386,0.25527772297898393,1.5410804,2.877,0.33054164134316055,-0.21428596026824875,0.269595850275576,3.0501197971098595,1.2816110048036375,3.9090670979454343,4.662288218022391,0.5052501588114386,0.25527772297898393,0.0034499721463299975,0.5244900221366763,0.5244786754608053,0.27507788101312075,1.4493616,2.4818,0.35831824153427083,0.6008393058530115,-0.19200817916940904,2.7633730649356614,1.2452694651889358,3.4411440986899415,4.044900404160356,0.5244786754608053,0.2750778810131207,0.0047338181495,0.20789509265264425,0.20784119061143533,0.043197960514779,0.70718771,1.3145815,0.1429752789774923,-0.1851068635923912,0.15391687598264792,3.4016565806177304,1.2459472376591012,4.238284620085564,4.946223676271534,0.20784119061143533,0.043197960514779
464,528.1,0.0029070978328800037,0.5121946620618435,0.5121864119896545,0.2623349206268361,1.5410804,2.935,0.3340891650779178,-0.2096063995131849,0.24444964581036244,3.008778720567624,1.2820232484225769,3.85732426912683,4.612781739391584,0.5121864119896544,0.26233492062683605,0.006391215048180005,0.5235084546226653,0.5234694398258786,0.27402025443161915,1.4600616,2.6085000000000003,0.35947417752236727,0.5485902027021256,-0.2070210074293417,2.788993352652507,1.2431401428915592,3.467109594940046,4.06165919917614,0.5234694398258786,0.2740202544316191,0.0055199396641,0.20879831994721887,0.20872534268479684,0.04356626867888587,0.68375621,1.29515,0.14179496395331406,-0.2039535419249289,0.17569519504231934,3.274720841493569,1.2544643668625026,4.108020607075671,4.822147352321529,0.20872534268479684,0.04356626867888587
465,529.0,0.0025425734358999995,0.5166965392029669,0.5166902833851689,0.2669688489446461,1.6320804,3.04,0.3353132565684857,-0.16805011620033725,0.3359256843830365,3.1586826622016373,1.2881820288459094,4.068958240275303,4.867330378471504,0.5166902833851689,0.2669688489446461,0.003119552058309997,0.5193753966960482,0.5193660280458599,0.26974107108813283,1.4225616,2.5140000000000002,0.3527714555233399,0.5999693951947727,-0.21864479740619558,2.738985344799688,1.2472652925492647,3.416241357369731,4.032530347132583,0.5193660280458599,0.2697410710881329,0.00739501965779,0.20852619797623276,0.20839503095487646,0.043428488926683925,0.69104621,1.28644,0.141120815829614,-0.1810080283351113,0.25988021994978716,3.3139539142163974,1.2565937442544504,4.164293757351875,4.896841092772261,0.20839503095487646,0.04342848892668392
466,529.9,0.00136532623,0.5117864958568291,0.511784674668652,0.2619235532256979,1.6320804,3.029,0.32942556926973354,-0.1816429712139755,0.3376823261639941,3.188986839653874,1.292357560607536,4.121311252904616,4.954322166363635,0.5117846746686519,0.2619235532256978,0.0018832801763600058,0.5172342749191541,0.5172308463412835,0.2675277484069204,1.3712616,2.5797,0.35018713022891473,0.6084715346889739,-0.14913755405508056,2.651142173852137,1.2506180790387806,3.315566332721656,3.915796674491197,0.5172308463412836,0.2675277484069205,0.003186598680616499,0.21129594741450006,0.21127191716515442,0.04463582298263987,1.0149062,1.67129999,0.14191681878067244,-0.26140917963434035,0.5582427527139551,4.803244986090787,1.2608761692538144,6.056297138049742,7.15141594012548,0.21127191716515442,0.04463582298263987
467,530.8,0.0039016240339999975,0.5068196918023551,0.5068046737437724,0.25685097732853157,1.6470804,3.0439999999999996,0.3361098854145335,-0.15483737438431772,0.11418901086484379,3.2498350530592903,1.2694759476801463,4.125587433786602,4.900422366240763,0.5068046737437724,0.25685097732853157,0.006097420177980004,0.51971704281847,0.5196812735351818,0.27006862606314846,1.4946616,2.5961,0.34915332177715225,0.5974845958695917,-0.17107436972451007,2.8759141549300025,1.252512335916335,3.60211795608623,4.280817356662499,0.5196812735351819,0.2700686260631485,0.004772356655160001,0.20314146404494623,0.20308539835812947,0.041243679026280136,0.69883921,1.295233,0.13839902478926852,-0.22798910835883254,0.21424898884271038,3.4401603497618676,1.2515044698798061,4.305376054830255,5.049451837280491,0.20308539835812944,0.04124367902628012
468,531.7,0.0013728761328200005,0.5018981314053129,0.5018962537410183,0.2518998495192687,1.4890804,2.941,0.3273542351809996,-0.14724876043827934,0.17852354331840115,2.9668976766870605,1.2791583479745063,3.7951319307204217,4.548834992700377,0.5018962537410183,0.2518998495192687,0.00342592715058,0.5140610259445929,0.51404960988057,0.26424700141836627,1.4946616,2.5871,0.3514019101182668,0.621297344732118,-0.1765105880267277,2.9075567385283536,1.2441807454200877,3.6175261102934058,4.253424802093309,0.5140496098805701,0.2642470014183663,0.00647196964774,0.20355494834093232,0.20345203514086155,0.041392730602958366,0.67685621,1.20025,0.1364790485343148,-0.21841964456046786,0.16357920114920255,3.3251768896639136,1.2582770483931096,4.18399376211129,4.959414776619128,0.20345203514086158,0.04139273060295837
469,532.6,0.001981408834740001,0.511325364470539,0.5113215254318549,0.2614497023699591,1.7020804,3.1260000000000003,0.3339124918559535,-0.18685015024720372,0.2589079808475625,3.3287619161283923,1.2826096050793778,4.269502006648711,5.097384618764908,0.5113215254318549,0.2614497023699591,0.003865553154079995,0.5171407735340133,0.5171263261043385,0.26741963715017064,1.5142616,2.5457,0.35389998805376566,0.6121189529446275,-0.15081249172968247,2.9281419634578554,1.245704948262465,3.64760093309442,4.278783981676621,0.5171263261043385,0.26741963715017064,0.007589949655128001,0.20527479934468262,0.2051344337507293,0.042080135910232346,0.65310621,1.2475,0.13877260076869416,-0.19336336517350744,0.11497109359699254,3.181619039867389,1.2550935039980575,3.9932293891340964,4.70630518115457,0.2051344337507293,0.04208013591023234
470,533.5,0.004506859833079998,0.5163800547140954,0.5163603868626806,0.26662804912097715,1.5090804,2.926,0.33711675348484177,-0.12117740622837701,0.1904531087666781,2.9224219375311344,1.2822519346163386,3.747281183164526,4.47643252493488,0.5163603868626805,0.2666280491209771,0.005595396154699996,0.5225016826680465,0.5224717216585142,0.27297669993281193,1.5142616,2.6347,0.35414762732687616,0.591737706403466,-0.13501099333604394,2.8980989922706795,1.252432490911334,3.6296733397971943,4.275792023314462,0.5224717216585142,0.27297669993281193,0.0064552396475999994,0.2067078460493925,0.20660702674273063,0.0426864634994714,0.68680621,1.2562,0.13952505266059434,-0.20748071209616753,0.19882091397295465,3.3225938111506848,1.2572634346920182,4.177375707093752,4.9224579880339485,0.2066070267427306,0.042686463499471396
471,534.4,0.0018242842297599986,0.516799261149122,0.516796041307717,0.2670781483113275,1.4749196,2.939,0.3359337632461872,-0.1545606075379368,0.11804705909187874,2.853950674620669,1.2792652813976575,3.650960012863645,4.390507181378829,0.516796041307717,0.2670781483113274,0.0027686851575000043,0.522019631137515,0.5220122888165047,0.272496829675446,1.5205616,2.6639999999999997,0.36017088347679466,0.5769743372100985,-0.2722280892611897,2.9128437118094515,1.2373181340931871,3.604114346401144,4.221778244042783,0.5220122888165047,0.2724968296754459,0.0066903796472282,0.20284234551523245,0.20273198059087,0.04110025595429689,0.78469621,1.33409,0.13627874934243006,-0.30941565235161594,0.3813390320012888,3.8685029400878883,1.2616258692102509,4.880603384330793,5.758023270585495,0.20273198059087,0.04110025595429689
472,535.3,0.0025900435379799997,0.5060047217037523,0.5059980929420221,0.25603407006096324,1.5010804,2.9219999999999997,0.3310211097707674,-0.13233620048482184,0.14917094862767266,2.966534373327111,1.2772614198335503,3.789039905660817,4.534696899057285,0.5059980929420221,0.25603407006096324,0.0034508081567400026,0.5145842124602171,0.5145726417488274,0.26478500363636714,1.4270616,2.5585,0.35345345643708315,0.5507635493540275,-0.2457200634315857,2.7732323795501737,1.240592898792811,3.440452396772235,4.03748095827159,0.5145726417488274,0.26478500363636714,0.005653216664921999,0.2012901544872247,0.20121075377531444,0.04048576743483022,0.71511921,1.341513,0.13579327924721565,-0.21169549988570266,0.07965067527282255,3.552678529268984,1.251918003213438,4.44766221042168,5.266234190413095,0.20121075377531447,0.040485767434830226
473,536.2,0.0035520767211579996,0.5013886210285649,0.5013760385657583,0.25137793204789277,1.4810804,2.902,0.3303789336745953,-0.14429136899478767,0.1232282771883213,2.9539569465331375,1.271827851928711,3.7569247179991345,4.482974696742562,0.5013760385657584,0.2513779320478928,0.005711313143579996,0.5213468072914051,0.521315522860309,0.2717698743751174,1.4555616,2.617,0.35800410010629524,0.5885109822818053,-0.0883466939730635,2.791925796116784,1.2454428625235747,3.477184055469098,4.065767960668127,0.521315522860309,0.2717698743751174,0.00262853665972,0.2065274581425878,0.2065107303794814,0.04264668176186686,0.71511921,1.2995130000000001,0.14026169359201954,-0.2545648343153759,0.19797675408819648,3.4625866043743074,1.2535516031791898,4.3405309890602,5.098464104390994,0.2065107303794814,0.04264668176186686
474,537.1,0.003160519421149998,0.5012754095438893,0.5012654459768621,0.25126704733038246,1.5440804,2.9,0.32704903294589704,-0.15277559041949967,0.17997557505709771,3.080303503028324,1.2799743277248923,3.9427094054773097,4.72125046844408,0.5012654459768621,0.25126704733038246,0.001349995858320003,0.515521283258388,0.5155195156379219,0.26576037100355754,1.4791616,2.5236,0.3505398190086459,0.6174595421603507,-0.11370180587682466,2.869254186075222,1.24989860751793,3.5862768117904116,4.219667837403422,0.5155195156379219,0.26576037100355754,0.0039134296398,0.20275352322701914,0.20271575234653996,0.04109367624942372,0.71751621,1.22091,0.13632886780234418,-0.30272191211457994,0.24564463476431042,3.538859392330318,1.2603146222914408,4.460076238387303,5.26312747671526,0.20271575234653996,0.04109367624942373
475,538.0,0.0016094528259200031,0.5035046631186182,0.5035020908037963,0.25351435544379425,1.4570804,2.825,0.3317222850469048,-0.11778132194561035,0.17456650901409265,2.893876674299506,1.275344506465963,3.690689718957866,4.392470646926757,0.5035020908037963,0.2535143554437943,0.002873416144380003,0.5193117646413566,0.5193038150972713,0.269676452374581,1.4709616,2.5624000000000002,0.359655570991113,0.5845672822761677,-0.2259152991714375,2.832521233205385,1.23913495028394,3.5098760574861587,4.089917461716023,0.5193038150972713,0.269676452374581,0.00541808966498,0.20230886934831185,0.20223630465713754,0.040899522921374554,0.72103621,1.28843,0.1379854300388693,-0.2118874715772485,0.2323224078735442,3.564036575967432,1.251771971819121,4.461361092334221,5.225451772675495,0.20223630465713754,0.040899522921374554
476,538.9,0.0038660614437600015,0.5116888264911795,0.5116742212822857,0.2618105087248334,1.5740804,3.034,0.33279535869600707,-0.17044792455178573,0.24520310875697504,3.076245402491965,1.2829408936333173,3.946641025708426,4.72987485813421,0.5116742212822857,0.26181050872483347,0.00616260513728,0.5159431054046932,0.5159062999349401,0.26615931031256035,1.4544616,2.6449,0.3525978999250644,0.5472112503600502,-0.19486509104494498,2.819034860169622,1.245828740103807,3.5120346481538323,4.12498656489193,0.5159062999349401,0.2661593103125604,0.0052480396523200004,0.20437623115117684,0.2043088396016358,0.041742101939366935,0.67281621,1.2852100000000002,0.13919781731279898,-0.2435587368471453,0.14691540479152998,3.2920472513377486,1.2515850136549598,4.1202770040183285,4.83352557524719,0.2043088396016358,0.041742101939366935
477,539.8,0.0036565827378599977,0.512479711869161,0.5124666667015323,0.26262208448017943,1.4549196,2.888,0.33451010223580696,-0.0896958514591533,0.21573606265241452,2.8389798977475413,1.2810514146331828,3.636879214124656,4.349404069639667,0.5124666667015323,0.2626220844801794,0.003652246451059998,0.512268032768372,0.5122550131450531,0.2624051984922385,1.4544616,2.5899,0.34835230271799056,0.5786883677117042,-0.15956777384655352,2.839258956175491,1.249015766073587,3.5462792002288235,4.175260472377192,0.5122550131450531,0.2624051984922385,0.006560389649760001,0.2017184676202439,0.2016117592470804,0.040647301466702715,0.67281621,1.31121,0.13601317755904827,-0.24765011966866396,0.2813415666473551,3.335421976666246,1.2593265253084986,4.200385368312707,4.946698710188621,0.2016117592470804,0.040647301466702715
478,540.7,0.0012653435299700036,0.5133319421047277,0.5133303825907469,0.2635080816907626,1.5650804,2.92,0.33676037086641536,-0.17438794073591712,0.1548204700121798,3.0488661850711396,1.2767336811923105,3.892590147928632,4.647460139010327,0.5133303825907469,0.26350808169076256,0.002321195738960002,0.5207549250651904,0.5207497518290273,0.2711803040299935,1.4490616,2.7115,0.35648792674273183,0.6062162428061748,-0.10776981781809258,2.782617177972153,1.2472587118862024,3.4706435170699668,4.064826579795367,0.5207497518290272,0.2711803040299934,0.006677959668760001,0.207825249192897,0.20771793147620202,0.043146739056752155,0.64468621,1.2330800000000002,0.14219434906332468,-0.1369450185406554,0.10295769215015094,3.1020591218039257,1.2489432025568439,3.874295654106466,4.533838470000634,0.20771793147620202,0.043146739056752155
479,541.6,0.0024593248360599996,0.5058115355339287,0.5058055567118076,0.25583926120054157,1.5650804,2.878,0.3264540378799276,-0.1796874925185805,0.21336246203194031,3.0941967314919374,1.2881189816256573,3.985693542718832,4.794183004027198,0.5058055567118076,0.25583926120054157,0.005294826165380002,0.5202597187695126,0.5202327746211409,0.2706421397900108,1.4546616,2.5331,0.35168135013166063,0.5554543228049802,-0.21719472768050485,2.7960296511912923,1.2493631195472206,3.4932563273588797,4.136305776395056,0.5202327746211409,0.2706421397900108,0.0044440096529,0.20553495367734376,0.2054869045982074,0.04222486796135279,0.74436621,1.30376,0.13955548041363805,-0.2710143275782323,0.281227730364046,3.6216039981624397,1.2570687120834605,4.55260507364637,5.333837179261767,0.2054869045982074,0.04222486796135279
480,542.5,0.003156211828748001,0.503666745775664,0.5036568565274768,0.2536702291271393,1.5690804,3.058,0.3287059871955676,-0.13777102910973166,0.21080065817638838,3.11531466621558,1.278423686273108,3.982692059483999,4.773507210461782,0.5036568565274768,0.2536702291271393,0.00448500616768,0.5169780820755514,0.5169586270352701,0.2672462220661914,1.4149616,2.4954,0.34836128204337247,0.6270219020745171,-0.14136821029756552,2.7369856654642795,1.254516822280535,3.4335945596656234,4.061764819845368,0.5169586270352701,0.2672462220661914,0.005115618667940001,0.19992157569415098,0.1998561154272652,0.03994246687367635,0.73392621,1.2583199999999999,0.13539243559728886,-0.31881910532616675,0.5099953068504237,3.6710705558003074,1.2580323462613974,4.618325504604592,5.420732751887185,0.19985611542726522,0.03994246687367636
481,543.4,0.0011699304009099999,0.5096579261619113,0.5096565833603225,0.2597498329625173,1.5410804,2.9130000000000003,0.33351753077709456,-0.1657339094944518,0.1982805901847935,3.023754406422044,1.2782830476600984,3.865213998016822,4.620687843332519,0.5096565833603225,0.2597498329625173,0.001738678359060001,0.5175274863303455,0.5175245657019285,0.26783167610496966,1.4400616,2.6905,0.3538211622836808,0.5816906467754985,-0.17425964564483376,2.7825799364031982,1.2445922359383155,3.463177384725152,4.0700267635360134,0.5175245657019285,0.2678316761049697,0.0042880886648436,0.20455352932371557,0.20450857843716633,0.04182375865439061,0.69982721,1.278221,0.1400482392904616,-0.12875823548532558,0.03493001659801509,3.421242411772278,1.2457738445027438,4.26209431228939,4.997043972459737,0.20450857843716633,0.04182375865439061
482,544.3,0.0027693423608900003,0.5141412552669837,0.5141337968957087,0.2643335611103979,1.5929196,3.099,0.33119444889357286,-0.11311856106505451,0.2785468095879593,3.0982139318363537,1.2879930994180158,3.990478164725982,4.809620467134925,0.5141337968957087,0.2643335611103979,0.0040184101659600045,0.518502237888359,0.5184866662460806,0.26882842307497457,1.4690616,2.5785,0.35423269438962474,0.5242858258984725,-0.27205336077395126,2.833279188886182,1.2440586639787639,3.5247655224045795,4.147165474184497,0.5184866662460806,0.26882842307497457,0.004860459643822,0.20215320857913877,0.20209476903396476,0.040842295670891565,0.65879621,1.16719,0.13770955785746883,-0.2017765441573903,0.05879153033113216,3.258895639749863,1.2511310311087454,4.0773054620360405,4.7839541441405435,0.20209476903396476,0.040842295670891565
483,545.2,0.0025506061156300055,0.518380170572973,0.5183738956117558,0.26871149565170754,1.5060804,3.008,0.33531464046079634,-0.1655394703963499,0.19694714850710593,2.9053588186741552,1.2825253610217278,3.7261963678177317,4.491543816668169,0.5183738956117558,0.2687114956517075,0.003235867173800002,0.5189816432723641,0.5189715553065668,0.26933147521731693,1.5022616,2.6497,0.3463938131516065,0.5924337579579141,-0.13319671069691408,2.8946334026916745,1.258802912859111,3.64377295896756,4.336860368064668,0.5189715553065668,0.26933147521731693,0.005116019660473801,0.20718220421925565,0.20711902879258343,0.042898292087983,0.77874621,1.38814,0.13900626061834825,-0.24171387263010002,0.43845591484743585,3.7587504821402167,1.2635256287757504,4.749277566357372,5.602238392255613,0.2071190287925834,0.042898292087982993
484,546.1,0.00075331083394,0.5105081787584909,0.5105076229617915,0.2606180331020987,1.5810804,3.1100000000000003,0.3325964335979783,-0.10642646047389405,0.140376827697839,3.097071635257721,1.2795828897256913,3.9629598727305466,4.75375031204066,0.5105076229617915,0.26061803310209875,0.004653036151200003,0.5133305931387604,0.5133095042045951,0.2634866471067673,1.4404616,2.6329,0.35070222899382547,0.5808405379891067,-0.11578172249076424,2.8061090051,1.2473037834046687,3.500070378707141,4.107363686089833,0.5133095042045951,0.2634866471067673,0.00510693964354,0.2077249194628869,0.2076621326417989,0.043123561333340076,0.68841621,1.2598099999999999,0.13857129210657973,-0.24704459788419694,0.16065706640151145,3.314076191628976,1.2638285615627394,4.18842414617577,4.967956923361272,0.20766213264179892,0.04312356133334008
485,547.0,0.00273104882089,0.5037061482339739,0.5036987444306805,0.25371242514104403,1.6030804,2.967,0.32387174137081565,-0.13811086994922864,0.22500960442709816,3.1825706428648988,1.2882225872803508,4.099859387753909,4.94973841562966,0.5036987444306805,0.253712425141044,0.005439529157960001,0.5099193006719106,0.5098902869444271,0.2599881047202701,1.4466616,2.6391,0.34493793920605464,0.5676446029178326,-0.14806630160188972,2.8370402887158077,1.2522991071586285,3.552823020531864,4.193976468143192,0.5098902869444271,0.2599881047202702,0.0043949846299349,0.20725855469013785,0.20721195091583763,0.04293679260234751,0.74141621,1.29081,0.13444088388054112,-0.26681850403982144,0.3836888178380016,3.5772526306981884,1.2824624425194067,4.587692146274172,5.514812076501917,0.20721195091583766,0.042936792602347514
486,547.9,0.0022600440375780072,0.5035271105313017,0.5035220384858541,0.2535344432409499,1.5420804,2.925,0.3249326274474204,-0.13689516422383932,0.220891331738033,3.062556846984581,1.286398852725806,3.939669614368526,4.74584658399543,0.5035220384858541,0.25353444324094987,0.0027942351717200006,0.5089538673319911,0.50894619688332,0.25902623132199515,1.4357616,2.6672000000000002,0.3416788696471904,0.6188720544000653,-0.0951960346113383,2.8210053840959444,1.2560927689189476,3.5434444640443346,4.202078991547045,0.50894619688332,0.25902623132199515,0.005451429645440002,0.20227258806246395,0.2021991142322539,0.040884481796308055,0.74720621,1.3616000000000001,0.13752529612997066,-0.20641597404613346,0.19660130143189303,3.694055715395576,1.2545048931730305,4.63421097061755,5.433227420894552,0.2021991142322539,0.04088448179630806
487,548.8,0.0019488987239799998,0.509110499413601,0.5091067691623535,0.2591897024069299,1.3879196,2.76,0.33306383924169164,-0.12271645097340539,0.0477718365925881,2.726165737297936,1.275156945230059,3.4762891737636883,4.167127849003266,0.5091067691623535,0.25918970240692996,0.002804469051129999,0.5161047830423192,0.5160971633641291,0.2663562820325006,1.4226616,2.6541,0.3547538219225703,0.5523745293398858,-0.19412030110099332,2.7565363599494983,1.2406373229667582,3.4198618902682774,4.01027842995449,0.5160971633641291,0.2663562820325006,0.0058651096389217994,0.205381981506827,0.2052982192241181,0.04214735881659405,0.68868621,1.29508,0.1380000886079986,-0.17564633061641657,0.25587530267696845,3.3531968332728725,1.2640559174972317,4.238628299631553,4.9904765782888285,0.20529821922411812,0.04214735881659406
488,549.7,0.0034393178330600007,0.5116060426987694,0.5115944820057565,0.2617289140187383,1.5610804,3.0460000000000003,0.3361330558439882,-0.1128508466422425,0.1509757337260682,3.051332997876952,1.2749231554950176,3.8902150941193554,4.644233504736158,0.5115944820057565,0.2617289140187384,0.00618624556286,0.5153619779597751,0.5153248477343663,0.2655596986924478,1.4616616,2.4771,0.3482260764630412,0.6048639944732562,-0.12493899254811014,2.8361843956483828,1.2532699754436663,3.5545047478879583,4.19745015894906,0.5153248477343663,0.2655596986924478,0.00433477965051,0.2039113230187446,0.20386524309120554,0.041561037340636334,0.64145621,1.21285,0.13699477798858178,-0.17294248588265193,0.19469408316510917,3.1457606203704245,1.262008100236737,3.9699753843132184,4.682340592963799,0.20386524309120552,0.04156103734063632
489,550.6,0.003296333634100002,0.5092859912381533,0.5092753234312468,0.25936135505600105,1.4969196,2.981,0.33478500417465795,-0.09600875481617976,0.17162222829811524,2.9392514731472508,1.2767643222646545,3.752731415078237,4.4712862921992,0.5092753234312467,0.259361355056001,0.002941617153130006,0.5101388941814161,0.5101304129780565,0.2602330382451625,1.5015616,2.6580000000000004,0.3483272758225753,0.5993726431150393,-0.18551884265259888,2.943436811281465,1.2455288628404682,3.6661355043981767,4.310778122253161,0.5101304129780565,0.2602330382451625,0.00427138965955,0.20654936715376354,0.20650519679174298,0.04264439630199649,0.65583621,1.22823,0.13854311296899474,-0.23418773311300398,0.24334239240262923,3.175203192521861,1.2636756582274675,4.012426984316019,4.733805931925125,0.20650519679174298,0.0426443963019965
490,551.5,0.0010560407339799975,0.508024486554271,0.5080233889465118,0.25808776371669884,1.4980804,2.883,0.3336797825162873,-0.1026908226762156,0.1130031151191746,2.948835025966733,1.2747046087149168,3.7588935979397657,4.489574971258191,0.5080233889465118,0.25808776371669884,0.001454331552800003,0.5175624610501248,0.5175604177369021,0.26786878600799663,1.6198616,2.7633,0.35421566496820495,0.6156418189233339,-0.07743788878616353,3.12978958464903,1.2474921920074478,3.904388069475898,4.573094191487555,0.5175604177369021,0.2678687860079966,0.00610553964382,0.20392082265493022,0.20382939998420554,0.04154642429792125,0.74220621,1.3466,0.1369393092633798,-0.2318470709050645,0.37711683791417006,3.639678382702207,1.2650749869786941,4.604466082603628,5.419964610545032,0.20382939998420554,0.04154642429792125
491,552.4,0.003628528234000002,0.5086301745941942,0.508617231609956,0.2586914882905756,1.4699196,2.938,0.3377681399234202,-0.11068176059899548,0.14291837594864987,2.8899575239962147,1.271092631060455,3.6734037128293067,4.351859830039816,0.508617231609956,0.25869148829057564,0.005844320150299998,0.5197753986812212,0.519742541068367,0.27013230899620316,1.4812616,2.5007,0.3561476775922927,0.5662800297036814,-0.22749797738498279,2.8498109063227504,1.2427669232336573,3.541650731848445,4.159121884533821,0.519742541068367,0.2701323089962032,0.004311249632141999,0.20101800680738113,0.2009717696280293,0.04038965218742168,0.75688621,1.39028,0.13250592382322335,-0.20202105889581382,0.4339687655147739,3.765265719330613,1.2756248468549694,4.80306650658938,5.712093377876183,0.20097176962802932,0.04038965218742169
492,553.3,0.004011084832550001,0.4986873439396234,0.4986712125278763,0.24867297820402234,1.4699196,2.89,0.32635995167919046,-0.1326975330395702,0.24291529623200603,2.9475775109663997,1.2802113075935193,3.773522059547546,4.503982772509174,0.4986712125278763,0.24867297820402234,0.005995434155780001,0.506603270133756,0.5065677921853097,0.2566109280794991,1.4474616,2.5189,0.3466580030881087,0.5989621309354274,-0.2217059367668619,2.857189610358879,1.244029486870252,3.554428124865771,4.175474349663592,0.5065677921853098,0.25661092807949915,0.00498248963468,0.20205227964416372,0.20199083767944434,0.040800298506443636,0.69346621,1.26186,0.13471297473488955,-0.23591998272920311,0.35449923011030116,3.4321127740863413,1.2680897088080856,4.352226888287659,5.147731399775837,0.2019908376794444,0.04080029850644365
493,554.2,0.001842312832780002,0.5101722734250274,0.5101689469725564,0.2602723544550871,1.4669196,2.919,0.33239868047755483,-0.14245512329389884,0.2074067727452622,2.8753416765514834,1.2815584920262848,3.6849185430616487,4.413133042202475,0.5101689469725564,0.2602723544550871,0.0022343911579000013,0.5078346680925793,0.5078297525872758,0.25789105761285375,1.5625616,2.6630000000000003,0.34340346793630255,0.6193512446609493,-0.11058517393968303,3.0769100618296936,1.2524028397616431,3.8535308991266812,4.55022079244068,0.5078297525872757,0.2578910576128537,0.0037116796816600004,0.205373248064833,0.2053397050125479,0.04216439445464019,0.66555621,1.27695,0.14063713910128606,-0.13868484322848634,0.1249915814091418,3.2407152161799315,1.2491213126148308,4.048046444645531,4.732435644333395,0.20533970501254792,0.042164394454640194
494,555.1,0.002335557227900001,0.5154430155322189,0.5154377241077553,0.2656760474333825,1.5120804,3.023,0.3344546009220289,-0.10121885678691518,0.22883743879218077,2.933554931263753,1.2845442882493567,3.7682812312205884,4.521033335560273,0.5154377241077553,0.2656760474333825,0.0031977231513499963,0.5089231477451356,0.5089131014991306,0.2589925448774644,1.4449616,2.4934000000000003,0.3474951591763835,0.5859905099918574,-0.16139360152314852,2.839253051078794,1.2458789648218873,3.537365652145433,4.158220803491995,0.5089131014991307,0.2589925448774645,0.0045570196493018005,0.20457961583022388,0.20452885562961,0.04183205278515786,0.76376621,1.36916,0.1378050329368584,-0.14406513912919977,0.3777007275954585,3.733344629182571,1.2639794278681609,4.718870808428857,5.542368037820172,0.20452885562961004,0.041832052785157864
495,556.0,0.003126199038877996,0.5157130858282255,0.5157036103946142,0.26595021377404,1.5480804,2.993,0.33690688191587254,-0.09141659202515005,0.19764332384479344,3.001824934331096,1.278513070313552,3.8378724133354267,4.594980046701937,0.5157036103946141,0.26595021377403993,0.005165441154879997,0.5169962503993671,0.5169704451365481,0.26725844114468067,1.4012616,2.5637,0.35032962937635514,0.599022214850797,-0.19460240346799784,2.7103902570232554,1.2496681446068,3.3870883636545996,3.9998375315684207,0.516970445136548,0.2672584411446806,0.00355939964585,0.2043028310978715,0.2042718225031699,0.041726977468766545,0.77644621,1.45984,0.13811130793903345,-0.19854332372701017,0.5573188265004672,3.800467207564258,1.262891735683771,4.79957862817008,5.6218873138378145,0.2042718225031699,0.04172697746876654
496,556.9,0.003199840025799998,0.5092975584972883,0.5092875063410727,0.25937376411510815,1.5110804,2.918,0.3322576073372304,-0.055503107883514646,0.2418700559806788,2.9669892870849988,1.2833711324953212,3.807748401467761,4.547918141318292,0.5092875063410727,0.25937376411510815,0.004216649555460002,0.5123758689261663,0.5123585179582459,0.2625112509243703,1.4399616,2.5534,0.349489921833789,0.5870753721266513,-0.16083554663804023,2.810361859971785,1.246832441897153,3.504050340483245,4.120180611917099,0.512358517958246,0.26251125092437033,0.003171189647265799,0.20572837930444782,0.20570393678161786,0.04231410960745583,0.69081621,1.21421,0.13823268582831955,-0.126026722106351,0.20743177119519718,3.3579043024379898,1.2615090558244224,4.236026686117314,4.997488154559704,0.20570393678161783,0.042314109607455824
497,557.8,0.003994341940859998,0.5037392572162457,0.5037234206320313,0.25373728449323435,1.4889196,2.935,0.33055073431879384,-0.04686027829700291,0.20873040314331215,2.9557346954216737,1.279164269240665,3.780870211738345,4.504360285474476,0.5037234206320313,0.2537372844932344,0.0042410791721000035,0.5129493497101827,0.5129318167315762,0.2630990486155553,1.4385616,2.4610000000000003,0.34673278054730244,0.5840670607802199,-0.19938651902835014,2.8044905424147433,1.2504663431522032,3.506921032978303,4.148905672343105,0.5129318167315763,0.26309904861555533,0.00335795894567,0.20265494310368734,0.20262712078119738,0.04105775007607795,0.73898621,1.32938,0.13287447340723826,-0.3137139825566069,0.5976455073473552,3.6465244749638384,1.279579579948064,4.666018255944563,5.561536321089526,0.20262712078119738,0.041057750076077947
498,558.7,0.003371972933930001,0.5115849052526458,0.5115737924101383,0.26170774508089134,1.4710804,2.931,0.33550107996392486,-0.12231111273170663,0.14259530693751143,2.8755351944434486,1.2764885059601547,3.670587624190961,4.384726273185707,0.5115737924101385,0.2617077450808914,0.004151067147980003,0.5162843239474676,0.5162676358202464,0.26653227179542655,1.4185616,2.623,0.3517746144520798,0.6147202099942856,-0.13649025316257157,2.747636397622524,1.249033079696074,3.4318887516074876,4.032586610064333,0.5162676358202464,0.2665322717954265,0.004443159664039999,0.2060941647580657,0.20604626441536028,0.04245506307952457,0.71245621,1.35885,0.14065554016999354,-0.10860823910858579,0.17867127421223072,3.4569450854484582,1.2494683913098432,4.319343614761753,5.065255226626262,0.20604626441536028,0.04245506307952457
499,559.6,0.0016346681218399998,0.5147524934915136,0.5147498979270052,0.2649674574158623,1.6019196,3.108,0.3301274047933055,-0.09433199626331351,0.3172841263850419,3.112019116477402,1.2917221080409929,4.019863893400058,4.852428416244239,0.5147498979270053,0.26496745741586236,0.00345316216242,0.5203990944602953,0.5203876374263471,0.2708032931861753,1.4304616,2.7069,0.35390143354267817,0.5362908446688811,-0.2329587367511472,2.7487780344497494,1.2459862363805476,3.424939597789563,4.041977410717371,0.5203876374263472,0.2708032931861754,0.004576450648179998,0.20567254529805798,0.20562162334940964,0.04228025198884649,0.70348521,1.2068789999999998,0.13950295946599892,-0.2004222441839985,0.06577535555297231,3.420413789212937,1.2530065797830168,4.285800983464371,5.042797749186536,0.20562162334940964,0.04228025198884648
500,560.5,0.004136347217980002,0.5233920594428035,0.5233757144914841,0.27392213851947156,1.5819196,3.129,0.33646157286180667,-0.06767264737066662,0.19734106388977812,3.022437141450123,1.2871042816972191,3.890191785921157,4.701635276043052,0.5233757144914841,0.2739221385194715,0.005423078168180001,0.511620026459825,0.5115912838369451,0.2617256416979337,1.4264616,2.5089,0.3465243902649018,0.6018784391119404,-0.17610774058141532,2.788126981405434,1.2505470880112852,3.4866840776022605,4.116482533623496,0.5115912838369452,0.2617256416979338,0.0016171196576400008,0.20435166835330906,0.20434526978326092,0.041756989282793686,0.74195621,1.2983500000000001,0.13645959285791978,-0.3195907473383682,0.5597255670665069,3.630781270242492,1.2688687263221705,4.606984805926984,5.43718616229873,0.20434526978326092,0.041756989282793686
501,561.4,0.003608965227900002,0.5108854004287811,0.5108726531546387,0.26099086774125974,1.5610804,2.932,0.3391591963720456,-0.08371772375550125,0.04841249894166921,3.055637132495469,1.2675176394278933,3.873073965128874,4.60279543264264,0.5108726531546387,0.26099086774125974,0.00384818016498,0.5115046073325706,0.5114901317052609,0.26162215483186513,1.5225616,2.693,0.3454378662437912,0.5895678189276292,-0.07116160420494522,2.976633207548137,1.2538347395524332,3.7322061225292416,4.407627966661475,0.5114901317052609,0.2616221548318652,0.0008492396661200007,0.2050476274763131,0.20504586883342557,0.04204380832565437,0.67682621,1.24122,0.13946875178975118,-0.15718159336468154,0.16599912570940534,3.3008243905586583,1.2521845301005425,4.133241238436103,4.852887842721314,0.20504586883342557,0.04204380832565437
502,562.3,0.0014551808219800014,0.5005279955560908,0.5005258802341528,0.25052615678417345,1.5450804,2.972,0.32561748264163437,-0.0813963624769889,0.16503241132631707,3.086901059916544,1.2803406700565885,3.952284971451941,4.745078143425342,0.5005258802341528,0.25052615678417345,0.0006215041596100002,0.5145230188563981,0.5145226434916941,0.26473355066568094,1.4607616,2.5792,0.35197203633019125,0.5463147261260882,-0.22620970325503054,2.8390597630534673,1.2409493493041566,3.523129365596813,4.150220611928481,0.5145226434916941,0.26473355066568094,0.0017756116459099987,0.2027520775388476,0.20274430238505292,0.04110525214960178,0.73207621,1.28247,0.13718691665157287,-0.18752160881691443,0.17200645576390228,3.6106964667710155,1.2566353008557214,4.537328640819485,5.336341306214543,0.20274430238505292,0.04110525214960178
503,563.2,0.0035300024180100068,0.49580383848498577,0.49579127194755523,0.24580898533937465,1.4020804,2.755,0.3225912603652196,-0.08842672799064967,0.10221510052639493,2.827893394864184,1.2789526817651653,3.6167418411075456,4.346306215526868,0.49579127194755523,0.24580898533937465,0.004137752145359999,0.505901192312385,0.5058842707480401,0.2559188953902763,1.3827616,2.3822,0.34854760071245194,0.61981968957168,-0.20895681943448752,2.733264165043061,1.2402426652769465,3.389910832958974,3.9672102093761468,0.5058842707480401,0.2559188953902763,0.0028169396281800007,0.19770693696030542,0.1976868679840858,0.039080097773357365,0.73610621,1.2845,0.1341539095117344,-0.29680729501335235,0.3818900345977698,3.7232189285689636,1.2577771260105717,4.682979603483631,5.4870276436901975,0.1976868679840858,0.039080097773357365
504,564.1,0.00439704422286,0.5002568684969406,0.5002375440532904,0.25023760048046756,1.4870804,2.9379999999999997,0.3286850663962647,-0.11182856183004126,0.09774594738675946,2.9726336481257016,1.2724647340284123,3.7825714844261804,4.524332110078792,0.5002375440532904,0.2502376004804676,0.00717836014708,0.512510112574592,0.5124598390477246,0.26261508663681987,1.4797616,2.6662,0.35723915113057514,0.5698129307047043,-0.1907793463918117,2.8872827358789563,1.2346574175743656,3.564805046487362,4.142215642705773,0.5124598390477246,0.2626150866368198,0.002072560647159999,0.20406539057860887,0.20405486547584215,0.04163838812436403,0.69841521,1.320809,0.13640305645120449,-0.18418713326650843,0.0957195891926963,3.4225069131992796,1.2596230195225777,4.311068492340974,5.120231380224564,0.20405486547584215,0.04163838812436403
505,565.0,0.001532300327640002,0.5116636561415479,0.5116613617147986,0.26179734907184193,1.5240804,3.0149999999999997,0.3342280294507209,-0.08639600175697079,0.14554511654299285,2.9786762880386695,1.2787897788699518,3.809100791706139,4.560001752410513,0.5116613617147986,0.26179734907184193,0.0029791081562600048,0.5086578202677766,0.508649096169608,0.25872390303415904,1.4937616,2.6071999999999997,0.3461801197654286,0.5820553840414769,-0.15615993653312632,2.936672828923829,1.246585516605471,3.6608138155452608,4.314983774955569,0.508649096169608,0.25872390303415904,0.0022540496640400002,0.20718553789352823,0.20717327620217496,0.04292076637234267,0.64510621,1.2495,0.1364545739164438,-0.19290274149727188,0.25013490489753964,3.1136642864113293,1.2730613709556438,3.9638857251544337,4.727626135823211,0.2071732762021749,0.042920766372342656
506,565.9,0.0028990241128599966,0.5137014675045336,0.5136932872595323,0.2638807933755044,1.4819196,2.957,0.32966806870440946,-0.12998751156380767,0.14614814389713304,2.884787554138964,1.288028593004937,3.715688854475763,4.495186949175641,0.5136932872595323,0.2638807933755044,0.0031949521474000037,0.5076458793292306,0.5076358252534228,0.25769413108072353,1.4479616,2.5704000000000002,0.3486170498724787,0.595243877307062,-0.24906294685083497,2.8523064186263856,1.2412225946129485,3.5403471735586094,4.153444590646535,0.5076358252534228,0.2576941310807236,0.00208859765637,0.20274205373022722,0.20273129534085294,0.04109997811058014,0.70096821,1.205362,0.13836117429553071,-0.23135914261088344,0.21891713856934825,3.4574386374359354,1.2519001256701547,4.328367864702896,5.06622044492609,0.20273129534085294,0.04109997811058014
507,566.8,0.004328574832760003,0.5082088198398863,0.508190385586905,0.25825746800296717,1.4709196,2.9370000000000003,0.33408796106532795,-0.10391768445996556,0.024270538873962355,2.8943212761703356,1.2711702669462766,3.6791751492577336,4.402791394546464,0.508190385586905,0.2582574680029672,0.00617756816148,0.5134096991186644,0.5133725321837231,0.26355135680072783,1.4890616,2.5735,0.35045307592192043,0.5562796493949704,-0.22969349302352837,2.900337883285359,1.243715472603601,3.6071951012203782,4.2489614225322345,0.5133725321837231,0.2635513568007279,0.0018951196319199998,0.20151305187420443,0.20150414039725464,0.04060391859723651,0.69159621,1.23799,0.13313305248433469,-0.2558571816660336,0.3857585059538402,3.432016951595436,1.2737454430556319,4.371515952584367,5.194774679123187,0.20150414039725464,0.04060391859723651
508,567.7,0.0025762487304699993,0.4998809172972651,0.4998742786145672,0.24987429442043396,1.5970804,3.16,0.3299668083300086,-0.07075178886423983,0.08991257272733577,3.194921719826847,1.2694425673081922,4.055769630365697,4.840124399429647,0.4998742786145672,0.24987429442043393,0.0034642242571000003,0.5088972136035547,0.5088854224319641,0.25896437316375853,1.4077616,2.4962,0.34740535246057164,0.597341110721403,-0.15697405992816904,2.7662985026612588,1.245427534214548,3.4452243230708075,4.052216208038338,0.5088854224319641,0.25896437316375853,0.0021047296367019993,0.20112985673153805,0.20111884392568838,0.0404487893820054,0.74011621,1.3195100000000002,0.1340167433424263,-0.24772976203287864,0.32978352221151397,3.6797928563529205,1.2671289507627261,4.6627720610946515,5.522565252230674,0.2011188439256884,0.04044878938200541
509,568.6,0.0029736928218,0.49997464369006556,0.49996580031439103,0.24996580148400954,1.4609196,2.857,0.3243490887249803,-0.09770312389374619,0.20568975322483052,2.9219873816353465,1.2837022670100207,3.7509618259799686,4.5041581764354275,0.4999658003143911,0.24996580148400957,0.003150147153310002,0.5062969181274657,0.5062871180252192,0.25632664587828224,1.4048616,2.5463,0.3495228884408587,0.5961390757659701,-0.22622615683624847,2.774778098977705,1.2376567164643526,3.434222750897945,4.019369393136927,0.5062871180252192,0.25632664587828224,0.0029891397627099994,0.20196955861057456,0.2019474378367532,0.04078276764882929,0.70852611,1.2879199,0.1372966935238019,-0.223473253048015,0.2644382560974581,3.5080836680251255,1.2537149297612311,4.398136869454642,5.160547510761206,0.20194743783675317,0.040782767648829286
510,569.5,0.0033384818358179968,0.5093387251432917,0.5093277839168266,0.25941479146962565,1.4530804,2.878,0.33313450705442343,-0.09808471592632433,0.19433160858903165,2.852876343912799,1.2792214107970479,3.6494605014896546,4.361842947007029,0.5093277839168266,0.25941479146962565,0.004224272162039998,0.514120775953722,0.5141034212996041,0.26430232779195817,1.4367616,2.5502000000000002,0.3513518951428005,0.6069177493235632,-0.1935466603367817,2.794599376643998,1.2431479273857395,3.474100422948466,4.089238224874395,0.5141034212996041,0.26430232779195817,0.00268067667664,0.2058695898552458,0.20585213625251125,0.04237510199972246,0.73776621,1.3311600000000001,0.14031549703721918,-0.1802575182167945,0.26262436111214615,3.5836580357436447,1.2534742247908788,4.492022978269369,5.257909679101981,0.20585213625251125,0.042375101999722456
511,570.4,0.0014094715396300046,0.5189128607514857,0.5189109465440768,0.2692685704432697,1.4619196,2.886,0.3403349413042183,-0.06714117001488995,0.1517054539172369,2.8172737863595425,1.2763835277621711,3.595921854105482,4.295531908647665,0.5189109465440768,0.2692685704432697,0.0021746311739600007,0.5106866012032909,0.5106819711208006,0.26079607562782625,1.6164616,2.8019,0.34571670221610995,0.5565276255608532,-0.1641652220148737,3.1652712175946225,1.2492945067516446,3.9543559445200516,4.675682689433786,0.5106819711208006,0.26079607562782625,0.002603719642209999,0.2056279334853573,0.20561144830354972,0.0422760676734833,0.65226621,1.2796599999999998,0.13782361048595493,-0.13031599586751189,0.1590871355334058,3.172070053636208,1.2642430928730435,4.010267655419001,4.7326158972338765,0.20561144830354972,0.0422760676734833
512,571.3,0.0034737459207000027,0.5110332462903373,0.5110214397687429,0.2611429119033189,1.4900804,2.888,0.3308259439138743,-0.07064624579244995,0.2147207441359118,2.9158189037928643,1.2852670892962486,3.7476060753928326,4.504121963263923,0.5110214397687429,0.26114291190331895,0.0036620601654199993,0.5052352174074052,0.5052219455091522,0.25524921422405283,1.4665616,2.582,0.34026146642212735,0.6253303509632122,-0.13424276905543087,2.9027303510741067,1.2530517033460704,3.6372712107677465,4.3101019207993065,0.5052219455091523,0.2552492142240529,0.003957999631739999,0.1995968644592562,0.19955761709561937,0.039823242540881834,0.67886621,1.2842600000000002,0.13196044949411734,-0.28331807658507757,0.5107350699121476,3.4011867462906826,1.275205641029991,4.337212525066319,5.144467244560752,0.1995576170956194,0.03982324254088185
513,572.2,0.0038524978210000022,0.5058926150136454,0.5058779459374401,0.2559124961858836,1.5140804,2.91,0.32946411404149406,-0.09084957317036525,0.16769105325856648,2.9928889156825527,1.2804050902867943,3.832110202302865,4.595585180513197,0.5058779459374401,0.2559124961858836,0.004562331560640001,0.5065659830690116,0.5065454375802875,0.25658828033340486,1.4126616,2.6001000000000003,0.3436245068920468,0.60720882888429,-0.12082908825514593,2.788702058992278,1.2505105289836296,3.4873012869681705,4.111061847063784,0.5065454375802875,0.25658828033340486,0.001237489651339998,0.205293669721597,0.2052899399559632,0.04214395944712298,0.72465621,1.25905,0.14119443298539577,-0.18825333753987383,0.16604274574384315,3.529851704549494,1.249526477103833,4.410643165084689,5.132328482631845,0.2052899399559632,0.04214395944712297
514,573.1,0.0011660298127599998,0.4946000574275071,0.4945986829559589,0.24462785718176913,1.5369196,2.928,0.31977535383214495,-0.11585974444488277,0.179490251231893,3.1073987495953017,1.282921771110638,3.986549507377786,4.806247828613937,0.4945986829559589,0.2446278571817691,0.0010349194641000041,0.510463233958996,0.5104621848536671,0.26057164216557943,1.5171616,2.6776,0.34671486870628127,0.5914743883241533,-0.12944650315674755,2.9721270780529307,1.2494700613249001,3.7135838024801915,4.375819259384749,0.5104621848536671,0.26057164216557943,0.0030707396355117984,0.2020325475018439,0.2020092097112795,0.0408077208081757,0.73286621,1.23426,0.1329278182467863,-0.161521550305789,0.26006750707855053,3.627466064562252,1.2725788286758417,4.6162365155019955,5.513264414220671,0.20200920971127953,0.04080772080817571
515,574.0,0.002287071821009996,0.5025448543916924,0.5025396501551423,0.2525460999780529,1.4939196,2.904,0.32486266296606753,-0.08249484425932731,0.19971747991351751,2.972708977009269,1.2844126814278791,3.8181851082652027,4.598618955961838,0.5025396501551423,0.2525460999780529,0.0029138511614999977,0.5176391567172546,0.5176309554483377,0.267941806038359,1.4492616,2.6097,0.34972905409780203,0.5931282061541093,-0.2512036139206515,2.7997526485261957,1.2485895935414082,3.4957420214398036,4.143955393522189,0.5176309554483378,0.2679418060383591,0.00210510964955,0.2044562529859916,0.20444541544978495,0.04179792789843517,0.67865621,1.24505,0.1363626265366354,-0.260881687212202,0.3207075317261072,3.319322349346285,1.2665033626670321,4.203932917222903,4.976849062214794,0.20444541544978495,0.04179792789843517
516,574.9,0.004808402731078,0.5071776853096358,0.5071548912701284,0.2572060837392158,1.5189196,3.0170000000000003,0.3278136664716184,-0.07223695767575267,0.2348558003025194,2.994847060498508,1.2854165374115776,3.8496259385832334,4.63348467545207,0.5071548912701284,0.2572060837392157,0.00600638965818,0.5119310018656805,0.5118957647358234,0.2620372739544735,1.5201616,2.6306000000000003,0.34850550340756836,0.591188269732966,-0.1462542927250774,2.9694657960934685,1.2467147633448346,3.7020768472372496,4.361944316908561,0.5118957647358234,0.2620372739544735,0.0010476796226799986,0.20331665175122088,0.20331395241531125,0.041336563246735444,0.63305621,1.24445,0.13889176479115478,-0.07990324763355165,0.11971539758041505,3.113646642059649,1.2537410039146024,3.9037064668511956,4.557910333646475,0.20331395241531125,0.041336563246735444
517,575.8,0.0024975741638200016,0.5113713925430065,0.5113652933419218,0.26149446323466974,1.6299196,3.104,0.33180992873481585,-0.07672094636299376,0.22795512146677588,3.187349984312866,1.2846234338737388,4.094544481805402,4.912208643710116,0.5113652933419218,0.26149446323466974,0.0019335011632800013,0.5147018736601933,0.5146982420045412,0.2649142803225652,1.5329616,2.7014,0.34966681049106835,0.5651371518592196,-0.12178396907349986,2.9783485906096834,1.2481649675268418,3.7174703718819506,4.384063783025689,0.5146982420045411,0.26491428032256514,0.00186176963674,0.20368004989828922,0.20367154082097308,0.041482096540389306,0.68535621,1.32275,0.13629332501132968,-0.19438546701231071,0.3220158330288192,3.3648666638791735,1.2669677050167731,4.263177394822442,5.028538337758127,0.20367154082097308,0.0414820965403893
518,576.7,0.0010149607276599987,0.5170965267852775,0.5170955306982632,0.2673877878681185,1.5760804,2.934,0.33611630753058364,-0.09232810154886775,0.16454888702170845,3.047942344146631,1.281610941543541,3.906276257452191,4.689092331102056,0.5170955306982632,0.26738778786811845,0.0030011061532800015,0.5129288694278229,0.5129200897355858,0.26308701845436133,1.4285616,2.561,0.35258243694630326,0.6088640906656769,-0.21293151336367355,2.7851066398223487,1.2411185506423985,3.4566475162008343,4.051709473599117,0.5129200897355858,0.26308701845436133,0.0027049796633199998,0.20366818023991512,0.20365021661481134,0.041473410727259574,0.65611621,1.1895099999999998,0.13833554962063696,-0.138032367405324,0.055109302315364594,3.2214959117674367,1.2515478521739771,4.031856289159784,4.742932758783215,0.20365021661481136,0.04147341072725959
519,577.6,0.00269106771865,0.5075360741608913,0.5075289397947504,0.2575856247291834,1.6220804,3.08,0.3275593599075704,-0.0909721579148255,0.18052839507374685,3.195990359270094,1.2850847070900213,4.10711833470514,4.95201969028671,0.5075289397947504,0.2575856247291834,0.0069443389517800025,0.5127765021597124,0.5127294777206322,0.2628915173236722,1.6541616,2.8586,0.35184991056711235,0.6116804477607732,-0.13378268655855496,3.2258919685925567,1.2428438451582986,4.009279978310847,4.701327328274204,0.5127294777206322,0.2628915173236723,0.0010547496596818,0.2034037946326147,0.20340105991391075,0.041371991174102306,0.72936621,1.30076,0.1393674524012748,-0.14140468770862044,0.1813488991373262,3.5858043421332026,1.250124901129993,4.48270329868077,5.233404194689351,0.20340105991391072,0.0413719911741023
520,578.5,0.0026804228191,0.5023881302323272,0.5023809796676668,0.25238664873184463,1.4759196,2.934,0.32485557820115385,-0.08624697756290783,0.22039968965168333,2.9378074663457268,1.285368633678334,3.776165569026815,4.543310009243848,0.5023809796676667,0.2523866487318446,0.002961541153300001,0.5080154063242068,0.5080067739083273,0.2580708823367463,1.6162616,2.7707,0.3461823551136521,0.5949665024200332,-0.10464138429151548,3.1815208355483007,1.2479125122098058,3.9702596585369205,4.668815657774872,0.5080067739083272,0.25807088233674624,0.002399149629261799,0.20351863645008444,0.20350449494681452,0.04141407946355805,0.66803621,1.3094299999999999,0.13512611350505502,-0.2039969062924517,0.4640499874416122,3.282432614783386,1.2749870815599265,4.185059179939787,4.943798002264078,0.20350449494681452,0.04141407946355806
521,579.4,0.001964354033800001,0.5037421946637273,0.5037383646277682,0.2537523399978584,1.5860804,2.995,0.3306897670628182,-0.08625480621697354,0.15679510197731883,3.148595485551467,1.275655061414325,4.016521767490023,4.7962790445182,0.5037383646277682,0.2537523399978584,0.00202873114608,0.5046110737624694,0.5046069956051434,0.25462822001364926,1.5169616,2.5334,0.3452197948929717,0.6283053897527997,-0.11251783930561743,3.006199583947427,1.2452676033155743,3.7435229509904895,4.3941906647337605,0.5046069956051434,0.25462822001364926,0.002105679653212,0.2032650455034779,0.20325413854760496,0.041312244836729,0.67945621,1.24985,0.13590034606253973,-0.17950963974363768,0.3622469232338217,3.3427105399111743,1.2658818170074473,4.231476491992702,4.999665046381282,0.20325413854760496,0.041312244836729
522,580.3,0.004029907112442001,0.5090465248391696,0.509030573049891,0.2591121242995004,1.5860804,3.037,0.3284636008036597,-0.14525847942475814,0.23447812084358288,3.1157867161574537,1.285367045537979,4.0049295658737885,4.828785887140308,0.509030573049891,0.25911212429950037,0.004589258243979998,0.5128824819447233,0.5128619492558885,0.26302737899454953,1.5300616,2.7065,0.3549380602130408,0.5692905163375416,-0.17966970383618808,2.9832596235269833,1.2389950898699937,3.696244025357338,4.310784814346556,0.5128619492558885,0.26302737899454953,-0.00027718034359000044,0.2022418035025049,0.20224161355913606,0.04090167025500293,0.67704621,1.2334399999999999,0.1377059194562775,-0.12213275733401009,0.15762908829369282,3.347706548669174,1.2528627886354866,4.194216962098942,4.916609341655545,0.20224161355913606,0.04090167025500293
523,581.2,0.000907532833780003,0.5142655077911169,0.5142647070214045,0.26446818888781093,1.5519196,3.069,0.33789975096418184,-0.08628909907938435,0.18079463949330377,3.0177400126752323,1.2768700147937537,3.853261734628327,4.592840318975278,0.5142647070214044,0.2644681888878109,0.00182979715838,0.5097786567856843,0.5097753728423684,0.2598709307565757,1.4610616,2.5475000000000003,0.3503305858462787,0.580571783138132,-0.2709470441576092,2.866070559353064,1.238513765306705,3.549667840099058,4.170522526517563,0.5097753728423684,0.2598709307565757,0.0008587796271099997,0.19970488925599927,0.19970304276676157,0.039881305290302996,0.69150621,1.2279,0.13243317204281763,-0.24586019137150736,0.38566228669068314,3.4626403618669874,1.2715172181252012,4.402806840289152,5.22154834270998,0.19970304276676157,0.039881305290302996
524,582.1,0.0022530938358400017,0.5150884052517023,0.515083477499433,0.2653109887929088,1.5069196,2.942,0.33906644740982644,-0.07369507358452161,0.0833917061260876,2.9255552729120957,1.2723485602015345,3.7223260392797126,4.44431942916074,0.515083477499433,0.2653109887929088,0.001955280146600001,0.5121413163139045,0.5121375838144345,0.262284904755287,1.5159616,2.7544,0.352469966946122,0.6123197871368412,-0.17951290573958945,2.960045502501166,1.2415384196429042,3.675010215246384,4.300966726710442,0.5121375838144345,0.262284904755287,0.0013014596468800003,0.20408793432531935,0.20408378460809523,0.04165019113996341,0.69287621,1.31027,0.13620381376193222,-0.14302556930953708,0.3503632359098372,3.3949885978832266,1.2679294843811884,4.304606142394093,5.08705439930679,0.20408378460809523,0.041650191139963405
525,583.0,0.00417403323101,0.507730173814931,0.5077130162293719,0.25777250684872643,1.4999196,2.948,0.33394620692664195,-0.06098746645950714,0.03564481006808151,2.954166755010949,1.2722718858202313,3.7585033084252135,4.491500633602009,0.5077130162293718,0.2577725068487264,0.004490147152980004,0.5116149286728637,0.5115952245862777,0.261729673819484,1.5159616,2.6284,0.3493661714069525,0.5783495282783018,-0.18132948999129272,2.96309101834152,1.2453714256476744,3.6901488858357983,4.339176841006055,0.5115952245862778,0.26172967381948403,0.0003415396543817998,0.20656617998201549,0.20656589762840066,0.042669470063026904,0.68411621,1.35251,0.13530336590387132,-0.15820206907680054,0.41346912996797425,3.31185003304782,1.278674937751831,4.234779634850821,5.056165494700572,0.20656589762840066,0.042669470063026904
526,583.9,0.001747105016759999,0.5084774649464933,0.5084744634516788,0.25854627998247265,1.5599196,2.98,0.32974136634279555,-0.050054481667840996,0.11683025559891647,3.067824451500814,1.2816024336830776,3.9317312831558953,4.730736750748841,0.5084744634516788,0.25854627998247265,0.0029562367887699978,0.5148197832957288,0.5148112954634055,0.2650306699367098,1.4428616,2.5173,0.3438270281249902,0.60369501354574,-0.2250204776671647,2.802653757326911,1.2551333555628044,3.517704214914427,4.196475209841507,0.5148112954634055,0.2650306699367098,0.00046914963828000023,0.1999908894185977,0.19999033913931613,0.03999613574905868,0.72336621,1.30076,0.13261087325585744,-0.17343423352590387,0.31383462822045693,3.616995814674007,1.2704921627503978,4.595364835244316,5.454803156332046,0.19999033913931613,0.03999613574905868
527,584.8,0.002093741844900003,0.5076382047235076,0.5076338869106285,0.25769216313999277,1.5409196,2.999,0.34027432837147475,-0.0991273756709483,0.04664567446002188,3.035468145742269,1.2618371180568886,3.8302663769769123,4.528462688839078,0.5076338869106285,0.2576921631399927,0.0024942061521400012,0.5144358897848175,0.5144298432579194,0.26463806363436754,1.4543616,2.6308,0.35182644007135216,0.5935071270533204,-0.15863463221325125,2.827099797816094,1.246678851159793,3.5244855280554512,4.133747309341072,0.5144298432579195,0.2646380636343676,0.000638589609559999,0.19910683289866435,0.1991058088310012,0.0396431231102472,0.67180621,1.2511999999999999,0.13315741547230014,-0.1687198877800751,0.23181764904897895,3.3740992221091504,1.2659686397291186,4.271503802524598,5.045203135080008,0.1991058088310012,0.0396431231102472
528,585.7,0.003285655135860001,0.510456450673834,0.510445876175777,0.2605549925048566,1.4869196,2.966,0.3399743128201636,-0.06702313791457888,0.040571525737418845,2.91292155880717,1.2644169222993638,3.6831473122864273,4.373623370735473,0.510445876175777,0.2605549925048566,0.005522220153480001,0.5094226339331713,0.5093927021934909,0.2594809250479865,1.3915616,2.474,0.3503357842245087,0.56345451958401,-0.23639812638889657,2.7316446253201856,1.2405700190394677,3.3887964248425226,3.9720795381502727,0.5093927021934909,0.2594809250479865,0.0005336096315199995,0.19829472979222768,0.19829401182116854,0.03932051512413373,0.66678621,1.25218,0.13241421551783122,-0.1770506135995472,0.2380808245299777,3.3626017731215327,1.2665289516415834,4.2588324984997445,5.035608959297946,0.19829401182116854,0.03932051512413373
529,586.6,0.0024623432468400003,0.5151083357995222,0.5151024504658156,0.26533053447588806,1.5290804,2.955,0.3393059154557899,-0.05620978984964013,0.1963127724859728,2.96846370701155,1.2773570438340571,3.79178802551696,4.50649496618998,0.5151024504658155,0.26533053447588795,0.002545211166000003,0.5121186535282518,0.5121123286855238,0.26225903719170995,1.4095616,2.503,0.3500749561430811,0.5675734098999231,-0.2605136146716718,2.75241214177378,1.2423367806783019,3.4194228393111077,4.026456549562175,0.5121123286855238,0.26225903719171,0.0016686496420599995,0.20256729351026606,0.202560420636526,0.04103072400844634,0.68544621,1.27084,0.1362626999890471,-0.18354895580108402,0.3961627323651058,3.3837950743280367,1.264653849371071,4.279329466231821,5.030328989922382,0.202560420636526,0.04103072400844634
530,587.5,0.0011748215288800016,0.5155844860722291,0.5155831475841116,0.2658259820727398,1.5249196,3.042,0.3353163931751227,-0.11425982047888032,0.21864821874850504,2.957652220331493,1.2815562145569228,3.790397583463906,4.547703694294463,0.5155831475841115,0.2658259820727397,0.0024700848679599964,0.5166715706635232,0.5166656661833231,0.2669434106126571,1.4706616,2.5500999999999996,0.348908797793635,0.611342764757379,-0.16624218284495607,2.8464147894015874,1.2516599392126828,3.562743362276472,4.215031576446046,0.5166656661833232,0.26694341061265714,0.0012101896395699985,0.2039917116749305,0.20398812189219312,0.04161115387310424,0.74525621,1.27965,0.13606179185970732,-0.20223189456274648,0.27609799516476086,3.653365148421312,1.265854702512679,4.624629453125049,5.47733643526046,0.20398812189219312,0.04161115387310424
531,588.4,0.003498209743979999,0.5081186127658,0.5081065706794473,0.25817228716762813,1.4550804,2.868,0.3375250180600098,-0.03770769989691575,0.11562658703546314,2.863662860290989,1.2708000746700618,3.6391429766876713,4.311029767106911,0.5081065706794473,0.2581722871676282,0.005497925161659998,0.5163911490460611,0.5163618804985782,0.26662959163202804,1.5598616,2.5853,0.35260644801691354,0.5858537753531705,-0.17844948958490026,3.020697784773347,1.2456673163628473,3.7627845031018134,4.423803389792741,0.5163618804985782,0.26662959163202804,0.00154403963104,0.1996844266649235,0.19967845701055734,0.03987148619411699,0.73876621,1.32516,0.13090481264856502,-0.17941087967993874,0.40814764169611273,3.6996686338473053,1.27835830788704,4.729502134507799,5.643537430387196,0.1996784570105573,0.039871486194116984
532,589.3,0.003702507827999999,0.5006438015092778,0.5006301103863456,0.2506305074254446,1.4849196,2.885,0.33224271865153393,-0.07055777255371669,0.15898096162552955,2.9660201435101197,1.2702239833605673,3.7675099214171057,4.4693819206236025,0.5006301103863458,0.2506305074254447,0.002547996155970001,0.5066210024108984,0.5066145949332812,0.2566583477994126,1.3607616,2.3912,0.3472343590739629,0.6016366860668829,-0.23001020746791134,2.6859557608635125,1.2415450985567773,3.3347352098404337,3.9188564277711646,0.5066145949332812,0.2566583477994126,0.0018245496368799997,0.20110271596584844,0.2010944389769724,0.04043897338746328,0.67680621,1.2522,0.1350516230407101,-0.2356044720773003,0.4300292693838239,3.36547523363601,1.2667725824752447,4.263291752969566,5.011462985498388,0.20109443897697243,0.04043897338746329
533,590.2,0.0008115487229600038,0.49963225100382624,0.49963159190729795,0.2496317276318207,1.5220804,2.889,0.32487840918671473,-0.10755822006093574,0.2701336780833876,3.0464014221298608,1.2851783126966805,3.915169039489623,4.685077114882162,0.4996315919072979,0.24963172763182068,0.0013454931549799984,0.5057603838554854,0.5057585941195838,0.25579175552581784,1.4975616,2.5170000000000003,0.3435905301575745,0.6083909226600752,-0.13131082640520297,2.961010090556854,1.2493174842147496,3.699241677068977,4.3585648280620575,0.5057585941195838,0.2557917555258179,0.001057429654279999,0.2028245009231355,0.2028217444389167,0.041136660017245245,0.66332621,1.26072,0.13833299716196965,-0.10940423907142822,0.1373818872606063,3.2704441868755345,1.2519886261821618,4.0945589245317375,4.79514088184855,0.2028217444389167,0.041136660017245245
534,591.1,0.002421258225979998,0.5160461385650564,0.5160404583329765,0.2662977546365085,1.5879196,2.9779999999999998,0.3356655438729097,-0.09533811877060228,0.14783879821532064,3.077088425495147,1.282341265375738,3.9458774652224844,4.730660113869837,0.5160404583329765,0.2662977546365085,0.00466998015926,0.5155050628445368,0.5154839096457443,0.2657236611036619,1.4744616,2.5109,0.34889961100438044,0.5553302381769631,-0.174459663223006,2.8602271951782168,1.2498893024568067,3.57496737384929,4.226033946427897,0.5154839096457443,0.26572366110366186,0.00012457266812000012,0.20347221827235484,0.20347218013852206,0.04140092809032317,0.70041321,1.2478069999999999,0.13650837708590524,-0.11821213499277598,0.15727898419669195,3.4423038975398197,1.2593111824910772,4.3349317917045145,5.130917420249069,0.20347218013852206,0.04140092809032317
535,592.0,0.003457736833958001,0.5248506465463756,0.5248392565692238,0.2754562452361355,1.5809196,3.1109999999999998,0.33964577381633404,-0.10372157021361843,0.17561796720236522,3.0121323283162056,1.2853483859643369,3.8716394265122345,4.654612899305186,0.5248392565692238,0.2754562452361355,0.0028895171476800013,0.5138316207643123,0.5138234961423362,0.2640145851879334,1.4419616,2.4794,0.35750372897852106,0.5770793812379008,-0.2728242778857477,2.806292064811263,1.2323316402611026,3.4582825032805804,4.03341694957994,0.5138234961423361,0.26401458518793336,7.550964140000038e-05,0.20488422599373365,0.2048842120792751,0.04197754035934538,0.73185621,1.3082500000000001,0.13442506703706023,-0.25543593280681093,0.34405557188786906,3.572047611036604,1.2769490177684866,4.56132268833546,5.444343277122796,0.2048842120792751,0.04197754035934538
536,592.9,0.0034118186137600003,0.5138389837306594,0.5138276566078392,0.2640188606951036,1.6000804,3.181,0.33063502169878434,-0.04049846879432287,0.24865608010642282,3.113972373958141,1.2896883377474926,4.016053854761688,4.839415957144757,0.5138276566078394,0.26401886069510366,0.0017074911475799977,0.5062639176513057,0.5062610381904072,0.256300238789629,1.3868616,2.5233,0.3499891763329038,0.5644863557039939,-0.24708648829066737,2.739404392938022,1.238094783173137,3.39164228789814,3.9625842562652305,0.5062610381904072,0.25630023878962893,0.0011512996583999998,0.2024763784315035,0.20247310520618284,0.040995358331833986,0.68712621,1.24452,0.13832404941060114,-0.18119315460446753,0.1948319440310744,3.393611715711571,1.2509933826370483,4.245385799594735,4.967510804721559,0.20247310520618286,0.04099535833183399
537,593.8,0.004224409126360002,0.513782792229116,0.5137654250319694,0.2639549119582802,1.5440804,2.963,0.3338058653068964,-0.050841006260710156,0.10617707572202706,3.0053174675251353,1.2799604095919328,3.846687376687263,4.62568384944463,0.5137654250319693,0.26395491195828014,0.004560511157960003,0.510545292779145,0.5105249236980708,0.26063569771692097,1.4771616,2.5416,0.34934598208312295,0.5561267944886144,-0.14043603742454147,2.893301771443421,1.2455761403285344,3.603827653280207,4.228362928898739,0.5105249236980708,0.260635697716921,8.953964157900013e-05,0.2062745173210037,0.20627449788731916,0.04254916847866564,0.72367621,1.35107,0.1376536153978353,-0.18829026856816306,0.28383280144951506,3.5083160993358073,1.2667540086399167,4.44417348240959,5.257226320634513,0.2062744978873192,0.04254916847866565
538,594.7,0.002047770195800001,0.5044044664820182,0.5044003097186148,0.2544196724442346,1.4740804,2.931,0.32881138665711396,-0.06769959356090459,0.14459842507395804,2.9224174208468283,1.278689392273793,3.736864155832976,4.483057642821773,0.5044003097186148,0.2544196724442346,0.0043893598670999975,0.5091802003554002,0.5091612808864424,0.2592452099539227,1.4248616,2.6023,0.34487246980618125,0.5923045426263052,-0.21534438094444486,2.798344474128153,1.2481980162089692,3.4928880212760913,4.131560865965248,0.5091612808864424,0.2592452099539227,0.001016949645973998,0.1982139012719209,0.19821129249074673,0.03928771647085235,0.69547621,1.26687,0.1340879239307699,-0.19587956084651828,0.1752070188609638,3.508715612463058,1.2566993696021334,4.409400698295488,5.186717711872972,0.19821129249074676,0.03928771647085236
539,595.6,0.0016524335390779997,0.516352653511516,0.5163500094429966,0.2666173322517827,1.6000804,3.105,0.3358288629456407,-0.097272977363792,0.2704258476430912,3.098813164062328,1.2838816929242645,3.9785094911323386,4.764570817306429,0.5163500094429966,0.26661733225178263,0.0035174670509800004,0.5094451540861333,0.5094330107554764,0.2595219924473894,1.5144616,2.6199,0.3524203599958047,0.5759071022963912,-0.1818737402020072,2.9727667205250237,1.238068836125181,3.6804898337520875,4.297315853198801,0.5094330107554764,0.2595219924473894,0.000817779655819999,0.19945747424563431,0.19945579778207104,0.03978261526888241,0.66405621,1.2634500000000002,0.13690368315036677,-0.12609503295332547,0.06866338694081131,3.3293122381676543,1.2451358831703305,4.1454461340206725,4.8505357541815775,0.19945579778207104,0.03978261526888241
540,596.5,0.0035203667257800017,0.517294123234513,0.5172821444348137,0.26758081695107944,1.5100804,2.952,0.33115163465200304,-0.10866224358944424,0.25338564086589344,2.9191910987850367,1.2915390436055905,3.7702492798267793,4.560087410067888,0.5172821444348136,0.2675808169510794,0.0034694881635800004,0.5081215132353731,0.5081096681470333,0.25817543486448835,1.4339616,2.4614000000000003,0.34863992209494177,0.547748410717788,-0.2395490589320124,2.822084014647412,1.24104810920072,3.5023420303837476,4.113016063632274,0.5081096681470333,0.25817543486448835,0.0006948396478200007,0.2023886497585157,0.2023874569950889,0.04096068274893896,0.64794621,1.2113399999999999,0.13747113957780496,-0.19856957990305404,0.17529595371960527,3.2014948010825246,1.2568881119806523,4.023920756048488,4.713325371346615,0.2023874569950889,0.04096068274893895
541,597.4,0.0032625888437799976,0.5223961940900929,0.5223860058556798,0.2728871391138504,1.5569196,3.05,0.3437807483805093,-0.031132801982047487,0.07355949574230047,2.9803425400367534,1.2723494072061898,3.7920370640871535,4.528815552745099,0.5223860058556797,0.2728871391138503,0.0034460741539799997,0.5063892878029457,0.5063775620764607,0.2564182353744998,1.4453616,2.5258000000000003,0.3491008107743765,0.6189006503783634,-0.21862603031120154,2.8542499512004733,1.2397742008069017,3.5386254521527047,4.140241315377912,0.5063775620764608,0.25641823537449987,0.0020024196480317997,0.20328610354538937,0.20327624113560333,0.041321230210219946,0.66840621,1.2498,0.13726499453157337,-0.19784542782004816,0.4132145240642866,3.288007386352208,1.2619731328191193,4.1493769820873,4.8694586138365725,0.20327624113560333,0.041321230210219946
542,598.3,0.0016724557178799983,0.517147994134662,0.5171452897681426,0.26743925072937613,1.6440804,3.066,0.3352530866578273,-0.09903279641464728,0.1367099641756293,3.1791294148805926,1.2817424277858571,4.0748250544744815,4.903997801750336,0.5171452897681426,0.2674392507293761,0.0026228841530399976,0.51454235582266,0.5145356706917923,0.2647469564142525,1.4348616,2.6993,0.352748615097522,0.58047997616169,-0.19630974796045875,2.7886170764424563,1.2411024808337527,3.4609595716680994,4.067660477145498,0.5145356706917923,0.26474695641425255,0.0021598896434000003,0.2040717984171571,0.2040603679942314,0.04164063378594114,0.66840621,1.3128,0.1381316417670231,-0.09767443830830567,0.1869790689280273,3.275348260682572,1.2582262744456236,4.121129239550585,4.83890730211803,0.2040603679942314,0.04164063378594114
543,599.2,0.0031757978340000025,0.5032230967306974,0.5032130755369444,0.25322339939135047,1.4850804,2.873,0.3350099867653348,-0.09005520050127071,0.07542712269443408,2.9511371986861503,1.2682637276467637,3.742820264402724,4.432943669348752,0.5032130755369444,0.25322339939135047,0.0047657965583600016,0.5198501983612284,0.5198283523619819,0.2702215159193728,1.4498616,2.5202999999999998,0.35444771009328335,0.5390792927238496,-0.29059082668981473,2.7889988396090493,1.2427497475772038,3.46602760391726,4.090480933332667,0.5198283523619819,0.2702215159193728,0.0010956096409357997,0.20061563704504973,0.20061264533051207,0.040245433466505824,0.65205621,1.23645,0.1330165819778216,-0.18649700777176104,0.284296881218566,3.250276098136737,1.2695831810752132,4.12649586804517,4.902067097985723,0.20061264533051204,0.04024543346650582
544,600.1,0.004439320833938,0.5058075615779215,0.5057880799108815,0.25582158177993625,1.3919196,2.781,0.334271835581157,-0.050613186736187414,0.04383384856045103,2.7518758234016034,1.26962663540625,3.4938548427211815,4.164034931570116,0.5057880799108815,0.2558215817799362,0.00446913913412,0.5108516176082972,0.510832068304657,0.2609494020084137,1.3775616,2.4749999999999996,0.3519699795768389,0.6125624473335419,-0.21340129146865872,2.6965982929631536,1.2420990975963602,3.3494423062694185,3.913861067515456,0.5108320683046569,0.26094940200841366,0.0012367996335739997,0.19991369010002158,0.19990986422904164,0.03996395381607386,0.68139379,1.33499,0.13258968191824524,-0.1258632204312094,0.3794185891333002,3.4084398605172184,1.271610909933237,4.334209312485016,5.139116258082188,0.19990986422904164,0.03996395381607386
545,601.0,0.004517730046100001,0.51292448167367,0.512904585683764,0.2630711140154336,1.4840804,2.9050000000000002,0.3398582986428597,-0.060790917079294494,0.1213852099930004,2.8933701802601686,1.2700279328129762,3.6746609488985302,4.366762282769934,0.512904585683764,0.2630711140154336,0.0022308641462999977,0.5057189546959858,0.505714034197155,0.25574668438396125,1.4221616,2.5126,0.34996687136196125,0.5626614590052388,-0.24588509971106243,2.8121579916950825,1.2368822866890643,3.4783084072987402,4.063703499892413,0.5057140341971551,0.2557466843839613,0.0024438096461599996,0.20308560377185497,0.20307089957399657,0.041237790253792206,0.66639379,1.29308,0.13614412750926078,-0.11105805291791303,0.16687475678289365,3.28134430813039,1.2628931672919947,4.143987306270348,4.894767054529551,0.20307089957399657,0.041237790253792206
546,601.9,0.0032977681167599957,0.5245702114861387,0.5245598454934006,0.2751630315040603,1.5119196,2.996,0.34213317509688557,-0.030793715141232546,0.15707005567198573,2.8822063603585906,1.280537225105412,3.6907725348747586,4.419096743751474,0.5245598454934006,0.27516303150406035,0.005242608161480002,0.5127419824407482,0.5127151798191016,0.26287685561693375,1.4813616,2.6118,0.3472205673995264,0.5599323422833622,-0.20682924128996794,2.8890975397576,1.2496123093571068,3.61025184861443,4.266341740912726,0.5127151798191016,0.26287685561693375,0.0008990596324100004,0.20702171656251442,0.20701976432279945,0.04285718282026743,0.68538621,1.2957800000000002,0.13818237343767786,-0.09293377110996898,0.22142123265404834,3.310697164435083,1.2689487606381196,4.201105063658035,4.960011852084148,0.20701976432279945,0.04285718282026743
547,602.8,0.003947907332029997,0.5154769066843211,0.5154617884504475,0.26570085535253396,1.5530804,2.981,0.33760832347555764,-0.08120499359331843,0.14598245253391529,3.012900054029208,1.2767539466373747,3.8467320348057505,4.600243216789176,0.5154617884504475,0.26570085535253396,0.005181647252770002,0.5061605486099982,0.5061340252353346,0.25617165150092225,1.3808616,2.5513000000000003,0.34718288346479853,0.5866576084604146,-0.1961348914514689,2.7281098927841727,1.245080387481591,3.396716122400079,3.9773320223029023,0.5061340252353345,0.2561716515009222,-0.0003663503618799997,0.20144751510568468,0.20144718198492478,0.040580967129667404,0.67020621,1.3026,0.133671121417071,-0.14047091806395012,0.35013840902365745,3.3269519837382564,1.2712603894311625,4.2294222744658745,5.01384444818766,0.2014471819849248,0.04058096712966741
548,603.7,0.0024466726188999985,0.5112014049872011,0.5111955499160612,0.26132089025398425,1.5109196,2.904,0.33254275011698614,-0.0633061332697547,0.12445050591763529,2.9556248970752117,1.2799293991420857,3.782991198602865,4.543534927369397,0.5111955499160613,0.2613208902539843,0.0013196611489600012,0.4988226791301414,0.4988209335112389,0.24882232370902385,1.4293616,2.6178,0.3436494284463744,0.5821171498336902,-0.14986298155372557,2.8654703561044057,1.2413085548498428,3.556932866701025,4.159359747700114,0.4988209335112389,0.24882232370902382,4.0319626040000945e-05,0.19943263501444242,0.1994326309386996,0.03977337428313155,0.64439379,1.28666,0.1321590593013493,-0.09529363579518398,0.35288849608939366,3.2311351146382563,1.2723346852033468,4.1110852789327454,4.875895707842867,0.1994326309386996,0.03977337428313156
549,604.6,0.003986478024420003,0.5026237683784045,0.5026079590812992,0.2526147605318689,1.6260804,3.2,0.3262185881190054,-0.03609151766915591,0.2820540584501474,3.2351840527680573,1.2848348187521341,4.156677116068042,4.984634411472597,0.5026079590812992,0.2526147605318689,0.003493469646460002,0.5057989788460083,0.5057869142944429,0.2558204026714941,1.3625616,2.3970000000000002,0.3477927174379286,0.6013928624040725,-0.2000059141931283,2.6938796972439816,1.242515858367269,3.3471882443592653,3.9177404577000083,0.5057869142944429,0.25582040267149414,0.0015219896218320002,0.20244508647410153,0.2024393652062204,0.04098169658509748,0.66500621,1.3094000000000001,0.13354594978557127,-0.13939577715425217,0.3055920943525461,3.2848720686786006,1.275838452180876,4.190966095715098,4.979605978824297,0.20243936520622038,0.040981696585097475
550,605.5,0.0036819025435600033,0.5088651004193854,0.5088517800091603,0.2589301340184909,1.5300804,2.995,0.33183893447200496,-0.06101426607816086,0.2286838981506265,3.006848767461104,1.2818040565055826,3.8541909474304545,4.610912828642422,0.5088517800091603,0.2589301340184909,0.0034870731594800032,0.5044265416960074,0.5044144885787624,0.2544339762881744,1.5503616,2.6508000000000003,0.3452140250922798,0.5986012102589351,-0.17707207417236503,3.0735131319365134,1.2452191542377082,3.827197422688475,4.491015681027357,0.5044144885787623,0.2544339762881743,0.0006798496645337995,0.20338147365996623,0.20338033737933758,0.04136356163253318,0.65737621,1.3137699999999999,0.13694894808171898,-0.10416620237838302,0.17595263763792657,3.2322325046138087,1.2592591743946449,4.07021843521152,4.800155234545768,0.20338033737933758,0.04136356163253318
551,606.4,0.0019941884338300006,0.5163175071694295,0.5163136560484762,0.2665797914221442,1.4819196,2.949,0.3391634470031086,-0.01302167021541542,0.1729208611169728,2.87017112420654,1.2763953537141555,3.663473087301762,4.3693375954703555,0.5163136560484762,0.2665797914221442,0.0028825701381,0.5098371398923581,0.509828990940118,0.2599256000030189,1.4409616,2.6044,0.35297519001005034,0.5970580861596967,-0.16163494572745662,2.826317439926464,1.2407670279755092,3.5068014900529088,4.082331112163921,0.5098289909401179,0.2599256000030188,-0.0013186943743635005,0.19972305821912312,0.19971870475633038,0.03988756102954627,0.70065021,1.362044,0.13125035791629822,-0.09845748677328585,0.46793584539140154,3.508108759436741,1.2784493361382139,4.484939314602555,5.338272756915627,0.19971870475633038,0.03988756102954627
552,607.3,0.0037946364279000016,0.5263482759075384,0.5263345972717528,0.2770281082852182,1.4849196,2.9610000000000003,0.3417394666325291,-0.0518268275344341,0.16202209244420196,2.8211731052783957,1.2815848319669625,3.6155726600779268,4.3451803054305325,0.5263345972717528,0.27702810828521823,0.00459562616475,0.5088865771109213,0.5088658257181587,0.2589444285838235,1.4882616,2.6427,0.3475024653556113,0.5534163480238691,-0.20173357807434167,2.924544813992226,1.2444637841382726,3.6394901061027265,4.282736810160499,0.5088658257181587,0.2589444285838235,0.00012793663725999948,0.20054681418902615,0.20054677338113572,0.04021900831358461,0.70158921,1.320983,0.13590240078721688,-0.14430113282900578,0.42169634839048786,3.498381227530817,1.2627535465789597,4.417593302349793,5.1624489776194755,0.20054677338113575,0.04021900831358462
553,608.2,0.0035597623329599965,0.5144341727044753,0.5144218562019608,0.2646298461382708,1.5630804,3.0709999999999997,0.335197196657077,-0.008037340485960618,0.2536185763767751,3.0384458944136585,1.2822212122305419,3.895959778031995,4.663166683935926,0.5144218562019608,0.2646298461382708,0.006215817150599997,0.5055677578677942,0.5055295455387537,0.25556012141261886,1.3773616,2.4808,0.34500550627375975,0.5665897750374796,-0.22764931662020782,2.7243857595052168,1.2443100849320532,3.3899806757976125,3.992288745986193,0.5055295455387537,0.25556012141261886,-0.000890340346110001,0.20599346416226078,0.2059915400487037,0.0424325145716367,0.64577621,1.21817,0.1373770884756158,-0.10185460928968698,0.25968884886262167,3.134935434122914,1.2686474569893706,3.9771278663259038,4.700756269955628,0.2059915400487037,0.0424325145716367
554,609.1,0.0015897634359000024,0.5156634680442131,0.5156610174597293,0.26590628492760315,1.4659196,2.9050000000000002,0.3383187976797516,-0.003761946700445746,0.09989346793341314,2.84278350289168,1.2771946957011668,3.6307880109200363,4.332953445252018,0.5156610174597291,0.2659062849276031,0.002758461573580001,0.5102859810782736,0.5102785252925732,0.26038417337476333,1.3758616,2.4242999999999997,0.3458071882746716,0.5883642622085885,-0.1639053994330868,2.69625592514358,1.2477999098985364,3.3643879004575536,3.978695778027509,0.5102785252925732,0.2603841733747633,-0.0009320903597182006,0.2036707838499831,0.20366865100360404,0.04148091940162786,0.66139379,1.30717,0.13681616501188532,-0.0453842334854623,0.2398758060441435,3.247367037616745,1.2637426138865222,4.103836108366718,4.834178694765668,0.203668651003604,0.041480919401627854
555,610.0,0.0033209155259500004,0.510812533943699,0.5108017387930978,0.2609184163540521,1.5210804,3.026,0.33361096699322224,-0.030247266155221778,0.177985031350115,2.977766399458889,1.279862284451677,3.8111309065748986,4.559443634929732,0.5108017387930978,0.2609184163540521,0.003269460157100005,0.5087685626497803,0.5087580574015557,0.2588347609710046,1.5061616,2.6596,0.348447698616972,0.5834919401407503,-0.23188544835396074,2.9604061857823405,1.2418539056544269,3.6763919841373243,4.322489733690664,0.5087580574015557,0.25883476097100466,-0.0008903803613400005,0.20204382117290098,0.2020418592692102,0.040820912896959334,0.63409621,1.26349,0.13549289682234192,-0.1146267789505859,0.23701908952340256,3.138409312984464,1.2650181417173358,3.9701447170599873,4.679922157332174,0.2020418592692102,0.04082091289695934
556,610.9,0.003255985132957997,0.5054830729482706,0.505472586396177,0.2555025355980406,1.5609196,3.0780000000000003,0.32686158025729795,-0.01903474858756298,0.294117526391549,3.087976004608446,1.287365719702879,3.9753544515979726,4.775475902586288,0.505472586396177,0.2555025355980406,0.0043335041520999994,0.49957539714639615,0.4995566015735786,0.24955679817574317,1.3933616,2.3458,0.34736120163133055,0.5709182168129164,-0.3589845850635851,2.789091712600266,1.2316176722098486,3.4350946426525195,4.011275851926706,0.4995566015735786,0.24955679817574317,-0.001490560346760001,0.19987054583035266,0.1998649877301569,0.03994601332037577,0.78450621,1.2929,0.13686880094136922,-0.18654496368538698,0.29664633560939047,3.9250716344462178,1.2515626250051992,4.912472958140956,5.7318118125113156,0.1998649877301569,0.03994601332037577
557,611.8,0.0014900671366979976,0.5152567685666856,0.5152546140052615,0.26548731725371105,1.5380804,3.005,0.33282854380764826,-0.009390946432047355,0.24463771820519842,2.985075585282561,1.28661118376735,3.8406316324154104,4.621239459825007,0.5152546140052616,0.2654873172537111,0.0028039901508600004,0.5034589796857666,0.5034511712822476,0.253463081865467,1.6100616,2.7255000000000003,0.3478339171731445,0.5359549260698965,-0.2121542085026662,3.1979995689120857,1.238055166151757,3.959299887642699,4.628822896527784,0.5034511712822476,0.253463081865467,-0.00011979035033389985,0.2000831912230658,0.20008315536365845,0.04003326906027789,0.67598621,1.28638,0.13465485763477464,-0.067977824163022,0.2043368890405488,3.3785257315611608,1.261403458635858,4.26168404288149,5.020139799438074,0.20008315536365845,0.04003326906027789
558,612.7,0.003357757840820003,0.5148499194504447,0.5148389699900462,0.2650591650204117,1.5819196,2.9829999999999997,0.338443937441866,-0.03309357967603712,0.2206550498867812,3.0725839516272138,1.2777385478732992,3.9259589565709594,4.674096430732265,0.5148389699900462,0.2650591650204117,0.0034800531649200033,0.5130404677063257,0.5130286646321965,0.26319841073429484,1.4639616,2.5834,0.3485808226130745,0.5433235059143262,-0.24569494129894176,2.8535012190071525,1.2451322650017889,3.552986436007741,4.199776651583041,0.5130286646321965,0.26319841073429484,0.0006023796328300002,0.20322675462230694,0.203225861870711,0.041300750933093315,0.67658621,1.23998,0.1366872686964431,-0.20347372829206187,0.3980701604928427,3.3292181989395173,1.2667404077061093,4.217255218667243,4.949884626801429,0.20322586187071098,0.0413007509330933
559,613.6,0.0031228656228600034,0.5126324880691683,0.5126229760109154,0.2627823155342876,1.5050804,2.9859999999999998,0.33597456085549093,-0.03876588057932148,0.12958958536514897,2.9359832531662002,1.277064453206049,3.7494398478268103,4.479745121677126,0.5126229760109154,0.2627823155342876,0.006584684154059998,0.5123448874976542,0.512302572392112,0.2624539256795751,1.6027616,2.6862,0.35096331339814696,0.5955338704729071,-0.20565146353149988,3.128286509948513,1.2437557244056758,3.890824254329516,4.566749682414135,0.512302572392112,0.26245392567957515,-0.0015957603240782006,0.20326255609083013,0.20325629204914167,0.04131312025756597,0.68530621,1.3017,0.14163358319769437,-0.1357318278739907,0.16087378702440924,3.371531988871395,1.2397668969623667,4.179913751852446,4.838585556671534,0.20325629204914164,0.04131312025756596
560,614.5,0.0022875369246999995,0.503504771062186,0.5034995746345796,0.2535118216572026,1.5050804,2.975,0.3268529605978798,-0.0688229380813249,0.21018907522005836,2.9892078218542104,1.2824165664500622,3.8334096313079455,4.604762940641275,0.5034995746345796,0.2535118216572026,0.00367004135806,0.50812177134128,0.5081085172553499,0.2581742653074302,1.4247616,2.5542,0.34879426919907397,0.5680363319168169,-0.22220031495848191,2.8039766850357193,1.2421711024958677,3.483018810223528,4.084819407359067,0.5081085172553499,0.2581742653074302,-0.0014348803625800005,0.20390718992298892,0.20390214128506584,0.041576083220634955,0.67890621,1.2713,0.1351829891029091,-0.16419532553484353,0.33192246259981006,3.329486371993098,1.2724282276710377,4.236532443370051,5.02212752140861,0.20390214128506584,0.041576083220634955
561,615.4,0.003076332807980001,0.49923861547350984,0.4992291371267923,0.2492297313563616,1.4579196,2.857,0.32340887345559083,-0.024151173453289824,0.1718463812085802,2.9202861213314115,1.2820908499973052,3.7440721155331227,4.507976495580587,0.4992291371267923,0.24922973135636156,0.0028210181697200048,0.5088676102792792,0.5088597907555975,0.2589382866478305,1.4413616,2.5308,0.34412105478780775,0.5779696948066055,-0.21105459940594473,2.8324883936097742,1.2499844603211931,3.5405664760523567,4.188530692749311,0.5088597907555975,0.25893828664783053,-0.0010794903810400003,0.2019846391422713,0.20198175449765457,0.0407966291499508,0.64114621,1.2165400000000002,0.13243351681381124,-0.1859765078245419,0.34568332661050194,3.174232519475889,1.2792336803012236,4.060585148020967,4.8412684751201605,0.20198175449765457,0.0407966291499508
562,616.3,0.003256027830759998,0.5124722384801588,0.5124618946766969,0.26261719349562995,1.5770804,2.998,0.33612942243850524,-0.12143176247792181,0.16432582767699966,3.0773967477285296,1.2765659380578036,3.928499866040105,4.691884419277597,0.5124618946766969,0.26261719349562995,0.00577771914216,0.5100636468956572,0.5100309224409948,0.26013154184601206,1.4243616,2.5008,0.35184130062138574,0.5476080081823742,-0.21539585016569474,2.7925173822304945,1.2401965749887975,3.4632704930389417,4.048306999446738,0.5100309224409948,0.26013154184601206,-0.0017802903641580003,0.20282611402958728,0.2028183006993265,0.04113526309856242,0.71239379,1.3383,0.13579661753065106,-0.035344555484914275,0.20383822443089805,3.512337616920864,1.2629845081632398,4.436027997610044,5.246034864154135,0.2028183006993265,0.04113526309856242
563,617.2,0.0036900469275600004,0.5166717431045321,0.5166585658598414,0.2669360736763481,1.5720804,2.976,0.33340398549868316,-0.0859898864000566,0.15668356731122923,3.0427063623681456,1.2845624294208748,3.9085462768579777,4.715241773875583,0.5166585658598415,0.26693607367634814,0.002622382168699998,0.5074933427930868,0.5074865673996335,0.25754261609106277,1.4243616,2.5598,0.3451980686495595,0.5195253094047813,-0.2641325252574802,2.8066606591541734,1.244049148976477,3.4916238044865073,4.126215437914263,0.5074865673996335,0.25754261609106277,-0.001654298581551201,0.1992780527437729,0.19927118607955593,0.03970900560155301,0.70662441,1.3000182,0.13047191730436172,-0.15954328306519705,0.3546208152913608,3.545921892906899,1.2809980913031789,4.542319176723892,5.415911903491107,0.19927118607955593,0.03970900560155301
564,618.1,0.002066607832979998,0.5191559505915195,0.5191518372948793,0.2695186301666489,1.5339196,2.997,0.33819706812563116,-0.023232954628992233,0.11736505360743132,2.954641275424604,1.2778910451883958,3.775709627609122,4.535579236394178,0.5191518372948793,0.2695186301666489,0.0037329261663800006,0.5043350068573307,0.5043211917062579,0.25433986440402007,1.3554616,2.3939,0.34236430682155433,0.5944463066070962,-0.1889953201856498,2.6876214848663897,1.2494746113269757,3.358114810197461,3.9591206588789873,0.5043211917062579,0.25433986440402007,-0.00029108036378929994,0.20298116926098952,0.20298096055241313,0.04120127034678029,0.65162621,1.28402,0.13552036413997326,-0.2082646674737472,0.3371423612150162,3.2102791227995673,1.268687159265798,4.072839900754881,4.808326882349304,0.20298096055241313,0.0412012703467803
565,619.0,0.0032433188202,0.5172416058809511,0.5172314373057149,0.2675283597373357,1.5739196,3.068,0.33695026127840383,-0.032019832707219316,0.20045033788942357,3.04290989376105,1.2797133875723885,3.89405252822249,4.671073985900712,0.5172314373057149,0.2675283597373357,0.007092742145960005,0.5020077186053513,0.5019576103100745,0.2519614425482006,1.5136616,2.5791,0.3469497574476748,0.5820677110925185,-0.18357263675188662,3.015215790317262,1.239441148682237,3.737182522675646,4.362768866406493,0.5019576103100745,0.2519614425482005,-0.001102610355279999,0.2029605677975915,0.2029575727365825,0.04119177633112517,0.63239379,1.25534,0.13978745802343664,-0.11244758443920509,0.13837585228807736,3.1158455894283543,1.2481413818252116,3.8890158195430975,4.523966591437505,0.2029575727365825,0.04119177633112517
566,619.9,0.0005845988190100023,0.5149389680884108,0.5149386362472504,0.26516179910017806,1.5739196,2.935,0.3339555672212713,-0.01288508012904044,0.140239793257813,3.0565167865287113,1.2818172676550559,3.9178959958500443,4.712961107658844,0.5149386362472504,0.2651617991001781,0.0025497861538799995,0.5124696048443772,0.5124632615904496,0.2626185944799216,1.4372616,2.4607,0.3547483852347355,0.5792542638288487,-0.25792894161604263,2.8045792109689245,1.2352667644429507,3.464403487557547,4.051495820196532,0.5124632615904496,0.2626185944799216,-0.00044530035531819976,0.20327802503986545,0.2032775373023338,0.041321757171701716,0.68020621,1.2966000000000002,0.13689893760472388,-0.14489529609767396,0.18300807189600965,3.3461866321586053,1.2610196463674959,4.219607083564286,4.96867413218354,0.2032775373023338,0.041321757171701716
567,620.8,0.0014138342179200007,0.505024019315459,0.5050220402698732,0.25504726115834536,1.5249196,2.866,0.3296282207410905,-0.035756525162838254,0.14097816546647923,3.019499155836134,1.2796624840534963,3.863939790354703,4.626180357287315,0.5050220402698731,0.2550472611583453,0.0022930471468700013,0.5045129754679576,0.5045077644103352,0.2545280843503142,1.4355616,2.502,0.3495653692854891,0.6127597256665015,-0.19985540523378909,2.845440394607204,1.2376675712647525,3.5217093023721175,4.106704285193596,0.5045077644103352,0.2545280843503142,-0.002134450360789999,0.1979414675373475,0.19792995905748104,0.039176268692496116,0.66230621,1.2317,0.13330672349541306,-0.16086013261149557,0.2788684355481408,3.3459699892092414,1.2615019409021597,4.220947635587836,4.968288115061123,0.19792995905748104,0.039176268692496116
568,621.7,0.0035070247609900007,0.5110973099084406,0.5110852775936423,0.2612081609729704,1.4859196,2.8499999999999996,0.3361032207984782,-0.040024701567565185,0.07695233993710371,2.90731250427867,1.273068037257245,3.7012066235154917,4.4210216030358485,0.5110852775936422,0.26120816097297034,0.006036294150740003,0.5071588760478108,0.5071229522581328,0.2571736887070044,1.4938616,2.6283000000000003,0.3470947550285566,0.5874031237996473,-0.1540871193934059,2.9455495517329187,1.2434798041653963,3.6627313797483203,4.303901393949602,0.5071229522581329,0.25717368870700447,-0.0009697703801899998,0.1991978111815524,0.19919545056283566,0.039678827524931105,0.66230621,1.2697,0.1333490718072577,-0.10843524382646992,0.3157116641843727,3.3248669052711755,1.2675478969099463,4.21442805328196,4.966710311694522,0.1991954505628357,0.03967882752493111
569,622.6,0.00270494232369,0.5170806615486823,0.5170735864793795,0.2673650938346484,1.6299196,3.0780000000000003,0.3317645903308274,-0.015289856098091107,0.30864524200958865,3.152157334831107,1.2910833483206712,4.069697846287309,4.912879938075021,0.5170735864793795,0.26736509383464835,0.0041332141509800024,0.513151415840577,0.5131347699386302,0.26330729211997095,1.4731616,2.5496,0.3508372693576826,0.5464289402564132,-0.22354809896587602,2.870812696846721,1.243453065853915,3.569720849386401,4.198988330678446,0.5131347699386302,0.2633072921199709,-0.0009271303541199989,0.2048717904255737,0.20486969258893975,0.04197159094148667,0.65984621,1.26524,0.13693843967267913,-0.15200174350073692,0.23299540225314797,3.220776313953826,1.2648609911216964,4.0738343206489205,4.818560891866561,0.20486969258893975,0.04197159094148667
570,623.5,0.0018189378339400002,0.5208804814904168,0.5208773055747818,0.2713131674628447,1.5399196,3.0709999999999997,0.337094225875072,-0.06573876008011147,0.24752718256070771,2.956378007472587,1.2868232145914933,3.804335851123468,4.568217079371446,0.5208773055747818,0.2713131674628446,0.0032171873665400035,0.5118818226625452,0.5118717125196293,0.26201265007777796,1.4325616,2.466,0.34917773170986666,0.5653437092035707,-0.2289240886336641,2.798617838290396,1.2437563272072056,3.4807986438086322,4.102671705280227,0.5118717125196293,0.26201265007777796,-0.0001771403380800002,0.20630583499747557,0.20630575894847494,0.042562066175306244,0.71539379,1.35002,0.1374539645531629,-0.10570593637696424,0.3129319754446209,3.467637209624991,1.2684353722795427,4.398473694921071,5.204606446424528,0.20630575894847492,0.04256206617530624
571,624.4,0.0031423442248000003,0.5144867680928304,0.5144771717145269,0.26468676021537874,1.5050804,3.0060000000000002,0.3380139506839137,-0.03948510197547167,0.14776968445631944,2.9254015717046267,1.2743172072779738,3.727889561021235,4.4527168093350165,0.5144771717145269,0.26468676021537874,0.005343298155700004,0.5071362055249878,0.5071080556637826,0.257158580119102,1.4687616,2.5321999999999996,0.345759698827863,0.6279131998171721,-0.11315096055029361,2.8961876198121894,1.2486475067774079,3.6163174506380855,4.24792595834376,0.5071080556637826,0.257158580119102,-0.002175737347920001,0.2018956467853895,0.20188392298022056,0.04075711835788363,0.75158621,1.39598,0.13518724782113858,-0.0998250937056687,0.5266595991216447,3.722646931555286,1.2677929417929932,4.719545504613135,5.559593986219742,0.20188392298022054,0.04075711835788362
572,625.3,0.0032320389338999986,0.5090284294140359,0.509018168512726,0.2590994958760499,1.6090804,3.0460000000000003,0.33385694647277137,-0.04708311612752042,0.1634598104017897,3.1610815958791934,1.2765468042686625,4.035268609252068,4.819670271953539,0.509018168512726,0.25909949587604986,0.004518990141670001,0.5063790232450768,0.506358858825179,0.25639929391073746,1.6246616,2.6940999999999997,0.34866157963572475,0.6012458225554486,-0.11382187880257977,3.2083904060411643,1.2427276261544504,3.9871553930762493,4.659709285139524,0.506358858825179,0.25639929391073746,-0.002853230352708,0.2016589151408602,0.20163872924699522,0.04065817713234304,0.65465621,1.25905,0.13569655312721574,-0.05356571761624879,0.2330600780172123,3.246353921634052,1.2615638934649505,4.095482892941865,4.824412963432157,0.20163872924699522,0.04065817713234304
573,626.2,0.0012772850359800004,0.50031382679638,0.5003121963600078,0.25031229382657494,1.6259196,3.201,0.3258007493991658,-0.05099804214272862,0.3804459376376226,3.249799451698392,1.2871947352880393,4.183124744968127,4.9905336405716785,0.5003121963600078,0.25031229382657494,0.0034387629560499997,0.4975140382875921,0.497502153967759,0.24750839320255977,1.4143616,2.4108,0.34047010662567007,0.5996223118419863,-0.24145781340815686,2.8428576706461026,1.2424086920404842,3.5319910802446826,4.15414326390487,0.49750215396775904,0.24750839320255982,-0.0024134303700980003,0.1969947196161046,0.19697993529919833,0.038801094910476355,0.67813621,1.32453,0.13101408871260425,-0.14510752640772084,0.39433604069419825,3.442408057035867,1.2702137929889192,4.372594195143145,5.176055618625691,0.19697993529919833,0.038801094910476355
574,627.1,0.002962151937599996,0.509607365849636,0.5095987568510183,0.25969089298410325,1.5399196,2.9779999999999998,0.3318519954771278,0.0016467930191756764,0.2676173786594904,3.021776573877793,1.2829846765045136,3.876893040105518,4.640380714860386,0.5095987568510183,0.25969089298410325,0.006278367569100002,0.5043152109487063,0.5042761288172438,0.25429441409490544,1.4853616,2.4908,0.34110435559779784,0.5882347339677947,-0.17266277536408614,2.945303984001933,1.2511825308431623,3.6851128928059875,4.3545665003217255,0.5042761288172438,0.25429441409490544,-0.0029239803557099993,0.19960182967259152,0.19958041173302968,0.03983234074752565,0.66847621,1.29687,0.1330241925754688,-0.07529274642536171,0.3525941335810363,3.349048508706092,1.2688588444181046,4.249469820656988,5.025222833964976,0.19958041173302968,0.03983234074752565
575,628.0,0.0013987299417400013,0.5227265965665582,0.5227247251781835,0.2732411383126074,1.5129196,3.019,0.3453286739803166,-0.025648586162435434,0.03263294093236713,2.8942847177422353,1.268369105246581,3.6710213177715723,4.3811004240158615,0.5227247251781835,0.27324113831260743,0.0023246791649600015,0.5135497858524462,0.5135445242779573,0.2637279784158734,1.4853616,2.6518,0.34821974855778237,0.5585380630875841,-0.23383216382892247,2.89234197135227,1.2461894738327592,3.6044061194238903,4.265586906405811,0.5135445242779572,0.26372797841587337,-0.003175790344334,0.2060913419105533,0.20606687158828182,0.04246355556618143,0.65707621,1.27847,0.1386698652881633,-0.08924839371422391,0.26591824394796504,3.1882766345671176,1.2618709590453836,4.023193694563197,4.738421059503887,0.2060668715882818,0.04246355556618142
576,628.9,0.001187513823880002,0.5108124940807384,0.5108111137396117,0.2609279939199025,1.5509196,2.93,0.32632612587863724,0.0025004952314937974,0.32398467918515594,3.036181804423256,1.2934349589346754,3.9271036875224032,4.752667583155131,0.5108111137396117,0.2609279939199025,0.0017503251610099997,0.5056252814525901,0.5056222518895324,0.25565386160584175,1.5633616,2.7298,0.3443014163848587,0.6350190175889181,-0.19961613743369533,3.0919371664104345,1.2466352670053964,3.8545179150119804,4.540677225249868,0.5056222518895324,0.25565386160584175,-0.003041254352928,0.20194232637342016,0.20191942440753377,0.04077145395306974,0.72241621,1.28381,0.13352091821608475,-0.2303277891814516,0.4080438076420565,3.577339248158157,1.2723697440659862,4.551698223616201,5.410509601430927,0.20191942440753377,0.04077145395306974
577,629.8,0.0027909368382000024,0.5147947867600771,0.5147872212350637,0.2650058831469184,1.5909196,3.146,0.3370080769721879,-0.010971592698529965,0.22445895262438365,3.0903957089632628,1.2796669577888307,3.954677275252675,4.720716530872028,0.5147872212350636,0.2650058831469183,0.0050385201606100005,0.5053048830568805,0.5052797622661318,0.2553076381557187,1.5125616,2.635,0.3420312300515497,0.617830432219409,-0.09155991399272834,2.993364304832447,1.2520767202677756,3.7479217613612406,4.4222909111896955,0.5052797622661319,0.2553076381557188,-0.00274318036382,0.2025206745527942,0.20250209525535864,0.04100709858281034,0.69239379,1.37948,0.13279841361963296,-0.06656422276990248,0.49089232576985076,3.4188795367630624,1.2808705384487484,4.379142073145111,5.213870942639305,0.20250209525535864,0.04100709858281034
578,630.7,0.002774882733680001,0.5097105428222869,0.5097029894850575,0.2597971374900047,1.4989196,2.89,0.33492922092885535,-0.049809564340846144,0.11621734561432362,2.9407270873787,1.276049454857647,3.7525131967347067,4.475332417527093,0.5097029894850577,0.25979713749000477,0.003088502157300004,0.5139499713711567,0.51394069135148,0.2641350342268372,1.5125616,2.635,0.34921444815497943,0.5690984968099946,-0.18368607641462997,2.9430132975096144,1.2478053577309285,3.6723077605058636,4.331325945966398,0.51394069135148,0.26413503422683726,-0.002552420355830001,0.2001961995412902,0.200179927717799,0.04007200346110323,0.66217621,1.28357,0.13151577760284755,-0.1314440050420999,0.3764681482936161,3.307636266408879,1.2766894510880946,4.222824329360626,5.034956429331584,0.200179927717799,0.04007200346110323
579,631.6,0.001885059834520001,0.5122936290310804,0.5122901608417387,0.2624412088952545,1.6389196,3.037,0.3362259481199904,-0.013889597550560736,0.14722171971677378,3.199180132495007,1.2732984628654997,4.073511145135738,4.874459003429181,0.5122901608417387,0.2624412088952546,0.0026769271445000044,0.5052598943991367,0.5052528030098297,0.2552803949492898,1.3938616,2.4553,0.3464202275228761,0.5897752782534836,-0.24140298774143432,2.758702235129117,1.2428155174398234,3.428557945814391,4.023614931399915,0.5052528030098297,0.2552803949492897,-0.002794392359689999,0.19766219656894063,0.19764244312343093,0.03906253532379863,0.70218821,1.307582,0.13263699577954755,-0.14097930160013347,0.23311412599566683,3.5524658846695085,1.2616155960256137,4.481846364447981,5.294059970772321,0.19764244312343093,0.03906253532379863
580,632.5,0.0034494228229800025,0.516665918827648,0.5166544039880102,0.26693177316020605,1.5549196,3.04,0.33667510508392495,-0.0710686093529151,0.22953554254259467,3.009526162531146,1.2821328795249862,3.8586124447718397,4.618457309495445,0.5166544039880101,0.266931773160206,0.00650347376385,0.49962037176435226,0.49957804266295824,0.2495782207109525,1.4403616,2.5358,0.34195517570598877,0.5577855430671078,-0.22047349056885723,2.882912069645054,1.2420725633071283,3.5807859841330902,4.212135690083589,0.49957804266295824,0.2495782207109525,-0.0034231303531600003,0.20424357347993835,0.2042148855652796,0.04170371948644024,0.68747621,1.32087,0.1368402636450266,-0.059130055549909,0.20488687158685615,3.365962503919502,1.2625010195069009,4.249531092820372,5.023932223511074,0.2042148855652796,0.04170371948644025
581,633.4,0.0028963103429999987,0.525525038964209,0.5255170577295569,0.2761681779647304,1.5289196,2.956,0.34767496067516457,-0.0029195112867209452,0.15613441434393804,2.9093182753260356,1.2736466182011927,3.7054433826399316,4.397554534933799,0.5255170577295569,0.2761681779647304,0.004137833161140003,0.504395635768846,0.5043786630294634,0.254397835719389,1.3753616,2.4257999999999997,0.34374333491445214,0.5768299981885446,-0.16912833573102537,2.7267515863882283,1.24706376876592,3.400433109809755,4.001129506532216,0.5043786630294634,0.254397835719389,-0.003186280367380001,0.2082991276619278,0.20827475651681973,0.04337837420214054,0.65975621,1.30215,0.1364442639362041,-0.11127948692010595,0.40511083181156016,3.167349846374743,1.281866475888856,4.060119585479502,4.835353212858224,0.20827475651681973,0.04337837420214054
582,634.3,0.0015147459417999976,0.5168842940083764,0.5168820744979163,0.2671670789372696,1.5699196,3.028,0.3413299381060711,-0.042726661731554795,0.07825399095161556,3.0372747212445934,1.27053786611382,3.858972543131553,4.599419578343973,0.5168820744979163,0.26716707893726954,0.0012795541388999974,0.5070557883363991,0.5070541738578362,0.2571039352266528,1.4237616,2.5482,0.3482695647855822,0.5923169911806485,-0.18456518604766492,2.8078993135473787,1.2432055817617071,3.4907960996269676,4.088102274674969,0.5070541738578362,0.25710393522665287,-0.0026957803617099997,0.2055672243772502,0.20554954757042926,0.042250616506408156,0.66041621,1.30281,0.13619385189501204,-0.09161738248760981,0.35030420372619586,3.2126532427563737,1.2750003105335976,4.096133882151146,4.84908974091647,0.20554954757042926,0.042250616506408156
583,635.2,0.0032625890248699965,0.5143906777682441,0.5143803309689517,0.26458712488772834,1.5299196,2.988,0.3340471755922237,-0.0485783662357021,0.1029312971712848,2.9742366378756513,1.2804599493126663,3.8083908945781313,4.579950712912464,0.5143803309689517,0.2645871248877284,0.003832309157480003,0.5072585163655541,0.5072440397204333,0.25729651583190455,1.3284616,2.3089,0.34814095011816826,0.597037152688591,-0.21815640014343263,2.6189044779736115,1.2415528199134085,3.25150823971199,3.815872851352548,0.5072440397204334,0.2572965158319046,-0.0047279403703182005,0.19759319816768892,0.19753662582415013,0.039020718541990296,0.66735621,1.23575,0.13315483187762356,-0.0725281569274707,0.17595148297512297,3.3774250135555945,1.2611668700206162,4.259496533075247,5.011881285790186,0.19753662582415013,0.039020718541990296
584,636.1,0.0027478558658599996,0.5027661853434002,0.5027586761189654,0.2527662864128948,1.5409196,2.942,0.3388349507035974,0.015148007187568169,0.08839731559199171,3.0648831304108457,1.2604544893250078,3.8631457009828343,4.547699689185694,0.5027586761189654,0.2527662864128948,0.003719415560500003,0.5045130932733092,0.5044993827866304,0.25451962723209104,1.4246616,2.4201,0.34753433200219175,0.6262738711482577,-0.2088757597786235,2.823834740852246,1.2372422325880168,3.493767599231637,4.099340608429487,0.5044993827866304,0.25451962723209104,-0.00483269036131,0.1988372587780898,0.19877852143090496,0.039512900582256746,0.66368621,1.25208,0.12984286185946198,-0.1868884075074113,0.3922409029068574,3.337836248993454,1.2804146412335395,4.273814403251257,5.111457037340675,0.19877852143090496,0.039512900582256746
585,637.0,0.0022294788340000006,0.5033989306350627,0.5033939935961229,0.2534055127886534,1.5100804,2.9050000000000002,0.3357138227116754,-0.03426686143409475,0.02710265391372113,2.999768787937151,1.2652397913907736,3.795426835470155,4.49811803339691,0.5033939935961229,0.2534055127886534,0.0027387001462799996,0.5035908951866231,0.5035834481358311,0.2535962892363733,1.3953616,2.4968,0.3480359793215645,0.6264962870384542,-0.1613212821381924,2.770823724846932,1.239505511253292,3.4344512776591474,4.009245258837935,0.5035834481358311,0.2535962892363733,-0.0034288803560599992,0.19984634890150807,0.19981693108634996,0.03992680594876712,0.67329621,1.2726899999999999,0.13343871432032836,-0.1384485670437595,0.3983966701413082,3.3690693560372527,1.2690513758968853,4.275522101771109,5.045733642065138,0.19981693108634996,0.03992680594876713
586,637.9,0.004066826432880001,0.5167324780066492,0.5167164742386845,0.2669959147496571,1.5479196,3.045,0.34283553447253234,-0.04163727365704774,0.0863258045578501,2.995591850489571,1.2674796043820309,3.7968515735485577,4.515050058569754,0.5167164742386845,0.26699591474965706,0.004366924153870003,0.5083979194605764,0.5083791640943569,0.25844937448527705,1.4849616,2.5354,0.34941900330830755,0.552214006992741,-0.23832675682440696,2.9208648248906752,1.2398262051482707,3.621364751595274,4.249802059820295,0.5083791640943569,0.25844937448527705,-0.0037757003464899998,0.2054634260232833,0.2054287309996309,0.04220096352011872,0.69282621,1.31122,0.1384529238919049,-0.10901374033939411,0.14065353984107887,3.3720172169303178,1.2593415066413853,4.246521242389718,5.004056184042122,0.2054287309996309,0.04220096352011872
587,638.8,0.004995671893919997,0.5185764284614542,0.5185523651649524,0.26889655541816615,1.5310804,2.9850000000000003,0.340022287982493,-0.02533926351878881,0.1841396785977487,2.9524681724206157,1.278850066588614,3.775764118900868,4.502882470100995,0.5185523651649524,0.26889655541816615,0.0030031721520799985,0.5029035789397578,0.5028946118894516,0.2529029906674422,1.4886616,2.5911,0.3461106825392465,0.5635732864979169,-0.2699846575051583,2.9601332389370905,1.238756042308503,3.66688293577156,4.301114282513359,0.5028946118894516,0.2529029906674422,-0.004053290353950001,0.20064233182386024,0.20060138622906526,0.04024091615702261,0.68579621,1.30819,0.13416949836871667,-0.17769823016729308,0.36707444631856134,3.4180035876080543,1.2674012696632608,4.331982086648029,5.111416665771049,0.20060138622906523,0.040240916157022605
588,639.7,0.002304241689,0.5123583815579263,0.5123532000709046,0.26250580162289633,1.5200804,3.035,0.33902016115860034,-0.012699987375006067,0.06012639025679212,2.9668303568644605,1.2693982631194776,3.766089301973886,4.483746319997991,0.5123532000709046,0.26250580162289633,0.0027676521593799986,0.5043641796003581,0.5043565859245489,0.2543755657654669,1.4886616,2.6151,0.34573820900787927,0.6089589612982658,-0.14023519990858224,2.9515609161212986,1.243498650196175,3.6702620151686203,4.3057479943331165,0.5043565859245489,0.2543755657654669,-0.0036093183646400007,0.20046967899821033,0.2004371847202713,0.04017506501858816,0.71083421,1.3312279999999999,0.13347944006906884,-0.12731123214323872,0.32890653682206095,3.5458440076932827,1.2696089693447505,4.501835356064728,5.325420975935915,0.20043718472027133,0.04017506501858817
589,640.6,0.0027047662419000013,0.49934385988120145,0.49933653445410303,0.24933697464063362,1.5320804,2.897,0.3323997134856762,-0.024645867604386595,0.12406247205350329,3.068187121324564,1.2680052971069828,3.890477522354972,4.609150783958243,0.499336534454103,0.2493369746406336,0.0051461541672400005,0.5000778839096859,0.5000514044304608,0.2500514070728763,1.4743616,2.5107999999999997,0.34011971603983404,0.5949612869902421,-0.16493619294263873,2.948263955352742,1.2474016962581347,3.677669458923728,4.334831326941735,0.5000514044304608,0.25005140707287626,-0.004150370371798,0.1974989263461141,0.1974553122446816,0.03898860033364471,0.67639379,1.3046600000000002,0.13041421166447098,-0.11034568618254639,0.4933464980322877,3.4247973015034487,1.2783279143770345,4.378013991595,5.18650368979895,0.19745531224468157,0.0389886003336447
590,641.5,0.00419722685208,0.5050857291425559,0.5050682895116456,0.2550939770702195,1.5899196,3.044,0.3338810206261321,-0.06247243261917866,0.20754537460195355,3.147821267290764,1.2749617295581637,4.0133516472850035,4.761934646714568,0.5050682895116456,0.2550939770702195,0.0033315331554000013,0.5050235849916578,0.5050125961643537,0.2550377222846606,1.3443616,2.4028,0.34839290282010543,0.5698383570994356,-0.29196968541685253,2.6619778559890563,1.2387504556078632,3.297526281924486,3.858751395674006,0.5050125961643538,0.25503772228466065,-0.0038484803641979995,0.19992878172406744,0.19989173809979288,0.039956706960556185,0.64717621,1.24357,0.13484633484985492,-0.14064081601299855,0.27456442122927305,3.237033729806862,1.2618508845184229,4.084653875172758,4.799360774029197,0.19989173809979288,0.039956706960556185
591,642.4,0.0023791361359800007,0.5072152983236875,0.5072097185236436,0.25726169856483383,1.4869196,2.91,0.33230752230736604,-0.05867153794104046,0.19728791779323096,2.9315353951550147,1.2795376486921206,3.7510099065743745,4.474528863131427,0.5072097185236436,0.25726169856483383,0.0003512951533600033,0.5009367734722009,0.5009366502946798,0.25093752760845434,1.3613616,2.5068,0.34448384262051956,0.5799659184018265,-0.18115446870527618,2.7176315896392214,1.2419963555387792,3.375288530028972,3.951888104951454,0.5009366502946798,0.25093752760845434,-0.0042810803553200005,0.19815001641520172,0.19810376411450642,0.039245101356336,0.67139379,1.31125,0.13249905693195677,-0.1307573750782038,0.41960851689181267,3.3883105444370374,1.267638790628486,4.2951538808239125,5.0671590088734435,0.1981037641145064,0.03924510135633599
592,643.3,0.004005355744999002,0.5177041919431489,0.5176886974629297,0.2680015874808647,1.4069196,2.7880000000000003,0.34325322400353225,0.007858594066432354,0.046837853798612716,2.717612918526453,1.268921898487037,3.4484385439294845,4.098780438506593,0.5176886974629296,0.26800158748086467,0.00454429817626,0.5004257638945253,0.5004051303928693,0.2504052945235045,1.4149616,2.5094000000000003,0.336743396643363,0.5466429009690208,-0.18071458584698297,2.827515491984604,1.2527720770537958,3.5422324557953377,4.201898579465101,0.5004051303928693,0.2504052945235045,-0.00353101038449,0.19853558089464637,0.19850417841153695,0.039403908846839295,0.67143621,1.3298299999999998,0.13085141240441103,-0.1730931766404913,0.5978077964479698,3.3819439667910207,1.2808764709524305,4.3318524531421465,5.1312874478179165,0.19850417841153695,0.039403908846839295
593,644.2,0.0033723593217179996,0.5179863921306226,0.5179754141125854,0.26829852962510436,1.5959196,2.996,0.33771000545673735,-0.010786680314946935,0.2074691567622744,3.08100680683046,1.2798625688071836,3.9432652863024504,4.725710148390752,0.5179754141125854,0.26829852962510436,0.005751505365700003,0.4999447071671546,0.49991162259991545,0.2499116304104803,1.2627616,2.2512,0.3439113738406624,0.5621539406410067,-0.3183176879995697,2.525802517552807,1.2389555064724191,3.129356937383949,3.6717645767221705,0.49991162259991545,0.2499116304104803,-0.003569240383430001,0.20128597343682916,0.20125432573114346,0.04050330362549719,0.66465621,1.29605,0.13284245295958813,-0.11600946614523366,0.3723560542637361,3.3020493114916087,1.2761155704876768,4.213796540912554,5.003341892536374,0.2012543257311435,0.0405033036254972
594,645.1,0.0022144782439800005,0.5147786223876627,0.514773859236701,0.26499212615344686,1.5209196,3.028,0.3395249391081419,-0.010182062876311354,0.15534744118252464,2.9545119666112436,1.2743834089991435,3.7651810319388,4.479551941000636,0.514773859236701,0.26499212615344686,0.001726993169600003,0.5069297986682496,0.5069268569255571,0.25697483827242423,1.4508616,2.5773,0.34477461454739416,0.5809775410118451,-0.28137352093708534,2.8620562527820312,1.2433549086623694,3.5585516907643657,4.20814508604304,0.5069268569255572,0.2569748382724243,-0.00260880635832,0.19921821871223117,0.19920113653355284,0.039681092796259164,0.71585221,1.396246,0.1315432304368983,-0.15539020729994418,0.4979449074440221,3.593306950676242,1.2750258061478021,4.581559091522475,5.441954007229558,0.19920113653355284,0.03968109279625916
595,646.0,0.003257823248977999,0.5142306726491264,0.5142203528457925,0.26442257128085134,1.5019196,2.912,0.3444987745842707,-0.03165092663045537,0.10016778135542959,2.9207118125853233,1.2653626132232867,3.695759531645087,4.359724071043402,0.5142203528457925,0.26442257128085134,0.0040641091576800025,0.512103272064732,0.5120871451971426,0.2622332442761594,1.4969616,2.5854,0.3484628227488666,0.5868961849929791,-0.18907045861653593,2.9231635134148832,1.2472691284493278,3.6459716076918562,4.295900458451041,0.5120871451971426,0.2622332442761594,-0.005335540340039999,0.2020704906227126,0.2020000375984707,0.040804015189783584,0.68039379,1.31915,0.13692567819694285,-0.06603311456283376,0.20851410439516016,3.3671110903094137,1.2560671907688363,4.22931776821154,4.969073726415117,0.20200003759847074,0.04080401518978359
596,646.9,0.0036996647288579957,0.5037845408376544,0.5037709559590552,0.25378517606790035,1.5489196,2.9240000000000004,0.3255675804201041,-0.050377491285000214,0.24660063584755054,3.0745675471195977,1.2871067212497345,3.957296554833944,4.757597786614115,0.5037709559590553,0.2537851760679004,0.005964041143399999,0.5044446879611522,0.5044094303494573,0.25442887342546405,1.3709616,2.4054,0.3472944133081892,0.5792533887224437,-0.21765258713837987,2.7177639743637845,1.2412664823252857,3.3734693282489228,3.9475486718624757,0.5044094303494574,0.2544288734254641,-0.0042984503818782,0.20000780933936124,0.19996161411892238,0.03998464712104482,0.72611621,1.33251,0.13027575146608347,-0.21441663081396595,0.5242116836226143,3.63043929333764,1.2852947930852001,4.666184720338782,5.5736865980699415,0.19996161411892235,0.03998464712104481
597,647.8,0.002092213622980001,0.5103457569848744,0.5103414683470474,0.2604484143146204,1.6319196,3.113,0.32890727026991823,-0.05629812973822861,0.37021840235051195,3.197674473951523,1.2922954542213512,4.132340186767204,4.961640399924158,0.5103414683470474,0.2604484143146204,0.0022156901495200007,0.5052907920851134,0.5052859341829758,0.2553138752831626,1.4530616,2.7465,0.3449899555697035,0.590634247746286,-0.14912451563138607,2.875693803965539,1.2451318464524876,3.5806179359635895,4.211895379969739,0.5052859341829758,0.25531387528316263,-0.0027410103616999997,0.2014654253989038,0.20144677831466637,0.04058080449335833,0.66076621,1.26716,0.13204040449027013,-0.08400759035687475,0.3427285280677559,3.279799542237461,1.2787636664942938,4.194088487997882,5.004272840202416,0.20144677831466634,0.040580804493358325
598,648.7,0.0024966325258999984,0.5147624637860999,0.5147564093327702,0.2649741609491665,1.5620804,3.036,0.3319720027195757,-0.03583552931847472,0.2580394348669661,3.0345654741622607,1.28896256489574,3.9114412969202452,4.7054582531151725,0.5147564093327702,0.2649741609491665,0.002489077153500002,0.506356532680413,0.5063504149134808,0.2563907426830542,1.4142616,2.7077,0.34542933154454314,0.5433316482555288,-0.14684333154779017,2.7930154125070037,1.2468878180131173,3.482576893377865,4.094213984887473,0.5063504149134808,0.2563907426830541,-0.003847000374179999,0.20227381851863338,0.2022372325914051,0.04089989824623009,0.68939379,1.36789,0.1342068367487991,-0.07688296357891,0.36362342930988145,3.408220574708206,1.2742303885908801,4.34285822731387,5.136800826997875,0.20223723259140508,0.04089989824623008
599,649.6,0.004802656825909997,0.5099118693829402,0.5098892517253303,0.2599870490250172,1.5339196,3.035,0.3321000509148311,0.007329386540790401,0.15621741803775224,3.008205323512556,1.2796160520199602,3.849347819738565,4.618847831472878,0.5098892517253303,0.25998704902501724,0.00462996315707,0.5016021614990805,0.5015807929553461,0.2515832918617138,1.4552616,2.5387,0.34493051176485484,0.6140279311616814,-0.18852515035228423,2.901226732458304,1.2404155947120172,3.59872688273667,4.2189993357041065,0.5015807929553462,0.25158329186171385,-0.004178270387960001,0.197740663204874,0.19769651474234062,0.03908391194126851,0.69639379,1.38229,0.13026037669364302,-0.1476101692331387,0.48848731770374787,3.5217530816030713,1.278779329083005,4.503545042888381,5.346167481442463,0.19769651474234062,0.03908391194126851
600,650.5,0.0009928658189500038,0.5075600013774543,0.5075590302770181,0.2576161692157469,1.5380804,2.996,0.32748291883618075,-0.023884817852266337,0.21572562796253658,3.030342020304678,1.2871784406616533,3.90059091636726,4.696673663060287,0.5075590302770181,0.2576161692157469,0.002828892149400001,0.49854661556884006,0.49853858954383046,0.24854072526435186,1.4272616,2.5217,0.3470115546420601,0.5942004602753285,-0.17308565826564104,2.8628448282042775,1.2329900884354503,3.529859297904564,4.113008863558477,0.4985385895438305,0.2485407252643519,-0.004580350365131002,0.20129475436241612,0.20124263595063072,0.04049859852435809,0.65232621,1.28772,0.1353454322966281,-0.06177615552121556,0.26183416377828195,3.2406518096618435,1.2637479609716822,4.095367116679347,4.8197135206627255,0.20124263595063072,0.04049859852435809
601,651.4,0.002529184821950003,0.5080163667946006,0.5080100709191921,0.25807423215532266,1.5659196,3.04,0.328953984356515,-0.024465814490298936,0.1816887407464738,3.082419587936479,1.2853102673753802,3.9618655447337447,4.760299842736915,0.5080100709191921,0.2580742321553226,0.0038870421607600006,0.5038701470575563,0.5038551537883124,0.25387001599904385,1.5566616,2.7260999999999997,0.34283334697724555,0.5982263240940188,-0.12337778656162257,3.089410255976497,1.248534013228643,3.857233785404065,4.540578137235053,0.5038551537883124,0.2538700159990439,-0.004235460377630001,0.20230817569158624,0.20226383469875983,0.040910658827047246,0.67728621,1.31168,0.1325944610496038,-0.15640014298561697,0.5267215661227977,3.3477945598822756,1.282848002172373,4.294711562828516,5.107952509016393,0.20226383469875983,0.040910658827047246
602,652.3,0.0030471624308800005,0.5073207003504263,0.5073115490555747,0.2573650078051668,1.7339196,3.175,0.3362474315144384,-0.025311347023445847,0.18075274149600506,3.4177978521324155,1.2716062008273872,4.346092941946105,5.156677605507733,0.5073115490555747,0.2573650078051668,0.0034862161544000035,0.5083083391584069,0.5082963839679591,0.25836521395490286,1.3624616,2.4959,0.34864298906286545,0.5970719804839629,-0.23035974685366867,2.680384119323702,1.243004119702042,3.3317285027032915,3.907899033513415,0.508296383967959,0.2583652139549028,-0.005499310377380001,0.19978985402762695,0.19971415412472326,0.039885743357753724,0.62539379,1.2296999999999998,0.1332836288879964,-0.09502766138500042,0.32334838352890527,3.1302580055617866,1.270053357207535,3.975594688889509,4.6922025999572945,0.1997141541247233,0.03988574335775373
603,653.2,0.003444179323980002,0.5132077173405147,0.5131961601246116,0.26337029876664597,1.5100804,2.975,0.33244128933806033,-0.05897994537312011,0.25248786560569814,2.942435097869071,1.2883238389888712,3.7908092812622765,4.542397254585293,0.5131961601246116,0.26337029876664597,0.0018137701523000017,0.5119111192762837,0.5119079060500358,0.2620497042765323,1.4399616,2.5793999999999997,0.35489925184403986,0.5488508200320872,-0.2449965457742893,2.8129133081456623,1.2357405417591594,3.4760310153294696,4.057381334330875,0.5119079060500358,0.2620497042765323,-0.00537610037838,0.19886814710214828,0.19879546643865717,0.03951963747656327,0.61049621,1.20389,0.1314772011756301,-0.05695810548588391,0.28809604114723886,3.069854166672653,1.2749709031516152,3.9139747394263815,4.643361773304604,0.19879546643865717,0.03951963747656327
604,654.1,0.002411546217960001,0.5144901865358293,0.5144845347398803,0.2646943364865111,1.5219196,2.8979999999999997,0.3320867099815574,0.015069183277873014,0.19956083110945322,2.9581120103522376,1.2857700440956894,3.803451809990585,4.582898243909009,0.5144845347398803,0.26469433648651114,0.0034871886654599996,0.5100778512643183,0.510065930900737,0.26016725386563544,1.4065616,2.585,0.349358248972496,0.5342180331541985,-0.29718682227867976,2.757542983906453,1.2393923951093173,3.417677803440712,4.026129636660547,0.5100659309007369,0.2601672538656354,-0.005252400374786601,0.20057432939594416,0.20050554581590918,0.04020247390293565,0.74439379,1.40798,0.13227723116459078,-0.15258494959224064,0.4502249460520549,3.7113113739023302,1.2779044698558293,4.742701393736567,5.627527757016329,0.20050554581590918,0.04020247390293566
605,655.0,0.0020365348239800006,0.5190281197209534,0.5190241242822717,0.2693860415869791,1.7340804,3.2270000000000003,0.33949125391046936,-0.03908945922199813,0.13223098832871605,3.3410143576272877,1.2774426064211875,4.267954089098011,5.107879452050072,0.5190241242822717,0.2693860415869791,0.0048940071514799975,0.5093352308111291,0.509311717948279,0.25939842603942737,1.3922616,2.4387,0.34965476807935125,0.5873922629074023,-0.2674782149617707,2.73348772238431,1.241459684685739,3.3935148059235645,3.98181785893461,0.5093117179482791,0.2593984260394274,-0.0051045903698000005,0.203274691856556,0.2032105890610387,0.04129454350653434,0.68939379,1.35476,0.13373146173236472,-0.10739794564402773,0.42643881856043775,3.391439355797827,1.2772568037546048,4.331738991713908,5.155060604808733,0.20321058906103867,0.04129454350653433
606,655.9,0.0037943098307599995,0.5184646082031131,0.5184507239575578,0.2687911531721157,1.6190804,3.116,0.34270236603819615,-0.027392403442706683,0.10040983957723748,3.122836881019487,1.270273716929551,3.9668576122173094,4.724450603354002,0.5184507239575578,0.2687911531721157,0.00118886816854,0.5039794477045226,0.5039780454553884,0.25399387030103354,1.3929616,2.6024000000000003,0.3450679840469026,0.5629127849193912,-0.24515239972858094,2.763925406769122,1.24272559334206,3.434800841080351,4.036774387654187,0.5039780454553885,0.2539938703010336,-0.00440001035062,0.20674758854910005,0.20670076264925197,0.0427252052797824,0.62739379,1.2336,0.13985576802647873,-0.043157194445429675,0.1588458342602781,3.0345881874748035,1.2591533987291683,3.821012030002285,4.486005824809572,0.20670076264925197,0.0427252052797824
607,656.8,0.003738698730500002,0.5121880618914093,0.5121744164597455,0.2623226328758808,1.6190804,3.143,0.33530562703183625,-0.03828935332713431,0.18012348057260974,3.1611053057758824,1.2780650526735684,4.040098219133149,4.828670530620929,0.5121744164597454,0.2623226328758807,0.0032849435727600033,0.5010735515384733,0.5010627836879356,0.25106391319710286,1.3768616,2.4073,0.3417596455349103,0.5635408410999063,-0.28133172283472163,2.7478233400516694,1.241878918222538,3.4124638770100084,4.028742474393032,0.5010627836879356,0.25106391319710286,-0.005586840376969999,0.19911627409658986,0.1990378803763509,0.03961607782471056,0.68282621,1.28922,0.13107634319491243,-0.1695788692903456,0.5137910634478242,3.4292837845527684,1.280085152486841,4.389775256269882,5.209377934694344,0.1990378803763509,0.03961607782471056
608,657.7,0.0022039356266859967,0.5079479091757679,0.5079431278241567,0.2580062211037876,1.5499196,3.042,0.33362209183215324,-0.03318502585814726,0.12179656116599791,3.0513357216392696,1.2716422508650576,3.880207425210315,4.645734314200546,0.5079431278241567,0.2580062211037877,0.005052533854959998,0.5001111242630331,0.5000856011857164,0.25008560851327943,1.3617616,2.3982,0.34259360495717206,0.5723723651145719,-0.22276798547199972,2.7229180354800153,1.2441015948159972,3.3875866704939295,3.9748599515458993,0.5000856011857164,0.25008560851327943,-0.006735070371660001,0.1978433928796506,0.1977287205572842,0.039096646933220576,0.68082621,1.28422,0.13325528514015986,-0.15882227645882424,0.4756737672273603,3.441238042324471,1.2673364188165552,4.361206296854788,5.109187296277945,0.1977287205572842,0.03909664693322058
609,658.6,0.0004774272949599967,0.5106652667466577,0.5106650435702575,0.260778786724613,1.4950804,2.98,0.33907740864592417,0.0034463525424404044,0.1317021854275504,2.9277111590628566,1.2689585235729142,3.715144029852348,4.409259838248948,0.5106650435702575,0.2607787867246131,0.0016367054549599968,0.5014128583213735,0.5014101870577257,0.2514121756852635,1.4537616,2.6322,0.34140611738585114,0.5297205330622016,-0.20656422972075905,2.899330513515136,1.2456442737987719,3.611534452010182,4.258159200928976,0.5014101870577257,0.2514121756852635,-0.0066011873789982,0.20076991180669873,0.20066136103409882,0.04026498181205695,0.70658321,1.3889770000000001,0.13325062317513534,-0.06447029855326951,0.41903658401168276,3.5193680349887204,1.274417461686051,4.485144077889351,5.302663455999874,0.2006613610340988,0.04026498181205694
610,659.5,0.0037134247176600016,0.5210443421514215,0.5210311094021871,0.27147341696487387,1.6999196,3.189,0.3374643582394792,-0.0067694444067788115,0.20985283529068077,3.2625238630956748,1.2837270713040307,4.188190203831323,5.037330783222044,0.5210311094021871,0.2714734169648738,0.0018517262613799957,0.5041918021496252,0.5041884017554744,0.2542059444647397,1.4293616,2.6078,0.34368253712258756,0.5603845276605558,-0.27046014873198665,2.8349560502687807,1.2442514169112613,3.527398082428083,4.158959055548881,0.5041884017554745,0.25420594446473976,-0.00519429035884,0.2012982895888558,0.20123126183341125,0.04049402073906691,0.68939379,1.35312,0.13332543054321352,-0.06467091344960994,0.3004702814660498,3.424737445151973,1.2698258369550404,4.348820092641371,5.170759900726916,0.20123126183341125,0.04049402073906691
611,660.4,0.004778941333700004,0.5209949150126058,0.5209729966022436,0.2714128631887213,1.5539196,3.065,0.3432208719973224,0.008825620949059554,0.15958937825005126,2.982600319548996,1.2743440861515327,3.800859078570935,4.527462420793928,0.5209729966022436,0.2714128631887213,0.003628957153600004,0.5067576892717502,0.5067446953901156,0.256790186306021,1.4253616,2.4368,0.34713264613704214,0.5869984249407352,-0.2180704809713374,2.812708381491664,1.2425306906794793,3.4948764879347967,4.106100696266093,0.5067446953901157,0.25679018630602113,-0.006403345386790001,0.20042612557246575,0.20032381031681498,0.04012962897984727,0.69957121,1.289965,0.13130671454684217,-0.1396628941077439,0.3444105291008652,3.490419265461798,1.2805328122262947,4.469596397850634,5.327764177287643,0.200323810316815,0.04012962897984728
612,661.3,0.0014940955247400058,0.5180133983703861,0.5180112436712154,0.26833564856979936,1.5149196,3.0,0.33897205647216005,0.007389270967160245,0.10192331570447877,2.9244795689952667,1.276076138420911,3.73185859529433,4.4691577700134735,0.5180112436712155,0.2683356485697994,0.0014441588602999995,0.5054002992949804,0.5053982359809361,0.255427376932642,1.5280616,2.5445,0.3467019354593082,0.5801849429938193,-0.18557644150545016,3.0234679364685855,1.2412908611931264,3.7530031186488952,4.407421602581004,0.505398235980936,0.25542737693264195,-0.00562300377203,0.20200299403083494,0.20192471722402205,0.040773591426001274,0.70685961,1.3412533999999998,0.13178771667594147,-0.140394016463369,0.61497064908303,3.4992531342981024,1.2854087926342288,4.497970746479664,5.363622861287807,0.20192471722402208,0.04077359142600128
613,662.2,0.0007716087308599988,0.5062242632651379,0.5062236752052378,0.2562624093382981,1.5029196,2.9219999999999997,0.3311039349032171,0.024673283593358956,0.21007017512202752,2.968881006031189,1.2801038336399526,3.800475957441364,4.539117302968052,0.5062236752052378,0.2562624093382981,0.0010040061387999995,0.5056441131405232,0.5056431163630524,0.25567496112533933,1.3443616,2.5638,0.3526979844464314,0.533897298531018,-0.26812690260071603,2.658711067850185,1.232521930198161,3.2769196971859236,3.8116509287968015,0.5056431163630524,0.25567496112533933,-0.005962930369258201,0.19922922043825445,0.19913996519495017,0.03965672573784596,0.68483621,1.3382299999999998,0.13365370425166367,-0.08045627313793335,0.2930287258090969,3.4374285483501446,1.2654338670585126,4.349838500676053,5.123959817159167,0.19913996519495017,0.03965672573784596
614,663.1,0.003381647258879995,0.5088690728564823,0.508857836504099,0.25893629777163235,1.5069196,2.903,0.3378237413181789,-0.01204239849432463,0.24298609311271058,2.961311033388348,1.2736045148524058,3.7715391020056432,4.460668140492558,0.508857836504099,0.25893629777163235,0.004447819158900001,0.5049958221373214,0.5049762343723503,0.2550009972808788,1.5217616,2.6772,0.34632784621586876,0.5852675564428262,-0.1789460250906414,3.0134142368928227,1.24358416659461,3.747434232390693,4.393991463947934,0.5049762343723503,0.2550009972808788,-0.006635630368999998,0.200297925546284,0.20018798012805547,0.04007522738775073,0.75666621,1.3610600000000002,0.13413804623627865,-0.14988803960009597,0.4342032703248617,3.7777036778404014,1.267810140559298,4.789411030794216,5.640951476713502,0.20018798012805547,0.04007522738775073
615,664.0,0.0027925420119999994,0.5209365168857067,0.520929031955528,0.2713670563341235,1.6030804,3.148,0.33626633922101534,-0.021611629775329107,0.18935497584329442,3.0773047157139786,1.284475985186653,3.952724006436246,4.767293698541605,0.520929031955528,0.27136705633412345,0.00313806015718,0.5025737692110661,0.5025639721244131,0.2525705460774678,1.5217616,2.6422,0.34510762371177844,0.5831888779497705,-0.14755946884302729,3.0279367790898477,1.243038222479377,3.7638411516597743,4.409527623970779,0.5025639721244131,0.2525705460774679,-0.005769900348480001,0.20409402205193072,0.20401244591274964,0.041621078087302595,0.67039379,1.32222,0.1372430628191301,-0.01100757218024863,0.33779651758420615,3.284730161422472,1.2625229811859735,4.147047315790584,4.884718952122911,0.2040124459127496,0.04162107808730259
616,664.9,0.0013720979160900025,0.5127045909167753,0.5127027549120899,0.2628641148944466,1.5989196,3.085,0.3298438816922384,0.0017927379596370443,0.29818236056339487,3.1185981719823226,1.2900454411966429,4.023133354689979,4.8475041943990815,0.51270275491209,0.26286411489444667,0.0017539091601000015,0.500782010646023,0.5007789392429874,0.25077954598933166,1.3712616,2.4917,0.3434311765651047,0.5549836349711035,-0.26733760410967067,2.738240533502858,1.239213497267483,3.393264627881655,3.992827947989306,0.5007789392429873,0.2507795459893316,-0.0062750803508579995,0.2020136763827452,0.20191619254597384,0.040770148812262784,0.67039379,1.3151199999999998,0.13214867454113216,-0.16704563582792561,0.3906812704824496,3.3185564561967498,1.2780755009743179,4.241365705265218,5.073026970023339,0.20191619254597382,0.04077014881226278
617,665.8,0.0027383071240600003,0.5191762373477717,0.519169015928998,0.26953646710068413,1.6020804,3.201,0.33581135744819074,0.019377937771832596,0.26406341689253576,3.0858122632581924,1.2867903953536999,3.9707935822253044,4.770774914148549,0.519169015928998,0.26953646710068413,0.0029877231440999987,0.5001022634019047,0.5000933386580172,0.2500933473701223,1.5042616,2.5987,0.34740082699373304,0.5777580503514007,-0.20912530928116668,3.0079080021901596,1.2363227517516358,3.7187450982835033,4.330046111338521,0.5000933386580173,0.25009334737012234,-0.0064603933365614,0.20467665049274583,0.20457466748076739,0.04185079457486654,0.70996921,1.3493629999999999,0.13568120265074082,-0.10557624273508574,0.4474347660907938,3.4687357267709578,1.2720519638074588,4.412412093168089,5.232627631017859,0.20457466748076739,0.04185079457486655
618,666.7,0.0028150268308699995,0.5150898901387518,0.5150821978549568,0.26530967054709287,1.4719196,2.8970000000000002,0.34049578749668624,-0.02896364273022354,0.07892798723179562,2.8575975342934865,1.270250240183599,3.629863954284362,4.3228716890200145,0.5150821978549568,0.26530967054709287,0.0018199163559799994,0.5040340451653487,0.504030759567511,0.254047006590202,1.5042616,2.6007,0.34682435529197375,0.5781815796058766,-0.12829637495552282,2.984444432729789,1.2424385121392456,3.707988700563054,4.337243267514009,0.504030759567511,0.2540470065902021,-0.005059510364591399,0.20283889166469504,0.2027757809173287,0.04111801732663249,0.68720621,1.3416000000000001,0.13429567768898124,-0.03492177624493081,0.3717947885215276,3.387941061795947,1.2737736049370096,4.315469899597944,5.117113386117447,0.20277578091732867,0.04111801732663248
619,667.6,0.002098355537079998,0.5050256842665753,0.5050213249685231,0.2550465386729626,1.5400804,3.003,0.33063250296004454,-0.020235760185061954,0.2064550599421291,3.049509060586859,1.2782017659950338,3.8978878666599797,4.657982461531049,0.5050213249685231,0.2550465386729626,0.0027458741725999943,0.5026117415135194,0.5026042408120739,0.25261102288228116,1.4902616,2.5917,0.34163903257943734,0.5562549412893423,-0.2503562767037888,2.9650353879763363,1.2467037758805422,3.6965208138095265,4.362094075575182,0.5026042408120738,0.2526110228822811,-0.0055197603772182005,0.19935434908914698,0.19927791836060407,0.03971168874613558,0.66946621,1.3238599999999998,0.1311831343150893,-0.16365414369364317,0.40935153174946404,3.3581720843252287,1.2785439904041211,4.2935707371569025,5.103294821360239,0.19927791836060407,0.03971168874613558
620,668.5,0.00259945782576,0.517627510381809,0.5176209832716231,0.26793148232308195,1.5400804,3.0519999999999996,0.3344041742295981,-0.04551650639091218,0.219512484621883,2.9752676762949015,1.2870088362039371,3.8291957894634936,4.605446099912013,0.5176209832716231,0.26793148232308195,0.0040796351505800015,0.5039894304793512,0.5039729185302906,0.2539887026119389,1.5754616,2.6619,0.3452147335437211,0.5579255711504039,-0.21573870418671648,3.1259814288199594,1.2444502152765788,3.8901282620455864,4.563714832873636,0.5039729185302906,0.25398870261193895,-0.0067502803567714,0.20419693684620976,0.20408533198757814,0.04165082273247998,0.63139379,1.26173,0.137481297785894,-0.09072423663400969,0.24286190023525966,3.092082573577154,1.2620345993042084,3.9023151917599694,4.592579501128211,0.2040853319875781,0.04165082273247997
621,669.4,0.0012520678238099956,0.5193016335178287,0.5193001241097963,0.26967261890044986,1.4840804,2.9530000000000003,0.33991615225448624,-0.008210371782406582,0.16937601652571033,2.857838882474936,1.277712393643612,3.651496159174836,4.366019061338716,0.5193001241097963,0.2696726189004498,0.002647590457060002,0.5055569482532328,0.5055500155196254,0.25558081819189354,1.4543616,2.5628,0.34740795381750167,0.5316826290646798,-0.2476261141520002,2.8767512839552785,1.2398085152431384,3.566620738084386,4.186322115019844,0.5055500155196255,0.2555808181918936,-0.006390290342428999,0.2052338171754567,0.20513430698385932,0.04208008390174823,0.64489621,1.2382900000000001,0.1390225832820334,-0.0888492517982358,0.1413237009196857,3.1422512082824583,1.2576631943614385,3.9518936920946066,4.638787416945828,0.20513430698385932,0.042080083901748236
622,670.3,0.0021065254028999995,0.5228540387881204,0.5228497952832881,0.27337190842777626,1.5699196,3.074,0.34202403044538027,0.00908228977168555,0.12351565927696617,3.0025962955909935,1.2772075815662691,3.834938753111611,4.590085667242931,0.5228497952832881,0.27337190842777626,0.0017215011624400014,0.51231285003441,0.5123099576858989,0.2624614927441275,1.4310616,2.4745,0.3484766286009394,0.5589830709616141,-0.3120624956347795,2.793335361203377,1.2429629675820109,3.4720124100131176,4.106621456209021,0.5123099576858989,0.2624614927441275,-0.006874440351236499,0.20723277552998418,0.20711872277444668,0.0428981653237181,0.75700621,1.3554,0.1382653210311669,-0.16770825835396944,0.35608384090198575,3.6529270433405454,1.2693373084703485,4.636796581232436,5.475025873113624,0.2071187227744467,0.04289816532371811
623,671.2,0.005785386275020001,0.5230649706047077,0.5230329748489598,0.2735634927793526,1.6770804,3.1559999999999997,0.3371664476776164,-0.033835132329212286,0.19146060444511415,3.2062563816138403,1.2877409303337797,4.1288275757480255,4.974042973586594,0.5230329748489598,0.2735634927793526,0.004806225168380001,0.5102500074397057,0.5102273711707855,0.26033197029185057,1.5165616,2.596,0.3443507856537317,0.5748261198978009,-0.16849898890957693,2.9721931952724296,1.2510443951841468,3.718345638350033,4.404118309533949,0.5102273711707855,0.26033197029185057,-0.006851370343619999,0.20331636925504606,0.20320089746718345,0.041290604731468804,0.68188621,1.35628,0.13875245740742562,0.014122101136869743,0.20778117561717968,3.353818546428113,1.2529986823682955,4.202330219576777,4.91440816790541,0.20320089746718348,0.04129060473146881
624,672.1,0.0009406383839600023,0.513839876522355,0.5138390155524778,0.26403053390393955,1.4899196,2.96,0.33609008838271826,-0.007808037454573829,0.09372531510253967,2.899579554011472,1.2764740562470784,3.7012380747201186,4.433095921303615,0.5138390155524779,0.2640305339039396,0.002365488154080001,0.5041844566215784,0.504178907496723,0.2541963707645892,1.5165616,2.606,0.34450178215248217,0.5553299309119707,-0.200872946032137,3.007949928012702,1.245449716141799,3.7462503840121646,4.4021879669950295,0.504178907496723,0.2541963707645892,-0.00749494038443,0.20222454819989621,0.202085609985684,0.04083859376328598,0.69558621,1.27098,0.13206760158855027,-0.19063182938565595,0.46585496816101246,3.4396724640592224,1.283796524881328,4.415839556089224,5.266895147888447,0.202085609985684,0.04083859376328599
625,673.0,-3.253304720999495e-05,0.5105125698601067,0.5105125688235022,0.26062308292677105,1.5379196,2.973,0.33881005378820556,-0.013989694280231987,0.13281340858097312,3.0125009466885966,1.2710452188646393,3.8290249251137407,4.539179350803365,0.5105125688235022,0.26062308292677105,0.0016617601373400007,0.5020190306799158,0.5020162803316724,0.2520203457180483,1.3828616,2.3863000000000003,0.3495136209399239,0.5889944185854086,-0.27457366499884683,2.754599956354451,1.235203275140703,3.4024908877914553,3.956531354289317,0.5020162803316724,0.2520203457180483,-0.006278790359430001,0.201662211524159,0.20156444217281225,0.04062822434843697,0.72555621,1.37795,0.13279823818202252,-0.10148260089775665,0.43287642783161395,3.59787887138726,1.2758345638399557,4.590298220625357,5.463598161637522,0.20156444217281227,0.04062822434843698
626,673.9,0.0037062691278800007,0.5199527938853057,0.5199395844117728,0.270337171438287,1.5009196,2.895,0.33902183648195994,-0.030749221331263992,0.1599895821059225,2.886645898725725,1.2801055184590366,3.695211344795946,4.427206269587496,0.5199395844117728,0.27033717143828695,0.005801426149760001,0.5088482186958536,0.5088151463199303,0.2588928531245721,1.4184616,2.5189000000000004,0.34948131049483516,0.5472333427096016,-0.24135337663840017,2.7875927396099156,1.2412368885917717,3.4600629387744246,4.058762392734484,0.5088151463199303,0.2588928531245721,-0.008224130352100002,0.20397389010990877,0.20380802615824728,0.041537711526520804,0.64473621,1.27713,0.1369633016403364,0.008159244378605747,0.11306181962157646,3.160876177105766,1.2598139855677244,3.982116014565687,4.707364690237008,0.20380802615824728,0.041537711526520804
627,674.8,0.00347945011416,0.5205599679651035,0.5205483394217416,0.2709705736747327,1.5939196,2.992,0.3348799343744935,-0.022837959154068936,0.13092324485951945,3.0619327226231325,1.2860700011672255,3.937859820157898,4.759674845783781,0.5205483394217415,0.27097057367473265,0.0037612261707800033,0.5015763201333012,0.5015622175724126,0.25156465809615614,1.5206616,2.5031,0.342133906690173,0.5789429030096302,-0.21785149021710826,3.0317651351560255,1.245182603048856,3.7751012028263466,4.444638693402197,0.5015622175724125,0.2515646580961561,-0.0074195803728,0.2022837919256715,0.20214767449298032,0.040863682302919924,0.67072621,1.27512,0.13254923735748705,-0.13725372010569453,0.3895726861438864,3.3157684242267718,1.2820654146870363,4.251032019812477,5.060204218233579,0.20214767449298032,0.040863682302919924
628,675.7,0.001271021326835997,0.5221148592594782,0.5221133121883903,0.2726023107643315,1.4219196,2.824,0.34235558204235117,0.025282799140229857,0.003993170986702932,2.72338466293935,1.2718500423988872,3.4637368990278907,4.153341363728958,0.5221133121883903,0.2726023107643315,0.0013441014653999995,0.501886649041052,0.5018848492203234,0.25188840187690675,1.5206616,2.6581,0.3429833971199443,0.6334707924485211,-0.10182871480709998,3.02989051991223,1.2464724473535536,3.7766750515683283,4.433630352865772,0.5018848492203234,0.2518884018769067,-0.007079370364479999,0.20137836495641953,0.20125389036677876,0.04050312838776341,0.73939379,1.46906,0.13290503148899555,-0.0933915039822132,0.5458824704034844,3.6716644817332433,1.2758399397501894,4.684456191157452,5.563324290406729,0.2012538903667788,0.04050312838776342
629,676.6,0.0018381493286800023,0.5095163298516362,0.5095130141542282,0.25960351159252676,1.5619196,3.016,0.33620296474844147,-0.009234631904642493,0.029282634520498174,3.065494682878581,1.269170412063762,3.8906351498482796,4.645763909811686,0.5095130141542282,0.25960351159252676,0.003162145144480001,0.5017421971621054,0.5017322326212881,0.25173523325114233,1.5178616,2.6553,0.34795202721006485,0.5878154454209417,-0.21960999431480355,3.0251822720615253,1.236485143755757,3.7405929365573622,4.36227261605704,0.5017322326212882,0.2517352332511424,-0.008066150368919998,0.1984427518528868,0.1982787507050929,0.03931446298117238,0.66139379,1.31874,0.13282992032151722,0.02280949701567596,0.38084030878870756,3.3329198664323934,1.2682114439322023,4.226847116318549,4.979253080925475,0.1982787507050929,0.03931446298117238
630,677.5,0.0022956595228400003,0.5104233236691943,0.5104181612098675,0.2605266992928623,1.4969196,2.873,0.33047799430846253,0.003405126958721462,0.08167228939023063,2.932702191661905,1.280641036079192,3.755738773241619,4.529559080423373,0.5104181612098674,0.2605266992928622,0.004599687152600003,0.5129989872063054,0.5129783657746138,0.2631468037527934,1.5072616,2.5437000000000003,0.3518255719553807,0.5696291738797659,-0.2226702917878729,2.9381375745169773,1.2410839156816356,3.6464752857928735,4.284116107942132,0.5129783657746138,0.2631468037527934,-0.00893411036378,0.2001993207628228,0.199999874264719,0.039999949705903405,0.64339379,1.2385,0.1336406082980247,-0.0840897842635983,0.2167952212259392,3.2137660984486156,1.2681221920090238,4.0754481093689465,4.814358436360917,0.19999987426471896,0.0399999497059034
631,678.4,0.001475680628979999,0.5131025480302583,0.513100426000432,0.26327204716182484,1.5239196,2.9,0.3385589976051747,-0.013376791483078177,0.07876204071157566,2.9700098076888373,1.271576824366087,3.776595639597104,4.5011936199586255,0.5131004260004322,0.2632720471618249,0.003262995142260002,0.5098754699520089,0.5098650289257771,0.2599623477214835,1.3493616,2.4898,0.35476205081985906,0.5722831887493769,-0.2579160544962993,2.6464532606893325,1.233997269995787,3.265716098862086,3.803568044782722,0.5098650289257772,0.25996234772148363,-0.007239250353298001,0.19875959405551766,0.19862771579876876,0.039452969483436455,0.63639379,1.26534,0.1311920889625068,-0.07787525849958109,0.43997069117578524,3.2018267748234686,1.275487863124183,4.083891191113381,4.85085491840803,0.19862771579876878,0.03945296948343646
632,679.3,0.0027383458338380005,0.5191455899121116,0.5191383678628355,0.2695046449872887,1.5849196,3.101,0.3401224420470026,-0.00336440017753713,0.17085735054194107,3.0529385798467787,1.2771155330666446,3.898955281820744,4.659850112980711,0.5191383678628354,0.26950464498728866,0.004855608149380002,0.5036375496313469,0.5036141424425719,0.25362720446816706,1.4650616,2.6055,0.34614367214564185,0.5832451851031443,-0.18429839710405815,2.9089602256074776,1.2421468717202,3.6133558441968154,4.23252457835938,0.503614142442572,0.2536272044681671,-0.0077776403594262,0.20129409922174762,0.2011437861131539,0.0404588226919342,0.70739379,1.32043,0.13355498179646275,-0.04268950227040838,0.3960023860958257,3.5142301375696454,1.271059149265742,4.466794368983305,5.296648470051572,0.2011437861131539,0.0404588226919342
633,680.2,0.0026342578240099983,0.5260423808197557,0.5260357850034857,0.27671364710423346,1.6059196,3.117,0.33962887212373977,-0.0018195356058164375,0.27412007611789324,3.0528331148859578,1.2887767218040427,3.9344202540175486,4.728454297651415,0.5260357850034858,0.2767136471042335,0.002470326170900001,0.5018247659039322,0.5018186855460304,0.25182199316314574,1.5185616,2.621,0.3427907341673453,0.5749398650274115,-0.21994888801354762,3.0260794268784825,1.2446114465872915,3.7662930929752707,4.429996054848615,0.5018186855460304,0.25182199316314574,-0.0070345903559682005,0.204426175223654,0.20430510432951943,0.04174057565509581,0.70739379,1.3496299999999999,0.13779519965087095,-0.017659032103579424,0.3527750228506341,3.460387541987079,1.263649497963068,4.372716980189627,5.1336606194723045,0.2043051043295194,0.041740575655095806
634,681.1,0.00047671162974000135,0.5138891690114538,0.5138889478995481,0.2640818507733045,1.5029196,2.9859999999999998,0.3361164566909899,0.024032433732610207,0.20243426925798724,2.9245987084940923,1.2798041023320668,3.7429134248058036,4.471425216117031,0.5138889478995481,0.2640818507733045,0.0026358248608800007,0.5032340773090624,0.5032271743381971,0.25323758899240617,1.5089616,2.5304,0.3457681264505061,0.5945411078824119,-0.23889196007312297,2.99852825561586,1.2403491019466346,3.719221829014741,4.364085306214585,0.5032271743381971,0.25323758899240617,-0.007708380379138001,0.19862076864689476,0.1984711329383037,0.03939079060981382,0.67439379,1.33639,0.13153982226349928,-0.08484365956027617,0.5898887707109566,3.3953840506927446,1.2782653024026411,4.340201620331865,5.126917296946479,0.1984711329383037,0.03939079060981382
635,682.0,0.0020677308190799985,0.5194475691325974,0.5194434536761672,0.2698215015670244,1.5360804,3.058,0.3410263028330337,-0.015384233871805401,0.10223962379773877,2.9571423398227332,1.2740284306343832,3.7674834143668448,4.504287168582606,0.5194434536761671,0.26982150156702434,0.005027866749680006,0.503962509830986,0.5039374285276835,0.25395293187109413,1.5217616,2.6092,0.3457442544735897,0.5814744357426359,-0.16631017844353746,3.0195928671566334,1.241690767278231,3.7494005840875935,4.401408209420419,0.5039374285276835,0.25395293187109413,-0.009483620342356402,0.20168341512968516,0.20146032086635562,0.04058626088357496,0.66939379,1.30901,0.1351152847325978,0.05683270721258347,0.4522930372307039,3.3190324031828338,1.2685487168831249,4.210354296351098,4.954241789334014,0.20146032086635565,0.04058626088357497
636,682.9,0.001988298834099996,0.5103623777521006,0.510358504673454,0.260465803292524,1.5949196,3.114,0.33511287845456783,0.009585770153302763,0.22212161941555664,3.1250728296722214,1.2769577227457551,3.9905858839928725,4.759350363839353,0.5103585046734541,0.26046580329252406,0.00299125176407,0.5030624208395016,0.5030535276427189,0.25306285167378373,1.5405616,2.61,0.34645213656503027,0.575078305026029,-0.2307511633884376,3.0623666888676326,1.2402652010391406,3.7981468370239817,4.44667946133688,0.5030535276427189,0.2530628516737838,-0.009139250381998,0.19976816101556824,0.19955899443021138,0.039823792257997134,0.65528621,1.2616800000000001,0.13235528504006006,-0.05344065449499032,0.3775917997121363,3.2802334799935036,1.2733579050419874,4.176911232133116,4.950963686880082,0.19955899443021138,0.039823792257997134
637,683.8,0.0009738738508999978,0.5132576769839138,0.513256753051186,0.2634324945526461,1.6169196,3.1879999999999997,0.33909268393112185,0.06030303855644477,0.26519364143392465,3.1503076768409963,1.2764388080292401,4.0211749759522855,4.768370645025289,0.513256753051186,0.26343249455264617,-0.0006463138467999947,0.5000405774800579,0.5000401597921924,0.25004016140500135,1.3323616,2.4898,0.3437903649860571,0.6105452991579786,-0.23785419713082456,2.664506962043767,1.2421726963332622,3.3097777974406553,3.875505935292968,0.5000401597921924,0.2500401614050013,-0.00975762036185,0.20259658470222383,0.20236147108053784,0.04095016497787935,0.67825621,1.2796500000000002,0.136585017716064,-0.06689396144985775,0.35245847071337577,3.3478166031125354,1.2639367189543198,4.2314283329988545,4.965817051837811,0.20236147108053784,0.04095016497787936
638,684.7,0.0029501042347799995,0.5211952450316277,0.5211868957759609,0.2716357803285824,1.5269196,2.997,0.34047200744527717,0.02565534305376279,0.16516524288813317,2.9296499048208737,1.2793025361511927,3.747908553272444,4.484714063447393,0.5211868957759609,0.2716357803285824,0.0035839971485799953,0.5110204709318971,0.51100790275288,0.26112907667589685,1.3891616,2.4676,0.34803198341614044,0.5479626347345521,-0.18937698763854538,2.7184069504431485,1.2484289545603484,3.393737947211325,3.991476836021088,0.51100790275288,0.26112907667589685,-0.00941348035893,0.20243322290496474,0.20221423323599944,0.04089059612322318,0.67825621,1.3406500000000001,0.13604176209799662,-0.07616535890838014,0.4026136369039688,3.350518261117729,1.2643551427278379,4.236244994247733,4.985647050877094,0.20221423323599944,0.04089059612322318
639,685.6,0.0032013982196799954,0.5183190070421212,0.5183091202270799,0.2686443441105695,1.5860804,3.0869999999999997,0.334846798713466,0.023665813914592725,0.20424942321288375,3.060046763577603,1.2839938952549128,3.9290813636281965,4.736734548736825,0.5183091202270799,0.2686443441105695,0.00484073144547,0.5072911490330866,0.5072680526175308,0.2573208772063821,1.4638616,2.5903,0.3497755324478865,0.5252978807629457,-0.26602840419165297,2.8856438808170966,1.2393371050171407,3.576285533362287,4.185145798378858,0.5072680526175308,0.2573208772063821,-0.00968219038874,0.1980091647399585,0.19777230470996743,0.039113884510292206,0.66216621,1.3055599999999998,0.12946587835407414,-0.052720596691292684,0.4159361463141331,3.3441190000958274,1.2846857481603853,4.296142019575468,5.114600220677856,0.19777230470996746,0.03911388451029221
640,686.5,0.001129490233660003,0.5168294338149617,0.5168281996072833,0.2671113879093059,1.5860804,3.114,0.33525090731305557,0.04527996822769188,0.22843412031696264,3.0688662375368074,1.2830719673743385,3.9375762410050354,4.731024929095646,0.5168281996072832,0.26711138790930583,0.0014052789563800026,0.4995270965871614,0.4995251199047492,0.24952534541585403,1.4562616,2.5827,0.34329811768603224,0.5934361120587361,-0.2369922722555855,2.915280492188275,1.2415000756550423,3.6193209516074125,4.241973739372037,0.4995251199047492,0.24952534541585403,-0.009025204375078,0.20203542900885338,0.20183374410831184,0.0407368602607795,0.71488021,1.3492739999999999,0.13373987152972086,-0.10568495557648025,0.557870190877114,3.538390338303849,1.2773125941309793,4.519630542066883,5.3453035495187615,0.20183374410831184,0.0407368602607795
641,687.4,0.0026535993225099965,0.5115861139521608,0.5115792317904517,0.26171331039930873,1.4789196,2.9450000000000003,0.33242482495575065,0.01807426376119597,0.10964627759227819,2.8908517249909096,1.278987553035611,3.697363373934898,4.448884346097979,0.5115792317904517,0.26171331039930873,0.00397544116388,0.5070240431912099,0.5070084577613222,0.25705757624151443,1.4451616,2.4916,0.341317400705388,0.584790788492398,-0.13367105971323312,2.8502821895864177,1.253967756426814,3.574161962458987,4.234069511291654,0.5070084577613221,0.2570575762415144,-0.009697870351478202,0.20237799335323103,0.20214550082632643,0.040862803504326334,0.67397621,1.28037,0.135016057961286,-0.026127024119288,0.4063861647752769,3.330284082932082,1.2697482460011813,4.228622372988664,4.991822603747277,0.20214550082632643,0.040862803504326334
642,688.3,0.0038993578268100015,0.5068852318423158,0.5068702331646403,0.2569174332683768,1.6449196,3.143,0.33160598453392526,0.019783251763635736,0.0871001722655973,3.2451519528817308,1.2733199385938354,4.13211668537103,4.960464155410063,0.5068702331646402,0.25691743326837674,0.005077228162380004,0.5054170214414495,0.5053915188415153,0.25542058731693373,1.4439616,2.5444,0.34300780154372684,0.5555884754344931,-0.25612397745289917,2.8569706573827314,1.2465226061940191,3.5612785096605624,4.209704833246841,0.5053915188415152,0.2554205873169337,-0.008467720389740002,0.20316366628273294,0.20298712522926882,0.04120377300884286,0.61330621,1.2137,0.13304115447011539,-0.12788642505882217,0.22499841496686201,3.0187790032617925,1.278547377181657,3.8596519769114215,4.609898436635748,0.20298712522926882,0.04120377300884286
643,689.2,0.0020938698316799982,0.50569133016451,0.505686995198294,0.25571933711267936,1.4639196,2.92,0.32801437653402116,-0.02273048484004494,0.19724029618263383,2.8948876768833713,1.282873213444028,3.7137738566028875,4.462973896048622,0.505686995198294,0.25571933711267936,0.002142631650580001,0.5010451147385595,0.5010405334231813,0.25104161613298615,1.4991616,2.6006,0.3437251362367565,0.5359616552187071,-0.20462163960198598,2.9920690889926114,1.2433637091828675,3.7202301206212565,4.36151285417597,0.5010405334231813,0.25104161613298615,-0.00871044834064,0.2006038616335573,0.20041466361521665,0.04016603739200045,0.71639379,1.416708,0.13598441292053567,-0.04764894886560837,0.4424987685491608,3.571186437620205,1.2578743215809425,4.492103717460578,5.268205190683394,0.20041466361521665,0.04016603739200045
644,690.1,0.004089633128699996,0.5148127093523124,0.514796465228289,0.26501540061154105,1.5049196,2.918,0.3369090188765543,-0.010745769730512042,0.1532926367266656,2.923237077603124,1.2788546581432694,3.7383953535498726,4.466842725131714,0.514796465228289,0.26501540061154105,0.0036228511588199982,0.49926792283683974,0.49925477836801274,0.2492553337232935,1.4185616,2.454,0.340072384862867,0.5362311583049395,-0.15153443104793585,2.8412832772026184,1.2472372135760672,3.5437542376384705,4.171351933124561,0.4992547783680128,0.24925533372329356,-0.0082832203666095,0.19955109201959337,0.1993791026827295,0.03975202658657039,0.61221621,1.21861,0.13126803270803178,-0.09735011526433031,0.30891480656742765,3.0679672248543155,1.2774073390857699,3.919043849103505,4.663863679298828,0.19937910268272951,0.0397520265865704
645,691.0,0.004446951830580003,0.5147985821048545,0.514779374836041,0.2649978047565852,1.5270804,3.04,0.3375926150752976,0.004697476312196803,0.061872081521461286,2.966364813508681,1.2739247112868688,3.778925438620573,4.523441366332601,0.514779374836041,0.2649978047565852,0.00355516316046,0.4997212025763363,0.49970855617974186,0.2497086411192422,1.5368616,2.4933,0.3443536069830094,0.6049807712752867,-0.24460700095611898,3.0754380484090675,1.238574470071032,3.8091590510445497,4.463033256613541,0.49970855617974186,0.2497086411192422,-0.0073302003667,0.2032948046905344,0.2031626091994946,0.041275045776746566,0.70439379,1.37765,0.13245350079689625,-0.1753210613936251,0.5132102438501311,3.4648882989029834,1.2855403398421328,4.454253681286771,5.318045848256704,0.2031626091994946,0.041275045776746566
646,691.9,0.0029637678339300014,0.5155771608502073,0.5155686422491064,0.26581102487058705,1.5599196,2.9699999999999998,0.3393346737103076,0.037696762518457036,0.13861882229557176,3.025579328276742,1.2744486335138396,3.8559454405100144,4.59699441540629,0.5155686422491065,0.2658110248705871,0.0016102744259599976,0.5019579119150109,0.5019553290387013,0.2519591523503509,1.4032616,2.5446999999999997,0.3550716479044703,0.5735566963790066,-0.3041416493015774,2.7955762160346094,1.2234903116072764,3.420360415678075,3.9520519542510426,0.5019553290387013,0.2519591523503509,-0.007895430344919999,0.20363169817446197,0.20347857548421086,0.0414035306810837,0.65039379,1.27216,0.1367503186287879,0.023468868859818467,0.28770086062407874,3.193971252171032,1.262967010880037,4.033880325191218,4.756067821425045,0.20347857548421083,0.04140353068108369
647,692.8,0.003284659837850001,0.5162993064603751,0.516288857967334,0.266554184861214,1.5790804,3.04,0.33862085181849644,0.028992071754661997,0.0525863227676,3.0584592701194944,1.2742500788689062,3.8972419661671025,4.663269823815812,0.516288857967334,0.266554184861214,0.004602616056340003,0.5048974769828926,0.5048764979568058,0.25490027818912847,1.4127616,2.4472,0.3453397355273228,0.5810121570487035,-0.22487830119218088,2.798115784697947,1.2417956352020418,3.4746879682278466,4.090932651705307,0.5048764979568058,0.25490027818912847,-0.0085973873727,0.20279056194645534,0.2026082351359956,0.04105009694492288,0.75881621,1.49021,0.13481200439304913,-0.09598521109709199,0.6286462246394926,3.7418714298960185,1.2763778526986311,4.776041820765037,5.628699116346083,0.2026082351359956,0.04105009694492288
648,693.7,0.003738242745979999,0.5108064822715984,0.510792803269444,0.2609092878718569,1.5139196,2.926,0.3401877090789154,0.007904516875941129,-0.013223719772749831,2.9637830617721903,1.263203851259794,3.743862177929175,4.450247788490227,0.510792803269444,0.26090928787185685,0.004464206060160003,0.5029272143058048,0.5029074007743863,0.2529158537536493,1.4315616,2.484,0.34256799115762104,0.5747799949214774,-0.2376883562906711,2.8464588101003803,1.2476682367893366,3.5514362446914145,4.1789123238350525,0.5029074007743863,0.2529158537536493,-0.010230807350039998,0.1997555213500502,0.19949335550538205,0.039797598890796745,0.71352321,1.329917,0.13538642373499818,-0.12941508001017582,0.4133654595284346,3.571982417195001,1.2606205880097485,4.502914575124845,5.270271496325448,0.19949335550538203,0.03979759889079674
649,694.6,0.0022758328281000002,0.5172816369492497,0.5172766305467837,0.26757511250983385,1.6209196,3.1159999999999997,0.334521980377831,0.016502804430144655,0.21538694964787686,3.133534005884357,1.2844069177545254,4.024732754176918,4.845480103188518,0.5172766305467837,0.2675751125098338,0.0007024921544600029,0.5022005594742893,0.502200068141236,0.2522049084410621,1.4493616,2.6128,0.3463753426223375,0.531316624305912,-0.24651135345597108,2.8860214761951126,1.2386824910152987,3.5748642712570122,4.1843671348750675,0.5022000681412361,0.25220490844106214,-0.008345310356479998,0.20245628426870171,0.20228421301461808,0.04091890283494338,0.61139379,1.2123,0.1353094143670909,-0.012667699090798828,0.1454645880696317,3.019880524867052,1.2644854229076634,3.818594902617131,4.518486705893979,0.20228421301461808,0.040918902834943385
650,695.5,0.003304650334959998,0.5226436749203139,0.5226332272448571,0.27314549022037443,1.5169196,2.9859999999999998,0.34185588853112797,0.00901662267111176,0.16099073223546423,2.902397317314288,1.2795792530896803,3.7138473914585086,4.437307213041836,0.5226332272448572,0.2731454902203745,0.0029827741605600016,0.5059351082905593,0.5059263156421961,0.2559614368592871,1.4258616,2.4703,0.3450205278451969,0.5542568880675183,-0.2597189037534182,2.818269727945279,1.2448110623667867,3.508213334079718,4.132686274944639,0.5059263156421961,0.2559614368592871,-0.0099817603771982,0.20217527827851564,0.20192871912327734,0.040775207606767436,0.74265621,1.40005,0.13473714258234623,-0.15524967407837512,0.40814271185565376,3.673328491611722,1.2722081434854304,4.673238420725486,5.5118892665110275,0.20192871912327737,0.04077520760676744
651,696.4,0.003017338851959999,0.5268083006495431,0.5267996595476423,0.2775178812995118,1.5019196,3.001,0.34763516641838993,0.010399392650367996,0.12642903989289778,2.850979375511293,1.2718675993833104,3.6260682942228777,4.320390297316446,0.5267996595476423,0.2775178812995118,0.0032212788557799987,0.49993861110094817,0.49992823308158785,0.2499282382320784,1.3487616,2.3802000000000003,0.34547926976906906,0.574657009474518,-0.2484780207850643,2.6978544366273334,1.2389686841160006,3.342557161284681,3.9040304817755387,0.4999282330815878,0.24992823823207838,-0.010151690375137998,0.20025069498408613,0.19999320994507994,0.03999728402413682,0.67195621,1.31535,0.13283679369311555,-0.06786166823812885,0.4710940707776259,3.3555749209929098,1.2744637487542334,4.276558593034314,5.058509704415013,0.19999320994507994,0.039997284024136825
652,697.3,0.003876906827879999,0.5179536937220949,0.5179391841073715,0.2682609984338096,1.6560804,3.143,0.3331935790532959,0.01970989437694202,0.20195664016775172,3.19735223451956,1.2877460973955646,4.117377862001551,4.970325072606222,0.5179391841073715,0.2682609984338096,0.0007468021531400002,0.49327511309893435,0.4932745477817709,0.24331977948931055,1.4230616,2.5345,0.3386181803431147,0.5906389091521285,-0.12629009325347562,2.8849247858052425,1.244600253019555,3.5905781183555905,4.202555215901407,0.4932745477817709,0.24331977948931058,-0.009686630379257998,0.20437747504554482,0.20414779327214866,0.04167632149788794,0.76804621,1.46044,0.13448163909816754,-0.08197123947866367,0.5389545471365915,3.757978758808149,1.2817645377256428,4.816843906566512,5.7111603870276255,0.20414779327214863,0.041676321497887935
653,698.2,0.004689861442820001,0.51960921249439,0.5195880473112207,0.26997173890868725,1.5849196,3.0,0.34167726721353325,0.03499198695995966,0.12625732352319385,3.050214587981563,1.2738338008824868,3.8854664421157628,4.638645154608706,0.5195880473112205,0.2699717389086872,0.0036197757575600004,0.4951414911278844,0.49512825960533685,0.24515199345980984,1.3898616,2.4823,0.3381097896593476,0.5843118004120406,-0.17918824363150687,2.806998857708389,1.2458390791928635,3.497068872182839,4.11068133046462,0.49512825960533685,0.24515199345980984,-0.00787782035531,0.20209305046672982,0.20193944882909245,0.04077954099339765,0.67638621,1.34078,0.1359435339812153,-0.04921973804717652,0.34799707181610895,3.346904846247309,1.2637807263784886,4.229753837710108,4.975493796516009,0.20193944882909245,0.04077954099339765
654,699.1,0.002477534840838005,0.510741492030112,0.5107354829089686,0.26085073350225735,1.5849196,2.942,0.33820732238429707,0.050493390106666966,0.15504683877702474,3.1031737674184448,1.2701149289360345,3.941387329080844,4.686236799447804,0.5107354829089686,0.26085073350225735,0.004671612164200001,0.5012050877091421,0.5011833157491539,0.25118471598531605,1.3253616,2.3928,0.34179609338220474,0.610154411516096,-0.19882957049270233,2.6443498529869873,1.2471938242309781,3.2980168057514656,3.877638234202836,0.5011833157491539,0.2511847159853161,-0.008460880409410001,0.19467162003834082,0.19448766837784293,0.03782545315104981,0.65226621,1.3036599999999998,0.12628057526807104,-0.13099133353628734,0.5761362530416534,3.350597328319019,1.2915826301477042,4.32757330987615,5.165214116386116,0.19448766837784293,0.03782545315104981
655,700.0,0.00012729833288000015,0.5159642567851592,0.5159642410816822,0.26621909807499616,1.5759196,3.092,0.341221655534953,-0.006128204191774944,0.09142068054369012,3.054319324015098,1.2688967552737713,3.8756158798127363,4.618463026707198,0.5159642410816822,0.2662190980749962,0.0021981072540599987,0.5079143797527877,0.5079096233427348,0.25797218548415873,1.6039616,2.7484,0.3506417409653535,0.5817990338778699,-0.13899867600722882,3.1579369750875745,1.2401297982722606,3.9162517438718667,4.574360130611163,0.5079096233427348,0.25797218548415873,-0.00847398036741,0.19735893736177249,0.19717693022587804,0.038878741813300775,0.76739379,1.44264,0.1275785102948269,-0.04237574357273004,0.5874269185436232,3.88831537227683,1.2901185360156662,5.016387735648994,6.015070941231366,0.19717693022587807,0.03887874181330078
656,700.9,0.0029808470308599964,0.5198166885969107,0.5198081418127617,0.2702005042948362,1.5179196,3.034,0.3381041216331578,0.046645297261132194,0.23869837308523856,2.92010555508937,1.2815301182089103,3.7422032171961757,4.48950338927527,0.5198081418127617,0.27020050429483616,0.0017750431522399986,0.5083258264927415,0.508322727311436,0.25839199510133654,1.5311616,2.6196,0.34977983430133514,0.5491387759330274,-0.21864390548008394,3.012165662650752,1.239268162905029,3.732881007118807,4.377501073091896,0.508322727311436,0.25839199510133654,-0.009606191369277999,0.20223673545654083,0.20200846085126162,0.04080741825549569,0.72045621,1.3728500000000001,0.13494874387038092,-0.059727201315794655,0.43428345475957064,3.5624398721310486,1.2704781647631895,4.526002070824266,5.338739652827021,0.2020084608512616,0.040807418255495685
657,701.8,0.004791211843840007,0.5210328947218592,0.5210108652142559,0.2714523216713075,1.5989196,3.088,0.3425090764180371,0.05196938282946512,0.1373276197743336,3.0687498163691656,1.2751978027046247,3.9132630228841805,4.668254683121146,0.5210108652142559,0.2714523216713075,0.003051257177760001,0.5053413587288726,0.5053321468812154,0.25536057867157824,1.5115616,2.532,0.34371130407649914,0.6060702793017069,-0.2121045022120871,2.9911693826172416,1.2461003125021077,3.7272971024260815,4.397765165336473,0.5053321468812154,0.2553605786715783,-0.010282640369339997,0.20288587619661166,0.2026251368095816,0.04105694606710166,0.72045621,1.41085,0.13354302903769735,-0.18414046556999453,0.6300493713015607,3.5510417161903565,1.2809051978468018,4.548547792039055,5.3949368618606455,0.2026251368095816,0.04105694606710166
658,702.7,0.0027422168299999993,0.5226905737210645,0.5226833803591932,0.27319791610371297,1.5849196,3.164,0.3441930844392563,0.02708147029077905,0.07361649614430288,3.0322329877060255,1.2705078837867734,3.852475916358828,4.604739815101396,0.522683380359193,0.2731979161037129,0.0007627241369200024,0.5087414919511959,0.5087409201986995,0.2588173238846196,1.4750616,2.5545,0.35452702063587266,0.6097525038184061,-0.16499779121722247,2.8994324688215216,1.2342253942134382,3.5785531818264844,4.160646478664331,0.5087409201986995,0.2588173238846196,-0.009849910371860001,0.20601780277584408,0.20578220118915272,0.04234631432625292,0.69039379,1.34162,0.1365116470621627,0.07124978252405233,0.4688846314569295,3.3511365556654202,1.2755764170294803,4.274630760652211,5.057398433451018,0.2057822011891527,0.042346314326252917
659,703.6,0.0014218375427600006,0.5154149792517887,0.5154130180885266,0.2656505792151238,1.5300804,3.0599999999999996,0.3391006955834578,0.0250774160118106,0.2097327540000573,2.968637819221258,1.276160625060881,3.7884586949567716,4.512171222082982,0.5154130180885266,0.2656505792151238,0.002597370149710002,0.5020704128052481,0.5020636942487853,0.2520679530827378,1.4801616,2.5476,0.34890007591687716,0.5416293145055358,-0.23562372978282342,2.9481155675551647,1.2347213699003432,3.640101292196241,4.242365370974117,0.5020636942487853,0.2520679530827378,-0.01005735138384,0.19929861840696825,0.19904469091655852,0.03961878898206831,0.71222721,1.398621,0.13220906649983338,-0.010310641297423342,0.37126203404526503,3.5736685767968064,1.273876206321184,4.55241136925914,5.387128347970732,0.19904469091655852,0.03961878898206832
660,704.5,0.0030380148317799916,0.5069397362194231,0.5069306329509987,0.2569786666241002,1.5029196,2.966,0.3337591163621531,0.0020928293914162545,0.23443899899849674,2.9646908549884876,1.276034215052964,3.783046968019936,4.503006888264955,0.5069306329509987,0.2569786666241002,0.003929778151279999,0.4957201995890591,0.49570462285951933,0.24572307312429828,1.4801616,2.5586,0.34258781589251064,0.5835644677835947,-0.22159431251757367,2.9858811507520184,1.2388865163842484,3.6991678971925586,4.3205319376110305,0.49570462285951933,0.2457230731242983,-0.011879410357157998,0.19810566814108374,0.19774917284072632,0.03910473535919145,0.67271621,1.3201100000000001,0.13380541666145246,-0.10277353954769572,0.3712946469074856,3.3957443838553663,1.2610793788676444,4.282303218385617,5.027570832218786,0.19774917284072632,0.03910473535919145
661,705.4,0.0034934218209000042,0.5178852426955493,0.5178734600322835,0.2681929206058092,1.5260804,3.045,0.33871823481597285,0.02524282096637388,0.15885181872916743,2.9467539798139053,1.2765515655064867,3.761683406093911,4.505456875769108,0.5178734600322835,0.2681929206058092,0.0012928221666999992,0.49973419047164025,0.4997325181906726,0.24973258973719095,1.4704616,2.4759,0.34233521416912266,0.5776919932942669,-0.16751790850938164,2.942487482419813,1.2441994222223633,3.6610412255232676,4.2953851638340454,0.4997325181906726,0.24973258973719095,-0.010220750370849999,0.20373637963518312,0.20347984826195498,0.041404048648708225,0.66614621,1.31554,0.1337889527724363,-0.015526860013488257,0.4749112716477488,3.269647822312454,1.2806592331356437,4.187304672746295,4.979082324779523,0.20347984826195498,0.041404048648708225
662,706.3,0.0032390909378800016,0.5207670544385319,0.5207569810175193,0.271187833278481,1.5529196,3.083,0.3412386554537831,0.0413322458301841,0.2183564366649775,2.9819851059401015,1.2779409611879302,3.810800912533185,4.550831434776666,0.5207569810175193,0.27118783327848095,0.0032732173758600043,0.5019470454861749,0.5019363729799927,0.2519401225203104,1.4988616,2.5012999999999996,0.34125144369554905,0.587723586572194,-0.22164718530170902,2.986095074129255,1.2455313164831718,3.719274928824126,4.392249843013777,0.5019363729799927,0.2519401225203104,-0.011630618357879999,0.20489622775929867,0.20456586437283159,0.04184719286660373,0.69951421,1.3659080000000001,0.1344614622654146,-0.15083459674707117,0.37286106130973007,3.413992622752199,1.278655222694595,4.365319497322918,5.202339750100464,0.2045658643728316,0.04184719286660374
663,707.2,0.002012767442000002,0.5215909887789086,0.5215871052303576,0.2720531083425841,1.5529196,3.083,0.3413653040197046,0.021457317646669194,0.1820044003935246,2.9772745952446846,1.277797207542654,3.804353163891344,4.54914304914351,0.5215871052303576,0.2720531083425841,0.004444261148839997,0.5048036411835112,0.5047840772993657,0.254806964694972,1.5349616,2.5484,0.34709745236713596,0.6016289250849411,-0.2422760734454794,3.040710238145837,1.2412021896528775,3.7741362056865353,4.422278497096033,0.5047840772993657,0.254806964694972,-0.011948760360816,0.20253375206516858,0.202180977966363,0.04087714785143497,0.76922621,1.39162,0.1339890619417451,-0.1588475041997802,0.538539946754927,3.7980149093988484,1.2749818693829806,4.842400149129775,5.740962723766506,0.20218097796636303,0.040877147851434974
664,708.1,0.0006882614241000029,0.5190770186444293,0.5190765623499113,0.2694404775810013,1.6099196,3.0620000000000003,0.34291429181060407,0.042938103456607195,0.05039706062617544,3.1015042896799945,1.269321380854921,3.9368057077040715,4.694816280475061,0.5190765623499112,0.26944047758100126,0.0004321343417600016,0.506547042339772,0.506546858013236,0.25658971936308145,1.4421616,2.6096,0.35051979777018966,0.5748025124706763,-0.18146124157044552,2.847043767817825,1.2379149241836285,3.5243979699856753,4.11435134099193,0.506546858013236,0.2565897193630814,-0.011799700342978,0.20236826630814855,0.20202396461900668,0.040813682280381666,0.66006621,1.3154599999999999,0.13447692745916154,-0.034506461012849536,0.43756958385891,3.261708083197735,1.2710052713450717,4.145648167333151,4.9083974661783625,0.20202396461900668,0.040813682280381666
665,709.0,0.0029475806419999987,0.5129386319694936,0.5129301628244283,0.2630973519350945,1.6169196,3.042,0.3451537421119201,0.06363782754523703,0.09711480427644892,3.1522671509292053,1.2609619885512495,3.9748890550804727,4.684635867212168,0.5129301628244283,0.26309735193509454,0.0012455611580999974,0.507348449205521,0.5073469202514672,0.25740089748864864,1.3751616,2.5436,0.34597075118105697,0.5800853792710666,-0.24067848111380075,2.710487441428914,1.2454457271636044,3.3757650024582513,3.9747914969850626,0.5073469202514672,0.25740089748864864,-0.010358470369576,0.19910696415393775,0.19883733368308898,0.039536285266200066,0.65999621,1.24839,0.13409197706277234,-0.1453860540173071,0.35626658650651466,3.314782146393081,1.2654650241770753,4.194740869027058,4.921966432719809,0.19883733368308898,0.039536285266200066
666,709.9,0.003819283030860001,0.5228033247700901,0.5227893739048168,0.2733087294677904,1.5429196,3.036,0.33980088685300464,0.024006941224805765,0.16643109047817584,2.95124289938003,1.2814482102510818,3.7818649314267527,4.540657954984843,0.5227893739048168,0.2733087294677904,0.004646305169159998,0.5092897407257809,0.5092685459134584,0.2593544518568082,1.4759616,2.5484,0.3477254945152789,0.5753956968676884,-0.24742623881813364,2.8980784060103586,1.244140863972928,3.6056177719150133,4.244617157155691,0.5092685459134583,0.25935445185680817,-0.012233190362226002,0.20110219934411566,0.20072977764796623,0.040292443634601965,0.71098621,1.38538,0.1341257632303917,-0.05464828912331359,0.40452118991269126,3.535447212008841,1.2702027301963272,4.490734701158624,5.300892184141524,0.20072977764796623,0.040292443634601965
667,710.8,0.0006989447238599964,0.5306357521356605,0.5306352918161881,0.2815738129208511,1.6069196,3.1109999999999998,0.3440910021611461,0.029187810725847748,0.1432486174054004,3.028291240333125,1.283061687336744,3.8854844685689005,4.6700424884909975,0.5306352918161881,0.28157381292085104,0.0022384541573200016,0.5041439264988269,0.504138956983727,0.2541560879486402,1.3759616,2.5084,0.34272124944321186,0.560299400915566,-0.21920017324931163,2.729303136816033,1.2465878934468468,3.4023162479013704,4.014812627566572,0.5041389569837271,0.25415608794864025,-0.010920370355255001,0.20179157930544894,0.20149587338179253,0.04060058698989137,0.68939379,1.3343,0.13362615614270915,-0.13596264794296908,0.41362080941663093,3.41636550133975,1.2729037388775533,4.348704420027654,5.159123108081818,0.20149587338179253,0.040600586989891364
668,711.7,0.0012387515309000014,0.5246236120812109,0.5246221495970043,0.2752283998477815,1.5489196,2.9450000000000003,0.3466136762170111,0.04124337301888741,0.0346938165657269,2.9524397383780543,1.2694471462894577,3.747966200475614,4.468720383180258,0.5246221495970043,0.27522839984778147,0.002065020763470003,0.49724568656335055,0.4972413986134947,0.2472490084951043,1.4389616,2.4624,0.338069076206556,0.5671901886047949,-0.2741193273689051,2.893864419307883,1.245783942086121,3.605129824148138,4.256412967865811,0.4972413986134947,0.24724900849510434,-0.011619110371460998,0.20059637166808358,0.20025958304304872,0.04010390060057573,0.69197621,1.31537,0.13146964725927976,-0.12948624700956066,0.5337926660276464,3.4495948468349025,1.2822619677457172,4.423284276228008,5.263391394329287,0.20025958304304872,0.040103900600575726
669,712.6,0.0037480629408999993,0.522680971792315,0.5226675332349904,0.2731813502979498,1.5289196,2.995,0.3474108816445009,0.08308607020791531,0.05737411515373614,2.9251487666696803,1.267750943632332,3.7083601092104392,4.400897268279913,0.5226675332349905,0.2731813502979499,0.0037148596459700006,0.495127432488861,0.495113496302436,0.24513737422082232,1.4389616,2.4634,0.34072883353413436,0.5382031641608455,-0.2751706535444489,2.9062449494401075,1.2386679051630205,3.599872343413587,4.223187057798102,0.495113496302436,0.2451373742208223,-0.01164411035444,0.2036291774103971,0.20329598271212496,0.04132925658688861,0.69939379,1.2812000000000001,0.13612718432055138,-0.011333125513870597,0.356007188840719,3.43464428278091,1.2668786826755742,4.351277624428672,5.137796638422141,0.20329598271212496,0.04132925658688861
670,713.5,0.0003736640349599978,0.5071409271120435,0.5071407894532366,0.2571917803272521,1.5399196,2.865,0.33599221302560894,0.059336231070608945,0.07474139860014306,3.036472738986382,1.2693188335546755,3.8542520351707648,4.583200265663981,0.5071407894532366,0.25719178032725204,0.0013949471556900012,0.49963438974625424,0.49963244244098554,0.2496325775395447,1.4399616,2.4434,0.3410864926892659,0.5828240392995921,-0.1825888931512356,2.8820305998778486,1.2456174982607617,3.589907745730808,4.221690482806141,0.4996324424409856,0.24963257753954476,-0.01022877038568,0.19948488530618,0.1992224679146828,0.03968959172201682,0.69446621,1.3438599999999998,0.12838051740712209,-0.116604892078569,0.5436259021880048,3.48129738718849,1.293895864894108,4.504436293749849,5.409436135840605,0.1992224679146828,0.03968959172201682
671,714.4,0.0004441605238999982,0.5041401161219712,0.5041399204634598,0.2541570594049036,1.4729196,2.819,0.33489573382138565,0.05851591751348319,-0.02866484613315734,2.9216472819704022,1.2638040186603852,3.6923895760623853,4.398143813876027,0.5041399204634598,0.2541570594049035,0.0007717169770200023,0.502981098135741,0.5029805061180237,0.2529893895347433,1.4034616,2.4899,0.3400061991206493,0.5803675909239877,-0.1852770299476565,2.790286961481888,1.2494698773583162,3.486379507557283,4.127752975180283,0.5029805061180237,0.2529893895347433,-0.0115335103643,0.1983571132519787,0.1980215203363889,0.039212522516334884,0.69522621,1.34862,0.13170795148784237,-0.09405341873084778,0.5502878700165978,3.5049219995293757,1.2739197966371731,4.464989520869617,5.278543946256537,0.19802152033638892,0.03921252251633489
672,715.3,0.0028450251401780056,0.5064987978265886,0.5064908074503734,0.2565329380317312,1.5089196,2.867,0.3349684395300425,0.0415283411024022,0.11077575098278558,2.9791178310291135,1.269058425097581,3.7806745828259283,4.504661997760146,0.5064908074503733,0.25653293803173116,0.0023634081603,0.5001836690566496,0.5001780853784378,0.25017811709283977,1.5570616,2.6455,0.34037195037248075,0.5646698362346964,-0.1675164798588038,3.1129796839161714,1.247416145878386,3.8831811195084263,4.574588470924392,0.5001780853784378,0.25017811709283977,-0.0101720503616,0.20496258847554652,0.20471001945688275,0.04190619206603731,0.73239379,1.40165,0.13739888982871712,-0.1301326325251668,0.3702653030846781,3.573304745257839,1.2667413874982547,4.526453010962013,5.330419997665263,0.20471001945688275,0.04190619206603731
673,716.2,0.0024669549969999986,0.5184345577340332,0.5184286882358319,0.2687683047859254,1.5309196,2.931,0.32999344865022484,0.07218616469801989,0.11885143131462472,2.952965957152476,1.2887042735649674,3.80549984867426,4.639242403938424,0.5184286882358319,0.2687683047859254,0.0006213691613800019,0.5035156762298247,0.5035152928258912,0.253527650109543,1.4982616,2.5656999999999996,0.343163184805174,0.540416777562254,-0.25501678950524775,2.9756007026802744,1.2436393863949164,3.700574232037579,4.366032448529165,0.5035152928258912,0.25352765010954303,-0.010846780379380002,0.20108189796067144,0.20078913576901355,0.04031627704286736,0.67690621,1.3083,0.13124660688352746,-0.11752433438048943,0.44484526453648865,3.3663209710323727,1.2848343474611053,4.325164808161013,5.15751398130017,0.20078913576901358,0.04031627704286737
674,717.1,0.001296361840839998,0.5217002660681701,0.5216986554147682,0.2721694870615771,1.5979196,3.115,0.3437453076164133,0.07717717648394405,0.10397701027874362,3.062907389415058,1.2716788706373054,3.895034609837998,4.648556837270705,0.5216986554147682,0.27216948706157706,0.0007343461572800027,0.5047002275887517,0.5046996933463096,0.25472178046385896,1.4587616,2.5132000000000003,0.3439907120739844,0.5806771529879571,-0.1863321773296085,2.8903525702164985,1.2451996135592573,3.5990659034835906,4.2407005445142785,0.5046996933463096,0.25472178046385896,-0.009504730375169999,0.20018317413732079,0.19995740373436593,0.03998296330818822,0.69539379,1.3723,0.13245797851855176,-0.15189544854411163,0.47072494290851097,3.4737874099397423,1.276445741372671,4.434101145851585,5.249919995590185,0.19995740373436593,0.03998296330818822
675,718.0,0.0010332808370339993,0.5104970021611184,0.5104959564445156,0.2606061215462008,1.4119196,2.731,0.33518351089016485,0.04917326102477557,0.02554894515632311,2.7657745178185844,1.272092796857392,3.5183218418487483,4.212377859072749,0.5104959564445155,0.2606061215462007,0.0035740278746799986,0.5022160384924599,0.5022033210202924,0.25220817564381093,1.5047616,2.6062,0.34242970446995946,0.5719058489542991,-0.16195081899185704,2.9962436176211287,1.2452125261926204,3.7309600841865214,4.394366435964404,0.5022033210202924,0.25220817564381093,-0.011235160373239999,0.19528248731176032,0.19495902395645964,0.03800902102205541,0.63999621,1.23139,0.1289074107088318,-0.1428557661318713,0.3859501039175708,3.277284198957753,1.2757018251767223,4.180837434233237,4.964774379384474,0.19495902395645964,0.0380090210220554
676,718.9,0.0023196977308600026,0.5122080193741883,0.5122027666009491,0.26235167411366633,1.6159196,3.097,0.3394862158996152,0.048188493651799495,0.10156917863867365,3.154811207318304,1.2692869084711662,4.0043605641472375,4.759897528439922,0.512202766600949,0.2623516741136663,0.001361938168020001,0.49789083183898236,0.49788896910228914,0.24789342555374025,1.4516616,2.4371,0.33785502194740813,0.5585773511543944,-0.1676914454750782,2.9156222753454246,1.2477465001162584,3.637957489723256,4.296699784518732,0.4978889691022892,0.24789342555374028,-0.012148070361592999,0.20110119566395077,0.20073394153446097,0.0402941152839604,0.67939379,1.30176,0.13380695283801106,-0.022347862992813956,0.25549972077943517,3.378367730519603,1.268034171361247,4.283885725723001,5.077417694598318,0.20073394153446097,0.040294115283960395
677,719.8,0.0030674814170800016,0.5041650354199044,0.5041557036250897,0.25417297349770923,1.5399196,2.88,0.3344392681866655,0.06449181032520908,0.15073175815097217,3.054395866062877,1.2706880044320787,3.881184187793028,4.604482028529324,0.5041557036250897,0.25417297349770923,0.0016064249709800027,0.4948511066378177,0.4948484991787743,0.24487503713948544,1.4181616,2.4146,0.33434799526173303,0.5978999692887856,-0.17006030318382015,2.8658349571762294,1.2521633965387857,3.588493633897373,4.241573510527078,0.49484849917877444,0.24487503713948552,-0.011364600379313004,0.19879861270237684,0.19847351024912152,0.039391734270608145,0.68480621,1.3081999999999998,0.13087614146233859,-0.15755987813165528,0.5047156411651974,3.4447232839860376,1.2806859798849008,4.411608814383992,5.232475547860359,0.19847351024912152,0.039391734270608145
678,720.7,0.0031596705250300037,0.5187777214266761,0.5187680991838522,0.2691203407308272,1.6319196,3.089,0.33980776283524683,0.05114939330553645,0.10844036333517648,3.1457010056486303,1.2765020006924224,4.015493627290642,4.802478867415467,0.5187680991838522,0.2691203407308272,0.003057612047400001,0.4999600705214818,0.49995072069596286,0.24995072312441266,1.5602616,2.6847000000000003,0.3434642975882624,0.5949894727050955,-0.1575778402745489,3.1207724216307398,1.2421488621526209,3.8764639125659026,4.542718445427501,0.49995072069596286,0.2499507231244127,-0.0118420403726,0.1982555674681429,0.1979015818833419,0.03916503611192908,0.65793621,1.29633,0.131686598825133,-0.05705256062131251,0.44130823061033286,3.3186266514594696,1.273322483806246,4.225681930661977,4.996227527097691,0.1979015818833419,0.03916503611192908
679,721.6,0.0018742245228599993,0.5231674450914717,0.5231640879169517,0.27370066288597594,1.7179196,3.149,0.34037773885380235,0.03665220666075117,0.14482865970042846,3.283689794000151,1.279361438183457,4.201026097400373,5.047097397688143,0.5231640879169516,0.2737006628859759,0.001485470163880001,0.49922514504072335,0.4992229349892926,0.2492235388193235,1.3978616,2.4743,0.34137664339245516,0.5601603623424818,-0.17256470918952393,2.800062484604961,1.245124842410238,3.4864273598825717,4.09477809058244,0.49922293498929265,0.24922353881932355,-0.0123595203808562,0.19935548626984054,0.19897198838489746,0.03958985216183977,0.74839379,1.4093,0.13136161202519528,-0.041176121435786105,0.5207042898504675,3.754066687620528,1.2791160139406683,4.801886817536618,5.69720315137772,0.19897198838489746,0.03958985216183977
680,722.5,0.0019462537408400026,0.5192901526099791,0.5192865054033964,0.2696584746940716,1.7119196,3.112,0.3407351014648329,0.10228151309891581,0.25327116459371934,3.2966533091294026,1.2785588484778954,4.214965258751333,5.024195020238285,0.5192865054033964,0.26965847469407167,0.0012780487630400011,0.4937557903104587,0.49375413624238623,0.24379314705646493,1.4092616,2.5446999999999997,0.3342474561091853,0.6001583998182184,-0.22990326102008973,2.854167237439178,1.2490693260785237,3.5650527477835556,4.216222365323404,0.4937541362423863,0.24379314705646496,-0.012065330360139999,0.19394312381700607,0.19356746389618074,0.03746836307919923,0.72199621,1.31839,0.1293980006467468,-0.19065633668157225,0.42407163314430996,3.722721361759829,1.2697897698874445,4.727073501304088,5.579655067245057,0.19356746389618074,0.03746836307919923
681,723.4,0.0037224652387500014,0.517488925822599,0.5174755372011064,0.2677809316015737,1.5639196,3.024,0.34027029177621854,0.06788570705041125,0.09338150565133319,3.022131531634223,1.2720592041783347,3.844330231052882,4.596109733342587,0.5174755372011065,0.2677809316015738,0.003317348165040001,0.5065006842287211,0.5064898205544851,0.25653193832531457,1.4479616,2.6254,0.3422761014976921,0.606795772649953,-0.08192326973094177,2.8587554668458104,1.2539264735345317,3.584669161239531,4.230390593045139,0.5064898205544851,0.2565319383253145,-0.014547450376939998,0.2020095174262831,0.20148502876970847,0.04059621681833025,0.67039379,1.31154,0.13300278573985275,-0.015176333397859001,0.4726764934849701,3.318624778382725,1.2792600233907585,4.245384011619036,5.040449237741975,0.20148502876970847,0.040596216818330255
682,724.3,0.0023704968419599997,0.5115983979628348,0.5115929060716746,0.26172730154286133,1.6979196,3.108,0.3365968054076404,0.05051093831085494,0.12785810462862246,3.31885245685102,1.2737440330325929,4.227368513429547,5.044372295642289,0.5115929060716746,0.2617273015428613,0.002175617857159996,0.5130380267421479,0.5130334136977986,0.26320328357041656,1.4479616,2.5814,0.34786523314664325,0.5739807327083738,-0.18641912478963407,2.8223280235087587,1.249744020287472,3.52718757066983,4.162421139078331,0.5130334136977986,0.26320328357041656,-0.01370530039074,0.19979757453359825,0.19932695635740877,0.039731235530708335,0.66539379,1.29859,0.1276345492536033,-0.0666820679676218,0.4832439642340809,3.330339677812787,1.2981530960790773,4.323290763747666,5.213273317382872,0.19932695635740877,0.039731235530708335
683,725.2,0.0006212438228679993,0.5148447384343384,0.5148443636183996,0.2650647187496349,1.6509196,3.2279999999999998,0.333156135247495,0.07074794324743633,0.3038450195340121,3.2066358588426223,1.2873877152332753,4.1281836119004955,4.955393058493625,0.5148443636183996,0.2650647187496349,-0.0007739011295600002,0.507476711254056,0.5074761211547536,0.2575320135422742,1.3370616,2.4615,0.3418241905732508,0.5890676599848886,-0.24298518616423337,2.6347250432357914,1.2519164893755272,3.298455726597536,3.9115476226468995,0.5074761211547536,0.2575320135422742,-0.012176030374797999,0.19714591339421045,0.19676954909830313,0.038718255452349526,0.64716621,1.22156,0.12865013093109962,-0.17432341815462468,0.38194280562298966,3.2826762617490055,1.2807652491321193,4.2043376801990595,5.030435688764273,0.19676954909830313,0.038718255452349526
684,726.1,0.00203028786196,0.5213029192983867,0.521298965661949,0.27175261160021785,1.5409196,3.011,0.33614633204187355,0.032896848053133296,0.13447504000061095,2.9559005771038063,1.2843036756758617,3.796273976106819,4.5840738188035575,0.521298965661949,0.27175261160021785,0.0019087001692600046,0.50155824815306,0.5015546163221214,0.2515570331540304,1.4560616,2.5575,0.33684341839960474,0.5695009534274941,-0.11024913568640748,2.9030757750706058,1.2573854409087815,3.650285213428756,4.322666023631912,0.5015546163221214,0.2515570331540304,-0.013286470362140002,0.2004767750600449,0.200036014366893,0.04001440704379182,0.68666621,1.28306,0.1321899487080886,-0.06279621735457563,0.33261920267405554,3.4251658816555497,1.2749812767579065,4.367022368900813,5.1945417689535995,0.200036014366893,0.04001440704379182
685,727.0,0.003159715136060001,0.5159341335942477,0.5159244580439135,0.26617804640790593,1.5299196,3.0389999999999997,0.33805283774732475,0.06336613291716223,0.1566099124011533,2.965338984923981,1.2769085430591314,3.7864666829157243,4.525681873268367,0.5159244580439135,0.26617804640790593,0.0030583571494000004,0.4975456142396888,0.4975362144615163,0.24754228470069592,1.4366616,2.4521,0.3408681355900399,0.5547164126130268,-0.2299675357563915,2.887497264337053,1.242874433554094,3.588796526801911,4.214713697169584,0.49753621446151636,0.24754228470069597,-0.013249670371771001,0.20117848426129628,0.20074169662706362,0.04029722876471205,0.66995621,1.26235,0.1348304288176153,-0.11696155090316165,0.33709773689035494,3.3301583539611626,1.268360367051983,4.223840872171407,4.968879917353431,0.20074169662706362,0.04029722876471205
686,727.9,0.0019888378268780047,0.5236297654842103,0.5236259884928816,0.27418417582514737,1.6259196,3.059,0.33701373942438584,0.05673244742757222,0.15340651270344763,3.1050939178304384,1.285468308916394,3.991499827580074,4.824490546815822,0.5236259884928816,0.2741841758251473,-0.00016456602951999777,0.5040580972550687,0.5040580703911229,0.2540745383264223,1.3856616,2.4451,0.3437071220879477,0.5902603542589316,-0.2534828987688589,2.7490116864421945,1.244611878919747,3.4214526002351615,4.031518438088802,0.5040580703911229,0.25407453832642224,-0.0109261403622,0.2048240131521919,0.20453238330532106,0.041833495820554775,0.70439379,1.3667,0.1333452126067251,-0.014814811361897783,0.40747421354292745,3.439019571775547,1.2830239301334665,4.412344406785373,5.282482784571111,0.20453238330532106,0.041833495820554775
687,728.8,0.0017638571329780027,0.5183136444020888,0.518310643129571,0.2686459227813895,1.6340804,3.221,0.33933502567393076,0.032084473608824805,0.18224501144303007,3.1526864431381627,1.2773599050756357,4.027115255740207,4.815537083903029,0.518310643129571,0.26864592278138943,0.0022056150586800003,0.5052420475736089,0.5052372332860929,0.2552646618985859,1.5266616,2.6140999999999996,0.34182340489384416,0.61966799790715,-0.06606980597131829,3.02164399683615,1.253112343452285,3.786459389953877,4.466228988837427,0.5052372332860928,0.2552646618985858,-0.013555478355778203,0.20390240302223214,0.20345131841496333,0.0413924389647868,0.70291421,1.3803079999999999,0.13575123055408694,0.005444848484313199,0.5344692426665376,3.4473071409725318,1.2744678655943704,4.393482174003494,5.177958292760669,0.20345131841496336,0.04139243896478681
688,729.7,0.0034690607297580035,0.5097665598361222,0.5097547558824812,0.259849911144808,1.6269196,3.038,0.33598306839950476,0.07480185503208012,0.13269805720050654,3.19149926296267,1.2721138051568819,4.059950271562826,4.842266628940632,0.5097547558824812,0.259849911144808,0.0026099431682799984,0.49980372305541526,0.49979690853056763,0.24979694977671257,1.5013616,2.5278,0.3376398579839995,0.6064746304626134,-0.13947264700730777,3.0039023935672806,1.2519080216896719,3.760609502879684,4.446636155353284,0.4997969085305677,0.24979694977671263,-0.01313640838685,0.19995910047547438,0.19952713258515684,0.03981107663765475,0.79733621,1.44173,0.13163085836803756,-0.18207584570581856,0.6295547323570339,3.987496483551124,1.2822662914235647,5.1130323280276055,6.057365422404692,0.19952713258515686,0.03981107663765476
689,730.6,0.00245525172888,0.5151930779523634,0.5151872274319094,0.26541787930897787,1.6219196,3.043,0.339804346747255,0.03392146017047676,0.07111193236155522,3.1481781673898355,1.2702003294252227,3.998816945307863,4.77309844775581,0.5151872274319094,0.26541787930897787,0.002192788141500001,0.5050469315967182,0.5050421713039681,0.2550675947954266,1.3215616,2.351,0.35152709965426837,0.5659222495983728,-0.3200226629816436,2.6167104823740845,1.2332274446940168,3.2269991816822405,3.759487110096984,0.5050421713039681,0.2550675947954266,-0.014025740361360001,0.19901951174433663,0.19852467016033515,0.039412044662269864,0.64839379,1.28083,0.13345714163727976,-0.042227955041880205,0.26090465134955343,3.2579408135265457,1.2635449250305224,4.116554580981278,4.85844205896643,0.19852467016033512,0.03941204466226986
690,731.5,0.0029225699360100003,0.518560877998631,0.5185526422415377,0.26889684277568027,1.5569196,2.931,0.3382223030655694,0.05727926486230852,0.23473261200584394,3.0023853824239133,1.2822831309125495,3.849908128380608,4.603243446361868,0.5185526422415376,0.26889684277568016,0.002336716161279999,0.5102896070424879,0.5102842568737138,0.2603900228131583,1.5686616,2.7441,0.35038828856280035,0.5435723751246233,-0.2515797713910679,3.074061431686947,1.2392318733195096,3.8094749066886684,4.476923605050366,0.5102842568737138,0.2603900228131584,-0.01490328437256,0.20095453911472552,0.20040114497108633,0.04016061890572236,0.71004021,1.358434,0.13153061694935364,-0.06476437061387634,0.3739449745832961,3.5333375057262875,1.2801183279530388,4.5230900999240955,5.398288447726232,0.20040114497108633,0.04016061890572236
691,732.4,0.0018352104360800023,0.5282237663788852,0.5282205783289311,0.27901697937015046,1.5669196,3.074,0.3463184109696436,0.0331933922372601,0.0606503036514594,2.966393600086667,1.2747548341397916,3.781424581671819,4.524505629408619,0.5282205783289311,0.2790169793701504,0.0021833201688399974,0.5080207291325797,0.5080160374844855,0.25808029434143825,1.4218616,2.3593,0.3450690321991941,0.5999248516948296,-0.22835957340019108,2.798825950326394,1.2465838594874321,3.4889712551914562,4.12051348374611,0.5080160374844855,0.25808029434143825,-0.014428064380460001,0.1987862746993474,0.19826198316136584,0.03930781396707771,0.71004021,1.365434,0.1309486731628684,-0.20242180578744845,0.45488371168143926,3.571877440099394,1.2794456613622776,4.570023093652968,5.422278766558269,0.19826198316136584,0.03930781396707771
692,733.3,0.0028319640216200046,0.5209190159890106,0.5209113179791156,0.2713486011987393,1.6099196,3.032,0.3369606206457426,0.048634949640979364,0.1564638704208665,3.090537205564335,1.282306901761623,3.963017188846227,4.777767790535261,0.5209113179791156,0.2713486011987393,0.0007225971492000016,0.4995871881488005,0.4995866655704343,0.24958683641578494,1.4581616,2.6006,0.3439343269334653,0.619872306867854,-0.12101143151711913,2.918732975125237,1.242618650650302,3.6268720311586637,4.239651252612781,0.4995866655704343,0.24958683641578494,-0.0137892303542295,0.2019857909538374,0.2015145574728667,0.0406081168734853,0.67480621,1.3401999999999998,0.13302807077771014,-0.058470439726196276,0.35131681131586534,3.3408598041147495,1.274211649291941,4.256962481054207,5.0726602742935425,0.2015145574728667,0.0406081168734853
693,734.2,0.0051688722209399995,0.519066466879051,0.5190407303846823,0.26940327979826456,1.6579196,3.209,0.3390036026668907,0.05295994169081667,0.1383547698941907,3.1940410444320153,1.2774599508911015,4.0802595157642845,4.890566315394273,0.5190407303846823,0.26940327979826456,0.0034194361609399997,0.5010477244713141,0.5010360562416871,0.2510371296542231,1.4329616,2.5584,0.34177192043269283,0.5817232126415834,-0.19211311546778242,2.859930361947068,1.2456203621658293,3.562387493217558,4.192742335841489,0.5010360562416871,0.2510371296542231,-0.014336253392780001,0.20245689592149194,0.20194867304546427,0.040783266544823824,0.72234621,1.35474,0.13024333712501884,-0.09553168613129352,0.5943153018549134,3.5679012399760834,1.2961206166757413,4.624430355395943,5.546127932107801,0.20194867304546427,0.040783266544823824
694,735.1,0.0021779358408800017,0.5181552904333177,0.5181507132094954,0.2684801615995087,1.5699196,2.92,0.34855929651897566,0.07521198528052943,0.014494062733585,3.0298245120437226,1.2573754208206815,3.809626870843792,4.504024467798216,0.5181507132094954,0.2684801615995087,0.002511941163080005,0.5046491510867076,0.5046428993299399,0.25466445584412783,1.4329616,2.4804000000000004,0.3437683228008945,0.5700257567779508,-0.25749130828421585,2.839520480544298,1.244866746642375,3.534824622639574,4.168393377041753,0.5046428993299398,0.2546644558441278,-0.014696120376540002,0.20057965663386904,0.2000405526418057,0.04001622270123904,0.66597621,1.3223699999999998,0.13362237736537178,-0.0711736449537829,0.5299947504356135,3.3202580021145875,1.2741729135659465,4.230582812344993,4.984017072073047,0.20004055264180576,0.04001622270123906
695,736.0,0.00026133984396000363,0.5097165392674469,0.5097164722708779,0.25981088210426867,1.4439196,2.878,0.3414682096826175,0.048428762754543525,-0.015209725730564116,2.8327893814769456,1.2610725835566166,3.572353023970882,4.228562305527861,0.5097164722708779,0.2598108821042686,-0.0005616278447199982,0.4986917236367897,0.4986914073833599,0.24869311979799621,1.4077616,2.5102,0.34304109155282747,0.5754762194438826,-0.20567768692370958,2.822909491526492,1.2396855718856707,3.499520167384507,4.103769591064306,0.49869140738335993,0.24869311979799627,-0.014986360372676399,0.19609649590914616,0.19552300302170597,0.03822924471062605,0.63585621,1.23725,0.12984963180135897,-0.0629185791860662,0.3901143477638329,3.242567936015541,1.2731172517121545,4.128169179190059,4.896865714434358,0.195523003021706,0.038229244710626054
696,736.9,0.002240586621899996,0.520777674089082,0.5207728541324171,0.27120436560122385,1.6899196,3.135,0.3390225892922641,0.0732436132993836,0.17085685851570354,3.2449924105443304,1.2795620311152036,4.152169079789524,4.984681414674574,0.5207728541324171,0.27120436560122385,0.003188781170300002,0.4960750382492301,0.4960647893658882,0.24608027524862303,1.4310616,2.4755000000000003,0.33750911485879986,0.5694057446108752,-0.23345775623865705,2.8847684113487464,1.2466478538650747,3.5962903489056752,4.240068007048338,0.4960647893658882,0.24608027524862303,-0.01449388037091,0.19744319106475858,0.1969104901462299,0.0387737411296285,0.62809621,1.24649,0.1305109492292262,-0.08450330710021055,0.35328941827617655,3.1811490009498145,1.2726091967446074,4.048359474823654,4.8125939908446105,0.1969104901462299,0.0387737411296285
697,737.8,0.005550405443956,0.5227237536096498,0.5226942850148351,0.2732093155871696,1.4939196,2.854,0.3436767594565347,0.10123553787658462,0.10882289307272952,2.857952388204654,1.2755578344198653,3.6454835591734107,4.346874087041484,0.522694285014835,0.27320931558716954,0.004654149158580001,0.5016901388234919,0.5016685502284792,0.2516713342883442,1.3864616,2.5169,0.34326410598286594,0.5868223900174147,-0.23795312533961344,2.7635815271381974,1.2439032333638398,3.4376279972717825,4.039052076331003,0.5016685502284792,0.2516713342883442,-0.014837030360416002,0.20258913149980373,0.2020450908384781,0.04082221873192887,0.69539379,1.38292,0.13329819304285204,-0.10370791190480967,0.5265493013881626,3.432532559135206,1.2787996839627127,4.389521551813822,5.216828331472192,0.2020450908384781,0.040822218731928865
698,738.7,0.0023934004521800026,0.5174713179075147,0.5174657829182676,0.26777083649121564,1.5849196,2.9770000000000003,0.3483326898969226,0.07865335871569369,0.03028551646863331,3.062816324601136,1.2593298041762735,3.857095882287842,4.550016825779412,0.5174657829182676,0.26777083649121564,0.00033929815446,0.5071048583310686,0.5071047448207673,0.2571552222197355,1.4379616,2.4134,0.34979400005777417,0.5834187828401503,-0.30642235614972924,2.835629705328542,1.2373227236856434,3.50858907036103,4.110881260863529,0.5071047448207673,0.2571552222197355,-0.013418720349197999,0.205153051640441,0.20471373315333652,0.04190771254157547,0.69539379,1.3367200000000001,0.1353770223289305,-0.07760212008545431,0.42996556506414274,3.389634150891274,1.2746719992579914,4.320671739869745,5.1367194966836855,0.20471373315333655,0.04190771254157548
699,739.6,0.0013635059509499996,0.5194620209868998,0.519460231489684,0.2698389320993161,1.5129196,2.975,0.3476517101424159,0.03602376410176632,0.028554727404928926,2.912473942032721,1.2617337788241125,3.6747667526077046,4.351825565248135,0.519460231489684,0.2698389320993161,0.0008623191673000011,0.5049314035830127,0.5049306672504306,0.25495497872996503,1.4379616,2.5023999999999997,0.34535601838156316,0.5615429959846717,-0.20862290080659518,2.8478355471578296,1.2432647969379576,3.5406136832498762,4.163707951981547,0.5049306672504306,0.25495497872996503,-0.01513416035578,0.20256309908157896,0.20199694626369752,0.04080276629985911,0.63756621,1.26996,0.13469259481244567,0.016469234377367734,0.35346850222596427,3.1474943506034667,1.268793202471484,3.993519436863076,4.733491183296207,0.20199694626369752,0.04080276629985911
700,740.5,0.004063460837889999,0.5069094069329931,0.5068931200195734,0.2569406351231777,1.5209196,2.888,0.33658775616363923,0.05282474155740646,0.06503639662396399,3.000377541230056,1.2668687103777698,3.8010844263045453,4.518642084118392,0.5068931200195735,0.2569406351231778,0.004849684178020002,0.4999691445281141,0.499945623086699,0.24994562604354767,1.4853616,2.5038,0.33664579322042093,0.5441267005217599,-0.2755858875111734,2.9709065374462837,1.2509066018273707,3.716326601103651,4.412238708794589,0.49994562308669893,0.24994562604354761,-0.01667818139264,0.1967590300288533,0.1960508968694849,0.0384359541633294,0.69829721,1.264691,0.12867089393306883,-0.20327321620350775,0.47003186921746476,3.5489970137462037,1.2850509897569513,4.560642125159024,5.4270020876923075,0.1960508968694849,0.0384359541633294
701,741.4,0.003799948326779999,0.5103329245977702,0.5103187771591666,0.26042525432122715,1.6269196,3.0759999999999996,0.3362143948338947,0.054029908985856155,0.05353413044293287,3.1879573540787933,1.2710190477887537,4.051954520572383,4.838934992071867,0.5103187771591666,0.26042525432122715,0.00234439414658,0.5017265751202775,0.5017210978203018,0.2517240599980089,1.4713616,2.5378,0.343911016005484,0.5795461772609805,-0.1473395713950052,2.932596503677874,1.244500809744129,3.6496187234799153,4.278320645525754,0.5017210978203019,0.25172405999800895,-0.013608871355680001,0.2003073364154436,0.199844508661795,0.03993782764227426,0.69829721,1.3846910000000001,0.1331783089076032,-0.1038516704802057,0.45038887467809463,3.4861289780805134,1.2716668967191298,4.4331948191182775,5.243325401319418,0.199844508661795,0.03993782764227426
702,742.3,0.0030667837507400023,0.5134274984128777,0.5134183391386908,0.2635983909639318,1.6189196,3.004,0.3420759396628002,0.08858129714704743,0.15994968031052625,3.153161069487809,1.2685523059188737,3.9999497456323825,4.73263217984826,0.5134183391386908,0.2635983909639318,0.0030044631569800004,0.4952685633193285,0.49525945020113454,0.24528192301353005,1.5531616,2.5906000000000002,0.34246635217456467,0.5604303570964702,-0.22130436485847804,3.1359987591188703,1.235625794910848,3.8749209595756877,4.535223942842449,0.4952594502011345,0.24528192301353002,-0.013806070379219998,0.19953683724429452,0.199058639194937,0.039624341838140106,0.73487621,1.33427,0.1302313815217725,-0.09976396518718646,0.4626218253248493,3.6829099836852945,1.2834263351126538,4.726743662911021,5.642850451349478,0.199058639194937,0.039624341838140106
703,743.2,0.002770368548108002,0.5282544885096123,0.5282472240236192,0.2790451296886598,1.5589196,3.016,0.3492980793273267,0.09591946412186278,0.17475035208457168,2.9510768652401773,1.2733385838922764,3.7577200365421857,4.463006504364826,0.5282472240236192,0.2790451296886598,0.003027182170439998,0.49441366081497334,0.4944043933548432,0.24443570416857052,1.3727616,2.3912,0.3402182299069138,0.5860540210080083,-0.25558893755555046,2.776544640245559,1.2393329055475115,3.4410631363778985,4.034944277899505,0.49440439335484315,0.2444357041685705,-0.014995760361258,0.20265704048075728,0.20210146765327316,0.040845003227607014,0.72837621,1.36877,0.13428722820382943,-0.19366550652958242,0.5188505864805992,3.5941322752572264,1.2756880280803395,4.5849915148827955,5.424017009975257,0.20210146765327316,0.040845003227607014
704,744.1,0.003132698935819999,0.5208922562665017,0.5208828359965266,0.2713189288357844,1.5769196,3.1029999999999998,0.3443795945567717,0.10212273050171317,0.13075948712242536,3.0273431425196846,1.2705055352355898,3.8462562196287644,4.579015786430522,0.5208828359965265,0.27131892883578435,0.0004829768635000007,0.4966582627454231,0.49665802790919533,0.24666919668665105,1.4824616,2.5229,0.33828458694739805,0.6315054215182411,-0.08435801856249592,2.98487251939646,1.2461845479584128,3.7197020112975667,4.382291293190124,0.49665802790919533,0.24666919668665105,-0.015860100363218,0.2000597425071483,0.1994300824562211,0.039772357788495145,0.66875621,1.31915,0.1344203317954613,-0.021354598038678275,0.5128999961898519,3.3427825189573297,1.2662301570314551,4.232732033901343,4.975112031545963,0.19943008245622107,0.03977235778849514
705,745.0,0.003877887649879996,0.5144692272692153,0.5144546119866732,0.26466354779435847,1.5929196,3.042,0.34387778697660204,0.06740964842907564,0.11188084003939158,3.096238833282919,1.2672080746174204,3.923578850480136,4.632225925393619,0.5144546119866732,0.26466354779435847,0.0014737891493000002,0.5059935255886544,0.5059913792577693,0.2560272758831797,1.4124616,2.3629000000000002,0.3490480728940584,0.5574637914357872,-0.27211436177836434,2.791461804490075,1.2372174276545453,3.4536451931471257,4.046610509231215,0.5059913792577693,0.2560272758831797,-0.016646330367319998,0.20477795127371667,0.20410024256027412,0.041656909013162734,0.63490621,1.2563,0.1346230620135301,-0.07468754010432486,0.311541353352617,3.100461773598623,1.2774145133198573,3.960574867588307,4.71617715793888,0.20410024256027412,0.041656909013162734
706,745.9,0.003982629236800006,0.5146903595335661,0.514674950683588,0.2648903048611537,1.5929196,3.133,0.3389513865384965,0.016929589532101125,0.23352131806513388,3.094908561029918,1.275523445128129,3.9476284301214206,4.699551803777867,0.514674950683588,0.2648903048611538,0.0022069751502599997,0.5071202334819819,0.5071154311076581,0.25716606046750595,1.4536616,2.5301,0.3524792839933015,0.5799874237185101,-0.32914557780856946,2.8665028607099523,1.2320507420657867,3.531676976671397,4.124105063796105,0.5071154311076581,0.25716606046750595,-0.015282227355480002,0.20120366884400756,0.20062245607943413,0.040249369883344474,0.71704321,1.373437,0.1354415246784921,-0.12236882074927899,0.39847014193716745,3.5637680670521017,1.2633973194276253,4.502455022975395,5.294116495676642,0.20062245607943413,0.040249369883344474
707,746.8,0.001786792750957996,0.5275440311971705,0.5275410052530763,0.2782995122234263,1.7449196,3.197,0.3467850812733503,0.030544011893609547,0.21288550329211464,3.3076283623950875,1.277498862968289,4.225491472081388,5.03170319090106,0.5275410052530763,0.2782995122234263,-0.002205871842459998,0.5064810508597322,0.5064762472311938,0.25651818900939327,1.4914616,2.6349,0.34808458270319037,0.5513522363821883,-0.18349307178320862,2.944753011920784,1.2405503873301698,3.653114489530013,4.284767766551041,0.5064762472311937,0.2565181890093932,-0.0145436803515249,0.20036192310002765,0.1998333845736844,0.03993338159017405,0.63357621,1.26097,0.1339684578230185,-0.1293810670475878,0.3355800512696878,3.162158758496726,1.2688591472388904,4.012334065740144,4.729293897202262,0.19983338457368444,0.03993338159017406
708,747.7,0.00369845324698,0.5331191737300727,0.5331063447776768,0.2842023748422152,1.5189196,3.028,0.3517467678816277,0.06941326090649715,0.11368394098091272,2.849118311338498,1.2719774783345972,3.6240143251332686,4.318219067505853,0.5331063447776769,0.28420237484221533,0.0014043741652999997,0.5042763988495578,0.5042744433043203,0.2542927141698821,1.4334616,2.4159,0.3414904520310269,0.5604186902995583,-0.2213743584803236,2.842610923831176,1.2473622146319563,3.5457654572870467,4.197662310833099,0.5042744433043203,0.25429271416988214,-0.015305890365199998,0.2047970578276123,0.2042242997661514,0.04170756461497486,0.68418621,1.34058,0.13369801052833244,-0.13167924604016726,0.39546825115863804,3.3408009727166736,1.2827383799262377,4.285373627398585,5.117400081693898,0.2042242997661514,0.04170756461497486
709,748.6,0.0045525728620800015,0.5316059402385508,0.5315864461940777,0.2825841497772491,1.6819196,3.181,0.35347363920959407,0.048428430212854735,0.18145544977491168,3.1638465124096657,1.2713680099989615,4.022413244424431,4.7582603437160325,0.5315864461940777,0.2825841497772491,0.00521532426318,0.49987302358102764,0.49984581632426267,0.24984584009686853,1.4765616,2.473,0.3419379017498151,0.5762271397238022,-0.2859654279010182,2.9538733445187697,1.2436985701510468,3.6737280549852844,4.318215653906517,0.4998458163242626,0.2498458400968685,-0.015322020367198201,0.2017630251170762,0.20118040162068743,0.04047355399626109,0.73666621,1.4380600000000001,0.13208747665967785,-0.12389589874679793,0.5621055038252489,3.651145741755893,1.2825050181766555,4.68261273589626,5.577108660331317,0.2011804016206874,0.04047355399626108
710,749.5,0.0019798821408800005,0.5265564972049241,0.5265527749574848,0.27725782481542754,1.6040804,3.15,0.346832432181787,0.07556809504787546,0.16746503558704395,3.04635952364999,1.273246377536826,3.87876622816216,4.624943491902872,0.5265527749574846,0.2772578248154275,4.950816290000093e-05,0.4976431516222396,0.49764314915957314,0.24764870390545718,1.4065616,2.402,0.34529501950016894,0.5768451037245312,-0.267814880212073,2.8264462103312926,1.2337413403316875,3.487103535909548,4.073506771212817,0.49764314915957314,0.24764870390545715,-0.01416658035642,0.20217227375259292,0.20167532391271487,0.040672936275298464,0.67539379,1.3257400000000001,0.13356163126976384,-0.08819036427881494,0.45303693563398184,3.3406845432549717,1.2760769467407083,4.262970531980682,5.056795006013812,0.20167532391271487,0.04067293627529846
711,750.4,0.00239211683197,0.5116772280138833,0.5116716363499483,0.26180786344503376,1.6089196,2.9509999999999996,0.3401939684857994,0.05673159966421062,0.015202765502119409,3.1444033697672107,1.262799271651648,3.9707502851210212,4.729418358477336,0.5116716363499483,0.26180786344503376,-0.00027523063534000023,0.49869794211047275,0.4986978661607826,0.24869956171331783,1.4065616,2.426,0.33867409269082926,0.6056141080482014,-0.1819355056332732,2.820468025288974,1.2482465221463106,3.5206394033918342,4.15314200393837,0.49869786616078254,0.24869956171331778,-0.0133575103877901,0.19424705026447192,0.19378723758980712,0.03755349345268836,0.69691621,1.2353100000000001,0.12980853397495173,-0.22820303586700105,0.44073312559003774,3.587782718198975,1.2707328634519557,4.559113406940424,5.3688011770819255,0.19378723758980712,0.03755349345268836
712,751.3,0.005255688832939999,0.5141780881384604,0.5141512268356594,0.2643514840566137,1.5550804,3.044,0.33713837667817725,0.04159958592825748,0.10037630429675959,3.024400369976949,1.2753604535604002,3.857200627602044,4.612587909220538,0.5141512268356594,0.2643514840566137,0.0031803691778399994,0.49336147733216484,0.4933512263765733,0.24339543256726887,1.3836616,2.5461,0.33362434840646593,0.5982108472690869,-0.19562253433845278,2.804559463138675,1.2504869525832947,3.5070650163989225,4.147363963718373,0.4933512263765733,0.24339543256726887,-0.01598220037576,0.19963022572186864,0.19898943764158258,0.03959679629291328,0.72376621,1.40916,0.13195860130576614,-0.1004056314382427,0.40512380797694414,3.625534196451667,1.2746149547739813,4.621160105841764,5.484797526179704,0.19898943764158256,0.039596796292913274
713,752.2,0.00423451023298,0.5198578658649491,0.519840619444793,0.2702342696247461,1.5169196,2.964,0.33690943362011205,0.03287348606987935,0.24995217376630974,2.9179506546007943,1.2854631727416146,3.750918106366608,4.502455107001927,0.519840619444793,0.27023426962474606,0.0014696801724799998,0.5056650912198603,0.505662955454105,0.25569502451858017,1.4194616,2.4478999999999997,0.34117277937442064,0.5867568271526035,-0.18934278853812447,2.8071180404716256,1.2511262428168655,3.512059047118707,4.160535909701663,0.505662955454105,0.25569502451858017,-0.01540882036172,0.2064113722545589,0.2058354266181367,0.042368222851070336,0.72560621,1.4060000000000001,0.13486561208743694,-0.07250074381719564,0.5401771547388643,3.5153402744938824,1.2838475656446204,4.513161053821462,5.380216637652379,0.2058354266181367,0.042368222851070336
714,753.1,0.003174142533779999,0.5284719147263482,0.5284623822692661,0.2792724894737079,1.5290804,3.0389999999999997,0.3471460211706836,0.043025954779026016,0.07916138545028373,2.8933995495139677,1.2748362322667504,3.6886105801446996,4.40471820717826,0.528462382269266,0.27927248947370786,0.001213470560520003,0.5101006488142312,0.5100992054589955,0.26020119940989844,1.4221616,2.5465999999999998,0.34832921362848374,0.5993823404736351,-0.22918112905505028,2.788001942961503,1.244612046494928,3.469980803861151,4.0828088611506175,0.5100992054589955,0.2602011994098985,-0.015232340367038003,0.20133177943747688,0.20075472900632638,0.040302461218403536,0.65700621,1.2793999999999999,0.13077300014159593,-0.1511519108829738,0.5312966800129097,3.263301063725172,1.285864823407275,4.1961640460317415,5.024020319856692,0.20075472900632635,0.04030246121840353
715,754.0,0.004616612528980001,0.5214276999667466,0.521407262302098,0.27186553318136886,1.5619196,3.102,0.343794759298471,0.06974957594743988,0.00937259140551605,2.995467252889728,1.266730627824489,3.7944501138807025,4.543174547474687,0.5214072623020981,0.2718655331813689,0.002270150159879999,0.5055440523413174,0.5055389552506633,0.2555696352759322,1.3860616,2.5105,0.3459691795433091,0.5884757888759753,-0.22471188285649735,2.7417226917827575,1.2428446239085622,3.407535307730312,4.006315249900721,0.5055389552506634,0.25556963527593224,-0.014469350357117999,0.2020303713500087,0.20151156008543378,0.040606908848065386,0.62239379,1.23924,0.13501642890844368,-0.041247972902227405,0.2898549373516497,3.0806941839538085,1.2668061476675174,3.9026423313162506,4.6097633823662525,0.20151156008543378,0.04060690884806539
716,754.9,0.003242146830089996,0.5154408004415555,0.5154306037128215,0.2656687072437636,1.6439196,3.116,0.3371676950122116,0.031458477196964,0.14541346168610714,3.189347057104766,1.2755127826664607,4.068052939696788,4.875673512969445,0.5154306037128215,0.26566870724376357,0.0008430777560999989,0.5013922381952571,0.5013915293883081,0.2513934657423466,1.4170616,2.4205,0.3451722879832141,0.5918658283318388,-0.16931153890867545,2.826253563678331,1.2402193295641704,3.5051742999234867,4.105374763077482,0.5013915293883081,0.25139346574234667,-0.016262686077299998,0.19993607349313935,0.19927357708789495,0.039709958525405216,0.70724191,1.3636357000000001,0.13119604987077663,-0.11319980885167802,0.5414716061196758,3.5373401990125033,1.282334569066954,4.536053619743912,5.390725640723237,0.19927357708789495,0.03970995852540521
717,755.8,0.004495776750777999,0.5133824432712986,0.5133627577557757,0.2635413210506152,1.5579196,3.0380000000000003,0.3433142788262735,0.06856152330316329,0.13725218903924974,3.034617993698535,1.2658669505393614,3.8414226257350395,4.537881748834426,0.5133627577557757,0.2635413210506152,0.0017198469770600025,0.5069761333133148,0.5069732161324654,0.25702184187569543,1.4411616,2.4476,0.3441067767496235,0.5766729942267482,-0.23021510104544296,2.8426616270501084,1.2472827756324323,3.5456028843708647,4.188123272703251,0.5069732161324653,0.2570218418756954,-0.016458070379639998,0.20057604145329458,0.19989967564869277,0.03995988032445257,0.64039379,1.2643399999999998,0.1325256270749268,-0.09423833180184424,0.42315175492927093,3.192773101712249,1.2778005489440551,4.0797272220217256,4.8322260692864845,0.19989967564869274,0.03995988032445256
718,756.7,0.0035275548340000006,0.5038239504835185,0.5038116011345035,0.25382612943771204,1.6099196,3.1100000000000003,0.3321177716475994,0.019964983458330348,0.15846982438234747,3.195401088921963,1.2750048921395403,4.074152020723517,4.847435871960021,0.5038116011345035,0.25382612943771204,0.0033145550529000045,0.49735017792192016,0.4973391329905248,0.24734621320376693,1.3911616,2.4926,0.3413732911487905,0.6136977397172462,-0.18872740386601317,2.7971470841986927,1.243772512686672,3.479014657268006,4.075191692116447,0.4973391329905248,0.2473462132037669,-0.01712646037084,0.19709679445002307,0.19635129420923278,0.03855383073764069,0.72010621,1.2835,0.13109894273490305,-0.17544967666613248,0.40447258414894804,3.653566320088448,1.272225483177189,4.6481601768944305,5.492845289043532,0.1963512942092328,0.038553830737640696
719,757.6,0.003375123841880002,0.5178504499850235,0.5178394510741176,0.2681576970887434,1.5779196,2.976,0.3400105882746274,0.05184206899209191,0.19693621624965107,3.047056539287808,1.2768609038105083,3.8906673667167504,4.640795476420606,0.5178394510741174,0.26815769708874326,-0.00010905744590000043,0.4846042129587955,0.48460420068741367,0.2348412313238871,1.4009616,2.4703999999999997,0.333250991334173,0.5823043141213766,-0.21239568698711508,2.890939786607096,1.2403500148165496,3.5857772071518643,4.203923278341166,0.48460420068741367,0.2348412313238871,-0.015440330396580002,0.19744741005292002,0.19684276957473038,0.0387470759338504,0.67839379,1.32526,0.12950631717640215,-0.0370167937741025,0.5461791346536753,3.4358201498726992,1.2833837433692057,4.4094757254869705,5.238306553617392,0.19684276957473035,0.03874707593385039
720,758.5,0.0029483374278599975,0.5157780263333472,0.5157695994867616,0.26601827975473447,1.6109196,3.0999999999999996,0.3382424631744346,0.02109507369896019,0.16663973999943416,3.1232807869927806,1.2765603061117525,3.987056277516459,4.7626178714564125,0.5157695994867616,0.26601827975473447,0.0003224411490399985,0.4917404565648509,0.49174035085023626,0.24180857265431344,1.3485616,2.444,0.34342741220046474,0.542473821687889,-0.3209513356280498,2.74242556616277,1.2303063236366776,3.3740235161529513,3.926773321207162,0.49174035085023626,0.24180857265431346,-0.01679296968469,0.19730371342876304,0.19658777047911327,0.038646751501948524,0.70786551,1.3502592999999998,0.12869882860614953,-0.09332358929168341,0.5776593742036735,3.587694816780914,1.2866025786436688,4.615937402656849,5.500170573939291,0.19658777047911327,0.03864675150194852
721,759.4,0.005857194532039999,0.5175873265046025,0.5175541844390747,0.2678623338303958,1.6019196,3.043,0.33787222816983065,0.04621463317350047,0.18944001236205654,3.0949745443308405,1.280640671809078,3.963550279683842,4.741199383794275,0.5175541844390747,0.2678623338303958,0.003266783155380001,0.4988479259431932,0.49883722930996366,0.24883858134564127,1.3485616,2.435,0.34493128776638704,0.590845139264284,-0.24651550917114973,2.703352123696248,1.2384812920841686,3.3480510311138105,3.9096528724101876,0.4988372293099637,0.2488385813456413,-0.017093810362854,0.20421499237114057,0.20349831634788476,0.04141156475642378,0.63090621,1.2323,0.13396250712513147,-0.10975614493127914,0.42649552695804616,3.08942160746646,1.280488010301776,3.955967327128042,4.7095730256129364,0.2034983163478848,0.041411564756423797
722,760.3,0.004340820631079996,0.5129005346423227,0.5128821655240404,0.26304811571262915,1.5569196,2.9450000000000003,0.3392867579120554,0.025045317280330114,0.06941155537379151,3.0355195497812,1.2704596441777216,3.8565050871095417,4.58880154822771,0.5128821655240404,0.2630481157126292,0.0005316421648600013,0.5061961223271868,0.5061958431434308,0.25623423161568876,1.5803616,2.5838,0.3452646846286398,0.5869399075731817,-0.12845089156008171,3.122034188516584,1.2450493531687818,3.887086646983396,4.577246588946122,0.5061958431434308,0.25623423161568876,-0.017202970368789997,0.2011859471934985,0.2004491036613427,0.04017984315863571,0.64639621,1.27279,0.13176826968021602,-0.1019200031430422,0.46385922535608515,3.2129292279957458,1.2802619864272784,4.113391155684096,4.905552843402416,0.2004491036613427,0.04017984315863571
723,761.2,0.0024743807269300006,0.5072287350680726,0.5072226997274227,0.2572748671187753,1.4999196,2.9379999999999997,0.334255041316095,0.0565426472964033,0.10389007686638196,2.9570872001143687,1.2730514551546963,3.764524163124924,4.487350719062366,0.5072226997274227,0.25727486711877523,-0.0005388678354399961,0.499719500358087,0.49971920981646484,0.249719288659592,1.3846616,2.3830999999999998,0.34161535054135017,0.5946791798188016,-0.2531141294243344,2.7708776603830447,1.2421551587897974,3.441859980220203,4.053276873553129,0.4997192098164649,0.2497192886595921,-0.017132510394930002,0.1982832204260845,0.19754167304674428,0.03902271259010682,0.74542621,1.39582,0.12971548274842573,-0.18280800305925346,0.6281622781736274,3.7594013673884117,1.2871346640817958,4.838855816162128,5.746624799182245,0.1975416730467443,0.039022712590106826
724,762.1,0.003468785029879997,0.5128909482385862,0.5128792180577144,0.26304509231549256,1.5190804,3.019,0.33498349127251004,0.03483203925932332,0.18248963671802354,2.961799979541373,1.2798620128151554,3.790695283371708,4.534791831768879,0.5128792180577144,0.26304509231549256,0.00226847413514,0.4991464091700449,0.4991412543683882,0.249141991812448,1.4585616,2.5,0.34565222418301567,0.5706186984630655,-0.20712310810825896,2.9221117756315658,1.2371849585394863,3.6151927359824834,4.21973734856606,0.4991412543683882,0.249141991812448,-0.016176440357657997,0.20099796628644134,0.2003459638441477,0.04013850522864054,0.66011621,1.28451,0.13380099308700216,-0.07912859953265688,0.33733777779157315,3.2841934781532625,1.2694142918070184,4.169002138227152,4.933567343336301,0.2003459638441477,0.04013850522864054
725,763.0,0.003403505227999998,0.5151385800406879,0.5151273364892406,0.2653561727984993,1.5209196,2.933,0.33846427384791045,0.05208767524171923,0.13239303654677315,2.952447475162647,1.275760494187611,3.766615849976463,4.4935897745102285,0.5151273364892406,0.26535617279849927,0.0018343831472000013,0.4985874191264132,0.4985840446199686,0.24858604954960684,1.4564616,2.5159,0.3451082683390232,0.5490526304776892,-0.193498724419368,2.921175994676923,1.2364851401959354,3.611990709315096,4.2203034051019,0.4985840446199686,0.24858604954960684,-0.0162148403753176,0.19995507585908107,0.19929654114764217,0.03971911131341383,0.67680621,1.3392,0.12962220975136318,-0.04650590594696299,0.5603074001744939,3.3847913442166435,1.2897860151920462,4.365656540113715,5.2213753437642065,0.1992965411476422,0.03971911131341384
726,763.9,0.003123793718199997,0.5203119417949712,0.5203025645595644,0.27071475868725964,1.6259196,3.158,0.3425429788634179,0.06701512656376175,0.011276548998048419,3.1248938749914243,1.2696023225705608,3.967372521475632,4.746614878503473,0.5203025645595644,0.27071475868725964,-0.0009458036367999973,0.49696443143202973,0.49696353142261973,0.24697275156404117,1.4214616,2.4149000000000003,0.3366601848147878,0.570392197422525,-0.2704012611573634,2.8602884031438265,1.2467717044844742,3.5661266477048033,4.222244459296578,0.4969635314226198,0.2469727515640412,-0.016423290373858,0.20314462123826865,0.20247965989534744,0.04099801267133557,0.76239379,1.37368,0.1325381890051292,-0.07576023505075856,0.5432123111359908,3.7529607496020634,1.285142338920169,4.823088755619187,5.752257486862866,0.20247965989534747,0.04099801267133558
727,764.8,0.0030618517409999936,0.5166229352498728,0.5166138618834287,0.26688988229011035,1.5559196,2.9859999999999998,0.34401895296511814,0.06489777155026207,0.06272202103613544,3.0117122060162798,1.266340223720696,3.813852308749006,4.522772907101321,0.5166138618834286,0.2668898822901103,0.001479113188519999,0.49047336427749255,0.4904711340026622,0.24056193328985742,1.4455616,2.545,0.3337254612302873,0.5679985500597643,-0.21534912951243657,2.9472784972318133,1.2429024591678715,3.6631796920620094,4.331589189122403,0.4904711340026622,0.2405619332898574,-0.017719951361230002,0.20154602630813706,0.20076554496316323,0.04030680404435592,0.71139379,1.4214609999999999,0.1346523212252811,-0.05878111084202615,0.4911563663999341,3.529684028165227,1.2692608440115598,4.480089728683118,5.283189948205922,0.20076554496316323,0.04030680404435592
728,765.7,0.004504226848929996,0.5076782650605595,0.5076582834499926,0.25771693275539304,1.5559196,3.035,0.3376517627520175,0.06215049441777699,0.11826464575634965,3.0647748920556976,1.2670551826014593,3.883238910486,4.608060053703076,0.5076582834499926,0.25771693275539304,0.0015888301831300002,0.486885133841867,0.4868825414562139,0.23705460917486187,1.4297616,2.4162,0.3260464312764359,0.5692313095174237,-0.16325631518910955,2.9365480698048283,1.2553368071291802,3.68635687793015,4.38514721477748,0.4868825414562139,0.23705460917486187,-0.017186050372826004,0.19995735287702215,0.19921742554849123,0.039687582642168644,0.67078621,1.31118,0.13166462061979053,-0.11112796873262254,0.5729016656143866,3.3546463800835933,1.2806304636435575,4.296062349086633,5.094657979056024,0.19921742554849123,0.03968758264216865
729,766.6,0.002598916836926999,0.5021461552401681,0.5021394296943407,0.2521440068537577,1.5759196,2.941,0.3314239049626797,0.03977355139709305,0.13017834788179528,3.138368348645951,1.2698524984593857,3.985264888613918,4.754996777246523,0.5021394296943408,0.25214400685375776,0.001599868155599998,0.48712421674605255,0.48712158950547435,0.23728744296233986,1.3626616,2.3211,0.33481753077927323,0.5686559560383948,-0.27515401811052476,2.7973595915687812,1.240923509144071,3.471309280707357,4.069863357597987,0.48712158950547435,0.23728744296233986,-0.017508300387256204,0.19715419610467608,0.1963752440080742,0.03856323645923068,0.66383621,1.30423,0.12866522368856004,-0.12574822375424688,0.6566128765745285,3.3670914599633788,1.2879186219649623,4.336539793146028,5.159406644384697,0.19637524400807416,0.03856323645923067
730,767.5,0.0036698429400600007,0.5062364647858719,0.5062231627767467,0.2562618905316926,1.5549196,2.974,0.3356691163958034,0.03745029725265125,0.17268271305671856,3.0715282445283756,1.2716918668817765,3.9060374874643955,4.632298665709003,0.5062231627767468,0.2562618905316927,0.0020470331510399967,0.4896306104453051,0.4896263313388289,0.23973394434032066,1.5054616,2.6119000000000003,0.3378052214753168,0.5609125811478574,-0.23884099468963038,3.074688485327389,1.2375451276743386,3.8050657541333024,4.4565965955917095,0.4896263313388289,0.23973394434032066,-0.017936100359609998,0.19481321515036273,0.19398578582234194,0.03763048510111152,0.62887621,1.22327,0.12943542083335996,-0.05780252079588265,0.46121386279300136,3.2280983069583566,1.2726658617215425,4.10829051354701,4.8586098453655815,0.19398578582234194,0.03763048510111151
731,768.4,0.00307767542978,0.5102298204852961,0.5102205382248017,0.2603249976264063,1.6759196,2.9834,0.3331611238981025,0.09851144650018531,0.20958254762154604,3.284636712150573,1.2791728555521618,4.201618122533112,5.030357625136903,0.5102205382248017,0.2603249976264063,0.0007731896719400013,0.49378793998940135,0.4937873346459059,0.24382593185670787,1.3436616,2.4090999999999996,0.3312697577633829,0.5821824791346676,-0.18679376794994518,2.7211308563527092,1.2549895136963767,3.414990690118292,4.056094975502536,0.4937873346459059,0.2438259318567079,-0.01865680038362,0.19312646893770996,0.19222319528036674,0.03694975680379401,0.64921621,1.27961,0.12713543110159542,-0.19705480573440332,0.635422854667135,3.3616117644101644,1.2828528311621628,4.312453169241612,5.106493165396227,0.19222319528036674,0.03694975680379401
732,769.3,0.0022785695479799984,0.513548635573604,0.5135435806436736,0.26372700922032527,1.5979196,3.0469999999999997,0.3422492999035286,0.05468592100636623,0.12822216653858343,3.1115253538064933,1.2694674674701556,3.9499802108659092,4.66887616848424,0.5135435806436737,0.2637270092203253,-0.0001357508324199983,0.4926714860889618,0.49267146738655115,0.24272517477681754,1.3395616,2.488,0.33799993360920716,0.590309365991249,-0.22907827510073053,2.718975296569355,1.2420318273876956,3.377053856220038,3.963200778461662,0.4926714673865512,0.2427251747768176,-0.01955582035392,0.19933902111134005,0.19837745645085905,0.03935361522791248,0.68839379,1.3388200000000001,0.13129341531359204,-0.11542528157701402,0.5429023771439314,3.453382013025439,1.2793825564919845,4.418196708367922,5.243170713137315,0.19837745645085908,0.03935361522791249
733,770.2,0.004484943834079999,0.5087881607497245,0.5087683930806755,0.25884527779789274,1.6949196,3.266,0.3375450325377252,0.050192509652884576,0.1781887457413931,3.331287421276572,1.2699303171860035,4.230502891539501,5.021314007370468,0.5087683930806755,0.2588452777978927,0.0029709051576599986,0.4972110944253305,0.49720221856119984,0.24721004614217912,1.4333616,2.5558,0.3403137834259903,0.5839046843874927,-0.18941124489567196,2.88280293032612,1.2435848938429357,3.585010176079712,4.211882297478909,0.49720221856119984,0.24721004614217912,-0.0211326103705082,0.20105638063093512,0.19994269421846786,0.03997708097133974,0.59580621,1.1802000000000001,0.1333369808173379,-0.04045660073767748,0.4014828719776191,2.9633787703245242,1.2750076395316725,3.778330570989742,4.46842433620281,0.1999426942184679,0.03997708097133975
734,771.1,0.003913993832879999,0.5037587960701028,0.5037435907982111,0.2537576052702756,1.5000804,2.968,0.3295514487295223,0.03811869935990537,0.13341059362432572,2.977775101303144,1.2782174316413832,3.8062440419933643,4.55188531497303,0.5037435907982111,0.2537576052702756,0.0003547811744600011,0.5034164689362107,0.5034163439207363,0.25342801532652104,1.4943616,2.5728,0.3366121642226787,0.5456824925221788,-0.17260117280682064,2.9684400336719112,1.2549108452147897,3.7251275916246365,4.439416512029068,0.5034163439207363,0.25342801532652104,-0.018761840376167502,0.19534265245263419,0.19443956699429735,0.03780674521292985,0.65552621,1.23892,0.12900012746133996,-0.13726109281167753,0.3879138990519384,3.3557761286104633,1.2766983413300956,4.284313817272108,5.081593506149478,0.19443956699429735,0.03780674521292984
735,772.0,0.0016120705368699965,0.5064558219591466,0.5064532563079231,0.2564949008248989,1.5769196,3.023,0.33643645735786837,0.039239584018155506,0.1097112489809704,3.113637027411253,1.269012038159741,3.9512428702447915,4.687124613022026,0.5064532563079231,0.2564949008248989,-0.0012245588553199992,0.48845731956194954,0.48845578457958133,0.23858905348925435,1.4322616,2.5377,0.33643517874431844,0.5870048606967951,-0.10146853404117451,2.932214428242078,1.2438095659406663,3.647116355236738,4.257169554461128,0.48845578457958133,0.23858905348925438,-0.017680280375279998,0.19641860606436,0.1956212577766479,0.03826767649411773,0.63576621,1.2691599999999998,0.13007942041053505,-0.0986976155775934,0.47592160608473977,3.2367921895936886,1.2759413346877029,4.129956946496903,4.88752339142887,0.19562125777664793,0.03826767649411774
736,772.9,0.003283530824738002,0.5079641427163628,0.5079535300703131,0.2580167887108924,1.6119196,3.15,0.3267818690748246,-0.005382501714135014,0.24714795697402536,3.1732940663492153,1.2898832306400474,4.093178802073418,4.932708184097301,0.507953530070313,0.25801678871089234,0.0026458011515999988,0.48192756876130366,0.48192030593081187,0.2322471812684473,1.2789616,2.2984,0.33082660618662657,0.5551098711959437,-0.22309026302904433,2.6538461024076905,1.2427265473463556,3.298005004033692,3.865957501853734,0.48192030593081187,0.2322471812684473,-0.018194900364,0.19610536491444036,0.19525946775757108,0.03812625974896994,0.63339379,1.2597800000000001,0.1323864459344554,-0.10033765077357425,0.3197737806723402,3.2298646713533103,1.2628753759574238,4.078916561126913,4.784430804295431,0.19525946775757108,0.03812625974896994
737,773.8,0.004680167850099997,0.5228715074749993,0.522850561210441,0.2733727093580732,1.5499196,3.0380000000000003,0.3438387061029919,0.05680683378841774,0.20071085606193417,2.9642456661766143,1.277487758369908,3.7867875513416775,4.507693789237748,0.5228505612104412,0.27337270935807323,0.003456681142890001,0.49150015048672246,0.4914879950557768,0.24156044928394724,1.4737616,2.5052000000000003,0.3407011248499163,0.5698979795623847,-0.23515948709044565,2.9984967421486326,1.2349702613033837,3.7030543051686418,4.325672833188364,0.49148799505577684,0.2415604492839473,-0.01868588035378,0.20221732815038582,0.2013521434693086,0.04054268567968504,0.64715621,1.24655,0.13604554678673267,-0.10496494496675554,0.24584122713477052,3.2003004684085243,1.2626223888051735,4.040771022316287,4.756908441953585,0.2013521434693086,0.04054268567968504
738,774.7,0.0014976837189380014,0.5154636668484567,0.5154614910779803,0.26570054878433486,1.5250804,3.0229999999999997,0.3389930004782013,0.03378658815080473,0.07422353588566244,2.9586574148365044,1.2722842250163744,3.764253156124212,4.498855132255361,0.5154614910779803,0.2657005487843348,-0.00035586562898000065,0.48972391505145857,0.4897237857537474,0.23982938633298231,1.3363616,2.3838,0.33182102791408363,0.6256255871845233,-0.17599453457128345,2.7288060863018697,1.2487839251201505,3.407689175343805,4.0273565795414745,0.4897237857537474,0.2398293863329823,-0.02011692038118,0.19829800883801652,0.19727495995057087,0.03891740982349934,0.68075621,1.32815,0.13031698151241053,-0.15035556599657898,0.6515819466186032,3.43299569163142,1.2839115190184005,4.407662713226122,5.2238488192359585,0.19727495995057087,0.03891740982349934
739,775.6,0.0022378222358399986,0.5196216628724406,0.519616844105309,0.270001664677961,1.5259196,2.968,0.34591969855516097,0.01721726127407117,0.05483942666023234,2.9365973534759857,1.263979538989849,3.7117989690453865,4.411196027209402,0.5196168441053091,0.27000166467796105,0.0006575191607000033,0.49489209129878015,0.4948916545049365,0.24491774969863342,1.4217616,2.4752,0.3393718752031209,0.6331168928291717,-0.15170977444744516,2.872871935109674,1.243238454756373,3.571664865318702,4.189391354687382,0.4948916545049365,0.24491774969863342,-0.0184261903598582,0.19892059535218526,0.19806533963338993,0.0392298787640901,0.64258621,1.22498,0.13187133599980455,-0.08395315239693844,0.29045588087481145,3.2303654071732137,1.2696326071060136,4.101377253814406,4.872827025889481,0.19806533963338993,0.0392298787640901
740,776.5,0.003254153631849998,0.5156734308320255,0.515663163072768,0.26590849775021214,1.6079196,3.037,0.34013663649984077,0.08151926685992539,0.07981480651348027,3.11809665548536,1.2723785891052488,3.967399423200258,4.727275534168319,0.515663163072768,0.2659084977502122,0.001629702276320003,0.5022581801961501,0.5022555362008854,0.2522606236444389,1.3866616,2.4401,0.335456631469637,0.5858276063747601,-0.12474673396607239,2.760854187498665,1.2596225029240922,3.4776340618655293,4.133653861380022,0.5022555362008854,0.2522606236444389,-0.01791762038872,0.19695980473390773,0.19614312009454932,0.038472123560424794,0.64394621,1.2453400000000001,0.12838746912814783,-0.13041440410797012,0.5277973907348579,3.269429571530952,1.2866823145513717,4.2067172083601445,5.01564688807173,0.1961431200945493,0.03847212356042479
741,777.4,0.003587544824950001,0.5070260430207592,0.5070133507348872,0.25706253782341776,1.4819196,2.852,0.33084177310771445,0.05684849650859879,0.12236766910369345,2.922768209638742,1.2778544277235857,3.7348722978966036,4.479239686330423,0.5070133507348872,0.2570625378234177,0.0007813389719799984,0.49709456351742615,0.49709394945824004,0.2471023945879913,1.3495616,2.367,0.3377576347067923,0.5970360027113932,-0.2388247081488859,2.7148991339807513,1.2461904361454859,3.3832813358664744,3.995650908591764,0.49709394945824,0.24710239458799127,-0.01859158037782,0.19793814567809706,0.19706309307817796,0.03883386265353863,0.62039379,1.23423,0.13202435570671864,-0.1536879466433541,0.40334508118454293,3.134281105214223,1.2719703273314404,3.986712563348084,4.699085912436901,0.197063093078178,0.03883386265353864
742,778.3,0.0024116218379800014,0.5180320860233614,0.5180264725183703,0.26835142622982583,1.6229196,3.0869999999999997,0.34026392294528934,0.018262736970238655,0.09350817918076748,3.1328553651149944,1.2749028967610252,3.9940863801184254,4.769590575316289,0.5180264725183703,0.2683514262298259,0.0007934691362799975,0.4995736377041552,0.49957300757315964,0.24957318989569222,1.4496616,2.4951,0.34527491200175714,0.553778789534768,-0.23372388085190243,2.9017976342027914,1.238212834659599,3.5930430742547568,4.198572064200896,0.49957300757315964,0.24957318989569224,-0.018633640378660003,0.2008141181693886,0.19994773692739795,0.03997909750238794,0.65039379,1.27739,0.1321371386676203,0.0047243076962084785,0.40747208844654503,3.2387851806882755,1.278856369269695,4.141941057019501,4.922111955488987,0.19994773692739795,0.03997909750238794
743,779.2,0.0026202628308600014,0.5132351852516462,0.5132284964837678,0.26340348960298887,1.5469196,3.075,0.3333262189922057,0.07579236711159072,0.20675213979893048,3.014056020421757,1.2824108008761999,3.8652579950347974,4.640857849937608,0.5132284964837678,0.26340348960298887,0.001956132173180004,0.4898735248808786,0.48986961931328,0.23997224392613783,1.3808616,2.4983,0.3318437703344063,0.5758516933685714,-0.23159361198900408,2.818812468658683,1.249412022444628,3.521858187358979,4.161179818468417,0.4898696193132799,0.23997224392613775,-0.0193686583917382,0.1985947709561773,0.1976480157331226,0.03906473812324068,0.71274421,1.302138,0.12750511330037356,-0.22007725652751478,0.6905505213549286,3.588937445675631,1.3007299175590643,4.668238307838303,5.589926486484773,0.1976480157331226,0.039064738123240676
744,780.1,0.0037916119460800024,0.5152586253688123,0.5152446745923809,0.26547707469580845,1.4989196,2.912,0.34354159516050276,0.10347432081834002,0.08801649632660968,2.9090626070104153,1.2655323932735878,3.6815129632325934,4.363138615863107,0.5152446745923809,0.26547707469580845,0.0007157301647000014,0.48821516864042336,0.4882146440049994,0.23835353862092834,1.3864616,2.4109,0.3305579936454101,0.6351459764949,-0.07344558271728951,2.839857687873575,1.2538813797678035,3.560844676015122,4.194306677354954,0.4882146440049994,0.2383535386209283,-0.017228450361180002,0.20110156730546164,0.2003622241613061,0.04014502087086548,0.67715621,1.33255,0.13518535182851257,-0.07938917825670389,0.4030392062044319,3.3672348707826774,1.2664877408525117,4.264561684417352,5.009094556775624,0.20036222416130609,0.04014502087086547
745,781.0,0.0021948270409000038,0.5085927934899953,0.5085880575910307,0.25866181232421753,1.5830804,3.0869999999999997,0.3359659280680762,0.048371194733372265,0.061525433841608024,3.112667777175536,1.2684545049555114,3.9482774643881666,4.712026630507673,0.5085880575910308,0.2586618123242176,0.0014334084607000026,0.49350446142338017,0.4935023797156052,0.24354459878496537,1.4191616,2.5506,0.3346058005274678,0.5655159125504808,-0.19172998374699413,2.8756813989215257,1.2495700835364154,3.593365445874487,4.241294077277961,0.4935023797156052,0.24354459878496537,-0.0186771203821054,0.196996930259934,0.1961095502673688,0.03845895570606964,0.62039379,1.23991,0.1262291603702143,-0.05831354714336457,0.4234358281302728,3.149256128922421,1.2922637646345234,4.069669580959634,4.91482148958658,0.1961095502673688,0.03845895570606965
746,781.9,0.0026781548380000013,0.5017579839311969,0.501750836496924,0.2517539019253629,1.5909196,2.935,0.33168741899360166,0.052666109000144956,0.08246776753938212,3.170691151808665,1.270418228512863,4.028103836242172,4.79644239997746,0.501750836496924,0.25175390192536296,0.0031655435753600034,0.4991275578427938,0.4991175195602574,0.24911829833198396,1.4494616,2.4599,0.33586043998878035,0.5808974829363595,-0.27047688411187387,2.9039903271710865,1.2514553905874901,3.634214349152185,4.315666352513622,0.49911751956025746,0.249118298331984,-0.0183858603576062,0.19568340069459153,0.19481774417724546,0.03795395344631066,0.67514621,1.26554,0.1282402434637191,-0.2081618081481192,0.4060995903370288,3.450196631924438,1.2772312607164755,4.406698993912588,5.264698442271813,0.19481774417724548,0.03795395344631067
747,782.8,0.0022767410559599997,0.5096619474882904,0.509656862180547,0.259750117167721,1.6109196,3.029,0.34068002413236437,0.0714009890523258,0.128317110911762,3.160760986647941,1.266918787362837,4.004427476347773,4.728541405098966,0.5096568621805468,0.25975011716772095,-0.000814583438939998,0.50182894531887,0.5018282841905888,0.25183162681367033,1.4545616,2.549,0.3419390514516693,0.5943209969544702,-0.14988981700689408,2.898520728165149,1.2442716295281677,3.6065471096552213,4.253862183406074,0.5018282841905888,0.25183162681367033,-0.0166573503587862,0.19775499444405223,0.19705220249109565,0.03882957050659176,0.67514621,1.26754,0.1298977797356138,-0.12085518717506241,0.4675186192098084,3.4140538998675387,1.2782913474933166,4.3641555600764885,5.197519244548693,0.19705220249109565,0.03882957050659176
748,783.7,0.0036941384139199994,0.513468439706723,0.5134551508323151,0.2636361919162354,1.5739196,3.093,0.34526407005127646,0.034569505865914056,0.17602255253023547,3.065270381367496,1.2657758743547936,3.879945297109294,4.5585965541281235,0.513455150832315,0.26363619191623533,0.0017215861629100017,0.49949240472451983,0.49948943784485295,0.2494896985185672,1.3620616,2.4575,0.33842220055066163,0.5652848932354542,-0.16813134074430547,2.7268915144990133,1.250369539837711,3.4096220881714907,4.024740687176343,0.49948943784485295,0.24948969851856723,-0.01784354039666,0.19813467975695218,0.19732957048679442,0.03893895938850277,0.64840621,1.2968,0.1261995789488771,-0.1922339076607412,0.5766298686509592,3.2725528453443227,1.3020982556956537,4.2611853515946905,5.13794273642281,0.19732957048679442,0.03893895938850277
749,784.6,0.00382460773096,0.5120566528136175,0.5120423694054914,0.26218738806638975,1.6420804,3.1719999999999997,0.3341747819073751,0.05152730020788161,0.16815553193813892,3.206833445044015,1.2785664762268962,4.100149737676484,4.913836976648776,0.5120423694054915,0.2621873880663898,0.0037524901754800027,0.49712719169481356,0.4971130289379417,0.24712136353985484,1.4541616,2.7106,0.33864858548111404,0.5613490795520533,-0.33530281942155415,2.9251298747961263,1.2427756143129296,3.635280077094859,4.294013506461543,0.4971130289379417,0.24712136353985484,-0.0202513103669,0.20039741232271832,0.19937153080132847,0.03974900729406507,0.66139621,1.25379,0.1311947284580743,-0.12082840848396176,0.40055365499382,3.300422906334205,1.2792482284025668,4.222060155907283,5.041332207272043,0.1993715308013285,0.039749007294065074
750,785.5,0.0017172754490100007,0.5128639568497916,0.5128610817762029,0.26302648920065713,1.7029196,3.17,0.3333109559501494,0.1130448549836184,0.2329160731626132,3.320411928457577,1.2821115013997295,4.257138322860315,5.109101784985104,0.5128610817762029,0.26302648920065713,-0.0002376827545200002,0.4984404453766361,0.49844038870678165,0.24844282109416757,1.3628616,2.6193,0.3442137167553882,0.5439746489916671,-0.2392177291726214,2.7342516295405805,1.2370775325614871,3.3824812592742863,3.9593471545717134,0.49844038870678165,0.2484428210941676,-0.020984240374279997,0.19965540482137004,0.19854959665106245,0.03942194233029959,0.74539379,1.4087,0.13069060711975078,-0.04505139912061876,0.5526170904039169,3.7334015108025618,1.2825709825819902,4.788352444083128,5.703499328892102,0.19854959665106242,0.03942194233029958
751,786.4,0.0013503487599550023,0.5067650640969477,0.5067632649940305,0.2568090067474099,1.5269196,2.948,0.335177773148059,0.09141538670074281,0.1364879131459329,3.0130719502556116,1.2695237713759968,3.8251664657157334,4.555551478425479,0.5067632649940305,0.2568090067474099,0.0002799811574000013,0.4907235015042271,0.4907234216329201,0.2408094765391207,1.4761616,2.5576,0.33531434830587303,0.5643790826856047,-0.17008242041885913,3.0081330840587106,1.2444299610553018,3.743410936644346,4.402321604959918,0.4907234216329201,0.24080947653912066,-0.0200877103882182,0.1964214045393744,0.19539153526337733,0.038177852052579626,0.63466621,1.2000600000000001,0.12863653686750337,-0.1066858899485904,0.5805314347669346,3.2311458697098137,1.2853941997760463,4.153296159555323,4.933794281586662,0.19539153526337733,0.038177852052579626
752,787.3,0.003365382830812997,0.5057329950449472,0.5057217975088029,0.25575453647553464,1.6029196,3.0170000000000003,0.33095544001529015,0.06788686719197932,0.21579125145776246,3.1694977699794733,1.2768010079769796,4.04681794749058,4.843309419316223,0.5057217975088029,0.2557545364755346,0.0030369171627000037,0.48606573926409496,0.4860562519096921,0.23625068002049804,1.3405616,2.425,0.33389941999406214,0.5825453398456207,-0.19921608859961237,2.7579841402309375,1.2427318635165254,3.4274347701382153,4.014866512867377,0.4860562519096921,0.23625068002049804,-0.01969398037542,0.19453468989296696,0.19353524926670437,0.037455892708725395,0.68609621,1.30749,0.1276692207689463,-0.09575559810788513,0.6280148608228635,3.5268579109334706,1.2833722226373563,4.526271476080831,5.374014236694418,0.19353524926670435,0.03745589270872539
753,788.2,0.0032912993469499958,0.5139011509332129,0.5138906111995915,0.26408356027908964,1.5899196,3.1109999999999998,0.3348898641950657,0.07372872160000739,0.3359933830223807,3.09382377741868,1.2862689649671304,3.9794895079710235,4.747589491313801,0.5138906111995915,0.26408356027908964,5.594966888999986e-05,0.4882425311314136,0.48824252792566514,0.23838076607524392,1.4387616,2.4562,0.33421710694272044,0.5767993058497702,-0.2122774562684162,2.9468174283504776,1.2412914345335186,3.6578592329455386,4.304871205310808,0.48824252792566514,0.23838076607524392,-0.020580290368720004,0.20140242170067493,0.20034816474137138,0.04013938711523568,0.65014621,1.22054,0.13396666414171157,-0.10991796411108082,0.4501801536324619,3.2280952955285205,1.2743674665170006,4.113779623438129,4.853044704556257,0.20034816474137135,0.040139387115235674
754,789.1,0.0017284568468400056,0.5134163763804537,0.5134134668788541,0.2635933879725642,1.5769196,3.088,0.33853332779900935,0.10007565122623668,0.22046446651847829,3.0714244277075133,1.2751545434136613,3.91654081374294,4.6580926322746965,0.513413466878854,0.26359338797256415,0.0010669881766799982,0.4953168198544181,0.49531567062523363,0.2453376135669249,1.3822616,2.4537,0.33397678280329646,0.5631023607585662,-0.20086138281049104,2.7906615414478955,1.2513831618378566,3.492186863356374,4.138795482721072,0.49531567062523363,0.2453376135669249,-0.0202525803836582,0.1973090981110748,0.1962669436894792,0.0385207131852092,0.66654621,1.27094,0.1283119704537126,-0.17715511987853194,0.5973330515994886,3.3781828429663645,1.290459155503745,4.359406978671615,5.194731307165536,0.1962669436894792,0.0385207131852092
755,790.0,0.003085278028879999,0.5154894906946548,0.515480257697731,0.2657198960761191,1.5590804,3.058,0.33495590358246324,0.09117802673696176,0.1373423039736017,3.024465926354852,1.2795784281023148,3.8700413558941533,4.654584031286279,0.515480257697731,0.2657198960761191,0.0032951081822599998,0.493304973567805,0.4932939683482862,0.24333893920879998,1.3822616,2.4747000000000003,0.33419579575466996,0.5628974428944311,-0.2669140450985217,2.802042699879667,1.246076433528274,3.491559374059991,4.136083151131876,0.4932939683482862,0.24333893920879998,-0.02078494039064,0.19635869572190026,0.19525553420726224,0.03812472363856336,0.72948621,1.36788,0.12721344530312617,-0.15327068968665564,0.7323065704432925,3.715069543103708,1.2926076885194084,4.802127454800139,5.734348348649539,0.19525553420726224,0.03812472363856336
756,790.9,0.001014045117716004,0.5101793586825131,0.5101783509109334,0.2602819497381995,1.6559196,3.153,0.333077345240414,0.06041408199463446,0.2660079464579441,3.2457596957200425,1.2793368094926354,4.152419853502266,4.971576793386423,0.5101783509109334,0.2602819497381995,0.0018138991537599992,0.4973546654793502,0.49735135773810485,0.24735837304393635,1.4350616,2.6025,0.34429492223049823,0.596074533223736,-0.22476034387515398,2.8853888373941126,1.2361781288755715,3.566854574088315,4.168117237114686,0.4973513577381049,0.2473583730439364,-0.01909030037229,0.19842853311661382,0.1975080838510334,0.03900944318650685,0.66675621,1.2441499999999999,0.13053724612144407,-0.12647306140956957,0.3818241122261936,3.3601831325747704,1.2775580806710138,4.292829113555338,5.107785170982462,0.19750808385103344,0.039009443186506856
757,791.8,0.003329783336838002,0.5075734253437824,0.5075625032034478,0.25761969465814993,1.5189196,3.028,0.334649096344148,0.08330737739495293,0.17215000599539687,2.9925120665472726,1.2726781040337012,3.8085045831513558,4.538842676084702,0.5075625032034478,0.25761969465814993,0.0002804921607000006,0.5045404316745259,0.5045403537066829,0.2545609685184647,1.6152616,2.6627,0.3449092385825534,0.5740195109627929,-0.22502243155732282,3.2014512586019856,1.2423129928781833,3.9772044946274594,4.6831497081322455,0.5045403537066829,0.2545609685184647,-0.019368310361219998,0.19941903135367062,0.19847624195300484,0.03939281861978772,0.67600621,1.2704,0.13323738628251258,-0.09740162918148045,0.403165959057036,3.3898781144970047,1.2690775273031831,4.302018135405036,5.073697622427211,0.19847624195300487,0.039392818619787724
758,792.7,0.003472070858900002,0.5023858714758014,0.5023738733079689,0.25237950858245123,1.5929196,3.036,0.339219493082909,0.028153777415220536,0.0366034750823081,3.170709389817558,1.2581177881285253,3.989125884315612,4.69583745180196,0.502373873307969,0.2523795085824513,0.00250086675069,0.4964437863053985,0.49643748712877783,0.24645017862673546,1.3567616,2.4341999999999997,0.34259169218228586,0.5490826270057028,-0.30297131057956195,2.7329611880072116,1.2381167512412488,3.383725027363912,3.960287511228076,0.49643748712877783,0.24645017862673543,-0.0203644403611382,0.19829046288253785,0.19724197636139418,0.03890439723894878,0.65820621,1.3006,0.12926835189591898,-0.198489609280435,0.6118146230071191,3.3194042740719425,1.2844615943720037,4.263647306239691,5.091781556323684,0.19724197636139415,0.03890439723894877
759,793.6,0.0017890677378600026,0.5042695043672588,0.5042663306938411,0.2542845322714303,1.5029196,2.989,0.3333625577002877,0.03817841795292767,0.0967406189489517,2.980389626943266,1.2705817366982466,3.7868286282390136,4.508363537788823,0.5042663306938411,0.2542845322714303,4.368714758000092e-05,0.4941344554277628,0.49413445349654067,0.2441688581323249,1.4257616,2.5582000000000003,0.34016896520582957,0.5534664793679359,-0.2622337055202122,2.8853717532523517,1.2385484458406795,3.573672700663297,4.191333560183245,0.49413445349654067,0.24416885813232492,-0.0197558323721,0.19295018051526863,0.1919361332531221,0.036839479248160244,0.71208821,1.326482,0.12903590466623685,-0.1056669969268135,0.4464834220188103,3.6905288613795864,1.269025920436518,4.683376785209764,5.518527667488217,0.1919361332531221,0.036839479248160244
760,794.5,0.0019852305420000006,0.5107427197985207,0.510738861539716,0.2608541846868852,1.5029196,2.951,0.3356545655693184,0.06109352297311774,0.1717600509186319,2.9426158058461924,1.2772258778489192,3.7583850557940073,4.4775783027137805,0.510738861539716,0.26085418468688526,0.0002581371722399977,0.4879987806477612,0.4879987123742255,0.23814274327890203,1.3898616,2.4873,0.3325928906070521,0.5554612177428707,-0.2513205804113632,2.848084165610253,1.2455128383758451,3.547325393042527,4.1788674359912195,0.4879987123742255,0.23814274327890203,-0.01999254335878,0.1972643839002517,0.1962486569778076,0.03851353536559319,0.71081921,1.2492130000000001,0.1338734698974609,-0.10485622295542232,0.26554711110173956,3.603383418465603,1.2591889264702736,4.537340498358487,5.309634616510987,0.1962486569778076,0.03851353536559319
761,795.4,0.003326338832980001,0.5068891340282448,0.5068782197588214,0.25692552966587207,1.5269196,3.012,0.3371384045221721,0.06209928738689491,0.09760514033299028,3.012334448492868,1.267294616522856,3.8175152297413577,4.529058628500395,0.5068782197588214,0.256925529665872,0.00388316066154,0.48857400302512577,0.48855857120234036,0.23868947749527228,1.3936616,2.4291,0.3312179675303776,0.6027948282067758,-0.2245360733633297,2.8525087118242114,1.2487656866190948,3.562115000108111,4.207687192791498,0.4885585712023404,0.23868947749527233,-0.020290690385677997,0.19662376644466248,0.19557401006922603,0.03824919341455773,0.69162621,1.28002,0.12989952009215378,-0.19469111361381353,0.42807763127649956,3.5175107389403526,1.2779838836689366,4.495322034998183,5.324316899010436,0.19557401006922603,0.03824919341455772
762,796.3,0.0020138418369799976,0.5106761586168587,0.510672187827697,0.2607860834207266,1.5819196,3.06,0.3405776726220069,0.07537826739734775,0.03723054418156568,3.0976962078757535,1.2646108426663107,3.917380211765992,4.6448129961699145,0.5106721878276971,0.2607860834207267,0.000380356154299998,0.49058170141120927,0.49058155396296016,0.24067026108871278,1.4118616,2.4053,0.3423694163501819,0.5924107952058476,-0.27532845400278916,2.877933677384691,1.2291457656280735,3.537399993315823,4.123795913347357,0.4905815539629601,0.24067026108871276,-0.02063680035586,0.20023631985740012,0.1991700435836359,0.03966870626110743,0.64970621,1.2860999999999998,0.1346309523811515,0.013674783850075936,0.34149284046145434,3.2446971181986033,1.2637551765968364,4.100502779612323,4.825830899276618,0.1991700435836359,0.039668706261107425
763,797.2,0.001979751432959998,0.5040197885771365,0.5040159004055378,0.254032027861605,1.4959196,2.973,0.33337175517773093,0.05240651182482285,0.12043667665713054,2.967977912579638,1.2700396989839016,3.7694497746835114,4.487241575707211,0.5040159004055378,0.254032027861605,0.0013806902700799996,0.49679992778644666,0.49679800919789996,0.24680826194299668,1.5287616,2.5612,0.3392318391052038,0.5516173281133187,-0.2970163959852723,3.0772178386007134,1.2421103407676377,3.8222440981205854,4.506539256552197,0.49679800919789996,0.2468082619429967,-0.0200348103919,0.1941761648183601,0.19313981815288,0.03730298935612755,0.72572621,1.31412,0.12569009043415158,-0.1908560514539543,0.5705963998068393,3.7374628893246116,1.2884401043505025,4.815497075127532,5.7739333903988594,0.19313981815288,0.03730298935612755
764,798.1,0.003490409435880002,0.5082011862187074,0.5081891997239525,0.2582562627160712,1.5299196,2.982,0.33433277881545964,0.0573575510752292,0.18050388652277105,3.0104605055793594,1.2766823634839475,3.8434018334381364,4.576038297592303,0.5081891997239525,0.2582562627160712,0.0033199677598199986,0.49952399425267463,0.4995129614416625,0.24951319864821983,1.4225616,2.511,0.33770474142660306,0.5744434868193031,-0.21740596290114134,2.847834371056107,1.2489506586347054,3.556804613413077,4.212441892259249,0.4995129614416626,0.24951319864821986,-0.0204070703645,0.19781136797622256,0.19675591167678516,0.03871288877976288,0.66631621,1.22371,0.1333650835708093,-0.17753416977390762,0.4215071308306917,3.3684424551378305,1.26579301319793,4.263750925072748,4.996181850298349,0.19675591167678516,0.03871288877976288
765,799.0,0.002183108450179999,0.5168979169076349,0.5168933067287164,0.26717869054094684,1.5099196,2.932,0.34196932083041415,0.013043519547366334,0.07050161144254785,2.9211175951978334,1.2692075027879994,3.707504368351128,4.415365671790141,0.5168933067287164,0.26717869054094684,-0.0013965388537199985,0.5021167830890536,0.5021148409865315,0.25211931353892975,1.4204616,2.5049,0.34724457120130825,0.527363425603077,-0.18642938711527357,2.8289466670706207,1.2382625336508692,3.502978667530049,4.09066611203121,0.5021148409865315,0.25211931353892975,-0.0219090603802182,0.19792645315091795,0.1967101266588949,0.038694873930158476,0.66617621,1.21757,0.129825203613118,-0.09394482909764988,0.27748609510637046,3.365776526556781,1.2779927446449544,4.301437981035861,5.131331909828695,0.1967101266588949,0.038694873930158476
766,799.9,0.0019401549410579966,0.5182107543694517,0.5182071224355769,0.26853862174296095,1.5029196,2.9530000000000003,0.3429083047787812,0.05671723425045414,0.08686554094332877,2.9002092050920902,1.2716604687388176,3.6880813971880406,4.382861479454606,0.518207122435577,0.26853862174296106,-0.0006544438298199999,0.5014906318895151,0.5014902048656771,0.2514924255762188,1.3471616,2.4786,0.344885946236503,0.5131533489721929,-0.35535395833864625,2.686314587620845,1.2385193822697804,3.327052683642469,3.9061075543976904,0.5014902048656771,0.25149242557621876,-0.021185690387850002,0.19152774998166014,0.190352424559887,0.03623404553582747,0.60968621,1.1510799999999999,0.12578493044822986,-0.19679099824300844,0.3344651390959008,3.1832787157912152,1.2796835948844085,4.073589550542725,4.847052884851994,0.190352424559887,0.03623404553582747
767,800.8,0.0045167008489600015,0.5148915866577781,0.5148717757115894,0.2650929454244052,1.6389196,3.154,0.3402593458782434,0.06740611195456646,0.15011079991137866,3.183038220994093,1.270918296678428,4.045381514088147,4.8166776896892705,0.5148717757115895,0.2650929454244053,0.003079211751960005,0.49179184679087456,0.4917822069015568,0.2418497390249656,1.3716616,2.5111,0.34229078744820307,0.5474609102572604,-0.27812651937041766,2.789110085802772,1.232982890124855,3.438925014469484,4.007299203772949,0.4917822069015568,0.2418497390249656,-0.0209006303383,0.19991806310967503,0.1988225228916124,0.03953039560898574,0.63786621,1.24726,0.1368353013575296,-0.0921906947280285,0.2303741886965569,3.190638204863293,1.2517434424816831,3.993860450269156,4.661561772962035,0.1988225228916124,0.03953039560898574
768,801.7,0.0025356078481000013,0.5162669602731257,0.5162607335082668,0.26652514496249374,1.5170804,3.027,0.34611762997664697,0.067710269014346,0.07953716247229758,2.938557987901074,1.2633355083366886,3.7123846494218404,4.383135294501929,0.516260733508267,0.2665251449624938,-0.00022779734881999626,0.49377057570124394,0.49377052315494263,0.24380932953670575,1.4389616,2.5534,0.3390436598625266,0.57410295636873,-0.11769932918778059,2.9142311648611567,1.243151219791461,3.622830027351437,4.244177875449615,0.49377052315494263,0.24380932953670575,-0.0203063703824882,0.19949735391366816,0.19846119404166793,0.03938684554044457,0.65439379,1.2647599999999999,0.12864450713522738,-0.03710942780591573,0.5492036596719458,3.2802128808344335,1.2925617729393146,4.239877776869732,5.086838175780954,0.19846119404166795,0.039386845540444575
769,802.6,0.0008812589548600043,0.5098548588812446,0.5098540972743755,0.25995120050746834,1.6279196,3.021,0.3406866417375419,0.02634348628545678,0.1905279545065457,3.1929078867112946,1.2676993528498828,4.047647261693195,4.778348783202707,0.5098540972743755,0.25995120050746834,-0.0011294168208399978,0.49744016050246054,0.4974388783542743,0.24744543769835853,1.3926616,2.4421,0.33797821364138847,0.5811538087464586,-0.24975942719982314,2.799656542795586,1.2455096062268667,3.486999118187801,4.120566189741694,0.4974388783542743,0.24744543769835853,-0.01923128037514,0.19988236117178484,0.19895506066129753,0.039583116162740586,0.67826621,1.23766,0.13083721348803465,-0.1305338599195704,0.41140850092022685,3.3933269850513614,1.281122644105522,4.347268039403619,5.184046586730685,0.19895506066129753,0.039583116162740586
770,803.5,0.0031519008375799963,0.5139384665662253,0.5139288014283235,0.26412281293755324,1.6319196,3.116,0.33688507730522227,0.08360902300933601,0.16831330989678284,3.1753209891124454,1.2764331045412691,4.053084828047853,4.844143329392591,0.5139288014283235,0.26412281293755324,0.0034726101651000032,0.49574794697933006,0.49573578437799093,0.24575396791286191,1.4291616,2.4786,0.3365197767512075,0.5936916928332641,-0.15199456593353444,2.882839170001824,1.2497901212636893,3.6029439158602927,4.246887400785939,0.4957357843779909,0.2457539679128619,-0.0210738003753982,0.19783525799127166,0.1967096445073573,0.03869468424221089,0.67412621,1.33852,0.12821141189786178,-0.14449360197621577,0.5204601967787759,3.4075129824924426,1.2868895990508646,4.385093015800315,5.25792673227119,0.1967096445073573,0.03869468424221088
771,804.4,0.0027229741339359994,0.5083398594578469,0.5083325664616516,0.2584019981254894,1.5979196,3.0220000000000002,0.3377269001903068,0.07707955054234186,0.11311641843381626,3.1434080374972138,1.2663432720786687,3.980633619682609,4.731395690125907,0.5083325664616516,0.2584019981254895,0.001997010171969999,0.4955320122176954,0.49552798819329197,0.24554798708289133,1.3858616,2.5323,0.33549708192694594,0.5619189812198659,-0.22145547681627953,2.7967145730862852,1.2492022908495133,3.4936622515516063,4.130770950495985,0.49552798819329197,0.24554798708289133,-0.02161998036684,0.19651230817385087,0.1953193889831524,0.038149663712752,0.67412621,1.2925200000000001,0.13003093344136077,-0.19421279010577214,0.5741187630394009,3.4304528620345383,1.278347469916546,4.385310736849826,5.184352616402668,0.1953193889831524,0.038149663712752
772,805.3,0.000863774825778,0.5105262285957288,0.5105254978717799,0.2606362839772287,1.4979196,2.9059999999999997,0.32996185483640894,0.04912447803881053,0.2003786007408923,2.934069820702904,1.2857555081215912,3.7724964331820883,4.539675050446816,0.5105254978717798,0.26063628397722866,-6.93998324199978e-05,0.49977038740960633,0.4997703825910568,0.24977043531521131,1.4647616,2.6082,0.3389848214095162,0.6017054318791244,-0.22912683751247886,2.9308691289055857,1.2475846981639456,3.6565074775437014,4.321024150607825,0.4997703825910568,0.24977043531521131,-0.021867690376580002,0.19976580647024547,0.19856530802811853,0.03942818155230159,0.65740621,1.2538,0.13129669803524785,-0.13007624776996607,0.5383593711600789,3.290884569366573,1.2834186903890235,4.223582764237893,5.0070277458425725,0.1985653080281185,0.039428181552301586
773,806.2,0.0028788178338799977,0.5198605410836129,0.5198525700461873,0.2702466945836261,1.5969196,3.172,0.3446467481049001,0.10139344190266851,0.23883147054625553,3.07182306368422,1.2718507592862796,3.9069004959398805,4.633496787017256,0.5198525700461872,0.27024669458362605,0.000563574160700002,0.5024612717158206,0.5024609556557057,0.25246701195844506,1.4525616,2.596,0.3410790321851135,0.5878265689071415,-0.1890610706774818,2.890892655347838,1.2479096888294894,3.607572953974577,4.25872440968946,0.5024609556557058,0.2524670119584451,-0.021753570363798203,0.20106098296755529,0.1998807170497115,0.03995230104830683,0.68639379,1.3660299999999999,0.13414105556604075,-0.048168429140305224,0.5280087025259892,3.413858720221027,1.2720937921093587,4.342748485131568,5.116955335587563,0.1998807170497115,0.03995230104830683
774,807.1,0.0017990893390800013,0.5092775976695979,0.5092744199011637,0.25936043476566684,1.5369196,2.988,0.3406881831525563,0.04552451733511816,0.0011194742601534635,3.017842542127882,1.2613748234699063,3.8066306038365303,4.511220746719545,0.5092744199011637,0.2593604347656668,0.0002961378730799997,0.511078063669121,0.5110779778723971,0.26120069946613833,1.5199616,2.5534,0.3460393385912661,0.5977173820430651,-0.20747619770243153,2.974030208003692,1.2472501421444357,3.7093595996744506,4.392453199650068,0.511077977872397,0.2612006994661383,-0.022155990394860003,0.1970554313217639,0.1958059118183853,0.03833995510302928,0.76930621,1.3136999999999999,0.12873661931238997,-0.1896049555597612,0.5002879278106338,3.9040091655420084,1.2852698034322163,5.017705092793748,5.975814916602831,0.1958059118183853,0.03833995510302928
775,808.0,0.0009272601309179995,0.5063421265403373,0.5063412774977372,0.2563814892980405,1.5079196,2.985,0.3329144931239648,0.02813482991877123,0.15628241073203908,2.978064673984563,1.2733748991261626,3.7921928038262815,4.529450147544365,0.5063412774977372,0.25638148929804044,0.0002077272474800005,0.49817740925546733,0.4981773659469889,0.24818068794188008,1.5335616,2.551,0.34495110072916196,0.5611248670984601,-0.2861845540127095,3.078344323745888,1.2366068815202143,3.806701774432856,4.445736212345281,0.49817736594698897,0.24818068794188014,-0.0205713203954,0.1965654865627866,0.1954860897477231,0.03821481128485485,0.75686621,1.35126,0.1285796359491751,-0.052448897073925846,0.40149868330728555,3.8504532165581526,1.2822230249988509,4.93713977095175,5.8863614320635795,0.19548608974772308,0.03821481128485484
776,808.9,0.001873549016979999,0.5092235908312466,0.509220144213826,0.25930515527314973,1.6129196,3.114,0.3340500833974078,0.05650745818900614,0.22583078893131647,3.1674094229748895,1.2781591450656713,4.048453320142536,4.828376582325727,0.509220144213826,0.25930515527314973,0.0020342041565000013,0.49542758102197076,0.49542340482735675,0.24544435005073104,1.5076616,2.6071,0.33769841689588176,0.578842527286011,-0.12887618867202422,3.0431523349789837,1.2466807275418,3.793839366992127,4.464520781170372,0.49542340482735675,0.245444350050731,-0.021929970372718,0.1969705449741726,0.19574593734449325,0.038316471986874275,0.63317621,1.20357,0.132376287163398,-0.0801823338792713,0.1647871778772605,3.214573072755747,1.263072308143508,4.06023823070157,4.783154321426482,0.19574593734449322,0.03831647198687427
777,809.8,0.0020766152357200003,0.5199906776066459,0.519986531043816,0.2703859924669814,1.6129196,3.082,0.34127892300676527,0.0522216453119621,0.10961499142460829,3.101824070046339,1.274226266300688,3.95242570349675,4.726103756392909,0.519986531043816,0.2703859924669814,-0.0018159688240000022,0.4944362512827449,0.4944329164201792,0.24446390883976393,1.4495616,2.573,0.33311329222194225,0.610142122700262,-0.04311842138326849,2.931746198300221,1.253130723020943,3.673861233189857,4.351557364556337,0.4944329164201792,0.24446390883976393,-0.020645210381600002,0.20003493397706706,0.19896670600758573,0.03958775009950905,0.64095621,1.2493500000000002,0.13226335848536522,-0.05936260073133984,0.32213021576676537,3.204221369020884,1.2767336272548628,4.090937170997576,4.846060294703019,0.19896670600758573,0.03958775009950905
778,810.7,-0.00012490438890000056,0.5183240146751248,0.5183239996255552,0.2686597685878326,1.5999196,3.104,0.3442560175466984,0.1043281727313975,0.11526511684441054,3.086717101083572,1.2700048505946833,3.920145690789696,4.647470250198229,0.5183239996255552,0.2686597685878325,-0.0008189239402199986,0.4933996578047155,0.49339897819654077,0.2434425516853905,1.5055616,2.561,0.3378947679974704,0.5902747149418707,-0.19455007851359785,3.051403818759623,1.2423908242369721,3.791036105468612,4.455711489475537,0.4933989781965408,0.24344255168539056,-0.02174317038934,0.2012626293400643,0.20008468334756724,0.04003388051029625,0.70639379,1.39268,0.12880668252700614,-0.1866074787719982,0.5935186870840221,3.5098109982774726,1.2986923362997116,4.5581646453233935,5.48413930194883,0.20008468334756727,0.04003388051029626
779,811.6,0.0017548116409199963,0.5136338511898408,0.5136308535555594,0.2638166537242125,1.5810804,3.124,0.3387189674217809,0.05903239672853114,0.15064565183820644,3.0782246854201736,1.2719885277189689,3.915466485595793,4.667823629821123,0.5136308535555594,0.2638166537242125,0.0031628361555600007,0.48902736134827096,0.48901713325271684,0.23913775661470543,1.4514616,2.5109,0.33740876299677625,0.6087251292481021,-0.2440763100939085,2.9680580571161777,1.2365171352791942,3.670054646127627,4.301789873826922,0.4890171332527169,0.2391377566147055,-0.024267870367900003,0.19961922304303115,0.19813859966223193,0.03925890467611022,0.65274621,1.2611400000000001,0.13283827968706205,-0.1029854480616251,0.3984890755993238,3.2699566707525456,1.2715981690094427,4.15807091526915,4.913841187477942,0.19813859966223196,0.03925890467611023
780,812.5,0.0029775671399199996,0.5086804492485227,0.5086717345613044,0.25874693354160616,1.6139196,2.987,0.34125065198452137,0.09477424110564751,0.07663699308829441,3.1727572828565656,1.2604498363975074,3.999101398105558,4.729425689341116,0.5086717345613044,0.25874693354160616,-0.0009677298370199971,0.49360507689145755,0.49360412825662653,0.24364503543198424,1.4514616,2.5149,0.3360727298552664,0.5940181276899174,-0.12485187803392339,2.9405321540466502,1.2463653153924485,3.664977285599989,4.318891332316932,0.4936041282566266,0.24364503543198426,-0.023883000391358197,0.1982157564829721,0.1967716656696875,0.038719088410423284,0.73389621,1.36929,0.12934045271695474,-0.09230093521310823,0.6635899343351053,3.7025119648500096,1.2898897365598723,4.775832182950154,5.674142888660204,0.1967716656696875,0.03871908841042328
781,813.4,0.00033584684763999964,0.5068096598012927,0.5068095485237003,0.2568559184747969,1.5619196,3.05,0.3379451579044802,0.09431517709634014,0.07450193371901115,3.0818662781849686,1.2633328267659285,3.8934228369340076,4.621813816434306,0.5068095485237003,0.2568559184747969,-0.0033262428409200043,0.49768015463505644,0.4976690390471733,0.2476744724261369,1.4228616,2.4263000000000003,0.3399459553686427,0.6165390704853885,-0.1924653191022796,2.8589880202142464,1.2457375962811865,3.561548864098404,4.185552372455871,0.4976690390471734,0.247674472426137,-0.020705530375839998,0.19379960762192602,0.19269034466279744,0.03712956892626767,0.64839379,1.27807,0.12818678866014643,-0.1623758463663721,0.4580740053484291,3.345691964789315,1.2765757826196185,4.271029338355089,5.058195128977337,0.1926903446627974,0.03712956892626766
782,814.3,0.0040307412549999986,0.5243134997405102,0.5242980060376706,0.2748883991350773,1.6869196,3.128,0.3470821420411154,0.04089358261821324,0.14042905358003122,3.2173873089952463,1.2712955765734417,4.090250254049185,4.860289238966859,0.5242980060376705,0.27488839913507723,0.0007430551375800032,0.5044661316993958,0.5044655844562785,0.2544855259008147,1.4502616,2.4966999999999997,0.3529219993168451,0.5549513829982267,-0.29578845453617353,2.874844333185464,1.2291620529352172,3.5336495624474202,4.10929781313516,0.5044655844562785,0.25448552590081475,-0.022434790366788,0.20058545629928995,0.1993268809267647,0.03973120545999264,0.68339379,1.2919800000000001,0.1338957902625869,-0.04530187302877556,0.3202196238959143,3.4069957144865,1.267657994532829,4.3189053548078995,5.103922898993139,0.1993268809267647,0.03973120545999263
783,815.2,0.00246751863988,0.5291109750068791,0.5291052213166035,0.279952335224492,1.6630804,3.3049999999999997,0.3503538550938251,0.08316956517990783,0.12845243681278884,3.1431599013389917,1.2696400787848334,3.9906817847693667,4.7468591420369135,0.5291052213166035,0.27995233522449203,0.0006965111560000015,0.500777153652881,0.5007766692777238,0.2507772724928908,1.3194616,2.3939,0.34098963131776744,0.5565487976825835,-0.2294341753763871,2.63482786779566,1.2475207257567744,3.287002373876616,3.8695065152007415,0.5007766692777239,0.25077727249289083,-0.022330230388457998,0.19785769266476802,0.1965935587892548,0.03864902735742418,0.73114621,1.39254,0.1287847615837927,-0.16641990685768157,0.6810486826977478,3.6953135364758714,1.288828756723638,4.762626350920227,5.677272691336902,0.19659355878925483,0.03864902735742419
784,816.1,0.00013956714297800143,0.5211517773811057,0.5211517586927038,0.2715991555884982,1.7109196,3.174,0.3443465409912122,0.142647404128571,0.14109333420365422,3.28295838996793,1.271238937211842,4.173424534573531,4.968598189123854,0.5211517586927038,0.2715991555884982,-0.0022381598300399972,0.4886954620964185,0.48869033683326213,0.23881824531420717,1.2967616,2.3962,0.3298002289085021,0.604320011343385,-0.16705993859119417,2.653516761619022,1.25203955512028,3.3223079457216866,3.9319608852053474,0.4886903368332621,0.23881824531420714,-0.022799100372920003,0.2012610429495711,0.19996551810583393,0.0399862084313346,0.69939379,1.3292899999999999,0.13257627487537108,-0.08626368685249466,0.5080975624598367,3.475057963280273,1.2786066362547686,4.443232173220136,5.275406860371271,0.19996551810583396,0.03998620843133461
785,817.0,0.00024112882576000062,0.5150672931554369,0.5150672367131869,0.26529425833535814,1.5089196,2.9770000000000003,0.3377756981650218,0.07954162698533183,0.05252483664312679,2.9295581762840426,1.27274139514313,3.728569960436716,4.46722368778233,0.5150672367131869,0.2652942583353581,-0.0001913808487099966,0.49444800407005346,0.4944479670321543,0.24447879210223036,1.3832616,2.5727,0.3389682676071142,0.5749725713194191,-0.15332924943094506,2.7975875898247518,1.2436209704218224,3.4791385932979053,4.080799685955525,0.4944479670321543,0.2444787921022304,-0.02226036037024,0.2023609343714041,0.2011328519060344,0.040454424115854766,0.69939379,1.3165900000000001,0.13253535615069495,0.052175285852096784,0.44800353702337725,3.4561699972997966,1.2817267310742901,4.429865472676107,5.277035579885396,0.2011328519060344,0.040454424115854766
786,817.9,0.0014824151488800012,0.5047404356686822,0.504738258748371,0.2547607098443375,1.6669196,3.0869999999999997,0.33639683067286297,0.12129068237431453,0.17916125020133622,3.3025283535916,1.2687996937961972,4.1902469637902815,4.955217909353716,0.504738258748371,0.2547607098443375,0.0007446131661400033,0.4925101461840384,0.49250958330316347,0.2425656896454557,1.4445616,2.5629999999999997,0.33130450382758514,0.5891082558654354,-0.16672483278005368,2.933059574899,1.2542054052523768,3.678659172765564,4.360223248736054,0.49250958330316347,0.24256568964545572,-0.0222609753833444,0.19387950064945675,0.19259727346736982,0.037093709747064836,0.71513121,1.304525,0.12689199033905618,-0.18499781880661023,0.45802024723555235,3.688534412377051,1.2824700043193284,4.730434743773189,5.6357474422866645,0.1925972734673698,0.03709370974706483
787,818.8,0.001958803847080001,0.5106693513511645,0.5106655945889715,0.2607793494969078,1.6739196,3.076,0.3408939288436742,0.06647941469120744,0.008962999625844681,3.277893211274628,1.2620249313120118,4.136782954806972,4.910382551188289,0.5106655945889715,0.26077934949690784,0.00017147416100000168,0.49548627984044363,0.4954862501691995,0.24550662410673454,1.4717616,2.5052000000000003,0.3398639755394057,0.6137484470347507,-0.17147929550194085,2.9703377467362695,1.2429765074469625,3.6920600383761286,4.330443077010837,0.4954862501691995,0.24550662410673454,-0.02314617537632,0.19907072504585693,0.19772053038501541,0.039093408135731804,0.71513121,1.339525,0.13159929625121392,-0.131846684373578,0.5976195768305246,3.59234744252459,1.279779103905646,4.59741119091186,5.434156795450215,0.19772053038501544,0.03909340813573181
788,819.7,0.002846818629000006,0.5217306206473793,0.521722853768927,0.27219473614479317,1.7159196,3.2,0.3410375549984242,0.06499032781309455,0.22369157773587967,3.288899543352151,1.2810480598537834,4.213238379065268,5.03146816193873,0.521722853768927,0.2721947361447932,0.00033014515497999987,0.5000052946157088,0.5000051856210277,0.2500051856479184,1.4717616,2.5382,0.34377772248208244,0.5579161243525981,-0.22237283729507284,2.9434920306817114,1.2402781513404355,3.6507488542992177,4.281143028622827,0.5000051856210277,0.25000518564791835,-0.02384030035472,0.20205996383142796,0.20064862088375968,0.040259869062554715,0.64454621,1.2679399999999998,0.13606845830982683,-0.052375356294425704,0.2820991674309963,3.189875905044326,1.2645714854985388,4.033826111797899,4.736925941590176,0.20064862088375965,0.04025986906255471
789,820.6,0.003059397195960001,0.5193718848144088,0.5193628739373549,0.2697377948244688,1.5889196,3.132,0.3379189599696159,0.043804033643476,0.18236065977435878,3.059309998206355,1.2812562598022916,3.91976008587763,4.702072947143505,0.5193628739373549,0.2697377948244688,-9.542884274000096e-05,0.503313432153172,0.5033134231064592,0.2533244018791417,1.5981616,2.6296,0.3441718158949514,0.5832659572480187,-0.21595675881959453,3.175281043390942,1.242232942582925,3.9444387140593102,4.643499340131306,0.5033134231064592,0.2533244018791417,-0.02122659037322,0.20202175358543087,0.200903511126262,0.04036222078286008,0.76988621,1.36728,0.13200666081982526,-0.21338197605638534,0.5773209875845406,3.810907470785966,1.284908432843371,4.89666714599869,5.832176991817185,0.20090351112626198,0.04036222078286007
790,821.5,0.0011959496460690001,0.5204372467997473,0.5204358726691937,0.2708534975609451,1.5830804,3.151,0.344625403986659,0.05005331781556371,0.11729605118329856,3.041827635770916,1.2707171130351085,3.8653024316772275,4.593626533873526,0.5204358726691937,0.2708534975609451,-0.0006525108455199979,0.5078209678757555,0.5078205486624834,0.25788170964386564,1.5249616,2.6563999999999997,0.3470271052508394,0.6403109550839629,-0.10132379279707227,3.00295122979857,1.2445296056408162,3.737261709779818,4.394358760240706,0.5078205486624833,0.2578817096438656,-0.02243319037674,0.20050425141587883,0.1992453432463677,0.03969870680536288,0.75874621,1.3581400000000001,0.13075692142144663,-0.10787156096972941,0.6922289936522552,3.784190133835294,1.2890073131203208,4.87784875675146,5.802723112105568,0.1992453432463677,0.03969870680536288
791,822.4,0.002615723831000004,0.5109412687379501,0.5109345731973773,0.2610541380883861,1.5709196,3.0620000000000003,0.3376896721215274,0.04865800598950784,0.06497094221497113,3.0745600250303684,1.2698391551290513,3.904196704578118,4.651962229495308,0.5109345731973773,0.2610541380883861,0.001035753151479998,0.509108206652682,0.509107153059667,0.2591900932965192,1.4896616,2.5231000000000003,0.35473084634012036,0.5716085425130237,-0.21850671890617912,2.9260215815304274,1.2332349686817548,3.608472133460815,4.199413767844971,0.509107153059667,0.2591900932965192,-0.02220195037678,0.198312222452639,0.1970654991965158,0.03883481097357197,0.67368621,1.26608,0.13167969292933288,-0.1807841361452739,0.4468803892833182,3.397098785279813,1.2744487562415923,4.329428321729682,5.116097972384701,0.1970654991965158,0.03883481097357197
792,823.3,0.0027911252289800014,0.5105705497853543,0.5105629206357186,0.26067449592807507,1.6269196,3.122,0.33325218648268445,0.04051400635304397,0.24424543720624747,3.186473643424915,1.2798251132774534,4.078128991651911,4.881947263936507,0.5105629206357186,0.2606744959280751,0.0013348438640599968,0.49956771846805603,0.49956593511491304,0.2495661235272375,1.3415616,2.356,0.3416794707367582,0.5784242047925865,-0.2763390571104032,2.6854449365022046,1.241358354687157,3.3335995079793332,3.926374613924598,0.49956593511491304,0.2495661235272375,-0.0226470403753,0.19920096224206538,0.19790941089398525,0.03916813492040429,0.75124621,1.32864,0.13269340435291904,-0.1748036899443626,0.41732379461114677,3.7712980978831787,1.27141173455177,4.794872656141442,5.661518849889044,0.19790941089398523,0.03916813492040428
793,824.2,0.002129181136978,0.5173586829888838,0.5173543016653851,0.26765547345167834,1.5060804,3.0090000000000003,0.3431329046688633,0.0473513398745712,0.11396777035516248,2.91109524111797,1.2684845925444685,3.69267946078767,4.389204239836534,0.5173543016653852,0.2676554734516784,-0.002195888839420002,0.4961481737956918,0.4961433144092591,0.2461581884330049,1.5001616,2.7796000000000003,0.3396870276829814,0.6161641615808605,-0.08147229798659827,3.0236160873540765,1.2458815098198612,3.767067376028318,4.416305239068625,0.4961433144092591,0.2461581884330049,-0.0235688703567182,0.2016587234873135,0.20027668139012333,0.04011074910864098,0.70939379,1.3559999999999999,0.13302523262139995,-0.09517246551838694,0.4351243150788928,3.517793714709438,1.2764458971955392,4.4902733543211175,5.332776165999944,0.20027668139012336,0.040110749108640986
794,825.1,0.0019044839377979992,0.5244818457134743,0.5244783879474381,0.2750775794239434,1.5289196,3.007,0.34407321520080614,0.03181289955325709,0.11154535601085369,2.9151049030498806,1.2737657106977207,3.7131606685917418,4.443587970390838,0.5244783879474381,0.2750775794239434,-0.00023417285582000026,0.4987044854599503,0.4987044304805677,0.24870610898094736,1.4418616,2.5003,0.34679525703343167,0.5861162464185949,-0.24353336136501325,2.891214420640683,1.2345848691606838,3.5694495772221595,4.1576739322620035,0.49870443048056773,0.24870610898094742,-0.023064710369429996,0.19925007108850315,0.19791061104536023,0.03916860996434786,0.68895621,1.30735,0.1318136497552616,-0.20450773904833233,0.6029631763831427,3.4577463698568947,1.2806473425596983,4.428153699802675,5.2267440532842,0.19791061104536023,0.03916860996434786
795,826.0,0.003284119150800004,0.5299108008328886,0.5299006240803616,0.2807946714007567,1.5560804,3.08,0.34969324166189997,0.051107055036605974,0.1594230715301519,2.936494967745943,1.274938992108359,3.743851934509281,4.449844076496315,0.5299006240803616,0.2807946714007567,0.0007078991535799996,0.4946917011263362,0.4946911946275743,0.24471937804205662,1.3502616,2.5567,0.34046919155846617,0.5838746841597474,-0.28552692513594025,2.7295012164660615,1.2395424943209232,3.3833327461103364,3.96588482446621,0.49469119462757444,0.24471937804205673,-0.02383750136812,0.19979159931418025,0.19836445418734383,0.03934845668504283,0.72239379,1.427481,0.13301269863387288,-0.11165282221646476,0.7148399917989301,3.6157365598941276,1.2764195324506908,4.615196769244932,5.431013710867121,0.19836445418734383,0.03934845668504283
796,826.9,0.0009369418449800025,0.5194303290468546,0.519429484024254,0.26980698887370275,1.5749196,2.9690000000000003,0.34642017781982803,0.08369478505943938,0.03085194721250195,3.0320131727578357,1.26184150280698,3.8259200584433066,4.546269821554997,0.5194294840242539,0.2698069888737027,-0.0013790198522200012,0.49919256061481787,0.49919065583945565,0.24919131087742585,1.3122616,2.5187,0.3436626243265193,0.561359713209639,-0.26325379047344555,2.628768342188005,1.239602489500465,3.2586277812962607,3.818458881211358,0.49919065583945565,0.24919131087742585,-0.02409104037418,0.1978045780441497,0.1963320474831191,0.03854627286891374,0.73342621,1.30582,0.13006197855951487,-0.22073958657280734,0.5448251905045276,3.707832332557542,1.2819387627085952,4.753213992729741,5.639051613107612,0.19633204748311914,0.038546272868913746
797,827.8,0.0012295768448600032,0.518112267288455,0.5181108082790457,0.26843880965556605,1.5069196,2.944,0.34657851413689705,0.05925145352307676,-0.012484439748990273,2.908480835411361,1.2613960712737402,3.6687462991628563,4.3479890949176765,0.5181108082790457,0.268438809655566,0.0007934176683399974,0.50855448911063,0.5085538701877879,0.2586270388829774,1.3684616,2.5609,0.34281720575166313,0.6077806755580982,-0.18809322733979306,2.6908849087011157,1.2510256505197666,3.366366043381636,3.9918113123858605,0.508553870187788,0.25862703888297744,-0.02383918038327,0.19776528886316025,0.19632321044080123,0.038542802957783125,0.64889621,1.24029,0.13095166344421902,-0.09900105963515868,0.314672493589331,3.2811430849677103,1.2752401886317197,4.184245526601885,4.9552345723077265,0.1963232104408012,0.03854280295778312
798,828.7,0.0024000491771999977,0.517164030231176,0.5171584611401999,0.26745287392889966,1.6349196,3.064,0.34643207461571207,0.06353348233381424,0.07525109458156143,3.161317308299998,1.2640213817312216,3.9959726721281896,4.719307823369337,0.5171584611401999,0.26745287392889966,0.0018343815649400023,0.5076987370408271,0.5076954231004305,0.25775464263712516,1.3662616,2.4837,0.345385867711474,0.556685388320568,-0.29081779486614456,2.6910872537587793,1.2455960704027995,3.3520077083929967,3.955754209206203,0.5076954231004306,0.2577546426371252,-0.02445599038468,0.199136122872181,0.1976286921650518,0.039057099966868805,0.72171621,1.29111,0.13144562056142706,-0.17992997892920112,0.5055240221217057,3.6242355208615074,1.279569077988256,4.637459703841046,5.490606738493263,0.1976286921650518,0.039057099966868805
799,829.6,0.0004968615488799999,0.5246067370616702,0.5246065017697489,0.27521198169909356,1.5279196,2.977,0.34697946152715275,0.05186418702532571,0.09583902992975046,2.91250472412516,1.2710135014746349,3.701832827471735,4.403487149571339,0.5246065017697489,0.27521198169909356,-0.0011207335481999972,0.5049680969590329,0.5049668532713222,0.2549915229027411,1.3830616,2.5934999999999997,0.3441920345625961,0.6130581427844439,-0.16726530628202374,2.7389088703403877,1.247513141837245,3.416824810044236,4.018284739673343,0.5049668532713222,0.254991522902741,-0.023971540376156397,0.19854030541962275,0.19708784368426022,0.038843618128111386,0.67629621,1.3216899999999998,0.13190353683702227,-0.15389944023621469,0.47014298877317895,3.40634214584601,1.274557785426193,4.341579901813397,5.127203001657339,0.19708784368426022,0.038843618128111386
800,830.5,0.0019776864397780007,0.5350318650658231,0.5350282099031406,0.2862551853921591,1.5949196,3.1500000000000004,0.3543960014983545,0.050529924262324465,0.019256401299307058,2.9809805810421826,1.265795671851348,3.773312317356111,4.500388247206016,0.5350282099031406,0.2862551853921591,-0.0014746832444299995,0.5019177945530869,0.5019156281670888,0.25191929779836336,1.4775616,2.559,0.34085321177213385,0.5779503048690631,-0.10658959317632188,2.943831870546923,1.2487363326437655,3.6760698139466004,4.334891234610912,0.5019156281670888,0.25191929779836336,-0.0239133903830582,0.19982425791254646,0.1983882148986863,0.03935788381068734,0.64530621,1.2127,0.1290184340473583,-0.05575077981333869,0.32990220876018883,3.2293687300088445,1.2877791462874641,4.158713706178222,5.0016589859022,0.1983882148986863,0.03935788381068733
801,831.4,0.0009311532249800032,0.5260602320906771,0.5260594079958733,0.2767385007409687,1.5390804,3.025,0.34423940602698583,0.07616639247406413,0.15429971704664647,2.9256733471058283,1.276846670780213,3.7356362730424792,4.470959376101606,0.5260594079958733,0.2767385007409686,0.0008805986707400017,0.4958556234899182,0.49585484155401427,0.2458720238925566,1.3883616,2.4138,0.3359012035617068,0.5788219562235961,-0.250466197356094,2.7999311376736427,1.2477408594241644,3.4935884840493894,4.133243898142065,0.4958548415540143,0.24587202389255663,-0.025205980382299997,0.19927691678501516,0.1976763721751008,0.039075948116308976,0.64530621,1.2127,0.13119249424299292,-0.09449707032532127,0.39264904513994914,3.238238629997333,1.2782778179621699,4.139368609993797,4.918773850009839,0.1976763721751008,0.039075948116308976
802,832.3,-5.3493720000004075e-06,0.5205445084437528,0.5205445084162664,0.27096658524233247,1.5829196,3.027,0.3433077621507487,0.05118160696825662,0.08152699481095826,3.0408919397351433,1.2730715972815563,3.871273158879229,4.610788844631277,0.5205445084162664,0.2709665852423324,0.0001879441773600008,0.5013223074221054,0.5013222721922597,0.2513240205960101,1.4437616,2.5542,0.33685968584997084,0.6226074717032111,-0.1302787772987739,2.8799069553160255,1.2530666784081006,3.6087154426222376,4.285943556460527,0.5013222721922597,0.2513240205960101,-0.024309870357919997,0.20051250629589923,0.19903340268468542,0.039614295384244144,0.62439379,1.23536,0.1328447432290305,0.025464181943219213,0.3971490342197166,3.113989254508509,1.2718917752405725,3.9606573209968943,4.7001768743194905,0.19903340268468542,0.039614295384244144
803,833.2,0.003015305847979999,0.5100337116068858,0.5100247983246885,0.26012529490613917,1.5519196,3.012,0.3454941924654634,0.058496156822695315,0.03453437879979626,3.0427784765650143,1.2565431715068482,3.823382517135779,4.49188331915343,0.5100247983246884,0.2601252949061391,-0.0007575048484600024,0.4979787523817138,0.4979781762387312,0.2479822640100528,1.4411616,2.5516,0.33987142696842143,0.6090173482254173,-0.09074564526964313,2.8940222712460466,1.246773417137731,3.608190036394131,4.240314088344658,0.4979781762387312,0.24798226401005283,-0.0232757003908582,0.1981677695741731,0.19679610430422032,0.03872870666931756,0.66956621,1.29396,0.128497874956293,-0.061578338995458816,0.6414811181561415,3.3787846098221594,1.2919175916612293,4.3651112758634705,5.210718155671795,0.19679610430422032,0.03872870666931756
804,834.1,0.0022638312327999998,0.5171083820039931,0.5171034266052944,0.2673959538069371,1.5619196,3.096,0.33938857831337704,0.10396071700579733,0.11532482827392654,3.0204878790534453,1.2728065721756634,3.8444968236361556,4.60215723157834,0.5171034266052943,0.26739595380693704,0.00119164917126,0.5009827001094099,0.5009812828651062,0.2509822457811676,1.4452616,2.4617,0.34007700343206904,0.5936695826280007,-0.20986433249134917,2.8848533086758654,1.2478466426521633,3.599854515775163,4.24980691259441,0.5009812828651062,0.2509822457811676,-0.024689690381698,0.19878202555030094,0.1972427764728949,0.03890471287073638,0.65039379,1.29536,0.13291562847964586,-0.07688548537683743,0.5668118478052788,3.2718943687160515,1.2739481290423158,4.1682237094499035,4.893283035558144,0.1972427764728949,0.03890471287073638
805,835.0,-0.0006878115503420012,0.5216623729739955,0.521661919534224,0.27213115829213125,1.6749196,3.2089999999999996,0.34116655665747897,0.05819189396505799,0.2454504693169799,3.2107349250652075,1.279560965963141,4.10833108216803,4.909389760853873,0.5216619195342241,0.2721311582921313,-0.00023889584669999731,0.502595397633239,0.5025953408567254,0.252602076650888,1.4965616,2.594,0.3484934811898482,0.5920861033698988,-0.2282316511994491,2.9776667415726954,1.2353133553875355,3.678351493758036,4.2943747323202315,0.5025953408567254,0.25260207665088796,-0.024679710361978,0.2010927106266251,0.19957251855807312,0.03982919016361244,0.64017621,1.27257,0.1340813712799185,-0.024692454797554178,0.4182302095500039,3.183487894738435,1.2706050254158425,4.0449557174051565,4.774535074402836,0.19957251855807312,0.03982919016361244
806,835.9,0.0014898228419000016,0.521018958165679,0.5210168281312508,0.2714585351959493,1.5939196,3.083,0.34379203169029354,0.11122622223137846,0.1413647539123266,3.059235321516168,1.2735826285522787,3.896188962136537,4.636290120405958,0.5210168281312508,0.2714585351959493,0.001231167159379999,0.5081150162131027,0.5081135246464783,0.2581793539286673,1.4431616,2.4806,0.3473725842902911,0.564235239697893,-0.22743381342033508,2.840226236090492,1.243600941907169,3.5321080224315886,4.154506329129255,0.5081135246464783,0.25817935392866725,-0.0256098403908982,0.19564479363238044,0.19396139139171345,0.03762102135060945,0.69661621,1.2680099999999999,0.12742240080641004,-0.18999659558396442,0.5235109696791405,3.5606171626981933,1.2862973107152553,4.580012280865269,5.466983870900009,0.19396139139171345,0.03762102135060945
807,836.8,0.0035640018398800017,0.5222907089463179,0.5222785488056471,0.2727748825425326,1.5979196,3.0140000000000002,0.3437988952351243,0.0884617310909221,0.10430976737964714,3.059444812303252,1.270932594364577,3.8883481326158185,4.64783227097685,0.5222785488056471,0.2727748825425327,0.002517119160740001,0.5086282073345489,0.5086219788875503,0.25869631740748766,1.4633616,2.5438,0.34740336126200155,0.6142183089276309,-0.2085866553228084,2.8770751973601763,1.2438166534050743,3.578554043575278,4.212283941882689,0.5086219788875502,0.2586963174074876,-0.025302210373980002,0.19869294420488026,0.1970753262765142,0.038838684226994526,0.69661621,1.29801,0.13046971720378303,-0.15360195514852087,0.5312216556293086,3.505993696895905,1.280881611159984,4.490762855196775,5.339294243367926,0.19707532627651422,0.03883868422699453
808,837.7,0.0028302367308399995,0.5207681974142493,0.5207605065652866,0.27119150519813395,1.5259196,2.987,0.33963370099217144,0.054239914466724604,0.21542392062321003,2.930132077144094,1.2806233308923456,3.752395500586777,4.492839183927664,0.5207605065652866,0.2711915051981339,-0.0013414163467199986,0.5040042729285723,0.504002487823665,0.25401850773244355,1.4266616,2.6581,0.3476013564354404,0.5948630932598882,-0.18509935927978205,2.8306537794019597,1.2399476416346984,3.509862478053806,4.1043038917627825,0.504002487823665,0.2540185077324436,-0.025401361366660002,0.20116989767052465,0.19955976189976202,0.03982409856948971,0.70469721,1.273091,0.1335995943906968,0.0041331775049158834,0.23188747054851921,3.502995319678248,1.2676888140872955,4.440707982556265,5.274695729533379,0.19955976189976202,0.03982409856948971
809,838.6,0.0025311210257980025,0.5231362423668077,0.5231301190946819,0.27366512150401606,1.6879196,3.1310000000000002,0.3422975093805176,0.07294732199038936,0.15665628739592785,3.2265392135008697,1.2745616620136198,4.112423182511787,4.9311477698297,0.5231301190946819,0.273665121504016,-8.017882599999514e-05,0.5023754747821483,0.5023754683839018,0.2523811112339447,1.4023616,2.5248,0.33748792757697654,0.5839885615136969,-0.22742731540128247,2.79146110906016,1.2523980668322214,3.4960204966242734,4.155294116943309,0.5023754683839018,0.2523811112339447,-0.02455680037416,0.20099884920731959,0.19949311000144954,0.03979750093805045,0.68438621,1.2757800000000001,0.13097571111308692,-0.1257715742314609,0.45268526570353496,3.404926011760854,1.2857477141422977,4.377875836445168,5.225291042009216,0.19949311000144956,0.039797500938050456
810,839.5,0.002989984434910001,0.5189548546465891,0.51894624110243,0.2693052011543414,1.5289196,3.0,0.34435408161361764,0.07200479310850362,0.05945203887899586,2.9461514548143155,1.2678991837268792,3.735423024694828,4.439963635208262,0.51894624110243,0.2693052011543414,0.003928000568980003,0.49884841035667943,0.4988329453102673,0.24883430732691614,1.5341616,2.5545999999999998,0.3394293537378154,0.6130657346427184,-0.17352622258981754,3.0754064123469207,1.248422910034174,3.8394078228399016,4.519825946417789,0.49883294531026734,0.2488343073269162,-0.02715454536381,0.19488428755225903,0.1929832018618107,0.03724251620083638,0.70886121,1.319255,0.12994072593563297,-0.09295885764715715,0.6733126869503323,3.6373440819846286,1.2742719274051568,4.634965453986293,5.455265890627233,0.1929832018618107,0.03724251620083638
811,840.4,0.0008266514389380029,0.5232211416594583,0.5232204886344048,0.2737596797268254,1.6730804,3.219,0.34530352034624207,0.05760468502990558,0.18005054535595688,3.19765442713883,1.2707257121214552,4.063341699044314,4.845245708246392,0.5232204886344048,0.27375967972682536,0.00022250526488000054,0.5002315666785415,0.5002315171928646,0.25023157079307523,1.5049616,2.5564,0.3428344339923743,0.5484175649238809,-0.2331933794787875,3.00852984947093,1.2423541757738787,3.737659621430568,4.389762085664578,0.5002315171928646,0.2502315707930752,-0.026092080355080004,0.19721320796254044,0.19547954557349542,0.03821225273762027,0.66745621,1.27785,0.13251288499262226,-0.027312520553679897,0.43792626499714826,3.3844396980083586,1.2659285703786631,4.284458908432516,5.0369155424935546,0.19547954557349542,0.03821225273762027
812,841.3,0.0009520804349800038,0.5297523375476985,0.5297514819989614,0.2806366326800959,1.7559196,3.2889999999999997,0.3453183223265688,0.10620589495476519,0.12908525552321626,3.3146047228944946,1.2779945954559384,4.236046921931893,5.084930299005161,0.5297514819989614,0.28063663268009587,7.877278480001414e-06,0.49476473028713175,0.49476473022442363,0.2447921382740467,1.3630616,2.4055,0.33153156113629245,0.576785487899128,-0.23084588320951838,2.7549692137694635,1.2544637242615866,3.456008940131256,4.111408263298486,0.4947647302244237,0.24479213827404678,-0.026829972374699997,0.1999635761848464,0.19815545509272692,0.03926558438300571,0.70138821,1.299782,0.13025445196594554,-0.16317991243217062,0.6443880337755195,3.5075798471999544,1.289005285326024,4.52128896174379,5.384754220787593,0.19815545509272692,0.03926558438300572
813,842.2,0.0027947064448999998,0.5270139964200056,0.527006586333105,0.2777359420384725,1.6770804,3.203,0.35359306487764813,0.07576202315574253,-0.004019512764585009,3.1822312336908887,1.2597166768302983,4.008709754610667,4.742967457747823,0.527006586333105,0.2777359420384725,0.003468215157780002,0.4992011663885965,0.49918911847851266,0.24918977600735456,1.2990616,2.3875,0.34137416605615595,0.5819189418844075,-0.276549579942845,2.602280778704677,1.2418237679467952,3.2315741218665623,3.8053893034961077,0.49918911847851266,0.24918977600735454,-0.027594290347279997,0.20278655118599842,0.20090032474374342,0.04036094048214156,0.65186621,1.2872599999999998,0.13687144729925682,-0.07739684239642616,0.2721761536111793,3.21454359861419,1.2605732896907509,4.0521677989594345,4.762616475989726,0.20090032474374342,0.04036094048214157
814,843.1,0.0008091313927500017,0.5206014162814234,0.5206007874951912,0.27102517994061326,1.4969196,2.973,0.3414515676911964,0.08591306940969363,0.021011790714566825,2.875365977089092,1.272362125687096,3.6585067667374305,4.383988072222856,0.5206007874951912,0.27102517994061326,0.0004195831519999995,0.5107361543057238,0.5107359819564103,0.2608512432649787,1.3852616,2.3947000000000003,0.35284013553199917,0.5504621177576826,-0.2977566555434348,2.712284196686789,1.2373722335947932,3.356105154598191,3.9260318214971615,0.5107359819564103,0.26085124326497866,-0.0263762553657782,0.2011871446488714,0.1994506463384994,0.039780560324845164,0.73558621,1.3439800000000002,0.13079654417060183,-0.11811297153641402,0.5720473333692486,3.6562286883876522,1.287690927020723,4.708092509149659,5.623896370232481,0.19945064633849938,0.03978056032484516
815,844.0,0.0005844515489700001,0.5143720464454027,0.5143717144058549,0.2645782605808184,1.5949196,3.0650000000000004,0.34319464875771283,0.10804908583194825,0.09801764170752847,3.1007120449522536,1.265485064949694,3.923904783596701,4.64727409291855,0.5143717144058549,0.26457826058081835,-0.0009464490430400005,0.5055097978330274,0.5055089118298481,0.2555392599393972,1.4444616,2.5259,0.3463166331084389,0.5894259157984219,-0.24710798422346647,2.857435417062111,1.2408949077669014,3.545777058305165,4.170927590265955,0.5055089118298481,0.2555392599393972,-0.026423070358410003,0.19593053843375777,0.19414066355036683,0.037690597243776734,0.68482621,1.25922,0.13101038389238362,-0.12341591412890762,0.4099365267835777,3.49524997723381,1.2687939007997853,4.434751852884847,5.227266645997615,0.19414066355036685,0.03769059724377674
816,844.9,0.0014147672537199983,0.5140561761810549,0.5140542293411324,0.2642517507035056,1.5700804,3.135,0.34139457616421814,0.07671241845993668,0.11001087007945776,3.054297317589283,1.2692298553581447,3.876605342624615,4.599019754914787,0.5140542293411324,0.2642517507035056,0.002224632179060001,0.499862268219985,0.4998573178434983,0.2498573382016961,1.4444616,2.4869,0.3343556159847334,0.5720806030759941,-0.16911134748183354,2.889719212341719,1.2554425022125166,3.62787631863387,4.320135600970296,0.49985731784349835,0.24985733820169612,-0.02581916037488,0.19540350097320633,0.19369021438916853,0.03751589915012207,0.64167621,1.20407,0.12833469447964393,-0.10419867344009072,0.4494126504041822,3.2838521664357816,1.2800653142942553,4.20354525552449,5.000021331735673,0.19369021438916853,0.03751589915012207
817,845.8,0.0005331477411399965,0.5174501879810081,0.5174499133201848,0.26775441279506673,1.5509196,2.9290000000000003,0.341903456327237,0.11351148304016141,0.08230506929052384,2.9972345860987946,1.271447311571969,3.8108258566458355,4.536133143139709,0.5174499133201848,0.26775441279506673,0.0006879501525800018,0.5046923666482096,0.5046918977728475,0.25471391167755836,1.4368616,2.4923,0.34738219647007557,0.5415601442634281,-0.26838602976444914,2.8470048190793205,1.2389251942483324,3.5272259985037855,4.136255728130775,0.5046918977728475,0.2547139116775584,-0.02514291039914,0.1927948306502253,0.19114832142111493,0.036537680782109866,0.64539379,1.241,0.12674027687974937,-0.14273513665356483,0.30440532730199577,3.3475679188250362,1.2796833299749495,4.283826861679334,5.09225485290952,0.19114832142111493,0.036537680782109866
818,846.7,0.0006070051327999976,0.5200079588034129,0.5200076045248384,0.2704079087636608,1.5699196,3.051,0.3430974936058732,0.1211595650779025,0.1253934659926781,3.019029946411844,1.2729709164122065,3.8431373175597794,4.575724478487201,0.5200076045248384,0.2704079087636607,-0.00012964513129999888,0.4995558009269397,0.49955578410413404,0.24955598143189617,1.5650616,2.5934999999999997,0.33968152694357134,0.5686024924558131,-0.2099046622045977,3.1329064682984056,1.2462160514374663,3.9042783284457365,4.607438073192575,0.499555784104134,0.24955598143189614,-0.02575575036631,0.19637980731559274,0.19468351251294408,0.03790167004437765,0.75369621,1.35709,0.12857291953380742,-0.22766335141416064,0.45156214858449406,3.8379516728457235,1.2808305657938945,4.915765812620612,5.862013655230256,0.19468351251294405,0.037901670044377646
819,847.6,0.0027631811541,0.5180997889123788,0.5180924204241567,0.2684197561009612,1.5390804,3.0060000000000002,0.3474936013351978,0.10758132218596313,-0.002918683844799652,2.9706254141328934,1.2610141528170236,3.74600068993951,4.429089900033523,0.5180924204241567,0.26841975610096114,0.002748394374359996,0.49244173424397114,0.4924340645747133,0.2424913079535729,1.3702616,2.4207,0.3321461687796002,0.6122368198428163,-0.12452432713184791,2.7825862527750935,1.253515547108456,3.4880151290238395,4.125477662544573,0.49243406457471334,0.24249130795357293,-0.026464218364298,0.19719495735732398,0.19541109577893365,0.03818549635352358,0.70122421,1.3726180000000001,0.12894531503737988,-0.10001743479454875,0.7654679247439771,3.5559946329122294,1.2878902887355181,4.579730954523284,5.4381519002588234,0.19541109577893362,0.03818549635352357
820,848.5,0.0016732527339000023,0.51669529927534,0.5166925899589829,0.2669712325185216,1.5719196,2.964,0.3417230108345614,0.11611711612845742,0.11756649267328934,3.042256436636063,1.2703691630591012,3.8647887632205187,4.5999817108044105,0.5166925899589829,0.2669712325185216,-0.0004753398462099985,0.4947917142090099,0.4947914858826101,0.24481861450192116,1.4647616,2.5902000000000003,0.34075455507311786,0.5730337158683857,-0.14669238275593255,2.960360001867888,1.241234263914211,3.674500267839561,4.298582596161324,0.4947914858826102,0.24481861450192122,-0.025095610374160002,0.19906024470905248,0.19747200146748958,0.03899519136357621,0.72857621,1.3509699999999998,0.13277011039967254,-0.050914848370950005,0.375969472938551,3.660078942758715,1.269224187190476,4.645460721175907,5.4875017261550525,0.1974720014674896,0.038995191363576216
821,849.4,-0.000493883167119999,0.5123252336495963,0.5123249955970629,0.26247690111353056,1.5449196,3.04,0.3339649433982656,0.08946383785022503,0.21788334125490483,3.0155055783503424,1.2820259916237249,3.8659565293314713,4.625993328160872,0.512324995597063,0.2624769011135306,-0.001140909231739999,0.49825987093291874,0.49825856471134927,0.24826159730821382,1.4350616,2.5605,0.33617611393836383,0.5678828135619546,-0.1854989098945179,2.880146854518019,1.2527560129225448,3.6081212900974022,4.268779191918172,0.49825856471134927,0.24826159730821382,-0.0254802303917982,0.19742152804269425,0.19577031847012252,0.038326017593893195,0.67153621,1.2809300000000001,0.12853926291967854,-0.14693512777245327,0.5139305696378567,3.401534861257755,1.2873758984690677,4.379053998185558,5.22436642895353,0.19577031847012255,0.0383260175938932
822,850.3,0.0024912512549580016,0.5224220436867818,0.5224161036923138,0.27291858539705843,1.5779196,3.092,0.34904746113539187,0.07841056630672513,0.08301163638626363,3.0203924567663187,1.2648590600739427,3.8203707639198723,4.520644828262886,0.5224161036923138,0.27291858539705843,0.0024326091574800018,0.5062634551254374,0.5062576107163552,0.2562967684082327,1.5142616,2.6757,0.34218320776247435,0.5862227876520026,-0.1636615012106919,2.9910545283676657,1.2522474948379905,3.7455405400722364,4.425294887793328,0.5062576107163552,0.2562967684082327,-0.027334620359779998,0.19706972884410073,0.19516479333238893,0.038089296556474084,0.67839379,1.3018100000000001,0.13415306517736017,-0.10461383998042205,0.2728359689277262,3.442404848167566,1.257596372290621,4.329155849011177,5.056863882335553,0.19516479333238893,0.03808929655647408
823,851.2,0.0014586544339799984,0.5323905330360248,0.5323885348066999,0.28343755199362475,1.6639196,3.168,0.3511141791942216,0.09948388587129707,0.07289400947859903,3.125374131863853,1.2722004583523483,3.976102403079767,4.7389701088647564,0.5323885348067,0.2834375519936248,0.00023873884958000425,0.5130891589119888,0.5130891033697499,0.26326042799677385,1.5358616,2.6893000000000002,0.35466135460267173,0.5642312641036019,-0.24202916863299118,2.9933620177374465,1.237416850821882,3.704036601358505,4.330501702731697,0.5130891033697499,0.2632604279967739,-0.025434140358178,0.2011368652497374,0.19952228714289416,0.03980914306673151,0.70839379,1.33622,0.13302024308481392,-0.08129185696915585,0.4656707682826826,3.521949042610551,1.277062900859952,4.497750461037161,5.32545854354158,0.1995222871428942,0.039809143066731514
824,852.1,0.00014804583480000088,0.5323597309636908,0.5323597103783907,0.28340686123416403,1.6839196,3.23,0.3467429920388029,0.12156475515872228,0.22945034771418227,3.1631235460873928,1.2818781174583047,4.054738856546544,4.856391156166635,0.5323597103783906,0.2834068612341639,-0.0011896038269499983,0.509468245578575,0.5094668567194985,0.2595564780956461,1.4762616,2.6437,0.34200261918763364,0.5833407933823243,-0.17243857208837898,2.8976518415264354,1.254974903980777,3.6364803415893596,4.316521328130752,0.5094668567194985,0.2595564780956461,-0.026373470349158698,0.20589215004324593,0.20419602716794602,0.041696017511172544,0.69344621,1.2938399999999999,0.13839624178087345,-0.17957161611506448,0.37485490296438506,3.3680070359863032,1.2647944535485367,4.259836618627923,5.010585555480273,0.20419602716794602,0.04169601751117255
825,853.0,0.00178038383588,0.5326995841843669,0.5326966089845085,0.28376567722359436,1.6839196,3.3120000000000003,0.3473902997439148,0.10631487034025362,0.21750846007877112,3.161105527383323,1.2801253800700827,4.046611414683215,4.847342027803691,0.5326966089845085,0.28376567722359436,0.0022959591584500024,0.5077676777361112,0.507762486921854,0.257822743125066,1.5171616,2.5926,0.34679518008007615,0.5651095680980673,-0.18636096324030493,2.987905033192118,1.2458246196193539,3.7224056514353236,4.374805900271401,0.5077624869218541,0.25782274312506603,-0.02733929036694,0.20282107276242822,0.20097002452787416,0.040388950758734346,0.67590621,1.2812999999999999,0.13466171936600638,-0.08228090423226152,0.25429317842438337,3.3325245784086435,1.2723767680146234,4.240226852404885,5.019289915368657,0.20097002452787416,0.040388950758734346
826,853.9,0.0008912518308999986,0.5276525956989526,0.5276518429968915,0.27841646741801623,1.6529196,3.107,0.3484613903150288,0.11289904894412367,0.07272629807963105,3.132590673244898,1.269123473300057,3.9756443556559287,4.7434798974591335,0.5276518429968915,0.2784164674180162,0.00023974536067999973,0.5007992450757617,0.5007991876896515,0.2507998263906148,1.5171616,2.5056000000000003,0.3420975868836937,0.5808949253496077,-0.19959624404383858,3.0294806050885352,1.2434729578628325,3.767077208797524,4.434879572874054,0.5007991876896515,0.2507998263906148,-0.02746864039076,0.1968231803470009,0.19489699360685672,0.037984838116991146,0.67447621,1.28787,0.13003130759210677,-0.06645603970419293,0.5120181427834276,3.4268128825623734,1.2799214181496597,4.386051204382756,5.187029358466149,0.19489699360685672,0.03798483811699115
827,854.8,0.000885713742677995,0.5130160814938085,0.5130153169082069,0.26318471538242794,1.5799196,3.003,0.3403401337961429,0.115422624469388,0.1389129353231251,3.079668760869181,1.269021270284624,3.908165162974082,4.642178347812312,0.5130153169082069,0.263184715382428,-0.001952882834019998,0.49731888464131807,0.4973150503147087,0.24732225926952126,1.4519616,2.4584,0.33796707514299856,0.591051404757141,-0.23250970652067027,2.919578654342073,1.2472642297055232,3.6414860213726534,4.296162871444371,0.49731505031470863,0.2473222592695212,-0.02750976037508,0.19470764042880118,0.19275445085770918,0.03715427832545702,0.69028621,1.29868,0.1295415956053219,-0.20352564121527586,0.41173432607979743,3.5452445958453143,1.2719987411665603,4.509546663042791,5.328683862310256,0.19275445085770918,0.03715427832545702
828,855.7,0.0023352208569599985,0.5304471989080546,0.5304420586387834,0.2813687775729504,1.6009196,3.095,0.35280270592924096,0.090884432487664,0.14131561874138,3.018056468759856,1.2669181339982518,3.82363046970259,4.537719164549392,0.5304420586387834,0.2813687775729504,0.0011475581596499995,0.5080325739424079,0.5080312778725522,0.2580957792968184,1.5142616,2.6827,0.34514725409029473,0.583635497466544,-0.14032229788666584,2.9806387969360038,1.2484453096425852,3.721164525773472,4.38729145909372,0.5080312778725522,0.2580957792968184,-0.0275063703652676,0.2038445164538239,0.2019801635745996,0.04079598647762202,0.66200621,1.2314,0.13803591022576459,-0.06865297788159357,0.33738322054035574,3.2476037203088644,1.2615858889065916,4.097131026302213,4.795898465241805,0.2019801635745996,0.04079598647762202
829,856.6,0.0020185679447799997,0.5290130106535518,0.5290091594898781,0.2798506908241873,1.6379196,3.117,0.351569102963418,0.06713293485390183,0.025880049604001254,3.0961801827453845,1.2661458605473326,3.920215721891753,4.658883804617015,0.529009159489878,0.27985069082418723,-0.0009098675365399979,0.5040840952173378,0.5040832740650576,0.254099947192148,1.5008616,2.5443,0.3411359857972088,0.597218690262847,-0.13291297459157292,2.9774032036319213,1.2509776293793675,3.7246648013859947,4.3995991700863835,0.5040832740650576,0.254099947192148,-0.027102210357680002,0.20494223541810183,0.20314229016110047,0.041266790051896735,0.68304621,1.2914400000000001,0.13638539095929164,-0.12922233248693787,0.3942367799415325,3.3328718631692493,1.2716124998756537,4.238121521689877,5.008206562269384,0.20314229016110047,0.041266790051896735
830,857.5,0.0017935755471300005,0.5312348890228267,0.5312318612450233,0.28220729040185166,1.5749196,3.1310000000000002,0.3481878936999894,0.10818247804783264,0.14386649642462812,2.964638867934608,1.2746788263005178,3.7789623925837823,4.52318885434025,0.5312318612450233,0.28220729040185166,-0.0018084588295599984,0.5069123773314145,0.5069091513954429,0.2569568877684481,1.4486616,2.5931,0.3459357340324234,0.6001000029475512,-0.2262688849303398,2.8578146140883813,1.2436006522971306,3.553980118224583,4.187661052281525,0.5069091513954429,0.2569568877684481,-0.02731460036328,0.20315911354159025,0.20131452511430728,0.04052753802199906,0.72330621,1.3617,0.1360401670316484,-0.11598309243564259,0.370896071703787,3.5602941821850704,1.2678165039694616,4.513799723160689,5.3168577030027455,0.20131452511430728,0.04052753802199906
831,858.4,0.0030370954417999994,0.5262250593432227,0.5262162950081037,0.2769035891320557,1.5560804,3.049,0.3483452366160945,0.08164819565705941,0.10280206999700292,2.9570625198696,1.271014142857338,3.7584682840676193,4.467063810362736,0.5262162950081037,0.27690358913205565,0.000420861144600001,0.5112734822315427,0.5112733090129629,0.26140039650906466,1.5064616,2.7899000000000003,0.3561763130879471,0.5712854548965945,-0.220768450082788,2.9464888212562568,1.2338686223592985,3.635580102680531,4.229538980117479,0.5112733090129629,0.2614003965090646,-0.029641140362679997,0.20305528189486888,0.20088018892714274,0.04035285030340456,0.67858621,1.31698,0.1362588851241936,-0.022333827442201488,0.3723369787555004,3.3418791359061295,1.2660475068412393,4.23097774817871,4.980124484223546,0.20088018892714274,0.04035285030340456
832,859.3,0.00151867784978,0.5055863083613396,0.5055840274573912,0.2556152088200361,1.5649196,3.047,0.3366987770507128,0.0737055689275271,0.19178680145774152,3.095257078998194,1.2697078736413243,3.9300722841480535,4.647832741502044,0.5055840274573912,0.2556152088200361,-2.425081929000128e-05,0.5079259869182682,0.507925986339343,0.25798880759879456,1.3936616,2.5951,0.3422306921151799,0.5684553264231994,-0.2099157994752514,2.7438281086103555,1.252594147016551,3.4369030292648244,4.072287004378188,0.507925986339343,0.25798880759879456,-0.02948419036928,0.19783215385531502,0.1956227073151302,0.0382682436173011,0.64848621,1.19688,0.13193342327465676,-0.18922378334081386,0.3788967266681973,3.2779616324365137,1.2704510142703571,4.164489680668284,4.915253420279957,0.1956227073151302,0.0382682436173011
833,860.2,0.0008230036530000006,0.5204027849690296,0.5204021341890416,0.2708183812685092,1.6180804,3.176,0.3493077897367629,0.02997108895218121,0.08142178420627211,3.109284667060911,1.2618205076503073,3.923359157020115,4.632248256528661,0.5204021341890416,0.2708183812685092,-0.0013340298399699985,0.5074454293932565,0.5074436758660931,0.25749908417649253,1.4694616,2.5109000000000004,0.3437898761206972,0.6014498329460183,-0.11734231297776576,2.8958022180966516,1.2504304577477932,3.620999293121671,4.274301548903388,0.5074436758660931,0.25749908417649253,-0.027408047361258,0.20200661447236762,0.2001386300303637,0.040055471230430795,0.71145321,1.284847,0.13607273807216122,-0.07868036433552351,0.24928547250473354,3.521930268760181,1.261970830635696,4.444573266708286,5.228477210642345,0.2001386300303637,0.0400554712304308
834,861.1,0.0015690400289000048,0.521688414882139,0.5216860553394412,0.2721563403356265,1.5570804,3.1100000000000003,0.34196890680781505,0.03746739825841234,0.12134395118538999,2.9846942266329206,1.2754636611912582,3.806869025837636,4.553280631665943,0.5216860553394412,0.2721563403356265,0.001146338154679999,0.4980727592719099,0.4980714400942591,0.24807515943756908,1.4719616,2.5444,0.3430498683021866,0.5556097994064952,-0.20286865435072876,2.9553144045695956,1.237755527164987,3.657956738766319,4.290809401224941,0.498071440094259,0.24807515943756905,-0.028303170376016196,0.1996590650372351,0.1976427909087733,0.03906267279820908,0.62378621,1.19718,0.1333640264598763,-0.12752296308841402,0.25116801648333364,3.124256892035771,1.2681977289213129,3.962175495046524,4.677319863221672,0.1976427909087733,0.039062672798209075
835,862.0,0.0019880848489999985,0.5258938637370791,0.5258901058538245,0.2765604034349467,1.6559196,3.112,0.34835766260614265,0.10522546007282364,0.22806462690472618,3.1487714806801352,1.273575141382459,4.010197083688259,4.753504164690078,0.5258901058538245,0.27656040343494664,-0.0008504968500400008,0.4954389414198519,0.4954382114152394,0.24545902133033148,1.4081616,2.3706,0.33822477077287844,0.5944037958400312,-0.24852013794314898,2.842250542447118,1.2449472949879097,3.5384521244974585,4.16338991606737,0.4954382114152394,0.24545902133033148,-0.02803726036226,0.19985541672476026,0.19787900248790025,0.03915609962560643,0.73224621,1.32864,0.13267504321113863,-0.14771740391560226,0.5269779747592405,3.6638797286562683,1.274565496620151,4.66985468591128,5.519095319492045,0.19787900248790025,0.039156099625606434
836,862.9,0.0009825062469600008,0.525161107284475,0.5251601882147299,0.2757932232857305,1.6039196,3.1790000000000003,0.3484635094744075,0.102441715372067,0.12507672884554344,3.0541477229599403,1.269312102729644,3.876666668277235,4.602833744110581,0.5251601882147299,0.2757932232857305,-0.0018384273326000006,0.4923036111895468,0.49230017852445596,0.24235946577521122,1.3833616,2.5278,0.3364526752525704,0.5937498861102865,-0.15704234528679795,2.8099765440627205,1.2452957094236894,3.499251733902512,4.111608263960242,0.49230017852445596,0.2423594657752112,-0.028158786383706797,0.20389763484988177,0.20194387400159605,0.040781328246772504,0.71748221,1.368876,0.13346738150266516,-0.09320151345646983,0.40068351954793346,3.5188353730941575,1.2822872860259853,4.512157860537142,5.375712042314046,0.20194387400159608,0.04078132824677251
837,863.8,0.001944055755760001,0.5112766527996719,0.5112729567904554,0.2614000363452548,1.5090804,2.912,0.3460392025911699,0.06491496999419517,-0.04688450991713733,2.9515926294238333,1.2534434389070592,3.6996544156777387,4.361009933845305,0.5112729567904553,0.26140003634525477,0.000333231166860001,0.4986369812700817,0.49863686992352385,0.24863872804712922,1.3763616,2.3708,0.34203987254126994,0.6003312550017841,-0.24396871176972068,2.760247738734219,1.238877411606246,3.4196085739550424,4.023979981555895,0.4986368699235239,0.24863872804712928,-0.0291234263690082,0.19851195426694015,0.19636400388922787,0.0385588220234087,0.71748221,1.283876,0.13097843907858364,-0.14620691064372646,0.4731809666925493,3.6143022854694062,1.2771089114531926,4.615857657458619,5.477865021505787,0.19636400388922787,0.0385588220234087
838,864.7,0.0016706928459600005,0.5170403346760678,0.5170376354457716,0.2673279164673546,1.5609196,2.99,0.3425029833132124,0.11677447883342344,0.0749009116213788,3.0189513183298082,1.2682213292049056,3.8286984537371316,4.557389792346916,0.5170376354457716,0.26732791646735465,-7.277784514000229e-05,0.5032755198754181,0.5032755146132758,0.2532862436092576,1.5004616,2.5808999999999997,0.34689167608391874,0.5973619752054217,-0.28002403463836734,2.9813919826091033,1.2375161432454387,3.68952070782129,4.325447116341339,0.5032755146132759,0.25328624360925767,-0.028752890361898,0.19775238746535034,0.19565090862064177,0.03827927804408272,0.63500621,1.2114,0.1310728495778731,-0.12580659221336082,0.34777922365803837,3.2111177930090182,1.271028746485865,4.0814230232667095,4.844681503797853,0.1956509086206418,0.038279278044082723
839,865.6,0.0008724577350599989,0.514265170445368,0.5142644303767314,0.264467904350704,1.6129196,3.0759999999999996,0.3389088726274541,0.08268842365659856,0.10256798148366686,3.136357841623158,1.2704869929519373,3.9847018430250345,4.759154245492425,0.5142644303767314,0.264467904350704,-0.0005992680533199995,0.49673085755500473,0.49673049606917696,0.24674118572513065,1.5418616,2.5923,0.34162418100134756,0.6011959035046707,-0.19509853481765838,3.1040181550011,1.2397320395216413,3.848150758011716,4.513326883011007,0.49673049606917696,0.24674118572513065,-0.030530960354340005,0.19989169692547565,0.1975463261100746,0.03902455095958794,0.67520621,1.2286000000000001,0.13371176006378785,-0.12560975885265385,0.40891942659848146,3.3778602132320326,1.2668421893317188,4.279215827787374,5.049714472966997,0.1975463261100746,0.03902455095958794
840,866.5,0.0020608790487400006,0.5327037181613382,0.5326997316692219,0.28376900412046097,1.5289196,3.051,0.3508989073680291,0.07766957255424628,0.02910027065969567,2.8701124994531035,1.2710283896110788,3.6479944681825067,4.357151213344879,0.5326997316692219,0.28376900412046097,0.001598738160149999,0.5075121513637753,0.5075096332269791,0.2575660278181828,1.4249616,2.5294,0.34357867295611166,0.5644354104185655,-0.20897954111337702,2.807738881070877,1.2483185830361578,3.504952621553925,4.147409930132721,0.507509633226979,0.2575660278181827,-0.029935620354360003,0.20424386499098124,0.20203815238824027,0.0408194150204538,0.67739379,1.3316599999999998,0.1342251768669068,-0.08799444813868017,0.519276323857429,3.316593083615567,1.2805666012982955,4.2471183329750195,5.046696944729535,0.20203815238824027,0.040819415020453796
841,867.4,0.0027119432759999977,0.5300149791682415,0.5300080409827564,0.2809085235063792,1.5750804,3.116,0.35259878032403735,0.12915380893000356,0.0964113140688978,2.971765821546764,1.2680811185377543,3.7684401270192884,4.467061396390837,0.5300080409827564,0.2809085235063792,0.0014803281610799987,0.5135881435276548,0.5135860101294801,0.26377058980071844,1.4249616,2.5054,0.35236777463743846,0.5729815344427057,-0.26078621144834635,2.77452199385376,1.2408962347720398,3.442893895465344,4.043961175127847,0.5135860101294801,0.2637705898007185,-0.029194314347748204,0.20505179885360245,0.20296288385530764,0.0411939322228631,0.71050021,1.351894,0.13404723081990033,-0.09505785674458886,0.49264885697066507,3.464979161227766,1.2826630143275122,4.4444006155224205,5.300372157292792,0.2029628838553076,0.04119393222286309
842,868.3,0.002539204625800002,0.5197129500892631,0.5197067470510203,0.2700951029303532,1.5139196,2.9219999999999997,0.34100690660229205,0.11402678261507125,0.08546170833426903,2.912991873186876,1.2759846738084308,3.716932985114966,4.43955700218602,0.5197067470510203,0.2700951029303532,-0.0016801541291400018,0.4974403239853909,0.49743748653352715,0.24744405300879302,1.4795616,2.604,0.3374929383921222,0.5827216886888318,-0.20715563334491005,2.97434994442359,1.2477667960557055,3.711295100501889,4.383977949431775,0.49743748653352715,0.247444053008793,-0.0282033503648,0.195733280504505,0.19369070221684775,0.03751608812525559,0.65615621,1.24855,0.13057025047086201,-0.21203422945082334,0.39229509749289315,3.3522976180072654,1.2699697777804417,4.257316660994591,5.02531172019485,0.19369070221684775,0.03751608812525559
843,869.2,0.003384397737960001,0.5140990958218727,0.5140879556815334,0.2642864261768183,1.7199196,3.1820000000000004,0.3409447794880496,0.09323602790471819,0.03433646921377154,3.3455020908963538,1.265377118706339,4.233321796404461,5.044569395028044,0.5140879556815334,0.26428642617681825,0.000991876176780001,0.49800312803604213,0.4980021402718391,0.2480061317153325,1.4795616,2.713,0.336888186441965,0.5761256877848043,-0.1540972850381741,2.9709885675515664,1.2495232848714932,3.712319394242685,4.391847679867756,0.4980021402718391,0.2480061317153325,-0.028593410373424,0.19668171626930336,0.1945921745545173,0.03786611439785573,0.73277621,1.3581699999999999,0.12802416518308302,-0.10793101313987179,0.5999168067758016,3.7256956259048386,1.2887852245142446,4.801621473703507,5.723733554146451,0.1945921745545173,0.03786611439785573
844,870.1,0.0025071320419780005,0.513413430055488,0.5134073085282927,0.2635870644502656,1.6119196,2.951,0.33979245816363884,0.1022824969645518,0.1057251393242633,3.139613234943599,1.2699297228114894,3.9870881651872088,4.743835718754312,0.5134073085282927,0.2635870644502656,0.001480148176459999,0.4939206366438384,0.4939184188345585,0.24395540446403036,1.3578616,2.3813,0.33150782622230784,0.583170965206935,-0.22572133406950456,2.7491493557074054,1.2542049014510437,3.4479965967492063,4.09601672296395,0.49391841883455845,0.24395540446403033,-0.0287806403726782,0.1985061721171173,0.1964086940752093,0.03857637510832916,0.65583621,1.25123,0.13105528938357225,-0.1388552238567519,0.3914223486638093,3.3038580262031405,1.2780374791580258,4.222454383304672,5.004271197940745,0.1964086940752093,0.03857637510832916
845,871.0,0.0015129756338599987,0.5154026871966899,0.515400466505707,0.2656376408743004,1.6119196,3.115,0.33831967693392806,0.06791366724800625,0.1526107821131073,3.127495529306104,1.2754053884192982,3.98882465033427,4.764486696748646,0.515400466505707,0.2656376408743004,0.0008236625601800059,0.49864321782319243,0.49864253755676996,0.24864438026105473,1.5175616,2.617,0.3381223260852394,0.6025496235200996,-0.22083115388006824,3.0433816118563812,1.2482770159713308,3.7989833169101024,4.488202886719253,0.4986425375567699,0.2486443802610547,-0.02845184638924,0.19783930712842246,0.19578274664049786,0.03833088388209738,0.69898221,1.3793760000000002,0.1303076332979901,-0.06585801883057238,0.5529695851424603,3.5330805599024524,1.2808353361247617,4.525294426498519,5.364092588509788,0.19578274664049786,0.03833088388209737
846,871.9,0.0031726428491799996,0.5254982865506161,0.5254887092079001,0.276138383504985,1.5419196,2.925,0.3496742459278903,0.12616486204883268,0.016171665676704805,2.9342048099170763,1.265701821242706,3.7138283718111516,4.4095886899202,0.5254887092079,0.27613838350498493,0.0006177741443999984,0.5071439088872228,0.5071435326182504,0.25719456267651836,1.5331616,2.6866,0.3482361028092314,0.5930920815964698,-0.14006807402330024,3.0231292797424487,1.2432876794222758,3.758619386804525,4.40264977591909,0.5071435326182504,0.25719456267651836,-0.03026090040532,0.1987472737365704,0.19643003009819693,0.03858475672437855,0.66038621,1.2557800000000001,0.12926463762169477,-0.18337241875099178,0.5266820919932895,3.322743490183966,1.2899967046687473,4.286328152796848,5.108792490740452,0.1964300300981969,0.03858475672437854
847,872.8,0.002424774858000001,0.5192288300382054,0.5192231682135646,0.2695926984097316,1.8019196,3.1959999999999997,0.34771477982122456,0.13608216493819184,0.08456392297446325,3.4703766350327903,1.261654078748097,4.378414836381216,5.182177188230095,0.5192231682135646,0.26959269840973166,0.0017230689763299987,0.5014855542286408,0.5014825940481982,0.2514847921333099,1.5331616,2.7116,0.3388557893530917,0.5862449413813701,-0.16983305522949887,3.0572398089476973,1.251063362711439,3.824800715997383,4.524525323669261,0.5014825940481982,0.2514847921333099,-0.03076910035842,0.19809898606640505,0.195694840871371,0.03829647074367122,0.68161621,1.27401,0.13030677408788557,-0.20612631393099495,0.3838117231968017,3.440785960264907,1.276322806205337,4.391553592357231,5.2308578335327605,0.195694840871371,0.03829647074367122
848,873.7,0.0017866408449599995,0.5129475569761095,0.5129444454541352,0.2631120041222503,1.5359196,2.94,0.3407957372201158,0.1278193742724139,0.09365324962941513,2.994301423432913,1.2672449380938011,3.7945133219724223,4.506862710574247,0.5129444454541351,0.2631120041222502,0.0003414334492600015,0.5073657777273812,0.5073656628429934,0.25741991583211005,1.4921616,2.6706000000000003,0.3518573032836613,0.587176649299423,-0.1792130704622874,2.9409977288648963,1.2356490844685986,3.634041151096137,4.240814631598097,0.5073656628429934,0.25741991583211016,-0.02940908035931,0.20230364564271786,0.20015461781521307,0.04006187103275401,0.69352621,1.26892,0.1356564376328257,-0.035810542964643095,0.3281224573446395,3.4281448947529842,1.2663132586559673,4.3411053328194695,5.112372269992315,0.20015461781521307,0.04006187103275401
849,874.6,0.0032267102289999998,0.5127989719011782,0.5127888200068362,0.26295237392400345,1.6059196,3.01,0.3419145953773502,0.09148457850795974,0.07912091190152859,3.1316747653493304,1.2676323361416237,3.969812198835543,4.6968442462295155,0.5127888200068361,0.2629523739240034,0.0003379331686400011,0.5099401521451357,0.5099400401723496,0.2600388445709776,1.5312616,2.6826999999999996,0.34562328475756404,0.5889913768611061,-0.15702873799595585,3.0028261033349315,1.2485403582194863,3.7491495787286193,4.43043529626222,0.5099400401723497,0.26003884457097765,-0.0294105188856162,0.20070834986907127,0.1985418421543538,0.03941886308604434,0.72262621,1.2820200000000002,0.13306785085696185,-0.15345113138685382,0.4710789977784011,3.6003794085866043,1.2770680743221512,4.59792959815282,5.4305093630524635,0.1985418421543538,0.03941886308604434
850,875.5,0.0029846311478800005,0.5160146438010949,0.5160060121685425,0.26626220459408195,1.6259196,3.01,0.34650211971414574,0.09669516782545788,0.02485255223191274,3.1509175554070783,1.259265687217349,3.9678423607749043,4.69237995236894,0.5160060121685425,0.266262204594082,0.0009032749565000004,0.5061590081719735,0.50615820219373,0.2561961256479889,1.4322616,2.5437,0.34918596766410853,0.591077232292245,-0.23453501992063064,2.82966731180525,1.2394734826022087,3.5072975975688836,4.101715797977688,0.5061582021937301,0.25619612564798894,-0.029386120365299997,0.1996064139290554,0.1974314473722297,0.0389791764114935,0.72547621,1.28987,0.13350194147922131,-0.24379844153232674,0.43547251703004575,3.63453355891585,1.2688836513697042,4.611800213262869,5.434199697484665,0.1974314473722297,0.03897917641149351
851,876.4,0.0012514263449800009,0.5227216061667345,0.5227201081703607,0.27323631148563365,1.6309196,3.105,0.3438283634250444,0.0630180879965473,0.10974958271023727,3.1200539269076613,1.2747611652548354,3.9773235795227357,4.743412043595249,0.5227201081703607,0.27323631148563365,0.00017074317294000173,0.49877984048195656,0.49877981125740745,0.24878130011797497,1.4574616,2.5579,0.33987383163077434,0.5562057309791041,-0.18162246316845376,2.9220539438636832,1.2439373206258195,3.6348519536538992,4.288243060687678,0.49877981125740745,0.24878130011797497,-0.031364960372099994,0.197804857471238,0.19530233203951605,0.03814300090007337,0.63943621,1.2368299999999999,0.1313256288832606,-0.038082399013790375,0.4326597705001358,3.232661817179984,1.2737156977730428,4.117492102133676,4.869089266409792,0.19530233203951605,0.03814300090007337
852,877.3,0.0006446668579600017,0.5224986107833678,0.5224982130832522,0.27300438267519156,1.6309196,3.053,0.34535398921622,0.13293110179727471,0.23291242203401552,3.121385523982173,1.2748371522482704,3.9792582324624086,4.722457683785173,0.5224982130832521,0.2730043826751915,0.0009855461804600014,0.49604274706673346,0.49604176801579675,0.24605743561623752,1.3892616,2.5487,0.3352887587221537,0.5553803340493038,-0.2148140400687213,2.800689271670976,1.2489804327221934,3.4980060984520205,4.143478013682081,0.4960417680157968,0.24605743561623755,-0.030130800392800004,0.19759947936737493,0.1952887326855978,0.03813768911394687,0.79031621,1.35671,0.12855743184563823,-0.21550148739759636,0.5699048696703981,3.9995864995709436,1.2892463418611702,5.156452263529162,6.1475731014053725,0.1952887326855978,0.03813768911394687
853,878.2,0.0010706707358800027,0.5199080028453706,0.5199069004031752,0.2703031850868372,1.5399196,3.033,0.34439322546871715,0.08749006317145276,0.12175303827745321,2.9619078597987993,1.270617531779239,3.763452054175079,4.471399220772065,0.5199069004031752,0.27030318508683715,0.0008445074646,0.5026123262185657,0.5026116167320251,0.25261843727398015,1.6189616,2.7154,0.3402907104430281,0.6213204993171081,-0.126979755746373,3.2210941028453397,1.250988570536869,4.02955190728323,4.757583884356574,0.5026116167320251,0.25261843727398015,-0.03209517035784999,0.2010717189452965,0.19849366790735892,0.039399736199316894,0.79031621,1.40671,0.13358918485272775,-0.13192468670381508,0.5233670627130782,3.930518991658957,1.272068468040893,4.999889272325245,5.916019405846854,0.19849366790735892,0.03939973619931689
854,879.1,0.002017007841880001,0.5205643617942296,0.5205604541737677,0.2709831864495993,1.8039196,3.4379999999999997,0.34580762456799186,0.09331194727566473,0.1680943876314096,3.4653152086370818,1.2683967021996605,4.395394382717602,5.2165408505772195,0.5205604541737677,0.27098318644959934,-0.0026708468551200006,0.4990523981828228,0.49904525116376297,0.24904616270910326,1.6189616,2.7834000000000003,0.34634369410324095,0.598989792259512,-0.16206516049380149,3.2440713758616377,1.2360514057133574,4.009838984368242,4.674436484809816,0.49904525116376297,0.2490461627091033,-0.0310683003584,0.2002170787764844,0.1977919092041664,0.039121639346629204,0.62674621,1.24314,0.13389658992544193,-0.06957657947423401,0.37691914580261754,3.1303334052719767,1.267708415712246,3.9683500018484574,4.680822792791012,0.1977919092041664,0.039121639346629204
855,880.0,0.002254323534979999,0.5125702645583321,0.5125653071900186,0.2627231941347981,1.6340804,3.258,0.33584342370247805,0.1195499452683535,0.2625648375422931,3.1880124794364395,1.2798539817994736,4.080190465833139,4.865601898602676,0.5125653071900186,0.2627231941347981,-0.001071418236920002,0.49479424652649395,0.4947930865105964,0.24482019845868253,1.4209616,2.5384,0.3364675744408815,0.6214566754971895,-0.20848263383620047,2.8718232072731147,1.2468258878954834,3.580663520287156,4.223175449703454,0.4947930865105964,0.2448201984586825,-0.02962927536821,0.19797096845176387,0.19574118215358788,0.03831461039088407,0.72116621,1.26356,0.130033940385518,-0.23808183192332535,0.5767352549129305,3.6427877058939275,1.2824168706509562,4.671572410238267,5.5459844396157125,0.19574118215358788,0.038314610390884074
856,880.9,0.002013429835760005,0.5149435024543795,0.514939566182557,0.26516275682028,1.6719196,3.123,0.33443268810057,0.11150859414221932,0.24419289230259222,3.246802012320023,1.2843053907055721,4.169885326976305,4.999270883165654,0.514939566182557,0.26516275682028,0.0011074501817800017,0.5002440015252378,0.5002427756760482,0.2502428346160771,1.3948616,2.3573,0.33460648175289,0.626276255539515,-0.1675159207184711,2.788362470608511,1.255958950890924,3.5020688032890903,4.168662820555038,0.5002427756760482,0.2502428346160771,-0.02996896037134,0.20214969267988062,0.1999158814722613,0.03996635966483123,0.72116621,1.43356,0.13227130567000517,-0.17272097435162723,0.5976041667848837,3.567486056691768,1.2842494879641886,4.5815421416257855,5.452174274284321,0.19991588147226133,0.03996635966483124
857,881.8,0.00015326685087999525,0.5175966147592669,0.5175965920671477,0.2679062321195253,1.5509196,3.039,0.345741725960179,0.059772973993986414,0.05454755277905443,2.996386675985757,1.2643749909085709,3.788556376208054,4.4857750266990575,0.5175965920671477,0.26790623211952536,-0.001900159834119998,0.506654102643789,0.5066505394434985,0.25669476911838796,1.4200616,2.5244999999999997,0.3462323007403178,0.5679302986623328,-0.25458783873043256,2.8028226606474287,1.2419158651246454,3.480869929388912,4.101470593481914,0.5066505394434984,0.2566947691183879,-0.0289869303696,0.2001693085578897,0.1980593596785863,0.03922750995629161,0.68812621,1.26752,0.1331590915678397,-0.15372882351662231,0.41520910477798534,3.437720872183516,1.2731825977737472,4.376846390467641,5.167699793516726,0.1980593596785863,0.03922750995629161
858,882.7,0.002156020834040003,0.5230951816834715,0.5230907384714694,0.2736239206746272,1.8049196,3.282,0.3431596437614641,0.1260269716835103,0.2099786082928894,3.450461145887919,1.2790375344131708,4.413269316624928,5.259708222726299,0.5230907384714694,0.27362392067462715,-0.0015654798329999978,0.5054480108101014,0.5054455864925332,0.25547524090478085,1.3360616,2.3795,0.34358474647249676,0.6063150300439214,-0.259952777955625,2.6433215116598077,1.246424253392497,3.2947000416469026,3.888594047660812,0.5054455864925332,0.25547524090478085,-0.03085104235886,0.20088001334604916,0.19849683359509973,0.039400992947280715,0.71066821,1.274062,0.13216546353735673,-0.22520081682443147,0.3462746123478406,3.5377746056585337,1.2767646818260978,4.516905668766066,5.377109805990495,0.19849683359509973,0.03940099294728071
859,883.6,0.0035181226389999986,0.5214565390996712,0.5214446710657842,0.2719045449829039,1.5429196,2.938,0.34484720258352997,0.09092330898932251,0.15620710323626463,2.9588651868551725,1.2732983637477842,3.767518200972973,4.474212313281762,0.5214446710657842,0.27190454498290384,0.0033425031768400024,0.5050806767069741,0.5050696166423869,0.2550953176552877,1.4385616,2.563,0.33838016151503114,0.6187331286093807,-0.11748573951318697,2.848181817960522,1.2581522516435486,3.5834463673572463,4.251317788723551,0.5050696166423869,0.2550953176552877,-0.03211858036972,0.2045628230944661,0.2020256057716736,0.04081434538741168,0.68912621,1.3235199999999998,0.13539245495077043,-0.13266502417655598,0.5074261917248406,3.3687754185997174,1.2778238024801067,4.304701415096604,5.089842046593887,0.2020256057716736,0.04081434538741168
860,884.5,0.002088776135999999,0.5177636506077479,0.5177594372919877,0.26807483490491574,1.5699196,3.013,0.3450308824153378,0.0730786639204003,0.008326459131929642,3.032116291202053,1.265620562688736,3.8375087266088257,4.5500842968316615,0.5177594372919876,0.2680748349049157,0.0001497801379799948,0.5115789866488435,0.5115789647225224,0.26171303714656785,1.4052616,2.4436999999999998,0.3530553015668356,0.5975090136953387,-0.1876991224888771,2.746910324064181,1.2408392748713215,3.408474214648345,3.9802874897035783,0.5115789647225224,0.26171303714656785,-0.03108109037121,0.20441191316916904,0.20203513572350867,0.04081819606681657,0.76877621,1.36917,0.13324729298386478,-0.19535736797664738,0.6417549411657686,3.7609168569532896,1.2890303109219283,4.84793582547002,5.769544677302321,0.20203513572350867,0.040818196066816574
861,885.4,0.001253920060959997,0.5147131394302404,0.5147116120572908,0.264928043586615,1.5329196,2.918,0.3432257048364894,0.07320434393021603,0.06866277542567101,2.9782018032352138,1.2654801238404296,3.7688551867798887,4.4662144425641825,0.5147116120572908,0.264928043586615,-0.001432013940920001,0.5047570842340153,0.5047550528924875,0.25477766342049785,1.4654616,2.5099,0.3447369098353605,0.5978549347078159,-0.21156297136973823,2.9033007079511997,1.2452491626176119,3.615332775403351,4.250956477795997,0.5047550528924875,0.25477766342049785,-0.03160388036826,0.20004139153380437,0.19752911955569877,0.039017753072449535,0.69404621,1.33744,0.13313081462496654,-0.12239760076791309,0.44218826672997746,3.4695130076752903,1.272099638111604,4.41356624148724,5.21326495263436,0.19752911955569877,0.039017753072449535
862,886.3,0.004017147735940003,0.510008927831278,0.5099931068080014,0.26009296899167744,1.4879196,2.966,0.3395777402052352,0.07946011581042052,0.07302615444059146,2.9174383403975153,1.2644623691956935,3.6889909958813947,4.381675898722707,0.5099931068080014,0.26009296899167744,0.0019273251534000014,0.4956523268075788,0.49564857962826847,0.24566751448751997,1.5038616,2.6843000000000004,0.337800657325875,0.5915544172711623,-0.15271239302915918,3.034105800907147,1.2485740416826843,3.7883057427315143,4.45192028903967,0.49564857962826847,0.24566751448751997,-0.03303845038624,0.19269338365143945,0.1898399349428797,0.036039200899116795,0.63829621,1.1596899999999999,0.12897075256228907,-0.12470648835855379,0.32724940535299707,3.312496765091871,1.2689962679655582,4.2035460325495695,4.949154729416049,0.18983993494287968,0.03603920089911679
863,887.2,0.002967174081738002,0.5175051601372553,0.5174966537540653,0.2678027866466549,1.5719196,3.058,0.3452016880977248,0.09369764076122217,0.048862189797767464,3.0374955093840756,1.2647124596040746,3.841558416709466,4.553626631034891,0.5174966537540653,0.2678027866466549,0.0006746891625600042,0.4964241657889943,0.4964237073043881,0.2464364971738328,1.4322616,2.4917,0.3359266505195147,0.6235660677252635,-0.10335770120904364,2.8851568853897906,1.2509170472785516,3.6090919320071793,4.263614088923846,0.4964237073043881,0.2464364971738328,-0.031995340378120005,0.1965520353787244,0.19393040196319808,0.03760900080560758,0.65129621,1.22069,0.13060364507843608,-0.15391812843534936,0.4578556635562543,3.313607049375277,1.2755337618011078,4.226617664820316,4.986814951518802,0.19393040196319808,0.03760900080560758
864,888.1,0.0012969403479999992,0.5192142106233502,0.5192125908132067,0.2695817144589624,1.6290804,3.167,0.3449205046168136,0.07943325994180944,0.13526694271345008,3.137588237510264,1.2693218581687091,3.982609331804813,4.723060468120944,0.5192125908132066,0.26958171445896234,0.0005018541512000008,0.5028388740709886,0.5028386236352479,0.25284668141939043,1.4147616,2.4752,0.34322039725862313,0.6078028726719711,-0.19876374061030067,2.8135485797787987,1.2461324618558636,3.5060542182708225,4.122020751971656,0.5028386236352479,0.25284668141939043,-0.03119492036474,0.2040312487886886,0.20163240668530763,0.04065562742570929,0.66657621,1.23597,0.1352776834976183,-0.12538212143348507,0.40161772169767795,3.2670299964215808,1.2766589384898874,4.170883047246195,4.927466177462565,0.2016324066853076,0.04065562742570928
865,889.0,0.002942526620779998,0.5199108790615956,0.5199025521226907,0.27029866370368705,1.5739196,3.076,0.3382175999098934,0.0835420804874977,0.2013507573048683,3.027287297470712,1.2806340456065786,3.876847178973324,4.653570956742988,0.5199025521226905,0.270298663703687,0.002545529157739998,0.509202010841031,0.5091956481803989,0.2592802081258565,1.5675616,2.598,0.3469464950397498,0.6030433090839638,-0.2144312965937547,3.078467026104068,1.2442567650660563,3.8304034232627706,4.51816525721179,0.5091956481803989,0.2592802081258565,-0.032302650361259996,0.2039323375936141,0.20135773413513067,0.04054493709603396,0.69617621,1.30957,0.13713900322673842,-0.10009070166157313,0.34256788300391605,3.413760751310095,1.2643120048475887,4.3160586995588766,5.076427519667609,0.20135773413513067,0.04054493709603396
866,889.9,0.0015131640439500008,0.5128371016100305,0.5128348692535959,0.2629996031223528,1.5699196,3.033,0.3407555186120455,0.12013251637262858,0.00750390193740369,3.0612441944455724,1.263867400030331,3.8690067408918702,4.6071729267791355,0.5128348692535959,0.2629996031223528,0.00019523103874000025,0.509582280770307,0.5095822433718716,0.25967406275990945,1.5675616,2.664,0.35302464046391424,0.6006844594404054,-0.2028570628915345,3.0761697554130123,1.237258307144458,3.8060165840712847,4.440374467742669,0.5095822433718716,0.25967406275990945,-0.03240711037786,0.20022454425265607,0.19758453208219773,0.039039647318141024,0.68912621,1.2585199999999999,0.13168005507238445,-0.14620613080424438,0.4619698013106097,3.4417669051123756,1.2807589394531207,4.408073731236576,5.233337802153771,0.19758453208219773,0.039039647318141024
867,890.8,0.0011946137838000008,0.5111757987194714,0.5111744028161006,0.2612992700943971,1.5319196,2.95,0.3397423442375313,0.10988161350275126,0.10816243385280355,2.996854709940412,1.2675757051287628,3.7987402221211717,4.509062900116319,0.5111744028161006,0.2612992700943971,0.0007051471665000007,0.505673536582397,0.505673044928462,0.25570522836722237,1.4892616,2.5437000000000003,0.3437096928888982,0.5892948745170097,-0.2429349515450978,2.9451048794548345,1.2471715983439762,3.6730511598003286,4.332905445530725,0.505673044928462,0.25570522836722237,-0.032789650391168,0.1986061094808864,0.19588064108114106,0.03836922555035881,0.66845621,1.20385,0.1280674885921551,-0.19265504117480997,0.5946625897896611,3.3657384042575558,1.29582587251496,4.361410904354157,5.219562102359731,0.19588064108114106,0.03836922555035881
868,891.7,0.002001380640900001,0.5208538517005036,0.5208500065343,0.2712847293067804,1.5809196,2.999,0.34094668487059115,0.09006168449103044,0.20141816470325136,3.0352460576773184,1.2790837971305045,3.882334052679298,4.636852828177666,0.5208500065343,0.2712847293067804,0.003600629656540003,0.503722986441679,0.5037101175634656,0.25372388253580036,1.4126616,2.6001000000000003,0.3442534193243756,0.5852179177035866,-0.21698136307021665,2.804441405342851,1.2436334491238903,3.4876971377923796,4.103551397608365,0.5037101175634656,0.25372388253580036,-0.03263033034958001,0.20202952028013058,0.19937700119596785,0.03975118860589697,0.65440621,1.2948,0.1350239180280872,-0.13374359077621759,0.3353402815714661,3.2391613319311547,1.2663381676638894,4.101873625845422,4.846594733415103,0.19937700119596785,0.03975118860589697
869,892.6,0.003523007854899997,0.5241805886071876,0.5241687494387967,0.274752877888232,1.6209196,2.9939999999999998,0.3493659242373425,0.10734738450656728,0.10153637062288068,3.092292303892792,1.2646041534631356,3.910525691224913,4.639604173012663,0.5241687494387967,0.274752877888232,-0.0004912168437799984,0.498885401846607,0.4988851600134674,0.24888640288166294,1.4175616,2.46,0.34400107767944244,0.5683064356080377,-0.2375533574574651,2.8414573662667717,1.238216222579099,3.518338606678397,4.120805695036093,0.4988851600134674,0.24888640288166297,-0.031756630370900006,0.2015070788001997,0.19898899274602083,0.03959661923407593,0.66944621,1.31684,0.1332103697236639,-0.08650962742743355,0.4100228267355357,3.322196986755865,1.2761223665993058,4.239529881047977,5.025481209824145,0.1989889927460208,0.03959661923407592
870,893.5,0.002968725847750004,0.5261448631148314,0.5261364876616766,0.2768196036489656,1.6160804,3.19,0.3508363866030284,0.1372858754793373,0.07019584737562878,3.0715502769192473,1.2662511184872494,3.8893539736388174,4.606364851854993,0.5261364876616766,0.2768196036489656,-0.0010616408337699983,0.5002221230715187,0.5002209964894694,0.2502210453289177,1.5623616,2.5928,0.33789798337542304,0.5977119069420886,-0.20332619489732018,3.1233356701751136,1.2501361801107063,3.904594923916229,4.623767163073392,0.5002209964894693,0.25022104532891765,-0.03211182037795621,0.20005530461107382,0.19746127695080729,0.038990955895043415,0.68204621,1.31744,0.12838153155853804,-0.21673942400307425,0.5749098483435291,3.40928830318177,1.295253355133221,4.415892113312633,5.312650516939875,0.19746127695080726,0.03899095589504341
871,894.4,0.002383438842707998,0.5180201474726951,0.5180146642778714,0.2683391924069158,1.5760804,3.1310000000000002,0.3438494010662586,0.114980783146065,0.11585415074084615,3.0425079172872813,1.268507823639877,3.859445096565184,4.583635728643583,0.5180146642778714,0.2683391924069157,0.003487496159260001,0.49686625647906774,0.49685401698895615,0.24686391419806195,1.3859616,2.4884,0.342237009125154,0.5660080063125024,-0.24844934815054165,2.789405764483402,1.2402405151423361,3.459534042283896,4.049712810262324,0.49685401698895615,0.24686391419806195,-0.033524360367459996,0.20092249202521228,0.1981059440389767,0.03924596506357416,0.64736621,1.2867600000000001,0.13423921725215482,0.01102019418993238,0.4549027073905454,3.2219698425737566,1.2688702699902057,4.0882617440468625,4.822482008249407,0.1981059440389767,0.03924596506357417
872,895.3,0.0009705818468199982,0.5165150525644887,0.5165141406550019,0.2667868574965751,1.5760804,3.093,0.3447463989297908,0.13764208949355158,0.09355359413537467,3.051373608909918,1.2640464929038184,3.8570781088818493,4.571709537482293,0.5165141406550019,0.2667868574965751,0.0005310901480399992,0.5049668567267263,0.5049665774442154,0.25499124433572473,1.4274616,2.5579,0.3454623787282606,0.5958797386531873,-0.19968696139065356,2.826842160004378,1.2446506437329135,3.5184309141807883,4.132031989285976,0.5049665774442154,0.25499124433572473,-0.032322280383779996,0.19749255018855466,0.19482961163737686,0.0379585775707711,0.69070621,1.2881,0.1278479299830014,-0.1549668134336255,0.7155541302755664,3.4973785560040263,1.2926393891236452,4.520849280167181,5.40256076177249,0.19482961163737686,0.03795857757077109
873,896.2,0.0014932668589399988,0.5084007072149473,0.5083985142098142,0.2584690492507466,1.5229196,2.96,0.34722378581986796,0.07505628463594617,-0.00595819917016005,2.995510388533199,1.2503111779024292,3.745320122305907,4.385988697185788,0.5083985142098142,0.2584690492507466,-0.001131500839540001,0.5058596296086273,0.5058583641431934,0.2558926845736276,1.3518616,2.4163,0.3431481218893104,0.5870228654575743,-0.21798724987243068,2.6724045977851727,1.2475617502960805,3.333989757512163,3.9395861838231814,0.5058583641431934,0.2558926845736277,-0.03190621036058,0.2000019183860214,0.1974405254716346,0.03898276109851519,0.73104621,1.40244,0.13370498037352688,-0.18547475078846087,0.41777390440030704,3.65519598961554,1.2688865202694974,4.638028920166285,5.467606426908722,0.1974405254716346,0.03898276109851519
874,897.1,0.00259453434684,0.5126014953110946,0.5125949291464881,0.2627535613866931,1.6239196,3.06,0.34007920078678067,0.09294183783180333,0.08594959062356144,3.167996220952211,1.268828185639277,4.019642897142879,4.775121784110956,0.5125949291464881,0.2627535613866931,0.0018421921725000016,0.5073129970640922,0.507309652301384,0.2573630833181511,1.4004616,2.4479,0.34507200287420875,0.5476548276157717,-0.2734558995814007,2.7605474492171753,1.2451038780188033,3.437168334475221,4.058461968328735,0.507309652301384,0.2573630833181511,-0.03342812637613819,0.20206948081240786,0.1992853116583784,0.03971463544277701,0.70012221,1.371516,0.131807470423436,-0.08995806990674754,0.27031712206748404,3.464759780572513,1.2807772998317315,4.437585676327246,5.311703560889481,0.1992853116583784,0.03971463544277701
875,898.0,0.0012409218527199997,0.5229095747556163,0.522908102331619,0.2734328834840549,1.6629196,3.25,0.3434628564120608,0.14909459654389456,0.24173458364553513,3.180128420438986,1.2764058646623009,4.0591345662275815,4.841628633068126,0.522908102331619,0.27343288348405487,0.0008083921501599985,0.503113563998624,0.5031129145445673,0.25312260478152904,1.3815616,2.4370000000000003,0.34635062523238846,0.5461691196235499,-0.24738005021746812,2.7460233610473255,1.2406336729714624,3.4068090484815836,3.988910368136403,0.5031129145445673,0.25312260478152904,-0.0333176103608,0.20158336173923275,0.1988109367462874,0.039525788569936285,0.74291621,1.25731,0.13272490456558086,-0.244557743494381,0.515402943210959,3.6854044083312427,1.2794565381142544,4.7153147658345045,5.59741378177384,0.1988109367462874,0.039525788569936285
876,898.9,-4.752717208000279e-05,0.5160511956878432,0.5160511934992695,0.2663088343120205,1.5129196,2.898,0.33969119482492355,0.12340289749921304,0.07534121858765763,2.931723853451078,1.2716761745615095,3.728203374827394,4.453808703460085,0.5160511934992695,0.2663088343120205,-0.001525671831159998,0.4991704140179829,0.4991680824695706,0.24916877455634806,1.5071616,2.6776,0.3359047664751045,0.6255730177063598,-0.11049947525695147,3.0193327923191053,1.2526604250334819,3.78219869894398,4.48687172800718,0.4991680824695706,0.24916877455634806,-0.03278555038602,0.20273222738379873,0.20006364913667354,0.04002546370588202,0.68973621,1.32713,0.13158283421337175,-0.15384963278183517,0.3910424543915809,3.4022030877914577,1.2872194101493803,4.379381851875321,5.241840351922647,0.20006364913667352,0.04002546370588201
877,899.8,0.0009647978436399991,0.5108235852379615,0.510822674125264,0.26093980440048575,1.5119196,2.944,0.34225619073892866,0.07954559282719496,0.026796754051839233,2.9597685848739523,1.2607062379457565,3.731398717826476,4.417508407184035,0.510822674125264,0.26093980440048575,0.0016710771540800033,0.4944904114553768,0.4944875878345714,0.244517974522453,1.3665616,2.5140000000000002,0.3417484364339424,0.5523423685343294,-0.24488574046478595,2.763575528144128,1.2373672816077912,3.419557938777515,3.998735485843684,0.4944875878345714,0.24451797452245297,-0.03416593038568,0.1950139807804438,0.19199776535344407,0.03686314190071617,0.69521621,1.3326099999999999,0.12879358413747918,-0.13430633075370868,0.4939635834466074,3.5649557391616353,1.2794218853270172,4.56108239290555,5.397910265917437,0.19199776535344407,0.03686314190071617
878,900.7,0.003581418720880001,0.5011045744935608,0.5010917760433894,0.2510929680183183,1.5779196,2.977,0.32628540342371154,0.13762396127075224,0.21746744383576422,3.1488828486443525,1.2801941237306846,4.031181319150839,4.836010386743922,0.5010917760433895,0.2510929680183184,0.0011057934530600017,0.4937575259768661,0.49375628773680924,0.24379527167963477,1.4167616,2.4732000000000003,0.3413595701023126,0.5743526036733793,-0.30340884511308985,2.869346846302813,1.2355937602807499,3.545347059373004,4.150349731151135,0.4937562877368093,0.24379527167963483,-0.03334731937222,0.19572722848365753,0.19286550821902046,0.03719710426058105,0.70110521,1.2034989999999999,0.13096995615544432,-0.26511823171923765,0.23743979065304233,3.5820525096667355,1.2667633292041702,4.537612762529587,5.353175877740076,0.19286550821902046,0.03719710426058105
879,901.6,-0.00034022062509999793,0.5054897744342584,0.5054896599412531,0.2555197963075237,1.5459196,2.919,0.3357019612843491,0.10941846898629372,0.10867804560929484,3.0582608752673295,1.2692914452630082,3.8818243663593814,4.605035949404424,0.5054896599412531,0.2555197963075237,0.0003524951548600019,0.4862520165063666,0.4862518887404692,0.23644089930367362,1.5200616,2.7715,0.3304641164724818,0.6096174196551924,-0.04482433681068798,3.126077730065511,1.2504673031945341,3.90905798869151,4.599778082491379,0.4862518887404692,0.23644089930367362,-0.03375688038624,0.1976905216871099,0.19478710273401253,0.03794201539151076,0.69545621,1.30685,0.13114686706568116,-0.16431747015400894,0.4311682499101024,3.517903661060277,1.275264218316544,4.486256662434942,5.3028808507617695,0.19478710273401253,0.03794201539151076
880,902.5,-0.00022215275802000179,0.5235639751301108,0.5235639279994329,0.2741191867021953,1.6349196,3.025,0.3451974859561454,0.07753945754557215,0.15446930325155428,3.122673976172074,1.2713870080357517,3.970127123636517,4.736186289049925,0.523563927999433,0.27411918670219537,0.0020280208424999988,0.49266053005537114,0.492656355897193,0.24271028500590167,1.4080616,2.5555,0.34222200936756086,0.5816326513291669,-0.16603577211728426,2.858076736615667,1.2370832640430827,3.5356788982181118,4.114468273394078,0.4926563558971929,0.24271028500590164,-0.03451890036889,0.2023722601282113,0.19940656254678046,0.039762977186723066,0.73839379,1.42673,0.1331506143785944,-0.17678826466423134,0.5509314173569662,3.6486907322782116,1.279542684581784,4.668655534787939,5.545553007367166,0.19940656254678046,0.039762977186723066
881,903.4,0.0017849878471099996,0.5237751819938011,0.5237721404303833,0.2743372550910252,1.7030804,3.338,0.34554881081156014,0.12314212679623562,0.32653673456217813,3.2515484859688444,1.2773503246397035,4.1533665141340395,4.928624688362042,0.5237721404303833,0.27433725509102524,-0.00019339443233999787,0.5038077614758188,0.5038077243570894,0.25382222312186903,1.4804616,2.6279,0.34265749788523403,0.5764259530746273,-0.25129833095941834,2.9385446458054565,1.2453428078301405,3.6594954401415927,4.320528834585285,0.5038077243570894,0.25382222312186903,-0.034406510362639996,0.2017839035652819,0.19882891083217383,0.039532935782708535,0.73784621,1.37824,0.1324694768164271,-0.19304293581810797,0.3804473594125892,3.656615800185911,1.2784976538041508,4.674974721400875,5.569933751776561,0.19882891083217383,0.03953293578270853
882,904.3,0.002289500336860001,0.5249106489718818,0.5249056558966474,0.27552594759228954,1.6209196,3.138,0.34417562999838974,0.11280734426352979,0.18244154506677068,3.0879914575458134,1.2765768088855638,3.9420582807397153,4.709571098940339,0.5249056558966474,0.27552594759228954,-0.0010701828327400018,0.5021962724421898,0.502195132158342,0.2521999507635346,1.3574616,2.4329,0.3433921839833046,0.5557889462275409,-0.2552106414195947,2.7030499318496313,1.2434627276866814,3.3611418413310408,3.9530940519776023,0.502195132158342,0.2521999507635346,-0.033203420357980004,0.1990314142718298,0.1962422909150217,0.03851103674357601,0.63180621,1.2272,0.13272570714590967,-0.14950088701674336,0.2964784122763824,3.174404464297793,1.2663709575489017,4.019973621100305,4.7602399232684816,0.19624229091502174,0.03851103674357602
883,905.2,0.00029531083089999856,0.46599043365923226,0.4659903400859641,0.2171469970534325,1.5400804,3.0309999999999997,0.325695462414023,-0.02031912536656119,-0.33044562698701796,3.3049614085559194,1.227937055461315,4.058284580435435,4.728590286720835,0.4659903400859642,0.21714699705343254,0.0004484731607799981,0.4883502916256866,0.48835008569950844,0.23848580620271725,1.4218616,2.5323,0.33741978372771525,0.2522938001299549,-0.35075815021660484,2.911560870101489,1.2360856861635685,3.5989387159263955,4.2139248158234475,0.4883500856995085,0.2384858062027173,-0.035801710375148205,0.19483058083231633,0.19151290494813072,0.03667719276167176,0.59860621,1.12,0.12754579207836533,-0.22729381756146572,0.16636836860939308,3.0724448258725814,1.2790195581256214,3.929717023552901,4.6932650638306495,0.19151290494813072,0.03667719276167175
884,906.1,0.0018258330397800014,0.40351548143966803,0.4035113506398524,0.1628214100951979,1.0929196,2.031,0.2971110687785909,-0.07891251723322877,-0.7889008081926283,2.7084948416369716,1.1885102692640657,3.21907393353429,3.6784883326391684,0.4035113506398524,0.1628214100951979,0.004877230175459999,0.40452781657266745,0.40449841409684817,0.16361896700686526,1.1616516,2.26409,0.2846555127521071,-0.011868448478038428,-0.43166401317467473,2.8716235383811397,1.2226625973114755,3.511026693937854,4.080903224985588,0.4044984140968482,0.1636189670068653,-0.039786110449250005,0.1633997583673165,0.15848200670681042,0.025116546449817503,0.56610621,1.0075,0.10747338815777535,-0.19889012635644418,0.0970904787767255,3.4645474121657798,1.274422536623906,4.415297301266102,5.2674082366225665,0.1584820067068104,0.0251165464498175
885,907.0,0.0007185011538999988,0.35915162639068837,0.3591509076908597,0.12898937449516845,0.9380804,1.836,0.2660828288573194,-0.07305150287200621,-0.8335523479410614,2.611934155574581,1.1839206556050625,3.0923227978651133,3.5255202450625758,0.3591509076908597,0.12898937449516845,0.0007495002410799993,0.30563514832525784,0.3056342293349863,0.093412282141191,0.8911616,1.6006,0.21481966039077696,0.14609853245578128,-0.4398058679116317,2.9157693572979477,1.2247423901952323,3.571066331915105,4.148417320737283,0.3056342293349863,0.09341228214119099,-0.041132810501978,0.1355109807183567,0.12911745736134683,0.016671317795459214,0.53120621,0.8138000000000001,0.09037795029675566,-0.22348915721095178,0.11571980628521139,3.920023360350762,1.263801516451672,4.954131467337272,5.877608512427936,0.12911745736134683,0.016671317795459214
886,907.9,0.0017203713599900014,0.291988031521363,0.2919829633285206,0.0852540508741042,0.8289196,1.5306,0.20520775302622155,0.37479156231409805,-0.43415727846182417,2.8388821133559135,1.2234859845565462,3.473332477499228,4.039416580396357,0.2919829633285206,0.0852540508741042,0.0015195002678800008,0.2859898433770506,0.28598580669985324,0.08178788163376584,0.7936616,1.5480999999999998,0.19848036837741498,0.14310952955486927,-0.36170479762723673,2.7751391120335422,1.233619744887734,3.423466403414791,3.998690684062185,0.28598580669985324,0.08178788163376584,-0.041331410538437995,0.11498044289640247,0.10729499872573728,0.011512216751555964,0.32590621,0.5704,0.08035811309602646,0.12703609693942244,-0.4617784350277305,2.8344490749060856,1.2223858629155189,3.46479047831917,4.05567275591138,0.10729499872573728,0.011512216751555965
887,908.8,0.0011657013308300026,0.3666726881104418,0.36667083514583576,0.13444750134654465,0.9939196,1.9226999999999999,0.26773010558905586,0.2889107524642327,-0.720905400164368,2.710645303641027,1.1964356858819951,3.243112773044561,3.7123938595295165,0.36667083514583576,0.13444750134654468,0.0026420002304000027,0.36682496000090314,0.36681544557780926,0.13455357111444674,0.9655616,1.9300000000000002,0.253901978021564,-0.04388364915253653,-0.5781881493241086,2.632213467692119,1.22868169291777,3.2341524996049063,3.8028912083465314,0.36681544557780926,0.13455357111444677,-0.0417242104892964,0.13403782560537575,0.12737829074085588,0.016225228952062014,0.41900621,0.6717,0.09431666171219866,-0.16614183385212095,-0.683689646232617,3.1260295972989525,1.2231330824208146,3.823550217082966,4.442547079100096,0.1273782907408559,0.016225228952062017
