indice_janela,tempo_centro_s,aceleracao_x_g_mean,aceleracao_x_g_rms,aceleracao_x_g_std,aceleracao_x_g_variance,aceleracao_x_g_peak,aceleracao_x_g_peak_to_peak,aceleracao_x_g_sra,aceleracao_x_g_skewness,aceleracao_x_g_kurtosis,aceleracao_x_g_crest_factor,aceleracao_x_g_shape_factor,aceleracao_x_g_impulse_factor,aceleracao_x_g_clearance_factor,aceleracao_x_g_rms_espectral,aceleracao_x_g_energia_espectral,aceleracao_y_g_mean,aceleracao_y_g_rms,aceleracao_y_g_std,aceleracao_y_g_variance,aceleracao_y_g_peak,aceleracao_y_g_peak_to_peak,aceleracao_y_g_sra,aceleracao_y_g_skewness,aceleracao_y_g_kurtosis,aceleracao_y_g_crest_factor,aceleracao_y_g_shape_factor,aceleracao_y_g_impulse_factor,aceleracao_y_g_clearance_factor,aceleracao_y_g_rms_espectral,aceleracao_y_g_energia_espectral,aceleracao_z_g_mean,aceleracao_z_g_rms,aceleracao_z_g_std,aceleracao_z_g_variance,aceleracao_z_g_peak,aceleracao_z_g_peak_to_peak,aceleracao_z_g_sra,aceleracao_z_g_skewness,aceleracao_z_g_kurtosis,aceleracao_z_g_crest_factor,aceleracao_z_g_shape_factor,aceleracao_z_g_impulse_factor,aceleracao_z_g_clearance_factor,aceleracao_z_g_rms_espectral,aceleracao_z_g_energia_espectral
0,112.5,-0.0050344020626338,0.20932500500009094,0.20926445592637044,0.04379161251415984,1.5490804,2.966,0.07986396127502207,-0.7851929890700189,5.290363763235,7.400360028651747,1.6498259643895015,12.209306121099887,19.39648841942034,0.20926445592637047,0.04379161251415985,-0.010181671286655999,0.23143972754766243,0.23121565919536397,0.0534606810571467,2.6555616,5.246,0.0803181192164207,-0.27715376940701225,13.39513481180741,11.474095774905873,1.7503476305710435,20.083656352551717,33.06304512490479,0.231215659195364,0.05346068105714671,0.011944145305541281,0.11968569955891316,0.11908821970214578,0.014182004071826543,2.3243938,3.01806001,0.053172190439931204,2.3409725201111913,56.42280321924073,19.420814755365644,1.6700437954016856,32.4336111838439,43.71446390996202,0.11908821970214578,0.014182004071826541
1,115.0,-0.004970279599276399,0.27299699444735087,0.27295174536535194,0.07450265529799194,1.2178804,2.1098,0.16559811447833556,-0.57428250802315,1.5210216807645516,4.461149480658022,1.3421210371482881,5.987402567854291,7.3544339791340425,0.27295174536535194,0.07450265529799194,-0.010171340928716001,0.33927683786072743,0.3391243378651643,0.11500531653248613,1.1648616,2.3203,0.219399776358154,0.270340271349714,0.3144131513689934,3.4333661187863753,1.2836937515909002,4.40739063360997,5.309310790264659,0.3391243378651643,0.11500531653248613,0.011894451489617321,0.14320265579988148,0.14270782267241156,0.020365522651900465,0.69366621,1.13306,0.09348170067703067,-0.6271516451064366,0.7917334751365539,4.843947943042087,1.2820380078222637,6.21012537089243,7.420342216457346,0.14270782267241158,0.020365522651900468
2,117.5,-0.005060248985859999,0.26606150905844356,0.2660133840291825,0.07076312048265734,1.2178804,2.1098,0.16578429257573948,-0.45851910364251003,1.59520636619611,4.577439270753284,1.328423805200935,6.08077929413027,7.34617484610977,0.2660133840291825,0.07076312048265734,-0.008413905001723999,0.35859423105550325,0.35849550729250385,0.12851902874890966,1.1648616,2.1553,0.2498492377656498,0.5695162726973073,-0.008631709152241651,3.2484114330877305,1.234596033385894,4.010475870095499,4.662257969714525,0.3584955072925038,0.12851902874890964,0.011719976730117961,0.148816726784256,0.14835450891774538,0.02200906031622539,0.70373921,1.136133,0.1024384167790935,-0.7288771134795361,0.5265180789827908,4.728898593638815,1.2454019142795074,5.88937936095145,6.869875893509758,0.1483545089177454,0.022009060316225397
3,120.0,-0.0034886648022543995,0.2560210499372719,0.2559972797294545,0.06553460722888058,1.1331804,1.9341,0.16356973856406273,-0.49620123427507573,1.370399071941697,4.426121993787785,1.309880067521119,5.797688976079454,6.927812014299855,0.2559972797294545,0.06553460722888059,-0.006275111782183999,0.3317564184637495,0.3316970668607359,0.11002294416401551,1.1162616,2.0437000000000003,0.22967973498495364,0.6129400020012457,0.10377858575554066,3.3647023474904443,1.2397383402727475,4.171350503789621,4.860078753021578,0.3316970668607359,0.11002294416401551,0.01416764269490952,0.13768642345778556,0.13695557347207898,0.01875682910506602,0.70373921,1.107133,0.09433333653213591,-0.7727975614481806,0.6751514556280287,5.111173580710848,1.248777562481974,6.382718885542356,7.460132715228002,0.13695557347207898,0.01875682910506602
4,122.5,-0.004040218574866401,0.25035462737216585,0.25032202476115306,0.06266111608052331,1.1331804,1.9341,0.15893127986606106,-0.4639418812537349,1.4293377248370334,4.526300999084253,1.313944664440626,5.947309047399028,7.130002356710302,0.25032202476115306,0.06266111608052331,-0.007351253773624,0.31785614616663044,0.31777112632185156,0.10097848872385813,1.1162616,1.9717000000000002,0.21962412124016906,0.6053780831463892,0.1503595635750834,3.51184525912807,1.2422418514272797,4.362561156625369,5.082600188434297,0.3177711263218515,0.10097848872385812,0.012805973485784761,0.13609516366624416,0.13549133041055858,0.01835790061642316,0.69160621,1.095,0.0920416598165109,-0.8039842364971087,0.88430598655648,5.081783888339156,1.2592868185540482,6.399423465325836,7.514056258641439,0.13549133041055858,0.01835790061642316
5,125.0,-0.004796485933468001,0.24755135694170252,0.24750488489395164,0.06125866804636826,1.0978804,1.8978,0.15531699328710358,-0.44826012907821094,1.4774786492106253,4.434960137417251,1.3226783401586109,5.866025713228654,7.068643145638077,0.24750488489395162,0.061258668046368245,-0.008104963765328,0.30666226402114194,0.30655513979859367,0.0939760537369353,1.0189716,1.82141,0.21172964605987443,0.5975588835864832,0.13294339141143974,3.3227811816120614,1.242423131338752,4.128300200411935,4.812607109879397,0.30655513979859367,0.0939760537369353,0.0113478894756608,0.13549470449215886,0.13501866667192966,0.018230040349865646,0.69160621,1.08,0.0907987385399793,-0.913573309021134,1.3796666761831835,5.104304353385438,1.2694277891043368,6.479545790233719,7.616914299921481,0.13501866667192966,0.018230040349865646
6,127.5,-0.0043515792108684,0.2462219466137198,0.24618349000820713,0.06060631075262102,1.1020804,1.914,0.15531344524557483,-0.45928426647237997,1.3433441656335754,4.475963313412414,1.3176181543818009,5.897610520099117,7.095846713447369,0.24618349000820716,0.06060631075262103,-0.006504029754045999,0.2996614986200792,0.2995909066580463,0.08975471135219021,1.0106416,1.81308,0.2054811429094726,0.6462939443650775,0.18878926478814018,3.372610778007638,1.2469921869191778,4.205619289694934,4.918415313882361,0.2995909066580463,0.08975471135219021,0.01186166546282312,0.13195948497625556,0.13142528891977634,0.017272606567646686,0.69042621,1.05782,0.08808882988014048,-0.9197805862142133,1.3883115738710785,5.232107492115731,1.2719930048809547,6.655204130756445,7.837840631319996,0.13142528891977637,0.01727260656764669
7,130.0,-0.0034314690216751998,0.24349686529888342,0.24347268518405887,0.05927894843073584,1.1020804,1.914,0.15558344402811303,-0.48741840553265453,1.191495252971814,4.526055802185531,1.3059285884538872,5.910705665011676,7.083532614182653,0.24347268518405887,0.05927894843073585,-0.004881095747942001,0.2932165026243106,0.29317587266951517,0.08595209231553176,1.0106416,1.78708,0.20059725422806396,0.6780839237730065,0.27391260160724196,3.44674188169724,1.2510165867655503,4.311931264302752,5.038162680187919,0.29317587266951517,0.08595209231553176,0.01373078345320748,0.12661331653495556,0.1258665861527275,0.015842397509741975,0.65853621,0.99693,0.08503723906915575,-0.8320827733538914,1.1137048525258342,5.201160731132025,1.2642949948113913,6.575801479579776,7.744092084932949,0.12586658615272753,0.01584239750974198
8,132.5,-0.0033558261446528,0.2415902683095771,0.2415669600189155,0.05835459617278032,0.9792804,1.7892000000000001,0.15477385157165113,-0.4713845235410843,1.1219666838469387,4.053476188639919,1.3044967310239024,5.287746437364002,6.327169544828774,0.24156696001891548,0.05835459617278031,-0.004916847747796001,0.2878693895284716,0.28782739625636733,0.0828446100357199,1.0221616,1.8486,0.1975851090534462,0.6463506117477351,0.303883233708548,3.5507825325724798,1.2496070839018452,4.437083006097505,5.1732724439446915,0.28782739625636733,0.08284461003571988,0.01433506344145316,0.12360515991674875,0.12277109396830568,0.015072741514174544,0.65853621,0.99693,0.08263882191709206,-0.8195677463133352,1.1219000815794757,5.327740447433918,1.2670456751744559,6.750490492373166,7.968847990847217,0.12277109396830568,0.015072741514174544
9,135.0,-0.0034659296626460005,0.24016302586865948,0.24013801516203964,0.057666266325963986,1.0072804,1.8172,0.15383546508232354,-0.46618512516892163,1.2211977477391036,4.1941526858962135,1.3056216725243022,5.475976644582109,6.54777751970889,0.24013801516203964,0.057666266325963986,-0.004774515740054,0.28316501945976047,0.2831247644504,0.0801596322450945,1.0221616,1.8486,0.19317029978979236,0.650603551034432,0.35909211019442866,3.6097735587190196,1.2541502000815117,4.527198230916409,5.291504962783175,0.2831247644504,0.0801596322450945,0.015276069429652801,0.12147524090275068,0.12051089517202061,0.014522875855161741,0.57070621,0.9120999999999999,0.08154044583901264,-0.8269191453221335,1.1628284987969417,4.698127830484318,1.265583619372085,5.945873623977065,6.999056776397319,0.12051089517202061,0.014522875855161741
10,137.5,-0.0043407106633067995,0.23874585953925484,0.23870639639120494,0.056980743678075055,1.0072804,1.7782,0.1534631298194185,-0.4874127691975551,1.1833029288290602,4.219048665153424,1.301760827463581,5.492192281459238,6.563663866267267,0.23870639639120494,0.05698074367807506,-0.005821821727282001,0.27820252673588136,0.2781416047160232,0.07736275227400452,1.0023516,1.73279,0.18878289225155828,0.6524608542833383,0.35605070197489264,3.6029564927410163,1.257991653724342,4.532489196600126,5.3095467923244835,0.2781416047160232,0.07736275227400452,0.013557591428092399,0.12345062776304287,0.12270390869796402,0.01505624920975829,0.60949621,0.95089,0.08195033511159931,-0.8875134760666312,1.404877845801865,4.937165740217187,1.2749783889552926,6.294779621467374,7.4373852061738726,0.122703908697964,0.015056249209758288
11,140.0,-0.0038978196701248,0.2771472594656616,0.27711984849726295,0.07679541043114596,1.1590804,2.1879999999999997,0.17635815451796408,-0.33731311739132913,0.9897869570221927,4.182182433391911,1.3078434849678602,5.4696400484586425,6.572309645494359,0.27711984849726295,0.07679541043114596,-0.0065123197402639985,0.3067018865331586,0.3066327394369347,0.09402363689459908,1.1714384,2.22461,0.2040658856216948,0.2416590952129593,0.43634611398071543,3.8194691700187886,1.2717209334632653,4.857298898230457,5.740491098897626,0.3066327394369347,0.09402363689459908,0.0114657694553,0.13247906961752015,0.13198196853177202,0.01741924001752166,0.63361621,1.13001,0.08655392229712076,-0.6675448446737217,1.2290904617343026,4.782764642213379,1.2852416553932018,6.147008346114397,7.320479455857974,0.13198196853177205,0.017419240017521664
12,142.5,-0.002969157532458,0.3935800543973742,0.3935688546150311,0.1548964433229875,1.2889196,2.448,0.2712093618617039,-0.012145702314792037,-0.29281808758863814,3.2748600585807512,1.237709472718572,4.053325316333093,4.752489335737794,0.39356885461503116,0.15489644332298752,-0.0060136101949120006,0.41685848524959135,0.4168151067523914,0.17373483321700744,1.5274384,2.7631,0.27337923677167253,-0.12357345720409875,0.18544681576871946,3.6641653080072394,1.2769956020133952,4.679122983375302,5.587250948672898,0.4168151067523914,0.17373483321700744,0.01757455553481586,0.16059878335019853,0.15963428269428118,0.025483104211317678,0.68005621,1.28845,0.10530476703640834,-0.27148997544241354,0.7143863627329416,4.2345041214732175,1.2809487056237505,5.4241825733595554,6.457981239964908,0.15963428269428118,0.02548310421131768
13,145.0,-0.002870910611432001,0.4509976825938053,0.45098854484038053,0.20339066757724392,1.2889196,2.4325,0.3381709316753341,0.19318155560688932,-0.8092328366166397,2.857929540983642,1.1769304867928954,3.363584405889673,3.811444093123433,0.45098854484038053,0.20339066757724392,-0.005553948232608002,0.4968966117646541,0.496865571802095,0.24687539644222284,1.5274384,2.7631,0.3384291404462775,-0.20349187336248523,-0.2977856818468809,3.073956158758118,1.2439600121250334,3.8238785405205693,4.5133182029946,0.49686557180209506,0.2468753964422229,0.01933922739418022,0.17373502484145137,0.17265530151274217,0.029809853140455908,0.70195721,1.310351,0.11866227733708486,-0.1556294726199083,0.16533775940417206,4.040389729362851,1.2483672025726575,5.043890023748,5.915588557313329,0.1726553015127422,0.029809853140455915
14,147.5,-0.0031748653470320006,0.43315030539177096,0.4331386698171991,0.18760910729101266,1.1459196,2.2895000000000003,0.3231135941345544,0.30828529503538105,-0.7261659908920932,2.6455472516948855,1.1818643145133934,3.126677889137168,3.54649145316617,0.4331386698171991,0.18760910729101266,-0.004580119833226002,0.5011183714818223,0.5010974403635553,0.25109864473890686,1.5024384,2.5711399999999998,0.34216912262748994,-0.26082283958533914,-0.3247421436301985,2.9981706628660287,1.2419626964681436,3.723616120924775,4.3909233786581705,0.5010974403635553,0.2510986447389069,0.016355135594164922,0.16448126696790197,0.16366611354542127,0.026786596723062724,0.71316521,1.252559,0.1153593232315135,-0.08963699363290074,-0.1605025832876823,4.3358445806425605,1.226693835942303,5.318753820678069,6.1821202658128955,0.16366611354542127,0.026786596723062724
15,150.0,-0.0035518012074159996,0.4203554579743626,0.42034045220156857,0.17668609575701913,1.1183804,2.2133000000000003,0.3156625505558083,0.2684577730125324,-0.7307613191052966,2.6605587694503297,1.1788439770746308,3.136383681019613,3.5429619320720573,0.42034045220156857,0.17668609575701916,-0.004073835833796,0.49449662724281673,0.4944798461172311,0.24451031821612054,1.4734384,2.53504,0.33947856649078534,-0.25924466027892534,-0.34686481197121166,2.979673305792813,1.2384232651752352,3.6900967445154227,4.340298756504836,0.49447984611723117,0.2445103182161206,0.015065963806242038,0.16684677431352074,0.16616516732882355,0.027610862833415926,0.71316521,1.184559,0.11739814098691716,-0.18933688857730088,-0.11634155343723229,4.274372177312195,1.2244468604797445,5.233741593031887,6.074757266211525,0.16616516732882355,0.02761086283341593
16,152.5,-0.0038580395162244,0.4183357983072149,0.4183180078318719,0.17498995567642603,1.1461804,2.2191,0.31465190435211327,0.2739002494415224,-0.7371390279007697,2.7398573218882762,1.1779307947650717,3.2273623127147584,3.642693351435621,0.41831800783187195,0.17498995567642608,-0.004749251628322001,0.4932529462128051,0.49323008176365646,0.24327591355658323,1.5624384,2.66674,0.3370270435794538,-0.26205906710474974,-0.3188995043171472,3.1676210187823473,1.2408859909006753,3.93065654668954,4.635943701745278,0.4932300817636565,0.2432759135565833,0.01368948360545784,0.16879300294194852,0.16823696347942252,0.028303675880776542,0.69596621,1.19136,0.11738645058359033,-0.23977205949056568,0.07136693616708545,4.123193484740345,1.2339168890153418,5.087678077499133,5.928846187443122,0.16823696347942252,0.028303675880776542
17,155.0,-0.0035867780298244,0.412328926997222,0.4123133263211913,0.17000227906204518,1.1461804,2.2231,0.3042296744004352,0.2727395622701418,-0.6933958346998987,2.779771985310461,1.1898705155376668,3.307568725238522,3.7674838993232687,0.4123133263211914,0.17000227906204524,-0.0054652250151679994,0.46372923968705176,0.46369703369362275,0.2150149390562647,1.5624384,2.66674,0.3146049317233963,-0.22557052283532994,-0.25370915917931924,3.3692902372393285,1.2465415199262655,4.19996017340104,4.966350627248625,0.46369703369362275,0.2150149390562647,0.01410729957211716,0.16115745202620577,0.1605388066554668,0.025772708442361347,0.69596621,1.19136,0.11047840280001701,-0.24447639586530254,0.22331922256229708,4.318548110867558,1.244621726856867,5.37495880726244,6.299567991219121,0.1605388066554668,0.02577270844236135
18,157.5,-0.0032527524216559994,0.44794914868461694,0.4479373387081685,0.20064785940895646,1.5150804,2.907,0.3169145793056615,0.07114962379848849,-0.475188566488566,3.382259804375044,1.2175433273229075,4.1180478560893174,4.780721680016865,0.44793733870816854,0.20064785940895652,-0.005454080443248,0.5381591863912542,0.5381315479544153,0.2895855629038152,2.0074384,3.7645999999999997,0.35456078959510057,-0.04349682050140427,0.2860935312532602,3.7301944308733694,1.2759905071497155,4.759692683617155,5.661760857122537,0.5381315479544154,0.2895855629038153,0.016425735788084803,0.19941515196401513,0.19873751039159993,0.03949659803665129,0.90420621,1.6106,0.12891133540952318,-0.3131591284443027,1.018881097339098,4.53429040418737,1.2934777308041927,5.865003662815505,7.014171462327453,0.1987375103915999,0.03949659803665128
19,160.0,-0.0021181314086719995,0.5081083168682071,0.5081039019629529,0.25816957518997796,1.5150804,2.907,0.355862103169124,-0.02257109534869229,-0.540282354845596,2.981805945115007,1.2224594691932908,3.6451369129026907,4.257492962884997,0.5081039019629529,0.258169575189978,-0.004915887076899999,0.6704549430535773,0.6704369207607996,0.44948566471922274,2.0074384,3.8743,0.45131607703099086,0.04531986614810455,-0.24538439850803462,2.9941436345552925,1.2545139409589265,3.7561949307830447,4.447965632436696,0.6704369207607996,0.4494856647192228,0.020817355136274363,0.25335634506429755,0.25249965407792074,0.06375607530946964,0.93340621,1.7008,0.16870489589804455,-0.32141275606322117,0.23703924979643842,3.6841635434988507,1.2646586045847754,4.659209125983358,5.532774879065137,0.25249965407792074,0.06375607530946964
20,162.5,-0.0010286173070280006,0.5200526413825045,0.5200516241252935,0.27045369175535555,1.3940804,2.751,0.3640142274104976,-0.016155279978471618,-0.5564402836144975,2.6806524745148606,1.223722597353705,3.2803750087159615,3.829741518393731,0.5200516241252936,0.2704536917553556,-0.004178558380842,0.7035096519712919,0.7034972424015792,0.49490837006662625,1.8668616,3.6703,0.4810197133060646,0.08496685680699821,-0.4645226915594014,2.6536403512999436,1.2390601324035069,3.2880199650329964,3.8810500866357382,0.7034972424015791,0.49490837006662614,0.02309347765959512,0.26575653377525904,0.26475125407413314,0.0700932265338262,0.93340621,1.7008,0.1805606025196223,-0.3188528695030572,0.04793073860223762,3.5122606272000403,1.2485182305023923,4.385121423335017,5.169489894112215,0.26475125407413314,0.07009322653382619
21,165.0,-2.446222401600071e-05,0.5142327762150982,0.5142327756332601,0.2644353475354868,1.3739196,2.693,0.36054767711917934,-0.030580449059037708,-0.5570272413712583,2.6717853539256,1.2229865232838426,3.2675574809581605,3.810646100892365,0.5142327756332601,0.2644353475354868,-0.002670672306305999,0.6876278672089788,0.6876226808881463,0.47282495127180146,1.9006616,3.5991,0.4723430267182505,0.09317933306308576,-0.4608385376657558,2.7640846024967236,1.2371569752360256,3.4196065461213188,4.023901047519289,0.6876226808881463,0.4728249512718014,0.02537654838623312,0.25915701692182747,0.257911593791015,0.06651839021182154,0.92660621,1.619,0.1754555174065057,-0.31938195743633035,0.09843769919927192,3.5754625555035733,1.251001037997652,4.472907368256707,5.281146034599665,0.257911593791015,0.06651839021182154
22,167.5,-0.0006067563208260001,0.5105177949021367,0.5105174343335467,0.2606280507585072,1.3739196,2.6731,0.3593123033752679,-0.04896561200528531,-0.5709495906436732,2.6912276393095613,1.220737408352523,3.2852822536974324,3.8237477177759485,0.5105174343335467,0.2606280507585072,-0.002610005004259999,0.6804751592988576,0.6804701538617863,0.4630396302966832,1.9006616,3.5991,0.4689633132842696,0.09429579160632362,-0.4596026015305652,2.79313884427227,1.235536474321706,3.451024919943165,4.05290040001036,0.6804701538617864,0.4630396302966833,0.024562286308052718,0.2553149676223015,0.25413072774321904,0.06458242678329812,0.89780621,1.6412,0.1738099365521429,-0.3116091577095995,0.0378709981344767,3.516465244325839,1.2473327235036875,4.386202170311008,5.165448119996629,0.25413072774321904,0.06458242678329812
23,170.0,-0.0021347676842323983,0.512199657584763,0.5121952088773213,0.26234393199688283,1.3240804,2.607,0.3605692069531641,-0.08443417292347694,-0.5772460273320155,2.585086460704789,1.2205440674252432,3.1552119433945496,3.6721948920391045,0.5121952088773214,0.2623439319968829,-0.004482800152932001,0.6749887071501102,0.6749738211834337,0.455589659282966,1.7533616,3.3878000000000004,0.463447440109251,0.10544847553489424,-0.46495317515609047,2.5976161992441624,1.2371098320698253,3.2135365400288034,3.78330194161105,0.6749738211834337,0.455589659282966,0.02091815720969836,0.255133329915357,0.2542743532734844,0.06465544673264874,1.0351062,1.77849999,0.17282302975453237,-0.3602353970755279,0.1331705655892823,4.057118685133796,1.2513101184173054,5.076713662327832,5.98939968515888,0.2542743532734844,0.06465544673264875
24,172.5,-0.0020882160466468,0.5151063538963849,0.5151021211159689,0.2653301951781703,1.3339196,2.661,0.36177747124886594,-0.07955227178129791,-0.5920461908797585,2.589600360993259,1.2207422811186146,3.161234651864499,3.6871273255221566,0.5151021211159689,0.2653301951781703,-0.004331880529972,0.6684764806958156,0.6684624447600157,0.44684204005453704,1.7691616,3.4006,0.45544384366335955,0.12033666357558358,-0.4433034338148292,2.6465577340260107,1.24205397049196,3.287167541683211,3.884478019880037,0.6684624447600157,0.446842040054537,0.02045746781471012,0.2527423605313153,0.25191306599212254,0.0634601928175515,1.0582062,1.7615999900000001,0.17016642580676647,-0.40756919072509695,0.2595097157944055,4.186896877023059,1.2550333931062785,5.25469539415633,6.218654443630688,0.25191306599212254,0.0634601928175515
25,175.0,-0.0018449950478564012,0.5148717362521392,0.5148684305573277,0.2650895007845657,1.4029196,2.73,0.3602818989137493,-0.06333636417802373,-0.5727942378529578,2.724794354050486,1.2230075618967848,3.33244409961741,3.8939497216757366,0.5148684305573277,0.2650895007845658,-0.002828306115004,0.6646065938866846,0.6646005757762932,0.44169392532218044,1.7691616,3.4006,0.4532064044541187,0.11475710991450232,-0.43782618253471384,2.6619681722592747,1.2418733687146704,3.305827381494859,3.9036553380814034,0.6646005757762932,0.4416939253221804,0.02090076211797648,0.24971001676520713,0.24883378109848306,0.061918250615767785,1.0582062,1.7245999900000002,0.17033173968944365,-0.3633930309349034,0.111838982111097,4.2377402945553095,1.2459087440164514,5.279837687857312,6.21261898651049,0.24883378109848311,0.061918250615767806
26,177.5,-0.0013048539268400003,0.5099955688674859,0.5099938995916522,0.2600937776207002,1.4029196,2.716,0.3561062338478711,-0.06588598365090331,-0.5469092308772305,2.750846645815713,1.225551636335485,3.371304608087428,3.93960977554616,0.5099938995916522,0.26009377762070024,-0.002013892152769999,0.6597698072333509,0.6597667336075153,0.43529214277513,1.7754616,3.3879,0.44972752044903586,0.12141823977338526,-0.42547424843938497,2.6910319031498897,1.241927621667634,3.3420668513106695,3.947860691796822,0.6597667336075155,0.43529214277513023,0.02133535091264872,0.2481105008207736,0.24719147116955556,0.06110362341896922,1.1000062,1.75139999,0.17029066491548486,-0.3509944743723984,0.0984345307670389,4.433533431116671,1.2427755909249942,5.509887129741737,6.459580156938915,0.24719147116955562,0.061103623418969244
27,180.0,-0.0013460572086279989,0.5040457998649469,0.5040440025349824,0.2540603564914853,1.3760804,2.708,0.35187404387920374,-0.08041648573280832,-0.5382017533711929,2.730070164990373,1.2256665673771394,3.3461557278224907,3.9107186902151843,0.5040440025349824,0.2540603564914853,-0.0023087793903540004,0.6566606078412031,0.6566565490635916,0.43119782342810503,1.8029616,3.4154,0.4451759849731827,0.1367720280282537,-0.39920160957937156,2.745652135168128,1.24545730790913,3.4195925167214516,4.049997441143663,0.6566565490635915,0.431197823428105,0.02079820270994436,0.24813005717682116,0.24725687055895657,0.061135960038608606,1.1000062,1.8123999899999998,0.17005618477188789,-0.34922651921144027,0.13669368992669995,4.433184002436751,1.2448226746450066,5.518527967106772,6.468486879648277,0.24725687055895657,0.061135960038608606
28,182.5,-0.0025795478518360012,0.503629777466187,0.5036231713131566,0.2536362986835211,1.3760804,2.7039999999999997,0.35012921597627605,-0.09542048724839478,-0.5466530701364865,2.732325334143667,1.22695831115472,3.3524492775061696,3.930207298362785,0.5036231713131567,0.25363629868352117,-0.002998529977368,0.6537722191820046,0.6537653427584992,0.42740912339213794,1.8029616,3.4534000000000002,0.44554386295345644,0.14012457664413538,-0.3978202180466246,2.757782522872956,1.2433789411010534,3.4289687130767676,4.04665342722574,0.6537653427584992,0.42740912339213794,0.01864306271006076,0.24940399295598592,0.24870622813910032,0.06185478791517821,0.96330621,1.6757,0.170676052973626,-0.3515666282417467,0.11061145120311533,3.8624329890740823,1.246097362661579,4.812967561142294,5.644061912709315,0.24870622813910037,0.06185478791517824
29,185.0,-0.002376843509436,0.503223166758895,0.5032175535270826,0.25322790617778224,1.3930804,2.7220000000000004,0.35018294748116774,-0.11710983994519247,-0.5347382111079484,2.7683153161894367,1.2271278319652918,3.397076772151855,3.978150306918979,0.5032175535270826,0.2532279061777823,-0.002556060912483999,0.6498248678040934,0.6498198407014203,0.42226582536921925,1.7121616,3.3626,0.4439891648022438,0.1460484311346367,-0.40575409105454474,2.6348046755824917,1.2419859037403511,3.2723902661826236,3.8563139277567955,0.6498198407014203,0.42226582536921925,0.01882448331803076,0.2471585619712311,0.24644064921091252,0.06073299358349604,0.96330621,1.7037,0.17040535443374805,-0.3411493112735403,0.061541108990221804,3.8975231216636046,1.2409907718744286,4.8367902271517496,5.653027824161031,0.24644064921091255,0.060732993583496056
30,187.5,-0.0018865309986280004,0.5020428963253388,0.5020393517957793,0.2520435107515262,1.3930804,2.7220000000000004,0.34918492177009874,-0.1425097055325547,-0.5269314781774819,2.7748234467543234,1.2285559597818854,3.409025882852537,3.9895204894247867,0.5020393517957792,0.25204351075152615,-0.0029770943139939996,0.6465497470110919,0.6465428928304391,0.4180177122695526,1.6851616,3.2656,0.441156619850867,0.1507591178799671,-0.41427687392231505,2.606391244896876,1.242608147533591,3.2387229965690776,3.819871501802849,0.6465428928304392,0.41801771226955275,0.0191526025187932,0.24646899418268828,0.24572371255168504,0.06038014291018314,0.92640621,1.6668,0.1698477250042181,-0.3311926907247384,0.015878985477846275,3.758712989729358,1.2399155596954075,4.660486720394675,5.4543339333923555,0.24572371255168507,0.06038014291018315
31,190.0,-0.0035683160354280006,0.4942842125896251,0.49427133230242776,0.24430414993601698,1.3049196,2.5936000000000003,0.34270475912135295,-0.14775716704201827,-0.5119938377954574,2.6400187721216932,1.2308666280581844,3.2495110040517368,3.8077078455100284,0.49427133230242787,0.24430414993601707,-0.005513675279939998,0.6433105243847436,0.6432868956920242,0.41381803016908125,1.6851616,3.2626,0.43951463881084796,0.16325776778446416,-0.40179289037737487,2.6195150493016937,1.2423699905448882,3.2544068870331375,3.8341421449792388,0.6432868956920241,0.4138180301690812,0.015658462909915197,0.24787400948380015,0.24737893426254762,0.06119633711687386,0.92640621,1.5817999999999999,0.16804618357188855,-0.34972849130129763,0.10764577149484644,3.737407612557885,1.2507058615575897,4.674397608056103,5.5128071956700655,0.24737893426254765,0.06119633711687387
32,192.5,-0.0036493982902240005,0.4889064402722351,0.4888928197793336,0.23901618923178794,1.3049196,2.5936000000000003,0.3395549651674847,-0.16956212324372016,-0.4948434967830244,2.66905790660763,1.2301930729827724,3.2834565480986058,3.843029064105576,0.48889281977933363,0.23901618923178797,-0.0049901371968139995,0.6399705230033794,0.6399510675387423,0.40953736884397596,1.6441616,3.2156,0.4365405167527276,0.18371811864823798,-0.3747066378537425,2.569120828071823,1.2440052178029155,3.195999715287495,3.766343642579488,0.6399510675387424,0.409537368843976,0.0159965133019768,0.2462201347458235,0.2456999518038845,0.06036846631643116,1.1153062,1.77069999,0.16560146745158116,-0.37511486921795856,0.2849894892286171,4.529711597921699,1.258497693445067,5.700631597955826,6.734881140628148,0.2456999518038845,0.06036846631643116
33,195.0,-0.0026658037894240006,0.48462654242191244,0.48461921042192907,0.234855779109974,1.3549196,2.6424,0.33780699769427786,-0.1892398100532878,-0.4820431480620955,2.795801470610366,1.2284332518255807,3.4344554920006334,4.010928160896861,0.48461921042192907,0.234855779109974,-0.003259460195951999,0.6353058227130775,0.6352974612670597,0.4036028642923712,1.7412616,3.3127,0.4307700882858359,0.2077760367843435,-0.3345501117666507,2.7408242420381597,1.2485524583225533,3.422062845226794,4.0422063818985325,0.6352974612670597,0.4036028642923712,0.0180892409592608,0.24454165272279538,0.24387168609314622,0.05947339927791405,1.1153062,1.7876999900000001,0.16411727129323386,-0.41030658501126754,0.41988785995327627,4.5608025773191105,1.261043088335783,5.75136856739229,6.795788104514879,0.24387168609314624,0.05947339927791406
34,197.5,-0.0022103507898403995,0.4829671159184723,0.48296205793829494,0.23325234940799297,1.3549196,2.6424,0.3367280142280794,-0.18992121026042422,-0.47426919629142716,2.8054075636667535,1.227657522564772,3.444079699395599,4.023780448163896,0.482962057938295,0.233252349407993,-0.003436004868972,0.6306680837369508,0.630658723649311,0.39773042571497796,1.7412616,3.3087,0.4255387075525363,0.2210273297532884,-0.3250717095021147,2.7609794199230056,1.2511531895085861,3.454408207404235,4.091899442038482,0.630658723649311,0.397730425714978,0.018444303957754,0.243876818617552,0.24317835082616285,0.05913571031053234,1.0329062,1.72929999,0.16430945629747176,-0.3918761134470098,0.3071184525624102,4.235360317783237,1.2579141947391834,5.327719863574593,6.286346649032722,0.24317835082616285,0.05913571031053234
35,200.0,-0.0016968761386303988,0.4807467467683079,0.4807437520547529,0.2311145551396817,1.2911804,2.5561,0.3338864639767517,-0.17753350123340217,-0.4807073982475263,2.6857808371655487,1.2300562626715277,3.3036615389186617,3.867124125432962,0.4807437520547529,0.23111455513968174,-0.0033863206796919997,0.6273312609571152,0.6273221212473689,0.3935330438062985,1.7484616,3.3379,0.42156477287313115,0.20818465013999612,-0.33747659609450587,2.787142469725458,1.2528617578893682,3.4919042141083523,4.147551485584387,0.6273221212473687,0.39353304380629844,0.019018173290222363,0.2409249944845633,0.24017319178478255,0.05768316205208994,0.91830621,1.6147,0.16238357902864048,-0.37233800990766885,0.27519151891893934,3.811585476901768,1.2582939242954725,4.796094847518355,5.655166707700372,0.24017319178478258,0.057683162052089954
36,202.5,-0.0013754292192120004,0.47972984795289825,0.47972787620834983,0.23013883521137382,1.2911804,2.5791,0.3328352768426961,-0.18573734482720583,-0.46328889722831335,2.691473973340873,1.2314483016342115,3.314411053363301,3.879337587794923,0.47972787620834983,0.23013883521137385,-0.001992672259734,0.6250691529746984,0.6250659767238753,0.3907074752577722,1.7735616,3.391,0.4195752854351089,0.20165588315663666,-0.33941038927548517,2.837384618261254,1.2534866010893264,3.556623601127435,4.227040203668758,0.6250659767238753,0.3907074752577723,0.02013933181197996,0.23866256251841966,0.23781132450332457,0.056554226062025544,0.91830621,1.6097000000000001,0.16070496068442447,-0.38115053435332275,0.2911036895334549,3.847717883818189,1.2581293248244205,4.840926703283026,5.714236860449338,0.2378113245033246,0.05655422606202556
37,205.0,-0.002297230322822001,0.47607660236132876,0.47607105987315657,0.22664365404875061,1.2905804,2.5785,0.3295221840930325,-0.17183825674943745,-0.4603483419729333,2.7108671033164655,1.232103874234884,3.3400698605321146,3.916520532759143,0.4760710598731566,0.22664365404875067,-0.0031961969202699996,0.621094868175386,0.6210866441963206,0.38574861959904694,1.7735616,3.391,0.4174380177564267,0.22180022499746543,-0.3315884352459615,2.855540579831644,1.252701430081679,3.5771397680113672,4.2486824979004805,0.6210866441963206,0.385748619599047,0.018348744817145997,0.239462081270181,0.23875806149716083,0.05700541192988203,1.1564062,1.81579999,0.16073096030114484,-0.44992622112674635,0.5283545200853115,4.8291829498268095,1.2621569923699851,6.095187027557819,7.1946698870793915,0.23875806149716086,0.05700541192988205
38,207.5,-0.0031506065228299983,0.47085796736866314,0.47084742657583606,0.22169729911308733,1.3350804,2.567,0.3254607468644939,-0.16085674636679317,-0.43722204437108436,2.8354206417297063,1.2335416674654431,3.497609506365199,4.102124181985801,0.4708474265758361,0.2216972991130874,-0.005269189334488,0.6163160939800935,0.6162935691232198,0.3798177633426368,1.6728616,3.2023,0.4145169745032044,0.22698278900535174,-0.32929871403739286,2.7142916051353874,1.2519495842495088,3.3981562465811797,4.035689013712678,0.6162935691232198,0.3798177633426368,0.0163232317792664,0.2390620487613148,0.23850412001103377,0.0568842152622376,1.1564062,1.81579999,0.16110912534414387,-0.47700368838656676,0.5565713654776299,4.8372638233121785,1.2605133534870792,6.097435643624964,7.177782124568116,0.23850412001103383,0.05688421526223762
39,210.0,-0.0022453107602160003,0.4712698407434928,0.47126449195116227,0.22209022137398707,1.3470804,2.591,0.3261764107303173,-0.17480163067179127,-0.40349429245159874,2.85840570208099,1.2336294489761424,3.5262134512084353,4.129913616327596,0.4712644919511623,0.22209022137398712,-0.004103729857610001,0.612716328499562,0.6127025857716278,0.375404458611239,1.6397616,3.1692,0.41330078108813406,0.22345612481926252,-0.34029763005860136,2.6762165846232575,1.250134165784076,3.345629787475506,3.967477621704107,0.612702585771628,0.37540445861123906,0.018053539376435997,0.2362015248951442,0.23551057317830743,0.0554652300787749,1.1708062,1.89119999,0.1600733613558536,-0.45085427601140926,0.4218623393480332,4.956810505434926,1.2556113414663364,6.223827488123575,7.314185134134973,0.23551057317830743,0.0554652300787749
40,212.5,-0.0019024296580140002,0.47251764418489933,0.47251381443026985,0.22326930482744348,1.4440804,2.7430000000000003,0.3276679633447585,-0.1964239969686149,-0.3606881995695348,3.05614069182763,1.2332109865907201,3.768866277728797,4.407145530063918,0.47251381443026985,0.2232693048274435,-0.003587486601702,0.609066676147076,0.6090561106603642,0.3709493459327298,1.6239616,3.1003999999999996,0.41220909942422873,0.23158605951262204,-0.3389276013274394,2.6663116922979535,1.2490488682455112,3.3303536016545325,3.939654903951271,0.6090561106603642,0.3709493459327299,0.01755128501312636,0.23461781338332374,0.23396040423789688,0.05473747075116012,1.1708062,1.89119999,0.1583521744142485,-0.45075239240187537,0.40585547884560835,4.990269848296263,1.2579205626138719,6.277363055163876,7.393685652444384,0.23396040423789694,0.05473747075116014
41,215.0,-0.0019544091982440013,0.4720523674240003,0.4720483215469463,0.2228296178752892,1.4440804,2.752,0.32601737081558396,-0.20282162366263462,-0.3503891763809852,3.059152966185462,1.235631641380279,3.7799862008410914,4.429458456116632,0.4720483215469463,0.2228296178752892,-0.002962834265758,0.6046428246688403,0.6046355654744663,0.3655841670366276,1.6178616,3.0942999999999996,0.41112943735413,0.24385532283258382,-0.3294566268221093,2.6757310828687895,1.2468925309790055,3.33634910213746,3.935163607869899,0.6046355654744662,0.3655841670366275,0.01656828247726076,0.23406389138261643,0.2334767595820341,0.05451139726492695,1.0597062,1.68809999,0.1574715414983267,-0.47810586369069047,0.4298562311568386,4.5274228063983335,1.259493847798877,5.702261171043027,6.729509280959572,0.23347675958203412,0.05451139726492696
42,217.5,-0.0019549798012647997,0.4658838254297349,0.4658797235886322,0.21704391685102037,1.3390804,2.6470000000000002,0.3204518829960546,-0.19024844108331843,-0.36359256199535217,2.8742796527971795,1.2370872326029672,3.5557346614058796,4.178725328371645,0.4658797235886323,0.21704391685102042,-0.0025988823622579986,0.6018597290068177,0.601854117881258,0.36222837921062717,1.6178616,3.2142999999999997,0.40845771991082924,0.2512200018990585,-0.3145006074732515,2.688104091413089,1.2474322162830436,3.3532276443509472,3.960903469649678,0.601854117881258,0.36222837921062717,0.0167069093554544,0.2329964755430584,0.23239672285829605,0.05400823679527566,1.0597062,1.68809999,0.15714516322258817,-0.46012853705314183,0.4179908887844537,4.548164076431118,1.2582984389751792,5.722947757576264,6.7434859480783365,0.23239672285829605,0.05400823679527566
43,220.0,-0.0015117696644528001,0.46397257754154103,0.4639701146227233,0.21526826726302298,1.3390804,2.6340000000000003,0.3195461875969868,-0.19674692287972853,-0.38035920646814736,2.8861197079693954,1.2364366482650186,3.568504178213294,4.190569163318746,0.4639701146227233,0.215268267263023,-0.0035914101038759987,0.6034534565129599,0.6034427694080895,0.3641431759509046,1.5964384,3.1482,0.40936535571765276,0.2526108609284066,-0.3162238854174473,2.645503779570636,1.2482216723202564,3.3021751518652187,3.8997887283385424,0.6034427694080895,0.3641431759509047,0.0159672816465182,0.23124507373306774,0.2306931512694573,0.05321933004263271,0.88840621,1.5478,0.15552430860127017,-0.40918519652937974,0.32518680783586706,3.841838425606898,1.259742078988271,4.839725525411059,5.712330233067786,0.2306931512694573,0.053219330042632705
44,222.5,-0.000720340447240001,0.464671088980172,0.4646705306382781,0.21591870204365896,1.3260804,2.594,0.32233614927125165,-0.20274695379431723,-0.38435615243916876,2.85380440369206,1.2328010602568455,3.518173094637227,4.113967369151884,0.4646705306382782,0.215918702043659,-0.0024945815303,0.6006871688663957,0.6006819889956038,0.3608188519037146,1.5517616,3.0412,0.4090872812300267,0.26340932364536057,-0.3234717484904994,2.5833107155067956,1.246523983414129,3.2201587634899345,3.793228660969922,0.6006819889956037,0.3608188519037145,0.01678772931550666,0.2299316988242913,0.22931802866031678,0.052586758268653874,0.85080621,1.5112,0.15309465837688996,-0.43924062715470485,0.44680027674327594,3.700256268928658,1.2665976450633045,4.686735876355768,5.557386645754007,0.22931802866031678,0.05258675826865387
45,225.0,-0.0019687081464563995,0.4689247068498948,0.4689205741727418,0.21988650488249387,1.3480804,2.638,0.32517763368743363,-0.21269342815381173,-0.3686334348988263,2.8748333800878774,1.233082498989765,3.5449067284979527,4.145673811304618,0.4689205741727419,0.21988650488249395,-0.00289275173144,0.596429098901021,0.5964220837656032,0.3557193020033042,1.6776616,3.2001,0.40648398298936866,0.26210846790593406,-0.3070820243548047,2.8128433087709093,1.2464120655312354,3.5059618385008635,4.127251429840172,0.5964220837656031,0.3557193020033041,0.015981543155338458,0.2317140010355228,0.2311622126435554,0.05343596855426433,0.83050621,1.4909,0.15486775769823502,-0.45385057845613636,0.3695044892985311,3.584186567443025,1.2634372823965692,4.528394936372503,5.362679891177019,0.2311622126435554,0.05343596855426432
46,227.5,-0.0029996616236584004,0.4684511815624548,0.4684415775071675,0.2194375115374036,1.3480804,2.638,0.323133972586129,-0.2135091646613332,-0.37479926716068057,2.8777393526976756,1.2362541038845438,3.557617084682552,4.171893129066393,0.4684415775071675,0.2194375115374036,-0.0041613956693320004,0.5957472549352798,0.5957327207305341,0.35489747454900455,1.6776616,3.2001,0.40378126526317026,0.264713619132786,-0.2884605696327873,2.8160626609723214,1.249698991143386,3.519230666413669,4.15487726729114,0.5957327207305342,0.3548974745490046,0.013403876683672399,0.233963796346628,0.23357952412567187,0.05455939409077532,0.90740621,1.5628,0.15690157082500128,-0.44508465138143327,0.3228225562422806,3.878404369262484,1.2608913177215992,4.890246395816582,5.783283145151345,0.23357952412567187,0.05455939409077533
47,230.0,-0.0017323539412359998,0.4660257360170507,0.46602251617283064,0.2171769855800562,1.3120804,2.55,0.32296783021966663,-0.2043548913713001,-0.39178478166375585,2.8154676847117175,1.2338957134304773,3.4739935074678194,4.06257304050248,0.4660225161728306,0.21717698558005616,-0.002948993063016001,0.5944074347113925,0.5944001193473069,0.3533115018800926,1.6579616,3.1914,0.40281569385290034,0.2789175105565018,-0.30613713392288844,2.7892679384217387,1.2482946530350951,3.4818282534140796,4.115930995989078,0.5944001193473069,0.35331150188009264,0.0146935746815784,0.23189364076302912,0.23142765497971426,0.05355875948940967,0.90740621,1.5497999999999998,0.1549804937698528,-0.46597507049270637,0.4329250244653604,3.9130275716671057,1.2639941210780115,4.946043846203389,5.854970441296342,0.23142765497971432,0.05355875948940969
48,232.5,-0.0018799806240620005,0.46352799808447404,0.4635241856484441,0.21485467068105327,1.3120804,2.5709999999999997,0.3199728030424936,-0.18554704779815837,-0.3667406461358804,2.830638937501429,1.236005828707705,3.4986862257187505,4.100599761992117,0.46352418564844416,0.21485467068105335,-0.002633054655676001,0.5928080943447763,0.5928022467432672,0.35141450374386546,1.6579616,3.2664,0.4006520307535498,0.28075196517541623,-0.29944458412399655,2.796793120432212,1.249636168704132,3.4949738396749828,4.138158483514214,0.5928022467432672,0.3514145037438654,0.014922799676976399,0.2300115445106527,0.22952694974224008,0.052682620657976804,1.2681062,1.91049999,0.15376365173413428,-0.4766360957744562,0.5366299971188009,5.5132284890216425,1.2645349013669653,6.9716698435785265,8.247112927524801,0.2295269497422401,0.05268262065797681
49,235.0,-0.0015832837482520003,0.46347793308618085,0.4634752287559831,0.21480928767041088,1.2899804,2.5488999999999997,0.3184764388749457,-0.18137069098648678,-0.3311032828222804,2.783261743251401,1.2388072512454824,3.447924829653978,4.050473575241555,0.4634752287559831,0.2148092876704109,-0.002134331054462,0.5905748162895725,0.5905709595522052,0.34877405826641233,1.6301616,3.2386,0.397674642606962,0.26999245860557725,-0.2987431252396644,2.7602965027223476,1.2516230353876645,3.4548506873072995,4.099234462910312,0.5905709595522052,0.3487740582664124,0.01555560847154876,0.2282986035375245,0.22776802985112657,0.051878275422263684,1.2681062,1.88149999,0.15266796860990575,-0.4717881986819412,0.5307031484140485,5.554594642063006,1.2644100789399348,7.023285449850224,8.306301652838787,0.22776802985112657,0.051878275422263684
50,237.5,-0.0009866260440524006,0.46618448873482826,0.4661834446931834,0.21732700410600236,1.2899804,2.5488999999999997,0.3207443980892221,-0.19487123357779323,-0.33298745409963404,2.767102791216542,1.2386615757287323,3.4275039035716555,4.021832985033657,0.4661834446931834,0.2173270041060024,-0.001174398957469999,0.5875483462250688,0.5875471725222597,0.34521167993890206,1.6798616,3.2093,0.3965442944294121,0.27104527724832794,-0.29939252215610646,2.8591036138437276,1.250567905441835,3.575503217805732,4.236252099950534,0.5875471725222597,0.34521167993890206,0.01709355133107236,0.2267795036188001,0.22613437103740192,0.05113675376448136,1.0454062,1.7517999899999999,0.15183367508360904,-0.4640501569710913,0.4398599719858516,4.609791375843436,1.2631057821423064,5.8226541412975825,6.885206456501395,0.22613437103740192,0.05113675376448136
51,240.0,-0.0015327597564863992,0.4668258243556321,0.4668233080436797,0.2179240009328443,1.2648804,2.5248,0.3219778131261795,-0.20740130486081498,-0.3218488166470137,2.7095339075252247,1.2375518992587315,3.353188833363774,3.928470684731024,0.46682330804367983,0.21792400093284436,-0.0007520501603159998,0.5847954658246536,0.5847949822541486,0.34198517126962996,1.6798616,3.1443,0.39717381836753857,0.27898957970391036,-0.3008705453611191,2.8725626277405056,1.2480782721673098,3.5851830011227577,4.229537603723622,0.5847949822541487,0.3419851712696301,0.016893696579006,0.22652314418023817,0.22589231475461366,0.05102733786519745,1.0454062,1.7517999899999999,0.1520491131672451,-0.43572637166536576,0.3088573188446482,4.615008341788684,1.2592339760551108,5.811375303758068,6.87545082127585,0.22589231475461366,0.051027337865197454
52,242.5,-0.0016413803352544004,0.4648487525048906,0.46484585463995276,0.21608166857594807,1.4210804,2.723,0.32044801173905857,-0.2120108732969058,-0.29417951697205647,3.057081238450885,1.2386229758834253,3.7865710610874226,4.434667552742341,0.4648458546399528,0.21608166857594813,-0.0007820712639799995,0.5854897200262528,0.5854891976979233,0.34279760062095793,1.6380616,3.0425,0.3987558842570276,0.2918835697059166,-0.30354158423599875,2.7977632125232716,1.2466838752530478,3.4879262838289287,4.107930853615061,0.5854891976979233,0.34279760062095793,0.01602043072317,0.22669336188171596,0.2261265710187079,0.05113322612067875,1.0932062,1.6725999900000001,0.15189761333264087,-0.43604489796061213,0.30036213253458266,4.822400580791656,1.2595957643100875,6.074275345371675,7.196993922517964,0.22612657101870792,0.05113322612067876
53,245.0,-0.001725368201645201,0.46326075302363207,0.4632575400320985,0.21460754839659138,1.4210804,2.723,0.3181161623131032,-0.23286789991178808,-0.2613577151560107,3.067560527683007,1.2417338219397687,3.8090936580713937,4.4671744738367405,0.4632575400320985,0.21460754839659135,-0.0013240122622839997,0.5847736413519472,0.5847721424722154,0.341958458611545,1.7466616,3.1841,0.3966713117957931,0.2975358237123398,-0.29291919558100155,2.9869020702811877,1.2482868805367289,3.728510667780001,4.403297007017194,0.5847721424722155,0.3419584586115451,0.014934258089624359,0.22816771927506482,0.22767844881432514,0.05183747605449727,1.0932062,1.6925999900000002,0.15409158651481195,-0.4289929315687901,0.26981548292098,4.7912395472652225,1.255009175568044,6.013049594162335,7.094522320950445,0.22767844881432514,0.051837476054497275
54,247.5,-0.002529699054884801,0.4634755237862162,0.4634686200505911,0.21480316177159917,1.4790804,2.77,0.3171828281530261,-0.2659342056223881,-0.25818877659478234,3.1912804972247986,1.2430864910580306,3.9670376752771017,4.6631793045442285,0.46346862005059114,0.2148031617715992,-0.0015611004600560002,0.5822626887209622,0.5822605959893884,0.3390274016419178,1.7466616,3.1841,0.39568628934486444,0.2998641092926453,-0.3008660545001254,2.999782802220825,1.2469358039637115,3.7405365802037394,4.414258585739571,0.5822605959893884,0.33902740164191775,0.015115433320508362,0.2289401416365396,0.22844060962992566,0.05218511212809208,0.77194621,1.37134,0.15429799719237675,-0.40376709825390883,0.16431864545814845,3.3718255107290225,1.2558480760855617,4.23450058054526,5.002956772261583,0.22844060962992566,0.052185112128092084
55,250.0,-0.0027916101130964024,0.4616642853417816,0.4616558450546407,0.21312611927311442,1.4790804,2.7,0.31731613447284013,-0.2668415942537624,-0.280720165721696,3.2038007854668673,1.2398484221155202,3.97222734863356,4.661220276293887,0.46165584505464075,0.21312611927311445,-0.0012957268565680017,0.5826226941245476,0.5826212533034297,0.3394475248008592,1.6181616,3.1276,0.39539107964167314,0.2948783533937691,-0.3015970836416839,2.7773748196188266,1.2477139910525579,3.465369420835484,4.09255970434759,0.5826212533034297,0.33944752480085927,0.0157136357177684,0.22898571262747558,0.22844591972727835,0.0521875382400421,1.2686062,1.86299999,0.15399913509009325,-0.44862006487413253,0.3962886952646256,5.540110714522292,1.2595201213902711,6.9778809196706595,8.23774886305585,0.22844591972727835,0.0521875382400421
56,252.5,-0.0017439366542443995,0.4639974323674435,0.4639941550585808,0.21529057592852632,1.3580804,2.643,0.32008059106974057,-0.24124116385373431,-0.2821886313948707,2.926913610428181,1.2386117893007094,3.625309704141049,4.24293267973907,0.46399415505858077,0.2152905759285263,5.3804145379999646e-05,0.5809268251842775,0.5809268226926676,0.3374759733237981,1.6094616,3.1189,0.39315918826740476,0.29408328015268903,-0.2991751527994162,2.770506594336486,1.249214050721191,3.460955765260853,4.093663961136614,0.5809268226926676,0.3374759733237981,0.0170180888834984,0.22737022890987701,0.22673245388625604,0.05140760564528322,1.2686062,1.8499999900000001,0.15443705799396856,-0.46989355883836414,0.4934394504858286,5.579473645614523,1.2553919313294488,7.004426195769776,8.214389839319166,0.22673245388625604,0.051407605645283225
57,255.0,-0.0009327015352159993,0.4624761887590781,0.46247524824250713,0.2138833552369686,1.3580804,2.649,0.3176380512425933,-0.23480554852958294,-0.266246949870125,2.936541238250597,1.24159578890622,3.645997235361398,4.275559539190025,0.46247524824250724,0.2138833552369687,0.0008059070632760001,0.5769770606626027,0.5769764978269584,0.3329018790446621,1.5825616,3.0,0.3906298663282951,0.30446737076649993,-0.3027069154569957,2.742850119868856,1.2490884145618302,3.4260623076077157,4.051307225623081,0.5769764978269584,0.33290187904466206,0.0176673274583384,0.22499400626041496,0.2242992830875558,0.050310168393591495,0.91280621,1.5372,0.15278546046015729,-0.45144677696564134,0.3665737261985167,4.057024563327656,1.2547458214731275,5.090534618449216,5.974431122246986,0.22429928308755584,0.05031016839359151
58,257.5,-0.0010469437842320006,0.46346054039455326,0.46345935788537485,0.21479457641152394,1.2922804,2.5832,0.31819142756808777,-0.24702065394202463,-0.2900464381466623,2.7883288594533977,1.2414477610603898,3.461564619668491,4.061330029777352,0.4634593578853749,0.214794576411524,0.0010272048603579996,0.578284322002298,0.5782834096909857,0.33441170192383235,1.5962616,3.0137,0.3926464862922042,0.2980062003306144,-0.3212023462825746,2.7603404402750815,1.2468520005820918,3.441736000244637,4.065391276192589,0.5782834096909855,0.3344117019238322,0.01764946426084076,0.22543853979325335,0.22474659426878882,0.050511031635419576,0.94800621,1.5724,0.15295156411589486,-0.44298710584429135,0.34229402017209587,4.205164790676003,1.253588885973936,5.27154784528035,6.198081173473154,0.22474659426878882,0.05051103163541958
59,260.0,-0.0004670527030360003,0.46087948583898264,0.4608792491846184,0.21240968232897758,1.4040804,2.734,0.31521993190786723,-0.2502139596439868,-0.24507244210432733,3.046523968069482,1.24412784704824,3.790265305375146,4.454288126711435,0.4608792491846184,0.2124096823289776,0.001702555136902,0.5784405069913536,0.5784380013747541,0.33459052143442003,1.6793616,3.0347999999999997,0.3935518632791837,0.3028992963790612,-0.30682145605829136,2.9032572575784403,1.2468340367888981,3.6198799663031926,4.267192603300342,0.5784380013747541,0.3345905214344201,0.01923639248032072,0.2244695993382288,0.22364382895892304,0.050016562231408025,0.94800621,1.5314,0.1522748191004613,-0.41059391600593825,0.26787891217988635,4.223316711015074,1.2516146016544552,5.285964862917735,6.225626900102014,0.22364382895892307,0.05001656223140803
60,262.5,6.060855094759994e-05,0.4621764762810345,0.4621764723070152,0.21360709155415716,1.4040804,2.734,0.3133912297448935,-0.2614538084574298,-0.20888936941908165,3.037974609391899,1.248366630305947,3.792506126081591,4.480279812370463,0.4621764723070152,0.2136070915541572,0.0015863353211140008,0.576333428441752,0.5763312452745148,0.332157704279673,1.6793616,3.0138,0.39129211797456526,0.30659879543998203,-0.2954917157252832,2.913871583920674,1.2487386747562097,3.6386641401148796,4.291836003988104,0.5763312452745148,0.332157704279673,0.01931215073875872,0.22483178050940156,0.22400082669684768,0.05017637036087119,0.84570621,1.4461,0.15228385066976596,-0.4000324644610137,0.22852305483539537,3.761506527608698,1.2524681860789368,4.711167257558146,5.553485850800753,0.22400082669684768,0.05017637036087119
61,265.0,0.0003938680293428005,0.46505171440063997,0.4650515476105309,0.2162729419349499,1.3320804,2.596,0.3149752422099622,-0.25338250826231556,-0.23047698613335088,2.864370474833727,1.248542419478834,3.5762880429326382,4.229159062324132,0.46505154761053086,0.21627294193494986,0.0004471497233339991,0.5749986278475813,0.5749984539837705,0.3306232220837262,1.6190616,2.9335,0.3913255036736061,0.3038321638378585,-0.30451046764216283,2.8157660237568,1.2473084617367287,3.5121287877026393,4.137378179548489,0.5749984539837705,0.3306232220837262,0.01882008674189548,0.22596644490936352,0.22518134594145214,0.05070663856000395,0.89130621,1.4917,0.1529055388160823,-0.4343060051594485,0.2994381228141645,3.944418430610386,1.2536555464985724,4.944942043245906,5.829129650248184,0.22518134594145217,0.05070663856000396
62,267.5,0.00044748269236680134,0.46734523639314834,0.46734502216093804,0.21841136973860767,1.3579196,2.705,0.31648099382681694,-0.2516487399990741,-0.18672230933246858,2.905602741305503,1.2504638372538852,3.6333511534282863,4.2906829366918435,0.4673450221609381,0.21841136973860772,8.702344383999883e-06,0.5746785922432421,0.5746785921773525,0.33025548430694385,1.6989616,3.1184000000000003,0.389834253703127,0.32149586971366584,-0.28846654633813307,2.956368347336813,1.2487649150586095,3.6918090681440177,4.358163973178768,0.5746785921773525,0.33025548430694385,0.01884346588014548,0.22650175036702824,0.2257165627794101,0.050947966712951376,0.89130621,1.5007000000000001,0.1530850039962307,-0.445590549931421,0.27736368794585653,3.93509634497618,1.254449131872996,4.936378193791969,5.822296023338419,0.2257165627794101,0.05094796671295138
63,270.0,-0.00011937869284920026,0.4666805246563859,0.4666805093876188,0.21779069784228736,1.5479196,2.9539999999999997,0.31391197598868736,-0.273999478431524,-0.15933374041010406,3.316872074616193,1.2550593716133134,4.162871381689546,4.931062585696901,0.46668050938761885,0.21779069784228738,-0.00021357109439599942,0.576837033903806,0.5768369943669774,0.33274091807032835,1.6989616,3.1184000000000003,0.39079496191676266,0.33400856840389453,-0.2918464972896593,2.9453060399088744,1.249100032608044,3.6789818704908437,4.347450109558655,0.5768369943669774,0.3327409180703284,0.01785361583561676,0.22706450063289685,0.2263615158308961,0.05123953584926102,0.84810621,1.5015,0.15291485198146593,-0.41334319248343887,0.27007275559147104,3.735089402509303,1.2575492561658626,4.69705889983857,5.546264466860255,0.22636151583089606,0.05123953584926101
64,272.5,0.00012797725853920031,0.46694448909176156,0.4669444715541534,0.21803713951498757,1.5479196,2.9539999999999997,0.31527041667105293,-0.27222297235469084,-0.1630609271776775,3.314997041748598,1.25310452384001,4.154037789531418,4.909815568312803,0.46694447155415336,0.21803713951498754,0.00030230554405399825,0.5766587751228687,0.576658695883072,0.33253525153756525,1.6013616,3.0948,0.39233499573399244,0.3363951072136034,-0.30927208900816083,2.7769656321605405,1.2470055639818747,3.4628915942906375,4.081618049402203,0.576658695883072,0.3325352515375653,0.017562204583320404,0.2256706641510567,0.22498626097731528,0.05061881762855262,0.84810621,1.5015,0.1525377098483122,-0.40149944944965366,0.27128182639305054,3.7581588780733366,1.2550595379798644,4.716713145169647,5.559977338347224,0.22498626097731528,0.05061881762855262
65,275.0,0.001383193777939599,0.47013088897235283,0.47012885418883554,0.2210211395409074,1.4369196,2.849,0.3189938061157475,-0.26060984598198655,-0.1401082481519409,3.056424569636184,1.250708523898804,3.822696261897709,4.50453761938754,0.4701288541888356,0.22102113954090744,0.0012046271635939995,0.5736516205085362,0.57365035569192,0.3290747305854664,1.6078616,3.1013,0.38929770364619937,0.3656152614320206,-0.2847925898243937,2.8028537574332084,1.2490036667829663,3.5007746204904926,4.130159476772185,0.57365035569192,0.3290747305854663,0.019109721333184358,0.22494470584487572,0.22413152218776747,0.0502349392382057,0.84780621,1.4472,0.15221086546208235,-0.4070389261815192,0.27275156979472426,3.7689538271892307,1.2545016421802377,4.728158765510382,5.5699454005877085,0.22413152218776747,0.050234939238205704
66,277.5,0.0013249432559555995,0.4733575751260031,0.47335572084272765,0.2240656384545383,1.5050804,2.942,0.32218825843902127,-0.2804744418084586,-0.13318056495938047,3.1795844813497753,1.2488017114478405,3.9706705420025936,4.671431563930993,0.47335572084272765,0.22406563845453828,0.0009724639378880001,0.57204568507766,0.5720448584943831,0.3272353201298588,1.6078616,2.9143,0.38935750513342887,0.37461600634265313,-0.27665373342257205,2.810722363514934,1.247677881173451,3.506876123077147,4.1295251248566585,0.5720448584943831,0.3272353201298588,0.01835881218520076,0.22632223717630423,0.2255763929484551,0.05088470905563582,0.82180621,1.4212,0.15339645540541633,-0.41233109776239757,0.2933042855645964,3.63113329142207,1.2548255340343943,4.556438771558767,5.357400259530264,0.2255763929484551,0.05088470905563582
67,280.0,-0.0013676172810280001,0.4760391182729124,0.47603715374855404,0.22661137174902446,1.5230804,2.903,0.3243713407996289,-0.2691224141892403,-0.1615477551791007,3.199485801767284,1.2476867410997918,3.991956013202077,4.695483874270012,0.47603715374855404,0.22661137174902446,-0.0014886418763320002,0.5709940462506399,0.570992105723925,0.32603198479904194,1.5949616,3.0254000000000003,0.38744818136033704,0.3802069092216309,-0.27202193608065617,2.793306883798725,1.247954049083708,3.4859186359700134,4.116580427349183,0.5709921057239251,0.32603198479904205,0.0137933322817424,0.22794243022568664,0.22752471400214405,0.05176749548175745,1.0620062,1.65839999,0.1540329146420955,-0.4403580492920061,0.34956686792155045,4.65909834754549,1.2567255408861218,5.855207890860743,6.8946705479645924,0.22752471400214408,0.05176749548175746
68,282.5,-0.0013361714782479997,0.4796294986685348,0.47962763748434134,0.23004267063881076,1.5230804,2.932,0.32532375673980707,-0.24353122782772357,-0.09370931175835517,3.1755352917785804,1.251176043937364,3.973153683751007,4.681737402959339,0.4796276374843414,0.2300426706388108,-0.001049401486823999,0.5507496360754034,0.5507486363067172,0.30332406039370874,1.5949616,3.0254000000000003,0.37315235392994617,0.44885399392005854,-0.21749141184268606,2.895983030266829,1.2487303760904518,3.6163019785366637,4.274290603294521,0.5507486363067173,0.3033240603937088,0.015510311278960359,0.22259719602744543,0.22205616839734652,0.049308941923310715,1.0620062,1.65839999,0.15077402531848,-0.43319685138983166,0.35020787806046183,4.7709774379595435,1.254359861141144,5.984522596586464,7.043694679880861,0.22205616839734654,0.04930894192331072
69,285.0,7.182430414399938e-05,0.48470111943551664,0.4847011141139583,0.23493517002331238,1.5390804,2.948,0.32779452600567605,-0.23065462677320636,-0.045394712271324966,3.175318434981983,1.253519252781915,3.9803227919632556,4.695259615083839,0.4847011141139582,0.23493517002331235,0.0007580228138040004,0.5321099609856749,0.5321094210607347,0.2831404359815902,1.5976616,2.8711,0.36232010662019826,0.5088454427520662,-0.18944371922377234,3.0025027102302473,1.2466626592864436,3.7431080132503944,4.409530607901778,0.5321094210607348,0.2831404359815903,0.01874736847115556,0.21720854190773722,0.21639798255319284,0.04682808685309195,0.91360621,1.48,0.14857249561334618,-0.41263235677321863,0.2720484766848985,4.206124685409788,1.248239130412821,5.250249419723814,6.14922840346993,0.21639798255319284,0.04682808685309195
70,287.5,-0.0009379425638319994,0.4881095272537601,0.48810862608607536,0.2382500308596361,1.5390804,3.018,0.3283100251845733,-0.2460639879184419,-0.01651798084568723,3.153145583245003,1.257685550766114,3.9656656395092313,4.687887307537262,0.4881086260860754,0.2382500308596362,-0.0005235947296159999,0.5328485364349311,0.5328482791840536,0.2839272886294072,1.5976616,2.7950999999999997,0.3627298395652012,0.49973423701577496,-0.18675198584271202,2.998340974508989,1.2472321487506293,3.739627256323902,4.4045496833541256,0.5328482791840536,0.2839272886294072,0.0164519474799392,0.21961705733034986,0.21899996642593236,0.047960985294559506,0.85290621,1.4193,0.14911473824755966,-0.4198658604636015,0.2124596857259129,3.88360640274426,1.2510367626158594,4.858534381363403,5.719798190464639,0.2189999664259324,0.04796098529455952
71,290.0,-0.0005117971474199997,0.49300855766726204,0.49300829201630464,0.2430571759968339,1.5490804,3.028,0.3311901121928541,-0.252241214137409,-0.015329167345827344,3.142096371165822,1.2584551345994996,3.9541873117000845,4.677314759620483,0.4930082920163047,0.24305717599683396,-0.0002986269928659991,0.5322005084426801,0.5322004246602648,0.28323729200856623,1.5187616,2.7531999999999996,0.3634103747523556,0.5091342935978672,-0.190896299645813,2.8537394758306136,1.2460500064565923,3.5559020922841684,4.17919163985055,0.5322004246602648,0.2832372920085663,0.01635277794157148,0.21903624552043732,0.218424960810991,0.047709463505282955,0.79966621,1.4010600000000002,0.14932151452120382,-0.3613036704217293,0.07968315078634935,3.6508396503052123,1.247206599445896,4.553351305379408,5.355331497702205,0.21842496081099103,0.04770946350528296
72,292.5,-0.00022932023402800095,0.4932394769794512,0.49323942367089113,0.24328512906319283,1.5490804,2.984,0.3290137473412458,-0.24466585249120748,0.0034737374229671936,3.1406253398175106,1.2622220641306132,3.9641665990853667,4.70825432833154,0.4932394236708912,0.24328512906319288,6.341690913400147e-05,0.530673917488164,0.5306739136989215,0.28161480268053035,1.6130616,2.8475,0.36251250264486895,0.5218747580588318,-0.18592354744852946,3.039647412171859,1.2454407487432229,3.7857007489307195,4.449671634029728,0.5306739136989215,0.28161480268053035,0.016923549932661878,0.21749069361494328,0.21683125989300028,0.047015795266785836,0.72485621,1.32625,0.14845796265833186,-0.33760509636238895,0.10541555601856567,3.33281483429044,1.248179166847143,4.15995004312044,4.88256875562962,0.2168312598930003,0.04701579526678584
73,295.0,2.1729113384000697e-05,0.4963005229605993,0.49630052248492545,0.24631420861880998,1.5880804,3.0229999999999997,0.3297339976933212,-0.24990103152055457,0.0686222307412856,3.199836241409876,1.2662734618627811,4.051867714804074,4.816247069181628,0.49630052248492545,0.24631420861881,0.000563867511198,0.5300117350472102,0.530011435104172,0.280912121341184,1.6130616,2.7445,0.36152890829666756,0.5318923865256402,-0.18657564466372234,3.0434450660914485,1.2453348759354943,3.7901082837974864,4.461777642069871,0.5300114351041721,0.28091212134118404,0.018180789272061158,0.21753729449562664,0.21677622885805972,0.04699193339792189,0.75575621,1.34115,0.14740237225055516,-0.3523074474978098,0.16902812065534878,3.4741454873393844,1.252317980029606,4.350734859033829,5.127164498515414,0.21677622885805978,0.0469919333979219
74,297.5,0.0004077818985796016,0.49642567257117565,0.4964255050877899,0.2464382821016673,1.5880804,3.09,0.3312847857102161,-0.2468204422151079,0.061618182728282456,3.199029558190923,1.264109216014301,4.043922746811305,4.793701577920145,0.4964255050877899,0.2464382821016673,0.0017843483503180004,0.5306840199261569,0.5306810201109046,0.28162234510595036,1.6075616,2.7169999999999996,0.3610124931558994,0.5437467156879495,-0.18133418505262844,3.029225564816682,1.2477385694641043,3.7796815728284603,4.452925121640574,0.5306810201109047,0.2816223451059504,0.02004512566921316,0.21605511666166846,0.2151232353154643,0.04627800637259262,0.79021621,1.39561,0.1473749239853534,-0.32542517809446064,0.09811719568183941,3.6574751026953884,1.2468436489849386,4.560299603116281,5.361944818227925,0.2151232353154643,0.04627800637259263
75,300.0,-0.000253753805644399,0.5000787324065606,0.5000786680257003,0.2500786742143586,1.5500804,3.0519999999999996,0.33501215880547286,-0.26100350589194315,0.012019205828769586,3.0996727106158857,1.2607119435880652,3.9077944074874393,4.626937737206323,0.5000786680257003,0.2500786742143586,0.0018897970074120015,0.5313474244977073,0.5313440638490446,0.2823265141876176,1.6075616,2.7809999999999997,0.36225085352748576,0.5426470005746643,-0.19483891029552902,3.025443478002473,1.2468136812281836,3.7721643201560617,4.437702725462388,0.5313440638490446,0.2823265141876176,0.0188474162741284,0.21649920541246853,0.215677260841332,0.04651668084401997,0.79021621,1.39561,0.14841538407529964,-0.3221250080123491,0.07746562304766869,3.6499727954867134,1.2442866005887736,4.541612241937665,5.3243551194064755,0.215677260841332,0.04651668084401997
76,302.5,-0.000584327262034,0.5040649128677831,0.5040645741827693,0.2540810949460565,1.5440804,2.99,0.3377706112080497,-0.2515863469183562,0.01229866852807815,3.063257053967996,1.2604935432029174,3.86121573769745,4.571387648195728,0.5040645741827693,0.2540810949460565,0.0010278073090920013,0.5305637549536123,0.5305627594192908,0.2814968416826122,1.6113616,2.9598,0.3610981518678261,0.550362889484298,-0.1720437654605349,3.0370744042643523,1.2475622952417194,3.788939514603913,4.462392265551698,0.5305627594192908,0.28149684168261224,0.01661854707642254,0.21827904693732456,0.21764550586891399,0.04736956622493547,1.1389062,1.7252999900000001,0.14721763038442923,-0.39921812747449714,0.3815501379335853,5.217661594092535,1.2564182364760126,6.555565178578363,7.7362079326095365,0.21764550586891396,0.04736956622493546
77,305.0,-0.0003119467214260011,0.5058330393668544,0.5058329431782321,0.25586696640435264,1.6200804,3.076,0.3378122740269521,-0.21292802015914608,0.010510646558411718,3.202796721281466,1.2621839526095373,4.042518625071907,4.7958008768821205,0.5058329431782321,0.25586696640435264,0.0004087227281659997,0.5296205650600286,0.5296204073487307,0.28049777588023544,1.6113616,2.9598,0.3609323407353227,0.5406378587728524,-0.18094835370317197,3.0424830648661914,1.2467550003504742,3.7932309746035604,4.4644422739098255,0.5296204073487307,0.28049777588023544,0.01683330287643222,0.2194341067431485,0.21878749305303943,0.047867967116433784,1.1389062,1.77629999,0.14815628343137746,-0.4248591009523816,0.4092902357472168,5.190196806247216,1.2555536072293578,6.516570322313985,7.687194721832469,0.21878749305303946,0.04786796711643379
78,307.5,-0.00042084538744040125,0.5010611992597501,0.5010610225239825,0.2510621482927789,1.6200804,3.076,0.3336082192287629,-0.19574178008854978,0.0035956518528323933,3.23329845215205,1.2636311844434696,4.085696752752131,4.85623646727083,0.5010610225239825,0.25106214829277895,0.0006883370647160011,0.5290430132680441,0.5290425654706976,0.2798860360798173,1.5800616,2.8105,0.3628131050779342,0.5352562862979231,-0.20318576718379733,2.986641086590531,1.2427739620190108,3.7117197763108774,4.355029016001487,0.5290425654706976,0.2798860360798173,0.01712239007581368,0.21667727020346927,0.21599968328893196,0.04665586318091891,0.86020621,1.4975999999999998,0.14838298274798692,-0.3901130368125557,0.24400574571786748,3.9699882188483793,1.246626538630865,4.949092671668268,5.797202577205034,0.215999683288932,0.046655863180918924
79,310.0,-0.00033579872343240014,0.497681261337416,0.4976811480512586,0.2476865251256188,1.5550804,3.0460000000000003,0.3321553469604059,-0.20690671612529596,0.016859669403376465,3.124651299550723,1.2626104695806812,3.9452174446016244,4.681786441888503,0.4976811480512586,0.24768652512561878,0.0017138063888219996,0.5296162454230212,0.5296134725284464,0.2804904302836394,1.5718616,2.8023,0.3621168275875509,0.5398965357645853,-0.2052407552183939,2.967925575516485,1.2439898614925133,3.69206932560684,4.340758231181518,0.5296134725284464,0.2804904302836394,0.0169507340776284,0.2158207889795139,0.21515409726512158,0.0462912855699694,0.80402621,1.43242,0.1485082959878677,-0.37999971798832244,0.20229009913484486,3.7254344857219457,1.2438585452543784,4.633913519850593,5.41401545719496,0.2151540972651216,0.046291285569969406
80,312.5,-1.6586739444000554e-05,0.5010471279621754,0.5010471276876305,0.25104822416402467,1.4980804,2.989,0.3344240575281631,-0.20723290650012055,0.023364254872991097,2.9898991859166824,1.2628207915753686,3.775706856689855,4.479583230563014,0.5010471276876305,0.2510482241640247,0.0018971107532279995,0.5311315074586491,0.5311281193705405,0.28209707918608706,1.5610616,2.7375,0.3619438276806761,0.5378013035910826,-0.2174678780663517,2.9391244504950316,1.24527275706586,3.6600116078276286,4.312994118460951,0.5311281193705405,0.28209707918608706,0.0173137360242488,0.21746788774106918,0.2167775743554782,0.04699251674344489,1.0915062,1.71989999,0.14991407231974313,-0.3935798340504374,0.25310698039818647,5.019160352077431,1.2426012705960547,6.236815030816756,7.280878860204591,0.21677757435547826,0.0469925167434449
81,315.0,-0.0007951710222439989,0.5041788732972566,0.5041782462406887,0.25419570398233654,1.5720804,3.041,0.3342407832781295,-0.21079946452391593,0.05519504182218782,3.118100506113678,1.267826854035477,3.953211555232533,4.703436799607531,0.5041782462406887,0.25419570398233654,0.0009261469926640003,0.5298138901075955,0.5298130806262632,0.2807019004026912,1.5999616,2.7994000000000003,0.3613737235498503,0.5467298468593267,-0.20213305243006774,3.019855896331969,1.2448425737357671,3.7592451863010203,4.427443103176512,0.5298130806262632,0.2807019004026913,0.01647439190382276,0.21817749675513137,0.21755462417915786,0.047330014501734616,1.0915062,1.65889999,0.15023686844386722,-0.4114006724552259,0.277399387248495,5.002835838863059,1.2433117962307085,6.220084813064194,7.2652353001341865,0.21755462417915786,0.047330014501734616
82,317.5,-0.0008754456048240011,0.504145219489957,0.504144459385968,0.2541616359295699,1.5720804,3.058,0.3337295098850272,-0.21725114797031325,0.07628013821177371,3.1183086523967662,1.269348629617056,3.9582208146428437,4.710642461739735,0.504144459385968,0.2541616359295699,0.0016257464321920005,0.5271413896153123,0.5271388826429907,0.27787540159410073,1.6576616,2.8571,0.36021885031661666,0.562978525032673,-0.18330443616313152,3.144624255761245,1.2440523465623714,3.9120771844367277,4.6018180296311195,0.5271388826429907,0.27787540159410073,0.01680291195677872,0.21612932969326032,0.21547517096740115,0.04642954930343076,0.82730621,1.4087,0.14831719935883772,-0.39427531395359794,0.20653815577864743,3.8278294351541606,1.2451591847453367,4.766256978820758,5.577951940681003,0.21547517096740118,0.04642954930343077
83,320.0,-0.0005238506490639997,0.5006910670856196,0.5006907930448031,0.2506912702398339,1.5630804,3.076,0.33049350844414294,-0.23332083800718462,0.09257477852780749,3.121845989979903,1.2707342062307498,3.9670364860517613,4.729534348067771,0.5006907930448032,0.250691270239834,0.0024517829752420004,0.5273796414116881,0.5273739422229383,0.27812327493576305,1.6576616,2.8121,0.35887314957733685,0.5587698945676516,-0.1878477702027297,3.1432036237932444,1.2459152928357329,3.916165463380697,4.619073903835694,0.5273739422229383,0.27812327493576305,0.01773128207344036,0.21365745914907408,0.2129204346371441,0.045335111486070355,0.77894621,1.38534,0.14629321865534872,-0.3606981236238199,0.19775604510755063,3.645771194239046,1.247255127515221,4.547206815761941,5.324554460963187,0.2129204346371441,0.045335111486070355
84,322.5,-0.0006159886520880005,0.4996191485724187,0.49961876884101253,0.24961891417820908,1.5750804,3.088,0.3293740712574486,-0.23896610296420348,0.08966099534803229,3.152562115564503,1.2713446363578933,4.007992936408024,4.782041263863998,0.49961876884101253,0.2496189141782091,0.002355893735958,0.5264615852198027,0.5264563139300852,0.27715625047685244,1.6225616,2.792,0.35873487472055565,0.560344501301094,-0.20049321961387578,3.0820132855896127,1.2453685239152326,3.8382423361618723,4.523010485846768,0.5264563139300852,0.27715625047685244,0.0180724314732164,0.21405303262528858,0.2132887432489787,0.045492087996728756,0.77894621,1.38534,0.14592390142282657,-0.3600607708563323,0.2030922720181465,3.6390337499379766,1.24918397407979,4.545822641558003,5.3380303185763855,0.21328874324897867,0.04549208799672875
85,325.0,1.1005950141999321e-05,0.5026759605725141,0.502675960452028,0.25268312121636877,1.5750804,3.085,0.3320898957120056,-0.22108760010828807,0.05073075496643398,3.1333911377144226,1.2694072494193835,3.977549425481138,4.742933827068134,0.502675960452028,0.25268312121636877,0.0025758377522060003,0.5270407255764027,0.5270344310156361,0.2777652914759753,1.6309616,2.8004,0.36138712024836195,0.5776434284590928,-0.1912085110562569,3.0945646528857607,1.2428460531441023,3.8460674650383164,4.513059565817199,0.5270344310156361,0.2777652914759753,0.0188327136097244,0.21405020463522517,0.2132201186625593,0.04546281900247587,0.77113621,1.3895300000000002,0.14553173425140245,-0.3693378378885137,0.21527714152384902,3.602595060883665,1.2497881859582736,4.502480745884032,5.298749540549564,0.2132201186625593,0.04546281900247587
86,327.5,0.00023264021592199794,0.5085986136729704,0.5085985604665013,0.2586724957085974,1.5859196,3.1639999999999997,0.33649715551451265,-0.2104008243244024,0.060033481732190364,3.118214555377747,1.2685890075415471,3.9557327081082625,4.7130252782526165,0.5085985604665013,0.2586724957085974,0.0017662603511620005,0.531388814316704,0.5313858789103117,0.28237095230528453,1.6309616,2.8693999999999997,0.3630388859650725,0.5728566598533199,-0.18352680543329036,3.0692433789695057,1.244658934420026,3.8201611935439055,4.492525905770085,0.5313858789103117,0.2823709523052845,0.0184592518181004,0.21526212532679148,0.2144692020373164,0.045997038622523245,0.77691621,1.39531,0.14741379908621427,-0.36470874534234904,0.19331065333065345,3.609163520152726,1.2451211493654475,4.4938458304604065,5.270308579087797,0.21446920203731645,0.04599703862252326
87,330.0,0.0003975446155297981,0.5096290996390059,0.5096289445833533,0.25972166115714257,1.5859196,3.1639999999999997,0.3398438948503648,-0.19816327252378643,0.043044958148718226,3.111909428098554,1.2642848097604575,3.9343398192953547,4.666612006369246,0.5096289445833533,0.2597216611571426,0.0015449587523079997,0.5339729799628075,0.5339707449222424,0.28512475643281443,1.5684616,2.8068999999999997,0.3640092455377762,0.5575881132583438,-0.1957483861329865,2.9373426350322958,1.2457490114508647,3.6591916838839604,4.308850995481729,0.5339707449222424,0.2851247564328145,0.01793614248067876,0.21586404261239545,0.21511759501695546,0.046275579685878865,0.79847621,1.40287,0.1477326268687045,-0.3662314595528979,0.17263266155886292,3.6989773763930685,1.2451807545109386,4.605895440456012,5.404873838124029,0.21511759501695546,0.046275579685878865
88,332.5,0.0012207013549417993,0.5091072962864297,0.5091058328287751,0.25918874902028066,1.5940804,3.043,0.3402191904618211,-0.17820786818914686,0.0008043194326048386,3.131128568825601,1.262493415051895,3.9530291998231855,4.685451158225848,0.5091058328287751,0.25918874902028066,0.0016948366705120004,0.5352246746927979,0.5352219912603289,0.2864625799286716,1.5628616,2.7702999999999998,0.3653588723418598,0.5622822715113214,-0.1873731615679719,2.9200103692846997,1.2456956984628504,3.63744435648487,4.277606808840974,0.535221991260329,0.28646257992867163,0.017849442475778722,0.214901798654631,0.2141592409126896,0.045864180468299424,0.79847621,1.41187,0.14712199958112882,-0.3731746747394158,0.16478041301176427,3.715539911712104,1.2454594914446044,4.627554448883087,5.427306672512217,0.21415924091268962,0.04586418046829943
89,335.0,0.001176889433739602,0.503866886249504,0.5038655118084898,0.25388045399003134,1.5940804,3.043,0.3331717971373024,-0.1869031149359614,0.043918237589472664,3.1636935141053217,1.2688873955535738,4.014370823442835,4.7845598387881205,0.5038655118084898,0.2538804539900314,0.0021075120486600007,0.5326981697674217,0.5326940007795522,0.2837628984665256,1.5783616,2.7578,0.36417353075201686,0.5729972911851698,-0.17882132227976788,2.9629566789935087,1.2450834910470732,3.68912844570248,4.334092037773008,0.5326940007795522,0.2837628984665256,0.01789561647024072,0.2137317391925627,0.2129812274577919,0.04536100324942769,0.79073621,1.40413,0.14600926645014825,-0.38350806218783706,0.20963506889117456,3.699666755097998,1.2474121929781194,4.615009420265037,5.415657712861533,0.2129812274577919,0.04536100324942769
90,337.5,0.00020906467313720024,0.5045136557603602,0.5045136124433569,0.2545339851406457,1.5740804,3.121,0.3318770286180583,-0.211048239994135,0.11543215499597093,3.1199956275270275,1.2727247319308568,3.9708955986697814,4.742962797258063,0.5045136124433569,0.2545339851406457,0.0017201129315920017,0.5304785610318677,0.5304757722327605,0.28140454492594363,1.5783616,2.7798,0.36196430418701325,0.5685039957635564,-0.17552507011135177,2.9753541725226897,1.2461703903084267,3.707798270478406,4.360544898329312,0.5304757722327604,0.2814045449259436,0.01647432826723716,0.2145027789025167,0.21386920924959088,0.045740038665045286,0.78468621,1.35308,0.1459506045654783,-0.3797380763711839,0.20670361705331386,3.658163376785948,1.2493720092434886,4.570406928196004,5.37638204607754,0.21386920924959085,0.04574003866504528
91,340.0,-0.00019151132691439882,0.5066510224304864,0.506650986235366,0.256695221853269,1.5740804,3.121,0.3337503066562489,-0.22080845383131986,0.1269044505500041,3.1068335606013053,1.2725261128003376,3.9535268339896112,4.716341434320381,0.506650986235366,0.256695221853269,0.001351588954828001,0.5317968417025019,0.531795124133395,0.282806054052053,1.5399616,2.7494,0.361466114118596,0.5640282303476911,-0.1707847948160599,2.895770488350298,1.2486577523441855,3.6158262692881076,4.260320787620891,0.531795124133395,0.282806054052053,0.01522171127295752,0.21524260158806435,0.21470369592608532,0.04609767704432091,0.78477621,1.35317,0.14671459603966813,-0.38495984568259217,0.20058752204048247,3.6460078265636304,1.2477133068994364,4.549172482262934,5.348998880709968,0.21470369592608532,0.04609767704432091
92,342.5,7.393627430800093e-05,0.50816308247149,0.5081630770927319,0.25822971292035374,1.5830804,3.0570000000000004,0.33429183308423016,-0.22558372824904208,0.08842356493024717,3.11529989998598,1.272580170926449,3.964468879211308,4.735623916965742,0.5081630770927319,0.2582297129203538,0.0019286608895959993,0.5288466416561249,0.5288431248093661,0.27967505065813475,1.6316616,2.8411,0.361796228830217,0.5704610364091376,-0.19266812357183083,3.0853209068139735,1.244364959525964,3.839265225332181,4.509891120964952,0.5288431248093661,0.27967505065813475,0.01570434527917908,0.21594488732433176,0.21537309001096366,0.04638556790087066,0.78477621,1.38717,0.14761733400645285,-0.3859640237771729,0.19588805044819635,3.6341504525704726,1.2465104237044826,4.530006420439457,5.316287652002269,0.2153730900109637,0.046385567900870665
93,345.0,0.000977663550543199,0.5058486395608245,0.5058476947852177,0.25588189031951886,1.5830804,3.067,0.3307440423549313,-0.20802705814185185,0.09315669130627535,3.1295535387313156,1.2756177784069027,3.992114132481902,4.786421514136146,0.5058476947852178,0.2558818903195189,0.0029140012904720005,0.5276861401829361,0.5276780942370495,0.27844417113764447,1.6918616,2.8762999999999996,0.36102133913700196,0.5868131170404495,-0.16555682856144882,3.2061891930939708,1.2442311325932052,3.989240411031406,4.686320215985806,0.5276780942370495,0.2784441711376444,0.01680981347540712,0.21446325009391842,0.21380345135607287,0.04571191581176862,0.76763621,1.38103,0.14630308045684293,-0.3662517242238542,0.19197896675889536,3.579336831199911,1.2484813149120955,4.468735153529758,5.246890274647638,0.2138034513560729,0.04571191581176863
94,347.5,0.0004834176849471998,0.5050954284459528,0.5050951971107452,0.2551211581443426,1.7000804,3.184,0.331990047483025,-0.20750368724641308,0.13567575718696068,3.3658598044149897,1.2742300350687312,4.288879656616145,5.120877607293113,0.5050951971107454,0.25512115814434266,0.0020511791536839993,0.5312235210827302,0.5312195610250185,0.28219422201561345,1.7393616,3.0558,0.36340400360793723,0.5853263853865208,-0.1400746975515772,3.2742556211646363,1.2444086979180695,4.074512174184405,4.78630280000033,0.5312195610250187,0.2821942220156135,0.01662493007120876,0.21420317565274344,0.21355704661716848,0.04560661215984747,0.76680621,1.4012,0.14629819573304176,-0.3499795137607109,0.19798806201254537,3.57980785141632,1.24857689445399,4.469665369863399,5.241392118049308,0.2135570466171685,0.04560661215984748
95,350.0,-0.000586687405242,0.5050181098477172,0.5050177690656533,0.2550429470720495,1.7000804,3.168,0.3316450986180356,-0.221544768098738,0.1633957969746831,3.3663751197212335,1.275762992551596,4.294696796786798,5.126203906176305,0.5050177690656533,0.25504294707204955,0.001057281512230001,0.5307371472852859,0.5307360941789497,0.281680801664327,1.7393616,3.0558,0.36446896603300594,0.5796672159194778,-0.18326856105303824,3.2772561877321262,1.2409454944660527,4.0668963003771745,4.772317431938733,0.5307360941789497,0.28168080166432696,0.015963998866832,0.21599375596683784,0.21540300220015896,0.04639845335684169,1.0510062,1.68539999,0.1467897608709759,-0.3692736307962345,0.33624814054966956,4.865910106037344,1.2530599509859779,6.097277078973328,7.1599421769193095,0.21540300220015898,0.046398453356841694
96,352.5,-0.00016821015342600082,0.5052117306754721,0.5052117026727014,0.2552388645174501,1.7630804,3.1710000000000003,0.33094591967728937,-0.22016830369315094,0.14415622567215314,3.489785159269258,1.2761212391117804,4.453388961680588,5.3273973032186275,0.5052117026727014,0.25523886451745004,0.001319375652146,0.5295932375501989,0.5295915940673435,0.28046725650678994,1.5928616,2.7553,0.3615366932255856,0.5667195291277342,-0.19858222166888417,3.0077075896366905,1.2445451616836503,3.7432279284415366,4.4058089534113005,0.5295915940673435,0.28046725650678994,0.015937540067322,0.21620000476892745,0.21561177351593477,0.04648843687868675,1.0510062,1.6283999900000001,0.14549037068684467,-0.3884226513339012,0.38975095733641796,4.861268162890679,1.2587288686536364,6.119018574897326,7.223888392326659,0.2156117735159348,0.04648843687868676
97,355.0,0.00011766038614399968,0.5087497539901947,0.5087497403843241,0.2588262983411172,1.7630804,3.1390000000000002,0.33570900239705276,-0.20684969173184542,0.10506171571415734,3.4655159755300446,1.2713019463940216,4.405717204950923,5.251811501661054,0.5087497403843241,0.25882629834111714,0.0017139850115780006,0.5306574511476586,0.5306546831169114,0.28159439271390974,1.5928616,2.8223000000000003,0.3618022104816876,0.5621284787127632,-0.18569257869198852,3.0016757449746554,1.2461111050760387,3.7404214796503097,4.402575644519512,0.5306546831169114,0.28159439271390974,0.014547417275966,0.21578472798517867,0.21529380270280998,0.04635142148223647,0.86420621,1.4716,0.1464407962278521,-0.3546737266431868,0.1975968022486274,4.004946124173156,1.2518567353713572,5.013618780345577,5.901403381168133,0.21529380270280998,0.04635142148223648
98,357.5,0.00011051699674159998,0.5080708680865267,0.5080708560665435,0.2581359947841903,1.6460804,3.184,0.33393084201261186,-0.206327653614331,0.12937897434169932,3.2398637737278517,1.274239820484539,4.12836343342934,4.929405112983936,0.5080708560665433,0.25813599478419025,0.0020366279354060014,0.5294012953685099,0.5293973778594949,0.2802615836845089,1.5319616,2.7614,0.3607926616380252,0.5759115836866878,-0.1905210153167407,2.893762469798303,1.2452817801020875,3.6035496795830433,4.2460996657880505,0.529397377859495,0.28026158368450893,0.013752229675787998,0.21479070445089077,0.2143500009271152,0.045945922897454285,0.77821621,1.38561,0.14608427880109742,-0.3461030223333213,0.19984447575660358,3.6231372860827387,1.250823763713912,4.53190621663022,5.327172892160342,0.21435000092711523,0.0459459228974543
99,360.0,0.00030421623253759915,0.5052733604589905,0.505273268877352,0.2553010762420048,1.5730804,3.1109999999999998,0.3318852224505985,-0.20326851551883332,0.1480054878684034,3.113325425609245,1.2751032090294125,3.9698112409472097,4.739832609552704,0.505273268877352,0.2553010762420048,0.0020415236932280006,0.5290477439176741,0.529043804921096,0.27988734752539074,1.5689616,2.6673999999999998,0.361133816409855,0.5802628091410654,-0.1811945774768864,2.9656332874262263,1.2445845281236536,3.690981305619169,4.344543570019394,0.529043804921096,0.27988734752539074,0.014047393863124001,0.2141076477461375,0.21364633287056056,0.045644755549038366,0.76514621,1.39354,0.14466937779634217,-0.3558514015831608,0.31099787126023326,3.573651936558643,1.2563146549113062,4.489631299450793,5.288929984043562,0.21364633287056053,0.04564475554903836
100,362.5,0.001204584709293999,0.5033288211127819,0.5033273796829068,0.25333845113846093,1.5730804,3.1020000000000003,0.33049454990445293,-0.20742174807918293,0.14005724195213842,3.125353315794958,1.2750558761507673,3.9850001103516455,4.759777129319629,0.5033273796829068,0.25333845113846093,0.0027400031700719994,0.5286756502926968,0.5286685498448285,0.2794904355950339,1.5689616,2.6673999999999998,0.3625994080585097,0.5676299928370944,-0.18699870960939702,2.967720565778578,1.2426695529006617,3.687895988610165,4.326983346169251,0.5286685498448285,0.27949043559503384,0.0146869004578164,0.21327928673124197,0.21277299900017746,0.04527234910352952,0.74975621,1.37815,0.1447348368111046,-0.3261134438758098,0.2167666243440478,3.515372831046574,1.2529741086396409,4.404671139516592,5.180205585048726,0.21277299900017746,0.04527234910352952
101,365.0,0.0012058473661280009,0.5071199514577159,0.5071185178028956,0.25716919109860575,1.5680804,3.097,0.3328294968075144,-0.2058344339767655,0.1372726192300684,3.0921291806653515,1.2759116944748146,3.9452837824377487,4.711362469495513,0.5071185178028956,0.25716919109860575,0.0027466626131360007,0.528561119502934,0.5285539829522472,0.2793693128946845,1.6299616,2.7344,0.3618811007687736,0.5673902039236137,-0.19204214287951604,3.0837712799095733,1.2431192606224752,3.833495473410013,4.504135741096563,0.5285539829522472,0.2793693128946845,0.014558094265570799,0.21368222325628305,0.21318572754080595,0.04544815442710275,0.72592621,1.30532,0.14638421585037872,-0.34119537472768435,0.13653154595025985,3.39722321743793,1.2471342142097968,4.236793307774731,4.9590470241817535,0.21318572754080595,0.04544815442710275
102,367.5,0.0010307918297620005,0.5077323098215325,0.5077312634700688,0.2577910359049124,1.5890804,3.075,0.33578670858301635,-0.19398061417471962,0.121574848875456,3.1297602481877913,1.2719372583651232,3.980858669420127,4.7324100668121964,0.5077312634700688,0.2577910359049124,0.0026675745537000006,0.5301574646450632,0.5301507534323439,0.28105982136488183,1.6299616,2.7564,0.362499555080436,0.5722103526175498,-0.18888518776498753,3.0744858060071794,1.2438733861640223,3.8242710702313736,4.49645131188733,0.5301507534323439,0.28105982136488183,0.015561201066346399,0.21269197176629384,0.2121219551937203,0.04499572387520668,0.72592621,1.35032,0.14580409938468852,-0.335790228548673,0.13650241624773463,3.413040012613398,1.2465110692709571,4.254392155587288,4.978777778289493,0.2121219551937203,0.04499572387520668
103,370.0,0.0012585656321559993,0.5081275159048836,0.5081259572509726,0.2581919884322173,1.6370804,3.12,0.3346927508031547,-0.20255794650782763,0.159298158879551,3.22179049305105,1.2742229882110125,4.1052795094453405,4.891293271430394,0.5081259572509726,0.25819198843221725,0.0032370958783000015,0.5302676235539803,0.5302577428004804,0.28117327379986046,1.5432616,2.6696999999999997,0.3610862479621121,0.5747026872200988,-0.19041047805882405,2.9103447607392887,1.245953488807343,3.6261542082752887,4.273941776264851,0.5302577428004804,0.28117327379986046,0.0164839684589926,0.21324462532264912,0.21260655919524202,0.04520154901283995,0.74401621,1.37241,0.14496470693010494,-0.30644375301812493,0.19528313362472804,3.4890267873071528,1.251799784449789,4.367562980290633,5.1323955034015905,0.21260655919524202,0.04520154901283995
104,372.5,0.0013312262419479996,0.504483597608937,0.5044818411926723,0.2545019280931486,1.6370804,3.12,0.329354679984213,-0.21524184404391783,0.20980699955580695,3.2450616982576777,1.28022479045771,4.154408432674276,4.970569721609757,0.5044818411926724,0.25450192809314864,0.002732050997092,0.5287715557892079,0.5287644977767405,0.2795918941090886,1.5399616,2.6574,0.3588951428135175,0.5878386066390224,-0.16775259700659229,2.912338198111961,1.248337316586761,3.6355804512242083,4.290839903621005,0.5287644977767405,0.2795918941090886,0.015412849059517,0.2133355871933706,0.21277809296778832,0.04527451684700877,0.75709621,1.3854899999999999,0.1439928867229012,-0.2996541997630321,0.22945886372808388,3.5488509908745636,1.2561538493001305,4.457902832779665,5.257872296545802,0.21277809296778832,0.045274516847008776
105,375.0,0.0012774610209299994,0.5052609279440042,0.5052593130266637,0.2552869734001762,1.6500804,3.084,0.3304835462182196,-0.206920300057094,0.17598992039203987,3.2657985384194816,1.2787401865345789,4.176107832202883,4.992927541725315,0.5052593130266638,0.25528697340017625,0.0019941783064319992,0.5284014508959127,0.5283976878845968,0.2792041165617878,1.5238616,2.6263,0.3609081932211095,0.5946999882514209,-0.15938498034717785,2.883908811030457,1.246263879552399,3.5941113831101634,4.2222970512238,0.5283976878845968,0.2792041165617878,0.01612119065970152,0.21294202180490038,0.21233090180676062,0.04508441186207222,0.75709621,1.36449,0.14391329682442244,-0.31761454235205927,0.2219015694841091,3.555410076333638,1.2552246910138392,4.462838514493382,5.260780113485101,0.21233090180676062,0.045084411862072224
106,377.5,0.0009857013515219995,0.506487357465384,0.5064863983021788,0.2565284716651133,1.6500804,3.084,0.3320480421621795,-0.20493746144488464,0.1599498021165453,3.2578905982125628,1.2766156568703637,4.159074146048913,4.969402587816087,0.5064863983021787,0.2565284716651132,0.002264041704084001,0.5282920791073008,0.5282872277110973,0.27908739496267676,1.5358616,2.6263,0.3623723997953118,0.596336586892302,-0.1776453374217546,2.9072205712326284,1.2438598089680903,3.61617482436152,4.238351488324002,0.5282872277110973,0.27908739496267676,0.01666744826058912,0.21383861800341475,0.21318806420175337,0.04544915071809092,0.99300621,1.6004,0.1455419034655504,-0.3290118217889856,0.2389563639772243,4.643717861963282,1.2513578659422937,5.810952873784482,6.822820001354754,0.2131880642017534,0.04544915071809093
107,380.0,0.0008295089373019991,0.5073903207409747,0.5073896426776489,0.25744424949655215,1.6490804,3.134,0.33388419756543014,-0.19557656756373148,0.1452726998086029,3.25012191322795,1.2738837741887072,4.140277569396243,4.939078914259892,0.5073896426776489,0.25744424949655215,0.002876659752824002,0.5271534148142015,0.5271455658344668,0.27788244757894015,1.5399616,2.6474,0.3596704886056318,0.5905930315134108,-0.17109335120978653,2.9212778609103176,1.2462388514020524,3.640609966007119,4.281590090891563,0.5271455658344668,0.27788244757894015,0.015911510263840398,0.21420928983645626,0.213617517290513,0.045632443693362626,0.99300621,1.6934,0.14507226717740376,-0.3178741042399641,0.2805837361726491,4.635682284172348,1.254793068256467,5.816821996818767,6.844907226725062,0.21361751729051304,0.04563244369336263
108,382.5,0.001128560015533999,0.5053031323510108,0.5053018720686026,0.2553299819160344,1.6510804,3.136,0.3334991550756298,-0.17956953299442308,0.14488484187912753,3.26750477939462,1.272621918931555,4.158298202471209,4.9507783599199024,0.5053018720686026,0.2553299819160344,0.003558155912992002,0.5282268597918962,0.5282148757202001,0.2790109549321065,1.6463616,2.7918000000000003,0.3591486028618683,0.5927188200538854,-0.1468909212120626,3.116769943596984,1.2481885397259092,3.8903165245599234,4.584067950928951,0.5282148757202001,0.2790109549321065,0.0160958598552324,0.21361262700106634,0.21300534666955528,0.04537127770981742,0.79715621,1.49755,0.14337215947157686,-0.3279583832289211,0.3354648319379425,3.731784123398383,1.2615368654940393,4.707783245732417,5.560048847266153,0.21300534666955528,0.04537127770981742
109,385.0,0.0009168306941075997,0.5027700746284439,0.5027692386804998,0.25277690736336944,1.6510804,3.1239999999999997,0.3314487983325068,-0.19028901345598742,0.17824478103328145,3.2839671319343693,1.2744320106081723,4.185192834722272,4.981404091088751,0.5027692386804999,0.2527769073633695,0.003144776911456,0.5275035314175341,0.5274941573478767,0.27825008603614654,1.6804616,2.8259,0.36005188283877787,0.5883742828341294,-0.1689556966470822,3.1856878673099662,1.2454009981052485,3.967458849599612,4.667276245719477,0.5274941573478767,0.27825008603614654,0.015313226657944361,0.2127309558352796,0.2121790862924857,0.04501996465991409,0.78888621,1.39228,0.14318080174609135,-0.3455902575683907,0.2898944848495004,3.7083752428153667,1.2580960427617853,4.665492218061788,5.509720579711278,0.21217908629248572,0.045019964659914105
110,387.5,0.0007296350204716002,0.5011596957706095,0.5011591646349756,0.2511605082976266,1.6070804,3.08,0.3302999681719926,-0.17873078061987105,0.13163157193087516,3.2067231534428737,1.2731991619756164,4.0827972316512735,4.865517877262304,0.5011591646349756,0.2511605082976266,0.0031027794146459998,0.525149576202806,0.5251404099342297,0.2757724501458908,1.6804616,2.8139000000000003,0.358404305712337,0.5869862449090395,-0.18266589674511202,3.1999675447724774,1.2452031698523875,3.984609730175451,4.688731617384013,0.5251404099342297,0.27577245014589086,0.01482583286408036,0.21220761863242726,0.21168908352943483,0.044812268085532035,0.75718621,1.3605800000000001,0.14372896802257165,-0.3462113288225166,0.18917458038978552,3.5681386694770394,1.252182829048643,4.46796197358362,5.268153110798716,0.21168908352943483,0.04481226808553204
111,390.0,0.0006901818133419994,0.5038527815500173,0.5038523088413449,0.253867149124754,1.6100804,3.069,0.33032523111075535,-0.18435057472282051,0.13235113513627672,3.1955373850410465,1.275454115468579,4.075761308884304,4.874227725765681,0.5038523088413449,0.253867149124754,0.0036658528089220004,0.5264139327556393,0.5264011684280745,0.2770981901224421,1.5916616,2.7251,0.36052356394744384,0.5875520237492348,-0.18797251172515228,3.023593223811664,1.2437602824965488,3.760625162202646,4.414861493580564,0.5264011684280745,0.277098190122442,0.015585436466200718,0.21381372812934832,0.21324494016676898,0.04547340450672888,0.72056621,1.39896,0.14485432346372318,-0.32691397819901125,0.16921400193988756,3.3700652259525996,1.2526008134834155,4.221346443520397,4.974419767183933,0.213244940166769,0.04547340450672889
112,392.5,0.001086488246514,0.5057050803736134,0.5057039132328055,0.2557364478589729,1.6390804,3.106,0.32946706575386214,-0.2030636229525079,0.2093913599925754,3.2411784330682467,1.281155079989298,4.152452214677137,4.974944601062257,0.5057039132328055,0.2557364478589729,0.0035193507500839998,0.528561673024048,0.5285499563525463,0.2793650563602786,1.5916616,2.6670999999999996,0.36207272482225544,0.5986006712202245,-0.158763636212365,3.011307253690307,1.244231985069732,3.7467648019139737,4.395972109695255,0.5285499563525462,0.27936505636027853,0.01547256850439272,0.2143027583713222,0.2137434721095224,0.045686271869434185,0.82590621,1.5043,0.14468893134804717,-0.3194239964526125,0.21994245337957574,3.8539224426078222,1.2554072611279816,4.8382422182739475,5.708150598011498,0.21374347210952244,0.04568627186943419
113,395.0,0.0009543113361120011,0.5065299799917508,0.5065290810213341,0.25657170992031725,1.6390804,3.18,0.3307619882937677,-0.19135080435045232,0.24232188668933086,3.2359000745162088,1.2815542506405648,4.146981495144368,4.9554678530479865,0.5065290810213341,0.25657170992031725,0.002709213913497999,0.5265605142136779,0.5265535445602316,0.2772586352889438,1.5899616,2.6654,0.35838671080240203,0.608804551842408,-0.1353528130742525,3.019523031221431,1.2474341492406158,3.7666561435641515,4.436441285560479,0.5265535445602316,0.27725863528894384,0.014488745497730361,0.21290646584249645,0.21241289850534995,0.0451192394514441,0.82590621,1.4213,0.14345215803402042,-0.31674136872698794,0.2554238884616802,3.879197405920905,1.257347065454869,4.877497474654791,5.757363439622372,0.21241289850535,0.04511923945144412
114,397.5,0.0006804500913395995,0.5069301414258158,0.506929684743033,0.2569777052736708,1.6880804,3.229,0.33053633119966913,-0.19968036736702735,0.2386902733677223,3.3300059752849274,1.2816761974173088,4.267989395780102,5.107094865708638,0.506929684743033,0.2569777052736708,0.0029773201194979986,0.5260630807621195,0.5260546554359522,0.27673350050583834,1.6039616,2.6744000000000003,0.3570726778603599,0.6143482104962755,-0.15678208251645653,3.048991002516855,1.2478634234878467,3.804724350584325,4.491975162062833,0.5260546554359521,0.2767335005058383,0.014719206655610719,0.21401670454466826,0.21350994070438328,0.045586494779589266,0.74517621,1.36457,0.1444102622036273,-0.3031757410522893,0.23931788389604547,3.48186003324087,1.2564928701568976,4.374932306651411,5.160133349451689,0.21350994070438328,0.045586494779589266
115,400.0,0.0012242889189135998,0.5040456472853962,0.5040441604304102,0.2540605156639971,1.6880804,3.13,0.3280289816697626,-0.21482098662361893,0.21203984362495953,3.349062548385008,1.28154523353017,4.2919751456772115,5.146131879589364,0.5040441604304102,0.2540605156639971,0.0034942438199539994,0.528447516809815,0.5284359642213865,0.2792445682825864,1.6105616,2.84,0.3590400826432014,0.5981856760169785,-0.17409527547453596,3.0477229029720867,1.2470775064197819,3.8007466780968886,4.485743174253074,0.5284359642213865,0.2792445682825864,0.014524569651214361,0.2135502189878066,0.21305570376356314,0.04539273290618718,0.73684621,1.3562400000000001,0.14410683491308915,-0.2884814236987141,0.17941735333666964,3.4504586953482486,1.2561804504031011,4.3343987580198595,5.113194044157531,0.21305570376356314,0.04539273290618718
116,402.5,0.001229919607742,0.5058456909282478,0.5058441957049966,0.25587835032843487,1.6310804,3.0890000000000004,0.33132422481565915,-0.19662120347978557,0.18941694075299154,3.2244623790446845,1.2781032542528887,4.121195859873023,4.92291320052886,0.5058441957049966,0.25587835032843487,0.0031066070115020003,0.5276449419934092,0.5276357965529863,0.2783995338041043,1.6105616,2.84,0.3598304134635511,0.5918091368705007,-0.1807024022733117,3.05235864465108,1.245444040648878,3.801541883903774,4.475890696668811,0.5276357965529863,0.2783995338041043,0.012320196655186359,0.21380177503705178,0.21344650796715234,0.04555941176337163,0.85570621,1.4291,0.1435496045685573,-0.29456701111668265,0.21420772772870933,4.002334451394084,1.259271933576633,5.040027443427401,5.9610488832195045,0.21344650796715234,0.04555941176337163
117,405.0,0.0011583741129636,0.5069311421636145,0.5069298186778137,0.25697784106472105,1.5669196,3.1180000000000003,0.3322614394550835,-0.1818522770827309,0.20802631069541588,3.090991003851701,1.2779175029587246,3.950031505310047,4.715923709262756,0.5069298186778137,0.2569778410647211,0.0033616819323120006,0.5265996341677146,0.5265889039850316,0.2772958738001568,1.5524616,2.6669,0.3590798269797942,0.5957433863083647,-0.1852794382174383,2.948087122114412,1.246029515782146,3.6734035692518012,4.323444213109077,0.5265889039850316,0.2772958738001568,0.01233132485758036,0.2137918407638924,0.21343591451410038,0.045554889604470364,0.85570621,1.4281000000000001,0.14316790795310247,-0.3076405335568274,0.3128362618810554,4.002520428013085,1.2612702489315317,5.048259936593605,5.976941496416249,0.21343591451410038,0.045554889604470364
118,407.5,0.0016671973121315992,0.5076737792592624,0.5076710417194432,0.25772988660050467,1.5669196,3.1180000000000003,0.3327797970669568,-0.18070884143788257,0.19947166971214125,3.086469429810348,1.2774459415458317,3.9427978468165064,4.708577905901928,0.5076710417194432,0.25772988660050467,0.00398907285238,0.5275942597720307,0.5275791791211774,0.27833979024217537,1.5948616,2.7093,0.3599227597368558,0.5945942865502454,-0.17537925529073783,3.0228941472735644,1.2464246380785915,3.767809743465345,4.431121836157358,0.5275791791211775,0.2783397902421754,0.013948028255575999,0.21214030885667598,0.2116812772769182,0.04480896314958753,0.82990621,1.4483000000000001,0.14281106033486368,-0.32267124253940754,0.38279517000432284,3.91206279689492,1.2594798719949793,4.927164350669535,5.81121803909329,0.2116812772769182,0.04480896314958753
119,410.0,0.0010733834347479996,0.5038850709579197,0.5038839276879842,0.2538990125822697,1.6630804,3.221,0.33184773429480974,-0.18544375256557807,0.16255907857521734,3.3005153275098453,1.2746812219571875,4.207104910758677,5.011576780941763,0.5038839276879842,0.2538990125822697,0.003663523073280001,0.527012559284971,0.5269998256572641,0.2777288162427867,1.5948616,2.6993,0.36038779480752353,0.5962718383195261,-0.16583634617516196,3.026230726197195,1.2449656801045224,3.767553394193293,4.425404031376218,0.5269998256572641,0.2777288162427867,0.0134748518620364,0.21070637519624896,0.21027506964839796,0.04421560491563861,0.82990621,1.4483000000000001,0.14286844293297088,-0.3216721314891424,0.30850304382458527,3.9386858097057433,1.2540777822320985,4.939418365144816,5.808883984193517,0.21027506964839796,0.04421560491563861
120,412.5,0.00044548735395600014,0.504785221930726,0.5047850253530404,0.25480792182066964,1.7040804,3.262,0.33174833508224016,-0.18222648351109244,0.1531657269167881,3.3758523941769814,1.275288096815574,4.305184374900262,5.136666019974327,0.5047850253530405,0.2548079218206697,0.003376579554700001,0.5241437604338129,0.5241328842118276,0.27471528031220904,1.5545616,2.6630000000000003,0.35863742291473566,0.5899191809696512,-0.1790978230210878,2.9659069082752243,1.2438753137611687,3.6892183861172625,4.334632976574755,0.5241328842118277,0.27471528031220915,0.0129152778619048,0.210650704575074,0.21025440527067418,0.04420691493572491,0.74299621,1.3323900000000002,0.14276322167462094,-0.33038598390655843,0.2545692457951332,3.527147993636085,1.2540270660189192,4.423139049873978,5.204395090588536,0.2102544052706742,0.044206914935724914
121,415.0,0.000592214889579999,0.5052251602281815,0.5052248131368017,0.2552521118091162,1.7040804,3.136,0.3305487415890923,-0.19009114150071657,0.16864017576370394,3.3729127805716637,1.2779733779634386,4.310492739763223,5.15530747994302,0.5052248131368017,0.2552521118091162,0.0028953819545519998,0.5245508714937819,0.5245428805619454,0.2751452335482233,1.5878616,2.9103000000000003,0.35787936344926646,0.5947203968848914,-0.15780419511694355,3.0270879075621226,1.2463435371761942,3.7727914500542603,4.436862703387193,0.5245428805619454,0.2751452335482233,0.012809162657841199,0.21102425803752511,0.2106351414942268,0.044367162832292945,0.73095621,1.32035,0.1429285291245251,-0.3267895736088811,0.24525079081518308,3.4638492123972715,1.2551958137064438,4.347809030711418,5.114137915483349,0.2106351414942268,0.044367162832292945
122,417.5,0.0010941288287920005,0.5081132805214915,0.5081121025171689,0.2581779087244179,1.6570804,3.096,0.3330354833900631,-0.19478515054008458,0.19998544295665166,3.2612420566911573,1.2779808224058715,4.1678048056747805,4.975687224472618,0.5081121025171689,0.2581779087244179,0.0028366427511359988,0.5255999696982161,0.5255923150167514,0.27624728160466805,1.6046616,2.9271000000000003,0.35804831208053794,0.5902801358689029,-0.1375583166196308,3.0530093084315606,1.2482370656112924,3.8108793804405727,4.481690168222477,0.5255923150167514,0.27624728160466805,0.0118020289129392,0.21124858797393145,0.2109186526472185,0.044486678034518015,0.76295621,1.38435,0.14328834792256329,-0.3103395084049832,0.2477390451752952,3.6116511703933876,1.254178403274349,4.529654898067912,5.324621443833808,0.2109186526472185,0.044486678034518015
123,420.0,0.0012766297611640001,0.5082253023652645,0.5082236989561953,0.2582913281807175,1.7410804,3.1799999999999997,0.33279630137126337,-0.18929358234467655,0.229836268452825,3.4258042484249933,1.278953366489096,4.381443876455792,5.231669921889163,0.5082236989561953,0.2582913281807175,0.0028746161465440004,0.5255413498217082,0.5255334879476597,0.2761854469544331,1.6046616,2.7821,0.35909935135317195,0.5853737874906169,-0.15404030948862468,3.0533498468662597,1.2466639228046268,3.8065010977891975,4.468572816835376,0.5255334879476597,0.27618544695443303,0.0118025545107472,0.21165131920438826,0.21132198330504728,0.04465698062797869,0.86250621,1.4839,0.14232614617186262,-0.30981272654143993,0.3633915919179209,4.075127966327919,1.2599604500218902,5.134500066351315,6.060068604390516,0.2113219833050473,0.044656980627978696
124,422.5,0.0009126033173640022,0.5062827406170981,0.5062819181068439,0.2563213806019449,1.7410804,3.1639999999999997,0.3309847644564621,-0.19253615827946957,0.21928864331707487,3.4389487539666694,1.2791311367623608,4.39886642892889,5.260303757060162,0.5062819181068439,0.256321380601945,0.0028420863538760007,0.5264832712467138,0.5264756000498009,0.27717655744779784,1.5817616,2.7612,0.3584269255693938,0.5887109961831026,-0.16306171525421442,3.004390996611126,1.2480031720179905,3.749489493752977,4.413065780388088,0.5264756000498009,0.2771765574477979,0.0120762744571768,0.21107979883510297,0.21073406243771428,0.044408845071502466,0.86250621,1.4759000000000002,0.14097851085586088,-0.2935626378436862,0.3551955358330736,4.086161796438872,1.2636902797869882,5.16364294379674,6.11799773429188,0.2107340624377143,0.04440884507150247
125,425.0,0.0016842479717320002,0.5041225540370402,0.5041197405355182,0.2541367127975982,1.5830804,2.9930000000000003,0.32901964240223147,-0.20778885909657416,0.21193915963560395,3.140268943181788,1.2801630031437208,4.020056120982556,4.811507265771873,0.5041197405355182,0.2541367127975982,0.0038140843513600003,0.5234935261426737,0.5234796315749553,0.27403092467385093,1.5817616,2.7612,0.3572241135141191,0.5943087054952899,-0.15969170129272614,3.021549495855474,1.2464821711654042,3.766307575877663,4.42792504805945,0.5234796315749553,0.27403092467385093,0.01248395685020676,0.20905871379138072,0.20868564069784154,0.04354969663346862,0.80153621,1.41493,0.1400320576110511,-0.26993909155204004,0.239225124996282,3.8340244013930525,1.2606826813589955,4.833488162744011,5.723947956448111,0.20868564069784157,0.043549696633468624
126,427.5,0.0021648896563359996,0.504572403451423,0.504567759153834,0.2545886235775215,1.7260804,3.146,0.32932287604477983,-0.20997810088139254,0.2227264585536224,3.420877535499573,1.2811990939854687,4.3828251991172955,5.241301244330489,0.504567759153834,0.2545886235775215,0.004248321454880001,0.5225949512622916,0.522577683076548,0.273087434849653,1.5804616,2.7748999999999997,0.3564073887409031,0.5978381604670622,-0.1536684697604498,3.0242573070836323,1.2460282055600718,3.768309905497353,4.43442434115457,0.522577683076548,0.273087434849653,0.01233165364549476,0.20762241343476343,0.20725587296586648,0.04295499687884338,0.80153621,1.35393,0.14001669565745792,-0.2718464776297805,0.21284458488169067,3.8605476005212167,1.2573088837880753,4.853900794422064,5.724575960290537,0.2072558729658665,0.042954996878843396
127,430.0,0.0015381712945636,0.5072130108245553,0.507210678494429,0.25726267237877903,1.7430804,3.226,0.33274811598636383,-0.191202467832564,0.2216688859928131,3.436584556784823,1.2779591445294467,4.39181466029184,5.2384380744966625,0.507210678494429,0.25726267237877903,0.0038976444211840005,0.5257645468998098,0.5257500995194659,0.2764131671447283,1.5804616,2.7748999999999997,0.3571481036234657,0.5983199316637424,-0.15393519095840213,3.006025433474453,1.2477361444919413,3.75072658460813,4.425227472763652,0.5257500995194659,0.27641316714472836,0.011780255653552,0.20874054572821005,0.20840787175068004,0.043433841007647904,0.73500621,1.3114,0.14098869019536392,-0.28710539285347186,0.2418866851910777,3.521147304831772,1.2570090422968883,4.426114001432855,5.21322816022706,0.20840787175068007,0.04343384100764791
128,432.5,0.0009496239969715997,0.5093974042811437,0.5093965191308548,0.2594848137026313,1.7430804,3.368,0.33383848646857944,-0.17480717148556263,0.2509082797358393,3.421847825196159,1.278556549616877,4.375025948696815,5.221328488631454,0.5093965191308548,0.2594848137026313,0.003979622715703999,0.525880785043404,0.5258657268551618,0.27653476268090754,1.5414616,2.6979,0.35816624580065176,0.5786020931401324,-0.17737109400449125,2.9311997012265327,1.2471171499306966,3.6555494172713425,4.3037601060205635,0.5258657268551616,0.2765347626809075,0.0121330694600924,0.20884616637488626,0.208493428757271,0.04346950983496324,0.73500621,1.3114,0.14104005906394124,-0.2749298908561258,0.22081493361950288,3.5193665402535466,1.2555932900189246,4.418893013059471,5.211329425683104,0.20849342875727103,0.04346950983496325
129,435.0,0.0007772903355739998,0.5079387684460629,0.5079381737084123,0.2580011883102373,1.6450804,3.27,0.3329528387491181,-0.16498508568302317,0.22054302777365953,3.2387376238927277,1.277796054404755,4.138446157062359,4.940881135539973,0.5079381737084123,0.2580011883102373,0.003946071158003999,0.5242442686697808,0.5242294171024069,0.27481648175552925,1.5291616,2.6276,0.3559193266952652,0.5816834715098719,-0.16298646695822683,2.9168875873075346,1.249179436860043,3.643715993696876,4.296371355268532,0.5242294171024069,0.2748164817555293,0.012013372651800401,0.2090671498056908,0.2087217094731742,0.043564752005404134,0.79551621,1.35791,0.14083161288066043,-0.2828667901770955,0.26335645272974917,3.805075119354528,1.2572982213650603,4.784114179724893,5.648704816539408,0.20872170947317423,0.04356475200540415
130,437.5,0.0013182660162935984,0.5033740492985007,0.503372323118663,0.2533836956818797,1.6140804,3.165,0.33029649206733286,-0.18536149170810493,0.2190862816933512,3.206522867536325,1.2779915529988168,4.0979091392089675,4.886762162981011,0.5033723231186631,0.25338369568187974,0.0035743910807199994,0.5247967401705061,0.5247845674388605,0.2753988422219919,1.5291616,2.7126,0.3556972805224667,0.5859952318062166,-0.16556870477088292,2.913816879851762,1.2494857408795605,3.640772642908948,4.299053391001157,0.5247845674388604,0.27539884222199185,0.011963268050274799,0.20930309135785571,0.20896091565054017,0.04366466426951217,0.79551621,1.35791,0.1415175603648389,-0.28689754750248525,0.23220862352063731,3.800785764028048,1.2553738437996662,4.771407034046942,5.621325070536278,0.20896091565054017,0.04366466426951217
131,440.0,0.0010517989740515996,0.5063162487820932,0.5063151563005879,0.25635503749968874,1.6140804,3.21,0.3317227670716625,-0.1864971606361764,0.23344458155866565,3.1878897899930183,1.2796139938385915,4.079268386090234,4.865751043404591,0.5063151563005879,0.25635503749968874,0.0032777402731520005,0.526072136336989,0.5260619251085039,0.2767411490488652,1.5434616,2.7269,0.359603285222594,0.5765124586406203,-0.1864902321919737,2.933935278813733,1.2446358412150251,3.6516810038167704,4.292123190822907,0.526061925108504,0.27674114904886526,0.0110953508590068,0.20858910268151468,0.20829379958797384,0.04338630694679501,0.77909621,1.3614899999999999,0.1418609051784754,-0.28890715842689485,0.16281253274775986,3.735076281475581,1.2512569487815308,4.673540151425401,5.4919726405228975,0.20829379958797387,0.04338630694679502
132,442.5,0.0005312279423320005,0.5100842987710346,0.5100840221469511,0.2601857096496113,1.6450804,3.241,0.3338838442545022,-0.1794065154206442,0.2425069005948095,3.2251147584106286,1.2802411157270803,4.128924516655497,4.927103926436289,0.5100840221469511,0.2601857096496113,0.003271149442432,0.5260390445625968,0.5260288737185963,0.2767063759856549,1.5434616,2.7249,0.3628135450940252,0.5788155064045987,-0.19238185907701988,2.934119845197791,1.2398654863320915,3.6379139288227997,4.254145471884197,0.5260288737185963,0.27670637598565495,0.010590963661036361,0.20817785348927625,0.20790827345763127,0.043225850172133186,0.73531621,1.38471,0.14154324305623917,-0.27049673343636405,0.14738214732039845,3.5321538659148386,1.2509183590775013,4.418436117959443,5.194993375330802,0.20790827345763127,0.04322585017213318
133,445.0,0.0009202407681800024,0.5096679096338773,0.5096670788539267,0.25976053126749477,1.6870804,3.2649999999999997,0.3337495626649977,-0.1875378410977159,0.2795359937503985,3.3101562176279122,1.2804768214792563,4.238578312147987,5.054929170629094,0.5096670788539267,0.25976053126749477,0.0036128960484800004,0.5265666348873457,0.5265542402817833,0.277259367958726,1.6328616,2.7933000000000003,0.3617353432760648,0.5890713899505344,-0.18020407690418638,3.100959103398825,1.2422439484706738,3.8521476806522372,4.513967546582398,0.5265542402817833,0.277259367958726,0.011146978261952361,0.20890901753409957,0.2086114150344853,0.04351872248269028,0.79425621,1.4436499999999999,0.14209097469879195,-0.26132317126331533,0.19695552619420909,3.801924011587274,1.2514752442923969,4.7580137811823136,5.589772409427724,0.2086114150344853,0.04351872248269028
134,447.5,0.0015664661195756,0.5061154567174245,0.5061130325452837,0.25615040171218345,1.7660804,3.3440000000000003,0.3318695379729592,-0.20127062534869972,0.2875852876039522,3.4894812568153633,1.2794661727102485,4.4646732284017006,5.3216104460419045,0.5061130325452838,0.2561504017121835,0.0035465305559520006,0.5262335010312383,0.5262215500420045,0.27690911972860993,1.7067616,2.8672000000000004,0.35892249562918915,0.6014909016906522,-0.15681194635010387,3.2433541320636734,1.2470705566981943,4.0446914430420335,4.755237191271772,0.5262215500420047,0.27690911972861,0.0108927988534524,0.20844815926055005,0.2081633542010934,0.04333198203224986,0.79425621,1.41365,0.14167476438234017,-0.2412616613090603,0.1881558084309618,3.810329689729802,1.2526131862154357,4.77286921318372,5.606193971542645,0.2081633542010934,0.04333198203224987
135,450.0,0.001078066877957599,0.5060678361715564,0.5060666878773666,0.256103492579168,1.7660804,3.284,0.3321079114795325,-0.20578410646703152,0.289949475459796,3.4898096139848356,1.2795725284085044,4.465464511430883,5.3177908112220384,0.5060666878773666,0.256103492579168,0.003370638154738001,0.5253532198768585,0.5253424068485358,0.27598464443341253,1.7067616,2.8532,0.35692619551331123,0.5963514319636025,-0.16646614733588017,3.248788691920573,1.2488821000737838,4.057354044261726,4.7818333914814835,0.5253424068485358,0.2759846444334126,0.010212877154931101,0.20714029097292208,0.20688836913796077,0.04280279728456512,0.76583621,1.38523,0.1404286268966841,-0.20142384098089902,0.17454705173109097,3.697186126382878,1.2538522915452142,4.635725296834345,5.4535619048916555,0.20688836913796077,0.04280279728456512
136,452.5,0.0004892147041356008,0.5062587293005908,0.5062584929282886,0.25629766166202206,1.6290804,3.1470000000000002,0.33078146649832374,-0.19848785934066096,0.2833626940061671,3.217881106466284,1.2817654669606549,4.1245688790536255,4.924944608431548,0.5062584929282886,0.25629766166202206,0.0033437311541540007,0.5256671934890548,0.5256565587649678,0.276314817772628,1.8003616,2.9758,0.35659181297494935,0.5948936796058584,-0.16620322312133107,3.4249076645820518,1.2493499821795215,4.278908329712093,5.048802396723774,0.5256565587649679,0.27631481777262806,0.010529881753504701,0.208001985886308,0.20773528280700196,0.04315394772290508,1.0146062,1.6279999900000002,0.1408696282860442,-0.23748370772890404,0.2585144721433865,4.87786785148568,1.2550634664152907,6.122033734401324,7.202448195148079,0.20773528280700196,0.04315394772290509
137,455.0,0.0009519130616851999,0.5085074207134714,0.5085065297340737,0.25857889078219043,1.6290804,3.121,0.33073845211394715,-0.17919807792121278,0.24899757157108837,3.2036511831317753,1.2825988963959074,4.108999471922258,4.9255851250061,0.5085065297340737,0.25857889078219043,0.003966162235628,0.5267231222326466,0.5267081896568803,0.2774215170516282,1.8003616,2.9758,0.35708187257031926,0.597069477088327,-0.1515365714619632,3.418041707318108,1.2503046432410825,4.273593417451508,5.041873414185872,0.5267081896568803,0.2774215170516282,0.01092359112806676,0.20931987282368905,0.2090346486011163,0.04369548431579218,1.0146062,1.6279999900000002,0.1419416632861988,-0.2701764114914481,0.25039632921187893,4.847156585340594,1.2543462139189725,6.080012511094389,7.148050660462083,0.20903464860111634,0.04369548431579219
138,457.5,0.0018779749300915991,0.5072128456687712,0.5072093690199094,0.2572613440215747,1.6500804,3.142,0.3305235412791574,-0.1761883627194732,0.22544887504989086,3.2532306980994004,1.2810671649331855,4.167607027287807,4.992323371624401,0.5072093690199094,0.25726134402157463,0.0037802101166679995,0.5260150131860962,0.5260014297591242,0.2766775041086429,1.6513616,2.7687999999999997,0.3587335333358254,0.5910732959739362,-0.16926768130889203,3.1393811176559954,1.2465207431371437,3.9133036837712685,4.603309829009187,0.5260014297591242,0.2766775041086429,0.01110246593615716,0.2087723132398714,0.20847689086722165,0.04346261402566345,0.76819621,1.3645900000000002,0.14176937230022466,-0.2502865307498528,0.1391257191494253,3.6795885339325243,1.251459195029593,4.604854904715317,5.418633076636559,0.20847689086722165,0.04346261402566345
139,460.0,0.0018168177297475999,0.506225245536477,0.5062219852908438,0.25626069839180327,1.6500804,3.115,0.32992247709331507,-0.1817292593723819,0.2245892615550673,3.2595774599334963,1.2809553779645877,4.1753732771939625,5.0014185591037865,0.5062219852908438,0.2562606983918033,0.003556892632032003,0.5261508510512003,0.5261388282351974,0.2768220665767066,1.6201616,2.7176,0.36109729235834515,0.5932300527996301,-0.18808005056109556,3.0792720315154263,1.2417362372476157,3.823643665875787,4.486773050605394,0.5261388282351974,0.2768220665767066,0.0106269620600764,0.20629061807871468,0.20601671481865694,0.04244288678467183,0.72672621,1.33112,0.14049870458896002,-0.24506515445440322,0.12811532048863095,3.5228272461848062,1.248942973616818,4.3998103363883985,5.1724762311944055,0.20601671481865697,0.042442886784671834
140,462.5,0.0014447104697516006,0.5061061378245524,0.5061040758138028,0.25614133555534346,1.5840804,3.049,0.3301271762358651,-0.18100185477680147,0.25930399545147775,3.129937144823049,1.2813910743621126,4.01067352069069,4.798394418968483,0.5061040758138028,0.25614133555534346,0.003533839769864003,0.5241957967539489,0.524183885016497,0.2747687453109882,1.6201616,2.7176,0.358601310658593,0.6029288499133478,-0.1745518000314905,3.090756564689671,1.2441530802611602,3.8453743002960565,4.51800244964101,0.524183885016497,0.2747687453109882,0.0100808932638348,0.20542588188373087,0.20517838224021484,0.042098168538711705,0.72672621,1.33112,0.1411121150938194,-0.2575447134427707,0.193937021883265,3.537656517942176,1.2451608870352053,4.404951527906755,5.149991618485988,0.20517838224021484,0.04209816853871171
141,465.0,0.0016104890315699998,0.5065536239326532,0.5065510638073748,0.25659398024438307,1.6410804,3.132,0.3304496892809306,-0.198578609556516,0.30376000798196756,3.2396972846811245,1.2830577528020093,4.156718717841735,4.966203489466263,0.5065510638073748,0.25659398024438307,0.004134800820476001,0.5206206581911219,0.5206042385128382,0.2710287731575321,1.5921616,2.6506,0.35219155081565606,0.6052534634913497,-0.15828675233742873,3.0581990456005133,1.2513800818289689,3.8269693719328446,4.520726281799329,0.5206042385128382,0.2710287731575321,0.010374602868134799,0.2069842000475307,0.20672403509182163,0.0427348266846447,0.73171621,1.31711,0.1426082829588567,-0.24493500707512478,0.127217167931863,3.5351307482985304,1.2431961794651523,4.3948610401945185,5.1309516868042255,0.20672403509182163,0.042734826684644706
142,467.5,0.001991253351933398,0.5056584706924175,0.505654549957857,0.2556865238930829,1.6410804,3.132,0.32944432239514015,-0.20137170799722526,0.2771545739176893,3.245432431405343,1.2829885658317308,4.163852700672528,4.981358877484813,0.505654549957857,0.2556865238930829,0.0047451153993400014,0.5225579732139748,0.5225364286337787,0.27304431924934414,1.5921616,2.9516,0.3532191796313848,0.6062728368652335,-0.14827442862974038,3.0468611744788143,1.252131065482769,3.8150695287782392,4.507574027156624,0.5225364286337787,0.27304431924934414,0.010066829662410359,0.20866515142227232,0.20842217818319586,0.04343980435862785,0.73171621,1.32711,0.14295418996204887,-0.24615927134258853,0.08889334100651425,3.506652668222676,1.2462735172740802,4.370248354684413,5.118536296097751,0.20842217818319586,0.04343980435862785
143,470.0,0.0013899190124994005,0.507526608453067,0.5075247052242988,0.25758132641301146,1.7410804,3.1879999999999997,0.3311032158140137,-0.20401348182659326,0.23244812447130192,3.4305204318386093,1.2806403326204596,4.393262826891079,5.258421896385308,0.5075247052242988,0.25758132641301146,0.0044473213499,0.5265657447912877,0.5265469636418144,0.27725170492041423,1.5870616,2.9465,0.3592053114373883,0.6055784021871329,-0.14531892614510156,3.013985652691965,1.2469866232317377,3.7583997915192584,4.418257607743182,0.5265469636418144,0.27725170492041423,0.00973302465970036,0.20895355855571,0.2087267540687302,0.043566857864068186,0.72672621,1.32212,0.14312632916978826,-0.258864577114566,0.06841020586937585,3.477931723312788,1.2457779596461867,4.332730686057351,5.077515885549594,0.20872675406873023,0.04356685786406819
144,472.5,0.001454557777139599,0.5058820484940073,0.5058799573517082,0.25591453125016617,1.7410804,3.1879999999999997,0.3295722861098754,-0.20617960211701222,0.25446397190347625,3.4416726293868973,1.2822534964539904,4.413096762681348,5.282848326086329,0.5058799573517082,0.25591453125016617,0.0039082992263460015,0.525078531375994,0.5250639859189813,0.27569218930912814,1.5870616,2.8135,0.36061430422053453,0.6066661554516544,-0.14926612157575114,3.022522356495946,1.242873219690598,3.75661209280493,4.40099458458927,0.5250639859189813,0.27569218930912814,0.009556799854284,0.20758239187125052,0.20736228439987484,0.042999116991534574,0.77302621,1.3664200000000002,0.1408467753001438,-0.2469385203167233,0.16608274745604135,3.723948852460745,1.2530100377265667,4.666145292113643,5.488419655705179,0.2073622843998748,0.04299911699153457
145,475.0,0.001668338525923199,0.504233723033667,0.5042309630426871,0.2542488640909557,1.6670804,3.126,0.32803683387886734,-0.20384678085658325,0.30547849375086855,3.3061660175566865,1.284486709273217,4.246726308202326,5.081991495551366,0.5042309630426871,0.2542488640909557,0.003962442027600001,0.5214949745052421,0.521479920502603,0.2719413074874011,1.6000616,2.8265000000000002,0.35801381174448166,0.6099276049931268,-0.14582878901554697,3.068220554796384,1.2431185077416396,3.814161757500707,4.469273384184355,0.521479920502603,0.2719413074874011,0.008624326853834399,0.2075839727377455,0.2074047413245495,0.0430167267239033,0.77302621,1.3664200000000002,0.1407117896666892,-0.23085297730011703,0.20694763355522694,3.723920492535399,1.2551099767012237,4.673929762623314,5.493684728416179,0.20740474132454953,0.043016726723903304
146,477.5,0.0012667726856796008,0.507698995172308,0.5076974147914622,0.257756664985934,1.6670804,3.126,0.3312211796392263,-0.2062934960849206,0.31738262674099404,3.283599959527612,1.283546718630502,4.214653953346916,5.033133454255014,0.5076974147914622,0.257756664985934,0.004486542952122,0.5235257199077585,0.5235064950287395,0.27405905033727557,1.6000616,2.8465,0.3570051827580812,0.6100457985761054,-0.14784241948345045,3.0563189909407305,1.2467380681451836,3.810429234400883,4.481900199987449,0.5235064950287394,0.2740590503372755,0.0082737774601444,0.208835357903819,0.2086713955417852,0.04354375131735618,0.77202621,1.39642,0.1421596149930694,-0.23641623440413329,0.18007145139428227,3.6968175205061,1.2518835338630074,4.627984981617857,5.430699921617247,0.2086713955417852,0.04354375131735618
147,480.0,0.0016488901378056006,0.5111511128646542,0.5111484533323836,0.2612727413440879,1.6020804,3.0919999999999996,0.3338280479230998,-0.19244461857800166,0.2987978846889794,3.1342598297819,1.2824172989931435,4.019429025251614,4.799118618004959,0.5111484533323836,0.26127274134408796,0.004110738274818002,0.5242509826527305,0.5242348659171664,0.27482219464318947,1.5784616,2.8249,0.3567074889240858,0.5943527271460927,-0.17485595700859502,3.0108891584960364,1.248027613026065,3.7576728095638656,4.42508679804008,0.5242348659171664,0.27482219464318947,0.0086331376558924,0.20816890315478628,0.2079898102669484,0.0432597611748812,0.76025621,1.38465,0.14145224838485188,-0.21130544285263567,0.17081727457648732,3.6521122918858975,1.2523948455012155,4.573886609549529,5.374649174409417,0.20798981026694843,0.04325976117488121
148,482.5,0.0019882054661576,0.5110782378248477,0.5110743705344419,0.26119701221717606,1.6020804,3.0919999999999996,0.3342394715917616,-0.1748506620457672,0.21639330347438435,3.1347067463065232,1.2790930775097051,4.009581699223646,4.793211263679751,0.5110743705344419,0.26119701221717606,0.0037957363964960023,0.5215164379147847,0.5215026245384905,0.2719649874005338,1.6157616,2.8042,0.35458185923510055,0.5937110034380673,-0.18315436088052017,3.098198795919859,1.2482841433813163,3.867432429989847,4.556808415087845,0.5215026245384905,0.2719649874005338,0.00878230585386912,0.2071844814613637,0.20699826197894333,0.042848280462303254,0.74903621,1.4304299999999999,0.14027499178726296,-0.21056010351485888,0.14363402317769314,3.6153103973652687,1.2539563901682618,4.533441575217937,5.339770121932831,0.20699826197894333,0.04284828046230326
149,485.0,0.0019879027606256013,0.5067823223498307,0.5067784234642414,0.25682437048890194,1.6240804,3.0940000000000003,0.3306083768670341,-0.1846244874054831,0.21608866197852938,3.2046903145112093,1.2805252545365895,4.103686880700409,4.912399423724166,0.5067784234642414,0.25682437048890194,0.00400397649878,0.521433385350902,0.5214180122806458,0.2718767435306996,1.6261616,2.9375999999999998,0.3538694421100726,0.5919643141633846,-0.1771360238019173,3.118637290371548,1.248463106089588,3.893503598304079,4.595371644139241,0.5214180122806458,0.2718767435306996,0.00852121505483416,0.20803177423333072,0.20785718170093803,0.043204607984656765,0.75489621,1.43629,0.14131700333734526,-0.24235956761404173,0.14862199973271206,3.628754370730406,1.2518699082340528,4.542728401090192,5.341863980783313,0.207857181700938,0.04320460798465676
150,487.5,0.0018540819630495993,0.5031324692945192,0.5031290530653887,0.2531388440384747,1.6240804,3.2359999999999998,0.3261655570284007,-0.1752103914834956,0.2615560615882746,3.2279379668683448,1.2855352310004815,4.149627979893323,4.9793130053231955,0.5031290530653887,0.2531388440384747,0.00392561798008,0.5205871834079085,0.5205723821449366,0.2709956050520539,1.7054616,3.0168999999999997,0.3538046847620694,0.5905183613752134,-0.13383620184771594,3.276034551668318,1.2485275500763509,4.090219392759921,4.820347704403372,0.5205723821449365,0.27099560505205383,0.007895789056117798,0.20696587969394661,0.2068152118986185,0.04277253187267047,0.76079621,1.35819,0.1413328128497809,-0.26267463323491497,0.181185217254336,3.6759499252970436,1.2489389896463041,4.5910371856908965,5.3830118757250744,0.2068152118986185,0.04277253187267048
151,490.0,0.0016077695255195994,0.5049173616123036,0.5049148018573852,0.2549389571346826,1.6870804,3.299,0.32905838190136405,-0.17148273731657684,0.25446388756475535,3.3413000389069802,1.2827114987057695,4.285923980532019,5.1269941529880425,0.5049148018573852,0.2549389571346826,0.003256710558254001,0.5209977168645963,0.5209875380606159,0.2714280148144617,1.7054616,2.8819,0.35512546256189814,0.5901330933832832,-0.1305357594375356,3.2734531165771648,1.2473645319206945,4.083189314523614,4.802419932653348,0.5209875380606159,0.2714280148144617,0.00797777985840858,0.20756097311826865,0.20740760012673937,0.04301791259033341,1.0026062,1.60899999,0.14067550505230023,-0.28155348316168116,0.3252392194760376,4.830417707806337,1.2553858288048472,6.064037937588069,7.127084417626593,0.20740760012673937,0.04301791259033341
152,492.5,0.0018642951101256,0.508854153379148,0.5088507382474273,0.2589290738149518,1.7210804,3.194,0.33252160311477486,-0.19395595461055637,0.27980265690828077,3.38226658576101,1.2816110038738155,4.33475007434603,5.175845370280929,0.5088507382474273,0.25892907381495184,0.003040602759028001,0.5236812718607388,0.5236724445992387,0.2742328292325427,1.6841616,2.8926,0.3565090369301838,0.5832636805412338,-0.16261892696980773,3.216005021557969,1.2469944729909017,4.0103404869937735,4.724036210980576,0.5236724445992388,0.2742328292325428,0.00831606245870498,0.20891910605601924,0.208753529264607,0.04357803598042913,1.0026062,1.62899999,0.14147967140436732,-0.24888149350348462,0.29221659279403056,4.799016322284869,1.2555715079625038,6.025508160507882,7.086574276345476,0.208753529264607,0.04357803598042913
153,495.0,0.001994413694128,0.5069410857721647,0.5069371625338568,0.25698528675787796,1.7210804,3.194,0.3291026793476397,-0.19762211620016876,0.26856816032554276,3.395030405512462,1.2848696750510467,4.3621716139192195,5.229615278160583,0.5069371625338568,0.25698528675787796,0.0033915735761859997,0.5228627711661472,0.522851771250916,0.2733739747002201,1.5702616,2.7786999999999997,0.3555182583890006,0.5934961858897195,-0.1491671440957285,3.0032002402806888,1.248363406755768,3.7490852831265418,4.416824067251851,0.522851771250916,0.2733739747002202,0.00820855026171482,0.20831294684093607,0.20815115547158405,0.04332690352415556,0.78167621,1.40807,0.1422304649988396,-0.21259065238180844,0.13338408944505487,3.7524130009877568,1.2484104725538399,4.6845516877802975,5.49584232890174,0.20815115547158405,0.04332690352415555
154,497.5,0.002092409013978001,0.5079858835576905,0.5079815741918261,0.25804527971840574,1.6270804,3.1100000000000003,0.32936316832766,-0.20062496840745095,0.23744723955004732,3.2030031791527476,1.2849034597866087,4.1155498666008725,4.940079998202268,0.5079815741918261,0.25804527971840574,0.0035339935803940007,0.5216661532864783,0.521654182743784,0.27212308637408517,1.5645616,2.7489999999999997,0.35310516606903025,0.6147316902664325,-0.12871680352541803,2.9991625681354206,1.2512375105630609,3.7526647055276796,4.43086578827945,0.521654182743784,0.27212308637408517,0.00815455565612646,0.20796412330656866,0.20780418620595886,0.04318257980472082,0.78167621,1.4090699999999998,0.14254790565173234,-0.21969008927276798,0.10681659165790869,3.7587070191318444,1.2461644837960957,4.683967192237196,5.483603609791095,0.2078041862059589,0.04318257980472084
155,500.0,0.0018957791811168008,0.5064921564323371,0.5064886085084003,0.2565307105487755,1.6570804,3.222,0.3282841001633016,-0.20513796978931892,0.23592001939932317,3.2716802796557642,1.2850736605657735,4.204350153178087,5.047702277313163,0.5064886085084003,0.2565307105487755,0.0032499639634840003,0.5219802127859016,0.5219700951915264,0.2724527802742511,1.5645616,2.7489999999999997,0.3527212634280425,0.6121489634558185,-0.13818037798702276,2.997358063919043,1.2519278165814438,3.752475936474951,4.435688352877487,0.5219700951915264,0.2724527802742511,0.00849617765106316,0.20646910927934684,0.20629422689917531,0.04255730805192843,0.75384621,1.4232399999999998,0.14049220477389118,-0.22549610636044634,0.1568035893194093,3.6511331531927493,1.2511775346800964,4.568215777400471,5.365751154757971,0.20629422689917534,0.042557308051928436
156,502.5,0.0021550236591410007,0.5049934110134953,0.5049888127870493,0.25501370104007354,1.6750804,3.2729999999999997,0.3280006750669999,-0.1922883698068941,0.21758973382096825,3.317034170085906,1.2833691035281019,4.256979169235231,5.106941928268395,0.5049888127870493,0.2550137010400736,0.003627266155654,0.5216373455432731,0.5216247340815695,0.27209236320566815,1.5665616,2.7350000000000003,0.35426103543954507,0.6021752271332876,-0.14338214780481184,3.0031622800481483,1.2493589174594988,3.752027575156155,4.422054483232421,0.5216247340815695,0.27209236320566815,0.009119216256724759,0.2069483086265415,0.20674729100583,0.04274444233824936,0.75384621,1.4432399999999999,0.14053656601656306,-0.21234480480653184,0.1664713382834222,3.6426787684473867,1.2524155770959453,4.5621476319601815,5.364057421974825,0.20674729100583003,0.04274444233824937
157,505.0,0.0022726314840942,0.5051291456070904,0.5051240331719395,0.25515028888788666,1.6760804,3.274,0.32797227299218024,-0.18730711420592486,0.23333637479016245,3.3181225327744643,1.2839179449770053,4.260197063461686,5.110433222627824,0.5051240331719394,0.2551502888878866,0.0039026470062420004,0.5201102915076087,0.5200956495477292,0.27049948467847434,1.5665616,2.7350000000000003,0.3561246033957233,0.5948596890065391,-0.1513482756574942,3.0119796235123775,1.245030487525128,3.7500064590773667,4.398914270630291,0.5200956495477292,0.27049948467847434,0.009751618253339998,0.20674906025453949,0.20651895762272365,0.04265007985757633,0.75856621,1.4479600000000001,0.14018700127227698,-0.19534801949407243,0.16251962295547306,3.669018901784075,1.253166264064907,4.597890709932277,5.411102335563062,0.20651895762272365,0.04265007985757632
158,507.5,0.0021188316186419994,0.5074532930127235,0.507448869485418,0.2575043551420288,1.6760804,3.1790000000000003,0.3285887458288132,-0.1825830191222645,0.26777065276069933,3.3029254575316656,1.2861664525795353,4.248111918848141,5.1008454223602575,0.507448869485418,0.25750435514202885,0.003950707408590002,0.5211834081865963,0.5211684342705032,0.27161653687996784,1.5541616,2.7046,0.3568341904297762,0.5823493879592805,-0.1856602419535447,2.981985948876509,1.2441655470410076,3.710084179352539,4.355416722058347,0.5211684342705033,0.2716165368799679,0.009973913657444999,0.20689903809162416,0.20665849367880618,0.04270773300959318,0.75856621,1.4599600000000001,0.14000131386885728,-0.2030842024880249,0.19392405452486816,3.666359288070121,1.254218189582533,4.598414508642412,5.418279222083358,0.20665849367880618,0.04270773300959318
159,510.0,0.0012899297156677993,0.5028642061074418,0.5028625516633709,0.2528707458653963,1.6040804,3.088,0.32609637756044,-0.18097353940817093,0.25425890134577855,3.189887807718159,1.2851406656140332,4.099454540445004,4.919037776501192,0.5028625516633709,0.2528707458653963,0.004118204258742,0.5213497885587351,0.5213335232113137,0.27178864242392126,1.5541616,2.7706,0.35433783562937865,0.5853795301298358,-0.19448035589526302,2.9810342961804204,1.247608637139441,3.719164135523587,4.386101182899313,0.5213335232113137,0.27178864242392126,0.0090750402611142,0.2063103357939,0.20611064576981686,0.042481598299650924,0.76695621,1.46835,0.1401821831422633,-0.2254230867143483,0.24128684013793844,3.7174880601531,1.2524244761875947,4.655873036470884,5.471139005030745,0.20611064576981689,0.04248159829965093
160,512.5,0.0008674250239037998,0.500865215520802,0.5008644643938391,0.25086521169252735,1.6040804,3.122,0.3259349608227129,-0.1786771074433295,0.23872436554953547,3.2026188888602887,1.2830639572528786,4.1091648651138994,4.921473891450736,0.5008644643938391,0.25086521169252735,0.004072566458094001,0.5172552179504539,0.5172391851932876,0.26753637469941605,1.5158616,2.7323,0.35070318307121917,0.5873041221905168,-0.1819896082802721,2.930587353002206,1.249722261901199,3.662420255492964,4.322349135029567,0.5172391851932876,0.26753637469941605,0.008160165859369201,0.2052506164996913,0.2050883401528496,0.042061227266650944,0.80315621,1.4225500000000002,0.13974630377508232,-0.24368275193785804,0.20672121807662736,3.913051389062249,1.251202201878323,4.896018514057716,5.747244744967688,0.20508834015284963,0.04206122726665095
161,515.0,0.0012947303536280004,0.5034809297889238,0.5034792650491484,0.25349137033443064,1.5879196,3.157,0.3288876709889639,-0.17334053426978346,0.22208039285715175,3.1538823142034587,1.2808086080307113,4.03951961674761,4.828151797922775,0.5034792650491485,0.2534913703344307,0.003895335658242,0.5162634243883117,0.5162487285420234,0.26651274972125577,1.5745616,2.699,0.34957410550630497,0.5909978166625445,-0.1607632622672326,3.0499189476101267,1.250435318491066,3.8137263706268056,4.5042283601626805,0.5162487285420234,0.26651274972125577,0.00747057525841696,0.20442494944312023,0.20428840020943576,0.04173375046013059,0.80315621,1.44455,0.13931332155292958,-0.25021387444505216,0.1324656190178639,3.9288561018990125,1.2497324095674691,4.910018803070106,5.7651070338944965,0.20428840020943578,0.0417337504601306
162,517.5,0.0018173829089680005,0.5067380563828259,0.5067347974098543,0.2567801549060061,1.6400804,3.2279999999999998,0.3292005672927067,-0.1706342078025849,0.21143514910757766,3.23654475787184,1.2828296324058461,4.151935522005801,4.982009640772376,0.5067347974098544,0.25678015490600614,0.003956512817834001,0.5196175817111746,0.5196025184982185,0.2699867772296915,1.5752616,2.7437,0.3533292041363959,0.583741847608954,-0.17568542265409715,3.031578713738745,1.2469593117056506,3.7802553062651674,4.4583396491389395,0.5196025184982185,0.2699867772296915,0.0063185696644621194,0.20652587949933987,0.2064291999218405,0.04261301458037119,0.73262621,1.37402,0.1409361443899928,-0.22723697080336305,0.06691067391776073,3.5473821090898285,1.2481922696701242,4.427814926132025,5.198284749245775,0.20642919992184047,0.042613014580371186
163,520.0,0.0024853639202120003,0.507308754110448,0.5073026660321026,0.25735599496327904,1.6400804,3.1100000000000003,0.3273338587403053,-0.1722489684701923,0.23603746545798687,3.232903802095503,1.2875607199444101,4.162559946937107,5.0104208782788335,0.5073026660321026,0.25735599496327904,0.003758068714134001,0.5227185391887559,0.5227050297549917,0.27322054813116675,1.6519616,2.9044,0.3573428559323646,0.575552380645086,-0.17622942984146883,3.160327166822506,1.2439532544142198,3.9312992641825275,4.622903669613789,0.5227050297549917,0.27322054813116675,0.00531065366597952,0.20725991684833756,0.20719186781729593,0.04292847008961983,0.73262621,1.37402,0.1414267283866536,-0.19015101692546393,0.05198170649551059,3.534818604294333,1.2483925347228335,4.412841157200432,5.180252830264423,0.20719186781729593,0.04292847008961983
164,522.5,0.0027846342243759994,0.5052159353467294,0.5052082611562355,0.2552353871405071,1.6150804,3.0890000000000004,0.32694471957098936,-0.16911432087491546,0.2604028668135041,3.1968120698559743,1.287141633930933,4.114749910964546,4.9399189016396345,0.5052082611562356,0.25523538714050714,0.003693121754479999,0.5202047190421818,0.5201916094723769,0.2705993105654619,1.6519616,2.9044,0.35542229442105555,0.5877776416208566,-0.13011634730781463,3.1755990277090267,1.2457270184657954,3.955929508630845,4.64788401270907,0.5201916094723769,0.2705993105654619,0.00569006565702512,0.205895483415785,0.20581684392643507,0.04236057324383853,0.72413621,1.36553,0.14015682465317153,-0.18889934635278174,0.201788463639188,3.5170087171736566,1.2533713531728836,4.408117974964774,5.166613982529419,0.20581684392643507,0.04236057324383853
165,525.0,0.0025912940085956004,0.5035601314857764,0.5035534641101513,0.2535660912173334,1.6050804,3.079,0.32744870802743364,-0.16954948326809638,0.28701199835487134,3.187465209495715,1.2848623979125833,4.095454192335599,4.901776555079663,0.5035534641101513,0.2535660912173335,0.0038545998542739994,0.518368194561826,0.5183538629095479,0.2686907271932504,1.6432616,2.7737,0.3525328123338431,0.6074874899865473,-0.11913009773367067,3.170066406927301,1.2490181732287626,3.9594705525942047,4.661301139945682,0.518353862909548,0.26869072719325043,0.00560186735904532,0.20678136514589734,0.2067054717555696,0.04272715205369259,0.73474621,1.35214,0.14090456699396547,-0.1988669245480683,0.19642800419565942,3.5532515683006056,1.2524343301655836,4.450214247854379,5.214495354373198,0.2067054717555696,0.04272715205369258
166,527.5,0.0024845151128916007,0.5072561965168167,0.507250111965844,0.2573026760893613,1.6320804,3.072,0.33074240166847446,-0.18559338101401243,0.29752559259891687,3.2174676449632935,1.2843800063287518,4.132451114200509,4.934596809380204,0.507250111965844,0.2573026760893613,0.0036780218362919997,0.5211669773456057,0.5211539987670889,0.27160149043092685,1.6432616,2.8517,0.35435512586115353,0.5979251206151496,-0.1738754718296116,3.153042444034766,1.2485958143636258,3.9368755981326657,4.637329842503469,0.5211539987670889,0.27160149043092685,0.005102087162506561,0.2083444679625357,0.20828198682838192,0.043381386037178254,1.0149062,1.67129999,0.14123385830327517,-0.21607051867687022,0.2562927050731725,4.871289407993782,1.2547818420967956,6.112405496749047,7.185997835028094,0.20828198682838192,0.043381386037178254
167,530.0,0.0024575249331160007,0.5096384728373549,0.5096325475940429,0.2597253335671944,1.6470804,3.099,0.3327278451879205,-0.17121962705455665,0.23306994754015165,3.2318604025910074,1.2815910237149826,4.141923281860525,4.950233122417962,0.5096325475940429,0.2597253335671944,0.0038119099409019996,0.5194794120374427,0.5194654260616097,0.26984432887336973,1.4946616,2.7031,0.3536474146166428,0.5880332679029947,-0.19869509502121563,2.8772297137586436,1.2465399287597103,3.5865817224140217,4.226417437888603,0.5194654260616097,0.2698443288733697,0.005785706861640899,0.20685605556222317,0.2067751274183448,0.04275595331887273,1.0149062,1.67129999,0.1395347616234071,-0.22343585839230198,0.3048675318798657,4.90634029176251,1.2577701241440427,6.171048237863051,7.273500797881095,0.2067751274183448,0.04275595331887273
168,532.5,0.002352174109883999,0.5102112797791442,0.5102058577582474,0.260310017290829,1.7020804,3.177,0.3323466012669757,-0.1472312942762624,0.1857347752242111,3.3360305180567194,1.2811779164408321,4.274048628306938,5.121401553412338,0.5102058577582474,0.260310017290829,0.004135082761344,0.5175831553862705,0.517566637091462,0.2678752238301651,1.5205616,2.6639999999999997,0.35247414681726386,0.5906629231773142,-0.18594593991184194,2.937811217726377,1.2464731784884162,3.6619028863583214,4.313966325559524,0.517566637091462,0.26787522383016515,0.00661944105515054,0.20387971381663847,0.2037722275141335,0.041523120706071795,0.78469621,1.38109,0.13772231147241604,-0.22129478566120256,0.20823092184659409,3.8488194598199477,1.255690847208493,4.832927368253845,5.697669474253373,0.2037722275141335,0.041523120706071795
169,535.0,0.0026039986297815994,0.5093857517876441,0.5093790958759492,0.2594670633153994,1.7020804,3.177,0.33306392794340756,-0.14705310022860998,0.1742399536873407,3.341437003345107,1.2788230031162233,4.273106503341464,5.110371484867639,0.5093790958759492,0.2594670633153995,0.003743953695908,0.5181747242779461,0.5181611985581787,0.2684910276912483,1.5205616,2.682,0.35427880969637193,0.589749960844205,-0.165295829223981,2.9344572954978387,1.2455295450639419,3.6549532602709887,4.29199138752659,0.5181611985581788,0.26849102769124833,0.00570893305288604,0.2045169391291603,0.20443724336372351,0.04179458647415832,0.78469621,1.41109,0.13784124915046722,-0.2439908374932482,0.20009271824626396,3.8368274693590747,1.257169984991403,4.823544332068751,5.692753184088075,0.20443724336372351,0.04179458647415832
170,537.5,0.0028677737705615994,0.5067011491307477,0.5066930337038601,0.25673783040402115,1.5740804,3.034,0.33253379114212833,-0.14313155720488843,0.1796240828629876,3.1065262091873187,1.276792176906029,3.966388361243911,4.73359532754138,0.5066930337038601,0.25673783040402115,0.003664784349355999,0.5177755292482508,0.5177625595231649,0.2680780680439789,1.4791616,2.6696,0.3546142629853436,0.5803227084822278,-0.17167423237982993,2.8567622771736025,1.24499530219493,3.5566556145688257,4.171184733370791,0.517762559523165,0.26807806804397893,0.004902193055506401,0.20414077758281954,0.20408190898598716,0.041649425575364746,0.72103621,1.35943,0.1380830539523846,-0.2379719873667877,0.1761278857653732,3.5320538039367313,1.2552541255093599,4.43362510891261,5.221757408759485,0.20408190898598716,0.041649425575364746
171,540.0,0.0026949568557216004,0.5096632258273015,0.5096561006877449,0.25974934096823676,1.5740804,3.034,0.33330398772211395,-0.14209366349243172,0.19385331612067258,3.088471602880319,1.2791347246370892,3.950571273299787,4.722656967765896,0.5096561006877449,0.25974934096823676,0.003824382732096001,0.5186735120978593,0.5186594125711463,0.26900758624864657,1.4709616,2.7334,0.35355953446604094,0.5769556755242303,-0.1823640513187219,2.836006785946051,1.2472306791778438,3.537154669788467,4.160435390949087,0.5186594125711462,0.2690075862486465,0.005617947457328,0.20402367506335614,0.20394631316286313,0.041594098652724634,0.74436621,1.38276,0.13861231816609668,-0.23627218883091167,0.24200683241974952,3.6484305547816915,1.2546790283550913,4.57760930349452,5.370130301897406,0.20394631316286313,0.04159409865272464
172,542.5,0.0023936197531176004,0.5099082534126105,0.509902635296952,0.2600006974827765,1.5929196,3.162,0.33209129767732193,-0.14804755878293244,0.20020091698227915,3.123933745608609,1.280980496734834,4.001698201216427,4.796631562287332,0.509902635296952,0.2600006974827765,0.0036880483196880007,0.5178912041278352,0.5178780721488125,0.26819769761257073,1.4690616,2.7315,0.35216110935009415,0.5730241810557306,-0.18627209175706616,2.8366220323706828,1.2479311622943172,3.539909029846015,4.171561143452558,0.5178780721488125,0.2681976976125707,0.00512999125692112,0.2032403980081481,0.20317564463344118,0.04128034257221437,0.77874621,1.36714,0.13789878460970445,-0.22322610533330667,0.24525375170086816,3.831650683781771,1.2549856866585039,4.808666764421392,5.6472304103628534,0.20317564463344118,0.04128034257221437
173,545.0,0.0020359559072460013,0.5105933485678346,0.5105892894345297,0.260701422485258,1.6030804,3.196,0.33112456361365294,-0.1379593835010611,0.2151966209309828,3.139642152598515,1.283284113247965,4.029052895713318,4.8413212916165,0.5105892894345297,0.260701422485258,0.0038844814002520016,0.5151227823851986,0.5151081359642068,0.26533639173651974,1.5022616,2.7527,0.3498971924049921,0.5695379239083517,-0.173874911874369,2.9163175292772014,1.2489518134070798,3.642340066661616,4.293437136989633,0.5151081359642067,0.2653363917365197,0.00463067045018646,0.20507249624913498,0.20502020780653124,0.04203328560903326,0.77874621,1.38814,0.13756887473571605,-0.21170437285332644,0.22315052909568545,3.797419079806441,1.260676742238971,4.787317914446495,5.660773278083807,0.20502020780653124,0.04203328560903326
174,547.5,0.002186079709453602,0.508431117446269,0.5084264177274483,0.2584974222431658,1.6030804,3.132,0.33033555519159885,-0.12431664715250441,0.169537980285841,3.1529942700043603,1.2814542945588947,4.040418048016674,4.852884816077982,0.5084264177274483,0.2584974222431658,0.0038004498214980016,0.5131204550511552,0.5131063807565238,0.26327815797305876,1.5022616,2.7337,0.34809383442189307,0.5812682006891298,-0.14721736531887242,2.9276977466241,1.2496613686352043,3.658630772996476,4.315680001902144,0.5131063807565238,0.2632781579730588,0.0051223426478017005,0.20560541084206482,0.2055415932927756,0.04224734657333278,0.74720621,1.3616000000000001,0.1377097412994428,-0.19790562568092357,0.2221791562046005,3.6341758076297137,1.2625581837732387,4.588358407193614,5.425950284629743,0.20554159329277563,0.04224734657333279
175,550.0,0.0025099505927436,0.5082455406965046,0.5082393430126246,0.25830722978590437,1.5610804,3.058,0.33309457648673324,-0.11020736156446737,0.13007895087258392,3.0715083065179094,1.2765331396335182,3.920882141929737,4.686598072130952,0.5082393430126246,0.25830722978590437,0.0038380048949520004,0.5139674947041848,0.5139531645305072,0.2641478553309226,1.6198616,2.8513,0.3511534876253078,0.5929841173187609,-0.15532302670268372,3.1516810239766526,1.2458788046712355,3.9266125868570474,4.612973121680754,0.5139531645305071,0.26414785533092255,0.00485963365062276,0.20400635160758082,0.20394846274737558,0.04159497545701764,0.75688621,1.39028,0.1371670202146751,-0.1996212409248778,0.27152027634795983,3.710111004072651,1.2623905073265749,4.6836089126691824,5.517989738462095,0.2039484627473756,0.04159497545701765
176,552.5,0.0030254212526859997,0.5077512361220875,0.5077422225989795,0.2578021646097517,1.5120804,3.0090000000000003,0.3331434603253073,-0.11896166880597808,0.18641760255760165,2.9779945225705453,1.277636430627509,3.804794292245304,4.53882660197948,0.5077422225989796,0.25780216460975175,0.004082837231478001,0.5123109293347569,0.5122946600892727,0.26244581875598344,1.6198616,2.7763,0.3502889003556909,0.5975181257744409,-0.16521561773310411,3.1618720336562283,1.2456079962541267,3.9384530882544952,4.62435891732555,0.5122946600892727,0.26244581875598344,0.0044268856499864,0.20398799569827364,0.20393995457595074,0.041591505072440846,0.76376621,1.39716,0.1368781909207418,-0.19829474940245473,0.3170298144457182,3.7441723341883093,1.2644204045311278,4.734207897428639,5.579897022764222,0.20393995457595074,0.04159150507244085
177,555.0,0.0027450487725856,0.5102574799628568,0.510250096095318,0.26035516056528124,1.5480804,3.059,0.33373601952340176,-0.10069756046430425,0.21899406348942163,3.0339200517211222,1.2800155849085944,3.883464949569725,4.638637454269294,0.5102500960953179,0.2603551605652812,0.004014597235597999,0.5110057643214692,0.5109899942061535,0.26111077417880485,1.5625616,2.725,0.3475741794630078,0.5975035079233417,-0.1562921983798895,3.0578159956274122,1.2482007089136569,3.8167680934696553,4.495620481400872,0.5109899942061537,0.2611107741788049,0.0040511796501375204,0.20483463585011627,0.20479457020949565,0.041940815987292046,0.77644621,1.45984,0.13767485050682712,-0.1755949741422705,0.3394159159037775,3.7906001920893364,1.2633690663033663,4.788927025409266,5.639709846363676,0.20479457020949565,0.041940815987292046
178,557.5,0.0026909182134455998,0.5127387926757837,0.5127317314871285,0.26289382847378884,1.6019196,3.15,0.3347872325128122,-0.082684286173688,0.21075330551156846,3.1242410811949815,1.2807262713651777,4.0012976307647605,4.784888563331623,0.5127317314871285,0.26289382847378884,0.003722554037450001,0.5155144570474328,0.5155010165036997,0.2657412980163477,1.4449616,2.7214,0.34984179447582076,0.590978582386044,-0.16139514522017384,2.8029506840135974,1.2495321589492976,3.502377019623921,4.130328688043213,0.5155010165036997,0.2657412980163477,0.0036159717100255192,0.2053159786941342,0.20528413444716684,0.042141575855722466,0.77644621,1.45984,0.13802182646194244,-0.18677334618763983,0.3246036252202127,3.7817135078254034,1.2622309780525116,4.7733959396968535,5.6255320618735185,0.20528413444716684,0.042141575855722466
179,560.0,0.003103395309481999,0.5123431681168086,0.5123337689958778,0.2624858908535214,1.6019196,3.1630000000000003,0.33408127648398245,-0.08904414045254105,0.18771205212165665,3.1266535784757066,1.2802732833677168,4.002971042868514,4.794999638588857,0.5123337689958778,0.2624858908535215,0.0038085131641679994,0.5157472822993568,0.5157332202085209,0.2659807544266507,1.5225616,2.799,0.3495721881684173,0.5846194341280575,-0.16686949593731049,2.9521466273403543,1.2497223157905677,3.6893635196731016,4.3554998124349025,0.5157332202085209,0.2659807544266507,0.0026565481120780004,0.20434237629787264,0.20432510737349338,0.0417487495031896,0.74195621,1.38835,0.1377164216811743,-0.20860191968134092,0.29948910433515064,3.6309463726625184,1.2598306467642273,4.574377517037646,5.387565265946964,0.20432510737349338,0.0417487495031896
180,562.5,0.0028790320235219996,0.5070587719665858,0.5070505984641667,0.25710030940286954,1.5819196,3.143,0.33106163855068776,-0.09034553538893259,0.13223999376745832,3.119795352054861,1.2774761627727353,3.9854641949792584,4.77832347754117,0.5070505984641667,0.25710030940286954,0.004026081558606001,0.5112037694270416,0.5111879150994274,0.2613130845436994,1.5225616,2.7089999999999996,0.3490029228747818,0.5888712396138868,-0.15931399530281087,2.978384924091015,1.245815674456684,3.710518622998067,4.3626041508720474,0.5111879150994274,0.2613130845436994,0.0019566362489739997,0.2031809906578056,0.20317156921989968,0.041278686539276487,0.74195621,1.36435,0.13672048244331236,-0.23248814100814655,0.2848125018720591,3.651700917481949,1.2603742754543028,4.602509898047124,5.426810941130442,0.2031715692198997,0.04127868653927649
181,565.0,0.0024455751218659992,0.5045607384044127,0.5045548115928828,0.25457555790152947,1.5970804,3.16,0.32833348183413885,-0.09375700081726855,0.12852677852147965,3.1652886925972368,1.279313640980233,4.049397002080133,4.864202063945407,0.5045548115928828,0.2545755579015295,0.003913731953993999,0.5086994082366609,0.5086843526613742,0.2587597706425213,1.4937616,2.6802,0.3487002489999123,0.5799742251836397,-0.20702564389230682,2.936432745573514,1.2423720064919532,3.6481418420468414,4.283798489631637,0.5086843526613741,0.25875977064252126,0.001997821448442,0.20250366815392792,0.20249381305426667,0.0410037443252563,0.73610621,1.3584999999999998,0.13595632870825863,-0.22998482144345067,0.24770975523234728,3.6350265489535127,1.2615169806956188,4.58564771678425,5.414284255789009,0.20249381305426667,0.0410037443252563
182,567.5,0.0026001682855576,0.5062696229216248,0.506262945728888,0.25630217021809093,1.5970804,3.16,0.32984144710037666,-0.09624040989004273,0.14749761711172393,3.1546044393962047,1.2796151277773231,4.036679562804885,4.841963961897062,0.506262945728888,0.256302170218091,0.003584745977022,0.5098785744392391,0.509865972848229,0.259963310268471,1.4890616,2.6305,0.3489610728982167,0.5878899708968203,-0.21219328057711317,2.9204239492464645,1.242631521928791,3.629010856729424,4.2671281000856,0.509865972848229,0.259963310268471,0.0023768406770364,0.2025759181662753,0.2025619738482656,0.04103135324930544,0.74011621,1.33651,0.13653480928425948,-0.21830745545623517,0.27368156085084694,3.6535251410906064,1.2597777871868794,4.602629817674756,5.420714423521921,0.2025619738482656,0.04103135324930544
183,570.0,0.0026633515883455992,0.5085316876263904,0.5085247131442695,0.25859738387846154,1.5140804,2.976,0.33220837028238376,-0.0898457690129296,0.15874572849794655,2.97735703957227,1.2787208668609946,3.8072085745965376,4.557622671316203,0.5085247131442695,0.2585973838784616,0.0034989024005020013,0.5096104031664676,0.5095983915766231,0.25969052069748133,1.6164616,2.8019,0.3474051399608829,0.6003324908247893,-0.1643399708865112,3.1719556546650254,1.2461099612321054,3.952605537864592,4.652958215246931,0.5095983915766231,0.25969052069748133,0.0027335870698744,0.2029122687317724,0.20289385477043517,0.04116591630360644,0.74011621,1.36751,0.1365815508723855,-0.2052445466967017,0.29076468146190937,3.647469000400128,1.2615461100252197,4.6014503288923585,5.418859320842865,0.2028938547704352,0.041165916303606456
184,572.5,0.0025649515854535994,0.5072093612844718,0.507202875778486,0.25725475719796626,1.5369196,3.051,0.32911399803143054,-0.0784862835292254,0.1998649172245841,3.030148331860161,1.2829547698178252,3.88754325561552,4.669870042577841,0.5072028757784859,0.2572547571979662,0.0033804239446080016,0.5099274831172054,0.5099162781988849,0.2600146107722025,1.6164616,2.8039,0.34497613888018724,0.6017777629584594,-0.14691334283146906,3.169983288836505,1.25096415409818,3.965535463424725,4.685720018918205,0.5099162781988847,0.26001461077220245,0.00237907163916836,0.20366294845943003,0.20364905252252993,0.041472936593324156,0.73286621,1.3602599999999998,0.13627404082608713,-0.19036152411799234,0.2755660808555449,3.5984267906540106,1.2653176273565618,4.55315284896662,5.3778856600816844,0.20364905252252996,0.04147293659332416
185,575.0,0.002320644071665601,0.5072262263871129,0.5072209176936646,0.2572730593460033,1.6299196,3.206,0.3290022582249725,-0.0854710631741795,0.20016698418180257,3.213397721189701,1.2831136376598076,4.123154439283454,4.9541289132594875,0.5072209176936646,0.2572730593460033,0.003298929519608,0.5125005518309015,0.5124899342338376,0.26264593269100317,1.6541616,2.8415999999999997,0.3488369712903661,0.5987206850001815,-0.15601174592540312,3.2276289149163437,1.247150367258615,4.025338586612444,4.741933155425499,0.5124899342338376,0.26264593269100317,0.00207669164290836,0.20377026782748178,0.20375968541962353,0.041518009402303935,0.73286621,1.37026,0.13693770787275236,-0.17532597361950475,0.23889651719453386,3.596531612847794,1.2620276567208766,4.538922363684856,5.351821798280768,0.20375968541962353,0.041518009402303935
186,577.5,0.0022343166935859986,0.5093624471494805,0.5093575467145061,0.2594451103950202,1.6299196,3.252,0.33123323944635724,-0.09446301035231423,0.18116960929025483,3.1999210171881285,1.2814294957413612,4.100473175467568,4.920760980161121,0.509357546714506,0.25944511039502016,0.003311848310924002,0.5109563722753744,0.5109456390161055,0.2610654460295764,1.6541616,2.8586,0.35121062860358837,0.5893598636277191,-0.16856350769101036,3.237383247876411,1.2415705288600734,4.019439631188657,4.70988479641672,0.5109456390161056,0.26106544602957643,0.00209889164797076,0.2032939964066849,0.20328316120340928,0.04132404362885129,0.72936621,1.37076,0.13699451453060044,-0.15501183932741722,0.2539911810239657,3.5877410198622877,1.2609456516941417,4.523946438400057,5.324054123620268,0.2032831612034093,0.041324043628851295
187,580.0,0.002496631305358401,0.5081600901426514,0.508153957030655,0.25822044404591277,1.6220804,3.174,0.3309973214734934,-0.09309622341653159,0.18151453548709595,3.192065712096059,1.280209796452667,4.086513795546033,4.900584671740003,0.508153957030655,0.25822044404591277,0.003231200729004001,0.5095860465867753,0.5095758022294504,0.259667498217788,1.6162616,2.8547000000000002,0.3506103673382356,0.5915720460747108,-0.19173121023690465,3.171714788553916,1.2411284946847192,3.936505601087184,4.60985113552214,0.5095758022294505,0.25966749821778806,0.0013820176458647603,0.20188588558139792,0.201881155198329,0.040756000824211804,0.69287621,1.33427,0.13562124241786594,-0.1578034040007573,0.2952911903147486,3.432019073570355,1.2631816937802145,4.335263666438603,5.108906227721776,0.20188115519832903,0.04075600082421181
188,582.5,0.0026590703682024,0.5101153050127195,0.5101083745176085,0.26021055375299673,1.5599196,3.077,0.3347613944010417,-0.07918925585303553,0.12089819649002775,3.0579745102160856,1.2749660713931563,3.8988137477106135,4.6597953828906205,0.5101083745176086,0.2602105537529968,0.002930872296978001,0.5114471734673364,0.5114387756470039,0.2615696212353064,1.5300616,2.7685,0.34996071489847047,0.5872330722871837,-0.20707720232062465,2.9916317449307743,1.243866799496795,3.7211914038400544,4.37209530916605,0.511438775647004,0.26156962123530647,0.00047072963985435984,0.20149820762290774,0.2014976577750982,0.0406013060888506,0.72336621,1.39176,0.13424277913023683,-0.17721114781637712,0.32717291056545905,3.5899386825005317,1.26811106725184,4.552440974034414,5.388492511006643,0.20149765777509823,0.040601306088850604
189,585.0,0.0025242039350780003,0.510660294571593,0.5106540559384996,0.26076756484644026,1.5599196,3.089,0.3366613369243839,-0.07343837451173552,0.10405302166997776,3.054710962614901,1.2726793566228818,3.887667582569597,4.6334979069793425,0.5106540559384996,0.26076756484644026,0.0033286660221859997,0.5117845566378939,0.5117737316388546,0.2619123523955584,1.5159616,2.6924,0.34908450819252657,0.5772593461231661,-0.22586543906429224,2.9621089193447423,1.24485046669045,3.687382670634247,4.342677960271784,0.5117737316388546,0.2619123523955584,0.0007107176359803603,0.20148712955611794,0.20148587607374804,0.040596558257205755,0.74525621,1.41365,0.13453629362473785,-0.1800545397195997,0.31493687054712405,3.69877823780517,1.2672117250307833,4.6871351512354105,5.539443594891528,0.20148587607374804,0.040596558257205755
190,587.5,0.002456448277711999,0.5099496854845837,0.509943769044867,0.26004264758768475,1.5290804,3.0540000000000003,0.33687670193894387,-0.07400748982243437,0.1463664927470707,2.9984926817769857,1.2730803212220132,3.817322026498501,4.538991242787497,0.5099437690448672,0.2600426475876848,0.003126090500706,0.5121310249121949,0.5121214838647141,0.2622684142357966,1.5598616,2.6532999999999998,0.3487717966062422,0.5913608082290722,-0.19570539252674957,3.0458252363590725,1.2462890471234305,3.795978631526446,4.472441909519017,0.5121214838647141,0.26226841423579667,0.0012832236373040002,0.201313111308736,0.20130902146178195,0.04052532212190019,0.74525621,1.33165,0.1345060066795896,-0.17721517672846968,0.322899734599551,3.701975520397511,1.267050570650008,4.690590195652026,5.540690920780178,0.20130902146178198,0.040525322121900194
191,590.0,0.0027412968119316,0.5105385713199078,0.5105312116777596,0.2606421180971614,1.5879196,3.118,0.3343796652604569,-0.08380970800191093,0.18422238336246233,3.110283314921168,1.2789650889285429,3.977943776461115,4.748852173062404,0.5105312116777596,0.2606421180971614,0.0027948461561739988,0.5116351153308702,0.5116274817429144,0.2617626800745962,1.5598616,2.5973,0.35036598943404185,0.5870122455622041,-0.1965547230946907,3.0487774456044723,1.2432183473819878,3.7902960574598703,4.452091946823086,0.5116274817429144,0.2617626800745962,0.000925796246284,0.20233256750518788,0.20233044944978446,0.04093761077455178,0.73876621,1.33616,0.1347501874030294,-0.1713261808717937,0.2933783099697034,3.6512471477487565,1.2672371425540856,4.6269960022718895,5.482487440187347,0.20233044944978446,0.04093761077455178
192,592.5,0.0027317776757876003,0.5126237748809234,0.5126164959927623,0.2627756719638977,1.6000804,3.1879999999999997,0.33181807985813866,-0.07683335985435646,0.18680941126891115,3.1213542531687692,1.2849042622771467,4.010641383973452,4.822161591327628,0.5126164959927623,0.2627756719638976,0.0032628478945,0.5094403288058489,0.5094298798043051,0.2595188024374287,1.4771616,2.6546000000000003,0.35059026131652843,0.5650867627952318,-0.23248712159554685,2.8995772742659254,1.239894419978611,3.5951696826591117,4.213356054024424,0.5094298798043051,0.25951880243742875,0.00045011024991419983,0.20225301679760208,0.2022525159410731,0.04090608020449403,0.73185621,1.3592499999999998,0.13589032138097154,-0.17843770516755825,0.23931147129961738,3.6185181392492187,1.2610475162509605,4.563123312009274,5.385638966503176,0.20225251594107313,0.04090608020449404
193,595.0,0.0026364714421956005,0.5136929520775357,0.513686186336043,0.2638734980324679,1.6000804,3.105,0.3333488156894865,-0.07464132832465369,0.1751028417272278,3.1148576080882013,1.2826118568748595,3.995153300610791,4.800018253223586,0.513686186336043,0.26387349803246796,0.0034409760760439993,0.5083611140686009,0.5083494683588379,0.2584191819807131,1.5144616,2.6919,0.34892438788707625,0.5723598694647585,-0.20828628618200584,2.9791059113062506,1.2421184278327766,3.700402350899051,4.340371875898027,0.5083494683588379,0.2584191819807131,0.0006267896468982003,0.20149919861458582,0.20149822375658513,0.04060153417705885,0.72367621,1.35107,0.1365060144203039,-0.17999112930140304,0.2231497275521912,3.591459494507467,1.2568746403456252,4.514014360474953,5.30142362644763,0.20149822375658513,0.04060153417705885
194,597.5,0.0025467775335231996,0.5136742426265686,0.513667929174261,0.2638547414621736,1.6440804,3.201,0.3363213822953682,-0.08434799031830013,0.14052894949408357,3.2006284597672834,1.2772228505170564,4.0879158048299855,4.888420678992441,0.513667929174261,0.2638547414621736,0.0034755268122279993,0.5117075591217328,0.5116957560657497,0.2618325467756992,1.5144616,2.7789,0.35122735273325045,0.578235913395844,-0.21154740424830099,2.959623271149912,1.241821225585207,3.6753229978498836,4.311912464147405,0.5116957560657497,0.2618325467756992,0.00099477564492152,0.20210492724645157,0.20210247905137074,0.04084541203870975,0.66840621,1.3128,0.13652550128290442,-0.15925591182942547,0.22434288875732777,3.307223723372808,1.2591003943886987,4.1641266944303625,4.895834138817384,0.20210247905137071,0.04084541203870974
195,600.0,0.0032083855103156,0.5135874531850222,0.513577431680457,0.2637617783314945,1.6440804,3.201,0.3380991490465651,-0.06246054245479946,0.11310811006586041,3.2011693233629535,1.2737710959177506,4.077556957238313,4.86271676410983,0.513577431680457,0.2637617783314945,0.003714000429632,0.5126615837906279,0.5126481304906161,0.26280810569552376,1.4813616,2.7458,0.3515113525106725,0.5778510486533726,-0.21582928369176102,2.889550625281475,1.2426216479593342,3.590618159849191,4.214263890538281,0.5126481304906161,0.2628081056955237,0.0013779156418915197,0.20267762585625015,0.20267294188226004,0.04107632137120996,0.68538621,1.3667799999999999,0.1357075619155722,-0.13555991553508986,0.2609408759916936,3.3816569890458092,1.265091911528804,4.278106904406703,5.050464398044374,0.20267294188226007,0.041076321371209965
196,602.5,0.003652391845453999,0.5129962823095093,0.5129832801341434,0.263151845697185,1.6260804,3.2,0.33532223987669907,-0.052737823821381945,0.15866250950020966,3.169770339619979,1.278086592222867,4.051240971494019,4.849306746244818,0.5129832801341434,0.2631518456971851,0.003872561871054,0.5066075643223623,0.5065927629696179,0.25663622749319137,1.4813616,2.6698,0.3474364360378564,0.5876319390306785,-0.18668325153947984,2.9240810921989837,1.2438175632740311,3.637023418914607,4.263690984438351,0.5065927629696179,0.25663622749319137,0.0007295076373840002,0.20195344573633947,0.20195212814770636,0.04078466206338761,0.68538621,1.3667799999999999,0.13447269944332246,-0.11863707861057385,0.29214229375772627,3.393783193453439,1.2690162001967562,4.306765852447896,5.096842800340128,0.20195212814770636,0.04078466206338761
197,605.0,0.002959501207368,0.5130672408368459,0.5130587051912652,0.26322923497253753,1.6260804,3.2,0.33322087650786675,-0.04733910274802886,0.2112998700860511,3.1693319521779597,1.2829148577073335,4.065983050455692,4.879887529980767,0.5130587051912652,0.2632292349725376,0.003485308472884,0.5054635311482311,0.5054515149306485,0.2554812339456876,1.5503616,2.7388,0.3469499106532735,0.5906424843628661,-0.17320683837496453,3.067207631138367,1.243471047095642,3.813983884751369,4.468545897823744,0.5054515149306485,0.2554812339456876,-0.0002009897590482998,0.20208644899444045,0.2020863490449054,0.04083889247029934,0.70158921,1.3629829999999998,0.13469561067426156,-0.1073443674945148,0.32888856082520945,3.4717281316537023,1.2686770618760939,4.404501845699,5.208701356250384,0.2020863490449054,0.04083889247029934
198,607.5,0.00263832715383,0.5156826447409205,0.5156758956135336,0.2659216293168199,1.5630804,3.0709999999999997,0.33663526720350206,-0.030209373525792664,0.19053266772285982,3.0310897912519303,1.2804006846654832,3.881009444001528,4.643246125056439,0.5156758956135336,0.2659216293168199,0.003532163035322,0.5085147361050842,0.5085024686865496,0.2585747606603154,1.5503616,2.7138,0.3480718831245547,0.5836762136567287,-0.1821367871573325,3.048803682416037,1.243864592495962,3.7922989500286115,4.454142018260106,0.5085024686865496,0.2585747606603154,-0.0004088117554879398,0.20274157157982098,0.20274115941170961,0.04110397771960425,0.70158921,1.3629829999999998,0.135654849929032,-0.09157819596522714,0.3014035886157864,3.4605098724105465,1.2664585814311542,4.382592424041565,5.171869714699011,0.20274115941170961,0.04110397771960425
199,610.0,0.0025525818930935986,0.5134979443840177,0.5134915999432618,0.2636736232122908,1.5630804,3.124,0.3345820950388768,-0.02628249984435444,0.2007429017255653,3.043985700614715,1.2815708876096639,3.901083456207924,4.67173953172353,0.5134915999432618,0.2636736232122908,0.0038801296372760006,0.5067943876325464,0.506779533850614,0.25682549592984566,1.6100616,2.7635,0.3472401111057235,0.571038952693797,-0.22649218529032655,3.1769523090444776,1.2417435103435372,3.9449599124268957,4.636738523303225,0.506779533850614,0.2568254959298456,-0.0005885983556444205,0.20155265708416426,0.20155179763441067,0.04062312712966243,0.78450621,1.4459,0.13564379002635618,-0.1036789644771953,0.24953068411250978,3.8923139061987473,1.2623894056670433,4.913615838715804,5.783576305613158,0.2015517976344107,0.04062312712966244
200,612.5,0.0026148522108455996,0.5092372485070692,0.5092305350378805,0.2593157378149661,1.5819196,3.12,0.33166531587839493,-0.03383179996049083,0.21856832985424646,3.106449115098539,1.2818555563495952,3.9820190587063458,4.769626259563453,0.5092305350378805,0.2593157378149661,0.004179558597040001,0.5064690417051019,0.5064517958262347,0.2564934214956181,1.6100616,2.7395,0.3478577106434765,0.5674218650847682,-0.24678201962056168,3.1789931218293086,1.2405718362196234,3.943769334477338,4.628506285002754,0.5064517958262348,0.25649342149561816,-0.0007635423513984201,0.20198541737439563,0.201983974203367,0.04079752583498642,0.78450621,1.4009,0.1369072708995891,-0.15397955106332942,0.2820918707844897,3.8839744977522654,1.2584348262890082,4.88772877238981,5.7302012146263195,0.201983974203367,0.04079752583498643
201,615.0,0.0029066426234119996,0.5082261200780884,0.5082178081868908,0.25828534055828734,1.5819196,3.159,0.3318021877300565,-0.055079905261240805,0.16289498586236562,3.1126294724028343,1.2788282502078785,3.980518501738389,4.767658739149118,0.5082178081868908,0.25828534055828734,0.004125842198263998,0.5090626416556379,0.5090459218533938,0.25912775055557147,1.6027616,2.7382,0.3476178438537709,0.5670743981157798,-0.2128007524898945,3.148456533339976,1.2449880238124174,3.9197906775022306,4.610700021124975,0.5090459218533938,0.25912775055557147,-0.0009310740000938399,0.20251376167814794,0.2025116213214443,0.041010956770240053,0.71239379,1.4190182,0.13548055262659695,-0.14947713305700228,0.2996650058752195,3.517754961918078,1.2660504433711113,4.4536552292073095,5.258273428832664,0.2025116213214443,0.041010956770240053
202,617.5,0.0026790116423000016,0.5137131004171298,0.5137061148524519,0.2638939724368005,1.5770804,3.151,0.33380050228838815,-0.05608183092463983,0.1613406350116362,3.0699633681123313,1.280775283342289,3.931933202644519,4.724619613176842,0.513706114852452,0.26389397243680063,0.0038890233595679988,0.507657038906698,0.5076421423097431,0.25770054464882547,1.5136616,2.6491,0.3467432158048985,0.5658239448592224,-0.2195693517921664,2.981661799193914,1.2441851377424957,3.709739296331618,4.365367600592624,0.5076421423097431,0.25770054464882547,-0.0010088880048876997,0.20175691666034232,0.2017543941659807,0.04070483556528191,0.71239379,1.4190182,0.1349386127146242,-0.1385314628823734,0.2295071193576499,3.530951016659888,1.2652456945153288,4.467520571373447,5.279391685362963,0.2017543941659807,0.04070483556528191
203,620.0,0.0021382556929419997,0.5145887295795929,0.5145842870443393,0.26479698847293104,1.6299196,3.124,0.3356839794604986,-0.03648246547649675,0.1633356645747357,3.1674218775285006,1.2792434522817766,4.051903697442386,4.855517986350015,0.5145842870443395,0.2647969884729311,0.0039026467536500005,0.506656183856832,0.5066411530745248,0.25668525798868413,1.5136616,2.6481000000000003,0.34834780756032097,0.5819948509043739,-0.21658958467906508,2.987551811718777,1.2405546572814823,3.706221313897459,4.345259442282811,0.506641153074525,0.2566852579886842,-0.0009918743616531397,0.20103206796822068,0.20102962104334274,0.04041290853682999,0.68020621,1.3126,0.13555434062831662,-0.1428335274038451,0.21978444569808664,3.3835706754383463,1.2607500039308193,4.265836742359101,5.017959637789041,0.20102962104334274,0.040412908536829995
204,622.5,0.0021482204740740003,0.5146797752438296,0.5146752919985897,0.2648906561938337,1.6299196,3.239,0.335885585280835,-0.03163100407785893,0.18407376094449956,3.1668615679095327,1.2800644086042228,4.053786780057558,4.852603599041677,0.5146752919985899,0.26489065619383373,0.004363735391914,0.5079009842430078,0.5078822379336034,0.2579443676084454,1.4938616,2.6283000000000003,0.34895077173382255,0.587230719042578,-0.1950849343515353,2.9412457277012374,1.2417587028133261,3.652317479485526,4.281009589339749,0.5078822379336034,0.2579443676084454,-0.0012067637571996402,0.2021083633370225,0.2021047605871871,0.040846334252004214,0.75158621,1.46698,0.13530724757236284,-0.11936209622733789,0.3142054770846259,3.718728891721837,1.2659047561699017,4.7075565909371,5.5546633568024415,0.2021047605871871,0.04084633425200422
205,625.0,0.0025345626514400007,0.5124985338412431,0.5124922664602752,0.2626483231815897,1.6259196,3.2350000000000003,0.3331225600310486,-0.03726674130534547,0.244036070409813,3.1725351247612776,1.2836946620970955,4.072566404971595,4.880845055490857,0.5124922664602752,0.2626483231815897,0.004362382636332002,0.504774664198216,0.504755813472372,0.254778431234156,1.6246616,2.7011000000000003,0.3453017896363989,0.5895919339648569,-0.18334473532870632,3.2185878476698355,1.2444749611697536,4.005451986750359,4.705048304877773,0.504755813472372,0.254778431234156,-0.0021073357556292,0.2015428793170733,0.2015318618467795,0.040615091339429414,0.75158621,1.46698,0.13455881794774455,-0.10391630194106422,0.34599981005681046,3.7291628091587503,1.2676321495959908,4.727206667967331,5.58555895082161,0.2015318618467795,0.040615091339429414
206,627.5,0.002347121095444,0.5126460926857749,0.5126407195771279,0.2628005073685555,1.6259196,3.201,0.3346097277086375,-0.02849559768917888,0.21221078540788696,3.1716219497192255,1.2801882933595585,4.060273290992771,4.859152216327001,0.5126407195771278,0.26280050736855537,0.0039469076003420004,0.5048483754084907,0.5048329466991894,0.25485630407298665,1.6246616,2.7911,0.34367909545597436,0.5963031976875669,-0.18367564384949064,3.218117912502796,1.2468312250704268,4.0124498992669455,4.7272633729569415,0.5048329466991894,0.25485630407298665,-0.0030346031537316002,0.20132717807927136,0.20130430650401399,0.04052342381706201,0.72241621,1.4148100000000001,0.1342912855684664,-0.11204565049377165,0.34486243412735895,3.588269685653434,1.2676138482861492,4.54854034491968,5.379471995833169,0.201304306504014,0.04052342381706202
207,630.0,0.002110564432008001,0.5144113816403437,0.5144070519334913,0.26461461507890566,1.6389196,3.194,0.33629407508160636,-0.029809915561357727,0.1608480977757667,3.1860095995035125,1.277871397557495,4.071310539549148,4.873471528162646,0.5144070519334913,0.2646146150789057,0.003678917358794,0.5080198283793605,0.5080065074323971,0.2580706115936621,1.5633616,2.7298,0.3458665878890919,0.5895790042014019,-0.2003025025315721,3.0773633481734293,1.2463139757401778,3.8353609492591314,4.520129017207406,0.5080065074323972,0.2580706115936622,-0.0031358035557144,0.2016657439216662,0.201641362342995,0.04065923900753901,0.72241621,1.4148100000000001,0.13389703996639826,-0.12062900563969656,0.3358124165392007,3.5822455314007664,1.269647665901343,4.548189677628499,5.395311279332925,0.20164136234299504,0.04065923900753902
208,632.5,0.0026462794354200013,0.5155890625191782,0.5155822714121916,0.26582507859455484,1.6389196,3.1239999999999997,0.3388439261297948,-0.031597499561205916,0.149011065107286,3.1787322872836103,1.2756427415051508,4.054926769461403,4.836797928531287,0.5155822714121916,0.26582507859455484,0.003875949874424001,0.5060920780930914,0.5060772357270722,0.2561141685211546,1.5125616,2.637,0.3456152837001725,0.579730926195449,-0.1939317565427343,2.988708311142102,1.2451635196420971,3.7214305598852877,4.37643145814169,0.5060772357270722,0.2561141685211546,-0.00326670076402964,0.20251732065896905,0.20249097222593895,0.04100259383300598,0.70218821,1.344582,0.1342389968875826,-0.1048174960132981,0.31871371873105137,3.467299526357335,1.272050559753885,4.410580303337229,5.23088093833152,0.20249097222593898,0.04100259383300599
209,635.0,0.0028844424614880007,0.513825019608444,0.5138169233951955,0.2640078307673042,1.5699196,3.08,0.34000821640294376,-0.02323533301403818,0.10537928058479284,3.0553584198689743,1.270976595415587,3.883289042259416,4.617299007090723,0.5138169233951955,0.2640078307673042,0.003797707554100002,0.5042792588621233,0.5042649584651564,0.2542831483358659,1.4403616,2.5648,0.34639484250204505,0.5935219118774824,-0.19880016642711373,2.8562776967073593,1.2412354642769468,3.5453131729764475,4.158149669885735,0.5042649584651563,0.25428314833586585,-0.00393996836222364,0.2022034249498724,0.2021650358265824,0.04087070171076335,0.67329621,1.31569,0.13436708048645138,-0.1108539178783155,0.33001713397553045,3.3297962691132192,1.2715189745794617,4.233899137661358,5.010871766823053,0.20216503582658243,0.04087070171076336
210,637.5,0.002975907768288001,0.5116628348540734,0.5116541806179847,0.26179000054386137,1.5479196,3.0789999999999997,0.33754374921273494,-0.02458723530570394,0.10974309723372411,3.0252726884911776,1.2725405813984279,3.849782265901348,4.585833995179193,0.5116541806179847,0.26179000054386137,0.0034497884344260013,0.5048370373725135,0.5048252502230988,0.25484853326281426,1.4886616,2.6151,0.3477125676596672,0.5851259775874983,-0.2275717415679046,2.948796323954206,1.2389181999858203,3.653317433798149,4.2812993790235,0.5048252502230988,0.2548485332628143,-0.004148305958462,0.20071319493013642,0.20067032211250851,0.04026857817673792,0.71083421,1.333228,0.13419522651704993,-0.13464488213921924,0.3011421212402521,3.5415420010001077,1.2666125992204402,4.485761719135105,5.297015612620813,0.2006703221125085,0.040268578176737915
211,640.0,0.003458396971132,0.5104604457340891,0.510448730186916,0.2605579061494351,1.5899196,3.122,0.33706825975221844,-0.03347248632386048,0.1419202596768825,3.1146773727267925,1.2731997934527475,3.965606587627698,4.716906899417829,0.510448730186916,0.2605579061494351,0.0032026111569780015,0.5035380598208553,0.503527875067437,0.2535403209699285,1.4886616,2.6341,0.3458684983953601,0.5686949988826939,-0.22974536151513902,2.956403336283307,1.2410670787462217,3.6690948521567073,4.304126010048826,0.503527875067437,0.2535403209699285,-0.0042236759602632,0.20029282653583236,0.20024828819017587,0.040099376923095724,0.71083421,1.387228,0.13419373193088316,-0.13303434299249317,0.33344469610348915,3.548974879900813,1.2661520481403594,4.4935418129851,5.297074608269462,0.20024828819017587,0.04009937692309573
212,642.5,0.0031658708597553996,0.5108969600882914,0.5108871510315723,0.26100568108915656,1.5959196,3.128,0.33727565043026014,-0.03168416157586402,0.14454220664058948,3.123760219133421,1.2731782024777887,3.977103420767912,4.73179607826446,0.5108871510315723,0.26100568108915656,0.003588523402376002,0.5012342362439317,0.5012213902885911,0.25122288208282817,1.4743616,2.6197999999999997,0.34317610664938797,0.5698715082534194,-0.23463614487041928,2.941462281284561,1.2430565041857193,3.656403820567737,4.296224508154083,0.5012213902885911,0.25122288208282817,-0.0041907003721332005,0.19857367328825892,0.19852944807655915,0.0394139417535832,0.67639379,1.34783,0.13210503546579203,-0.12870574322095318,0.421142072547525,3.406261156372501,1.2720991803474375,4.333102025070773,5.1201211794470085,0.19852944807655917,0.039413941753583204
213,645.0,0.002444554115331001,0.5138197059220257,0.513813890770748,0.2640047143489742,1.5959196,3.1029999999999998,0.3370013216570679,-0.024519200667754856,0.17771597383832605,3.105991423852061,1.2774097411641556,3.967623700800948,4.73564789643171,0.5138138907707481,0.26400471434897427,0.003841933799304001,0.5048226300400876,0.5048080103814448,0.25483112734527297,1.4969616,2.6234,0.3448466552468572,0.579515901840963,-0.2299251380278906,2.9653218990621064,1.244178737275363,3.6893904559900728,4.340948584606122,0.5048080103814448,0.25483112734527297,-0.0036720855706056403,0.20023778085197277,0.2002041075205122,0.040081684668084816,0.72611621,1.40651,0.13252556199951454,-0.1419809352979021,0.4205442376795028,3.6262697624320293,1.2745012548039643,4.621685362477295,5.479065314227152,0.2002041075205122,0.040081684668084816
214,647.5,0.002824995792125601,0.5106596534615144,0.510651839389822,0.2607653010722085,1.6319196,3.194,0.3328758366749769,-0.03049529803950987,0.22430879754935606,3.1957089011007773,1.2820179709413209,4.0969562411083364,4.902487414829758,0.510651839389822,0.2607653010722085,0.0034597415538740023,0.5063304553952745,0.5063186350996441,0.2563585602491666,1.4969616,2.7904,0.3458692679869918,0.5877666271245396,-0.17960216629464298,2.9564913270551227,1.245012519314817,3.680868715429305,4.328113939444602,0.506318635099644,0.25635856024916653,-0.00390739357014764,0.2004144045666514,0.20037631055914118,0.04015066583329339,0.72611621,1.42251,0.13183106758257954,-0.12038468201625913,0.4171886244233969,3.623073958032378,1.277901036701746,4.6299299670166745,5.507929377459966,0.20037631055914118,0.040150665833293395
215,650.0,0.003058122122518,0.5089352942654537,0.508926106265092,0.25900578163814775,1.6319196,3.194,0.3303579317430969,-0.026377170318156833,0.217130913560732,3.2065365055008606,1.2840371844332104,4.11731210630563,4.93985293886954,0.508926106265092,0.2590057816381478,0.003212943152674002,0.5045914937441394,0.5045812645701775,0.2546022525552395,1.5566616,2.8501000000000003,0.34618826183238727,0.5858510223193164,-0.16604191250158307,3.0849937410742965,1.2428293140727602,3.834120655138126,4.496575336669512,0.5045812645701776,0.25460225255523955,-0.0044522363771681995,0.2000926043772928,0.20004306515780454,0.04001722791772963,0.69639379,1.38229,0.131919723007814,-0.1044756734186717,0.4017834515031158,3.48035746831945,1.2770551637291905,4.444608476540806,5.278920953758754,0.20004306515780454,0.04001722791772963
216,652.5,0.0022462533429239997,0.5115056673699182,0.5115007351876094,0.2616330020974649,1.7340804,3.468,0.332517378743211,-0.02438794600997594,0.20936775006481234,3.3901489477455238,1.2830525743780974,4.349739334930092,5.215006826272249,0.5115007351876094,0.2616330020974649,0.0033274788558440003,0.5072416759056534,0.5072307617446321,0.2572830456600398,1.5566616,2.7351,0.34854179612961594,0.5767075367287086,-0.21585416601832375,3.068875595091161,1.2409322654062669,3.80826674446648,4.466212136638866,0.5072307617446321,0.2572830456600398,-0.00486834437397752,0.20095134252437613,0.2008923624367176,0.04035774128540551,0.74439379,1.42168,0.13290481178515035,-0.1167334777109953,0.37829690186229126,3.7043484290715916,1.2749670765217844,4.722922287031472,5.600954397372483,0.2008923624367176,0.04035774128540551
217,655.0,0.002456855907822,0.514281364502095,0.5142754959486063,0.26447928573318497,1.7340804,3.468,0.3367195505661403,-0.02633411807476813,0.1637958302574667,3.371851518825423,1.277577668565976,4.307802202171629,5.14992490660082,0.5142754959486062,0.26447928573318485,0.0028829687450080002,0.5066477571621705,0.506639554642818,0.25668363832867297,1.4399616,2.6494,0.3460563033987414,0.5664595216591585,-0.24249655295629902,2.842135546134648,1.2435365835177297,3.534299526934577,4.1610616129734606,0.5066395546428181,0.2566836383286731,-0.0049693043710113205,0.2015568646355528,0.20149559721190638,0.04060047569578281,0.74439379,1.4272200000000002,0.13359622802600998,-0.11009716167158826,0.36897859762107243,3.6932197340238626,1.2739595303957643,4.7050124780054094,5.571967120621649,0.20149559721190635,0.0406004756957828
218,657.5,0.002940100960353201,0.5150142337145117,0.5150058414570544,0.26523101673488864,1.6999196,3.319,0.3382514411830151,-0.01768786823895447,0.14439853453581009,3.3007235309584044,1.2745863569553115,4.207057180640945,5.02560933385717,0.5150058414570544,0.26523101673488864,0.002639294721444001,0.5030346026381598,0.5030276787361753,0.25303684557470474,1.4537616,2.6632,0.3436678095255352,0.5594828778778311,-0.2416599311252745,2.889983298118583,1.2436454938252306,3.594114705935354,4.230136078229295,0.5030276787361753,0.25303684557470474,-0.00548041376942564,0.2011887278954813,0.2011140703608723,0.0404468692971179,0.70658321,1.395977,0.1341259228326219,-0.08666618964041771,0.3630117245392235,3.5120417400674357,1.270115463396914,4.460698522155055,5.2680585160391225,0.20111407036087234,0.04044686929711791
219,660.0,0.0027570680425992003,0.5158632944442703,0.5158559267185988,0.2661073371307044,1.6999196,3.2110000000000003,0.338308994050729,0.0019354222825438978,0.17339240699376646,3.2952908615669028,1.276392674422772,4.2060851157962995,5.024754381035165,0.5158559267185988,0.2661073371307044,0.0029557555742880017,0.5050483117406459,0.5050396625029184,0.2550650607010617,1.5280616,2.7475,0.3462850654896305,0.5613823939980149,-0.22251802556977918,3.025575107326951,1.2421265559925037,3.758147187960675,4.412727409538711,0.5050396625029184,0.2550650607010617,-0.00603764745226528,0.20043733574369796,0.20034638098372043,0.04013867237327405,0.70685961,1.3962534,0.1328412028535626,-0.09423514042871636,0.42147873356832166,3.526586538267857,1.2741915630029657,4.493546813260739,5.321087093581998,0.20034638098372043,0.04013867237327406
220,662.5,0.0020976053921000007,0.5143464899951976,0.5143422127552812,0.264547911821999,1.6030804,3.157,0.3367246638713314,0.003490349732017242,0.20460653523666705,3.1167324579486637,1.2787947385324991,3.9856610686382146,4.760804811769198,0.5143422127552812,0.26454791182199905,0.0025328022944719995,0.5042766733604642,0.5042703126380071,0.2542885482080334,1.5280616,2.7475,0.34710002653903205,0.5682008140933942,-0.21417525205627408,3.03020480764479,1.239979788425878,3.757392716270465,4.402366704596511,0.5042703126380071,0.2542885482080335,-0.00596905404826524,0.20120916033733147,0.20112060212077443,0.040449496597422856,0.75666621,1.42706,0.13351584796112062,-0.11035652424420621,0.38917469976091734,3.76059523697347,1.2724963978698989,4.7853438928954395,5.6672389199845306,0.20112060212077446,0.04044949659742286
221,665.0,0.0020401461477740006,0.5145644197320343,0.5145603753281639,0.2647723798578609,1.6030804,3.202,0.3352211368711463,-0.011081053785940024,0.21158135453526672,3.1154124508546936,1.2814805746078157,3.9923405376616166,4.782157876328063,0.5145603753281639,0.2647723798578609,0.0024351611952959998,0.5013214684780967,0.5013155540644915,0.25131728474698806,1.5217616,2.6772,0.3453240891696671,0.5720326888902417,-0.2066309324903366,3.035500563380496,1.2399700233085302,3.7639297043279707,4.406763523677369,0.5013155540644915,0.2513172847469881,-0.00565193495685152,0.20247356445943626,0.20239466380355242,0.04096359993615301,0.75666621,1.42706,0.1346543206416904,-0.1012826523421144,0.3659815639944064,3.7371111237170482,1.270066659867887,4.746380242454436,5.61932366071979,0.20239466380355245,0.04096359993615302
222,667.5,0.002335691066891999,0.5153574286957259,0.5153521357859209,0.26558782385911023,1.6020804,3.201,0.3361146642339942,-0.020339156658226904,0.17474008883546066,3.1086781926372313,1.2799449898302169,3.978937077660478,4.76646981068542,0.515352135785921,0.2655878238591103,0.002836332657132001,0.5042827790554443,0.5042748025322503,0.25429307646894006,1.5754616,2.6839,0.346144768079376,0.560703757334608,-0.2233332805622008,3.124163000273271,1.241628617652048,3.879050187348976,4.551452875459102,0.5042748025322503,0.25429307646894006,-0.006143508957016,0.20275935553448468,0.2026662615100368,0.04107361355445463,0.70996921,1.364363,0.1348885418741635,-0.1032485206899103,0.3310200329856907,3.5015361344411584,1.2701717382162263,4.4475522383100525,5.263376711880576,0.2026662615100368,0.04107361355445462
223,670.0,0.002759878632673999,0.5181844552751862,0.5181771055911042,0.2685075127587744,1.6770804,3.247,0.3374701087076438,-0.018123183185903027,0.1563334927967377,3.236454476638772,1.2805549775775202,4.144457889762828,4.969567249740876,0.5181771055911042,0.2685075127587744,0.0033127806190719994,0.5070042570010398,0.5069934339828734,0.25704234210174626,1.5754616,2.6839,0.3459331508573804,0.5543236233408123,-0.24703072284774663,3.1073932383111504,1.2440956839193424,3.865894516023051,4.554237129616766,0.5069934339828734,0.25704234210174626,-0.00708638435806738,0.20331756461403555,0.20319403346878143,0.041287815237312266,0.75700621,1.4314,0.13636173807223573,-0.10674900588625891,0.2813800162812239,3.7232701042679217,1.2651096666610213,4.710345000499337,5.551456154064174,0.20319403346878145,0.04128781523731227
224,672.5,0.0024991058741059987,0.5182159282477135,0.518209902220586,0.2685415027594693,1.6770804,3.271,0.3375606871303926,-0.02064762954565209,0.13468863975878032,3.2362579160213216,1.2801669864758571,4.142950543811653,4.968233754519462,0.5182099022205862,0.2685415027594694,0.003212578155488,0.5049790423767472,0.5049688233755936,0.25499351258133146,1.5165616,2.617,0.3451384998339673,0.5704989792889096,-0.22886341898390716,3.0032169114625287,1.243941348927477,3.735825695966509,4.39406673184695,0.5049688233755936,0.25499351258133146,-0.0071485323569253,0.20333877968962277,0.20321308474310146,0.04129555781080694,0.75700621,1.4314,0.13551144708208582,-0.10010718425739043,0.32855327670525547,3.7228816419351864,1.2685385511171157,4.722618884040971,5.5862897659224675,0.20321308474310149,0.041295557810806946
225,675.0,0.0022862040912851986,0.5161034308959621,0.51609836722609,0.26635752465343604,1.5939196,3.048,0.3382280640611774,-0.007585760291323925,0.08615789831878962,3.088372416422296,1.2751306388521881,3.938078292366038,4.712558682628115,0.51609836722609,0.2663575246534361,0.0032222814111800007,0.5042475115983365,0.5042372158573994,0.25425516985562163,1.5206616,2.6581,0.3475672254844109,0.5800119543946656,-0.21624151763281674,3.015704718462346,1.2399595891608546,3.7393519837350215,4.375158209697781,0.5042372158573994,0.25425516985562163,-0.007564284363522001,0.20123743795355323,0.2010952213161167,0.04043928803617796,0.73939379,1.46906,0.1335174177287175,-0.06779977895035451,0.3895151453166803,3.674235756125341,1.2722210873207451,4.674440208730542,5.537807745071212,0.20109522131611673,0.04043928803617797
226,677.5,0.0022225547688947997,0.5163127371497725,0.5163079534477358,0.2665739027933894,1.5849196,3.101,0.3382582837567917,0.006203125519117995,0.08353508308507163,3.069689135986287,1.2748170012765867,3.9132918991893546,4.68553077960852,0.5163079534477358,0.2665739027933894,0.0036533302102480006,0.5065561607747103,0.506542986524529,0.25658579719718916,1.5206616,2.6611000000000002,0.35016738952175336,0.5856175883463406,-0.2225146688168178,3.0019605282745947,1.2380221500086057,3.7164936274554834,4.3426705213094445,0.506542986524529,0.2565857971971892,-0.008042324363641239,0.2001430094401778,0.1999813622480882,0.039992545246601084,0.73939379,1.46906,0.13319837414644778,-0.04885702834279287,0.3924933850516963,3.6943273315823846,1.270961799052589,4.695348911637098,5.551072186414662,0.1999813622480882,0.039992545246601084
227,680.0,0.0020193997461696008,0.5178975778902651,0.517893640827215,0.2682138232092684,1.6059196,3.142,0.3383064457083278,-0.00160887320999157,0.16097317531551436,3.100844005762604,1.2786475496595757,3.9648865898449372,4.746937637081115,0.5178936408272151,0.26821382320926845,0.0036794132158040013,0.5046135238101599,0.5046001093246951,0.25462127033049425,1.5217616,2.6622000000000003,0.34679199735451116,0.5838854468767497,-0.2149692626345976,3.0156972181595756,1.2409621478601962,3.7423660971433264,4.3881104858494355,0.5046001093246951,0.25462127033049425,-0.00819236435949412,0.20076013361839096,0.20059291217955702,0.04023751641667548,0.70739379,1.36939,0.1336840060854772,-0.035628211863565705,0.4062549851654973,3.5235770033139593,1.2713545884995072,4.479715791094546,5.2915364426444125,0.20059291217955702,0.04023751641667548
228,682.5,0.002138393273990001,0.5172431301317337,0.5172387098262071,0.26753588294267927,1.6169196,3.1879999999999997,0.33858349228553974,0.011871866281309287,0.21492146504071385,3.126033978620839,1.2793013959094357,3.999139632509966,4.77554174034094,0.5172387098262072,0.2675358829426794,0.0028302554186060013,0.5024311911672243,0.5024232195191435,0.2524290915119814,1.5405616,2.698,0.3446311484247644,0.5783697382112095,-0.21905829815800493,3.06621409475204,1.2425087036815485,3.80979770008045,4.47017516275467,0.5024232195191435,0.2524290915119814,-0.00907369036204848,0.20099358717427632,0.20078867056783128,0.04031609022839708,0.67825621,1.3526500000000001,0.1345572846871691,-0.0373511278228038,0.41926822228246996,3.3745166675984626,1.2684673327928973,4.280464156813798,5.040650244814847,0.20078867056783128,0.04031609022839708
229,685.0,0.002130888175039999,0.5161978204427536,0.5161934222221694,0.26645564914543485,1.6169196,3.203,0.33719834695100287,0.027652250450742315,0.20199743120971547,3.1323642525517332,1.279329600246485,4.007326307043389,4.795158738530082,0.5161934222221694,0.26645564914543485,0.0027149033738240007,0.5045233805184169,0.5045160758483342,0.2545364707894021,1.5405616,2.698,0.34630696350198614,0.5651598652842644,-0.23071044303802335,3.0534989249001985,1.2425346938467166,3.794078351812147,4.44854352456925,0.5045160758483342,0.2545364707894021,-0.0096942611684012,0.20083088770519714,0.20059677653655436,0.04023906675685633,0.71488021,1.3772739999999999,0.13405420559699133,-0.05765097607408003,0.42645068695686117,3.5596128572084194,1.2704144672391293,4.522183671567989,5.332769731590163,0.20059677653655442,0.040239066756856345
230,687.5,0.0025887081460979986,0.5131290849129486,0.5131225549259498,0.26329475637373445,1.6449196,3.231,0.33363018669450184,0.016048604054161808,0.1555525963925457,3.2056643218325025,1.2796252905809382,4.1020491393298615,4.930368011052364,0.5131225549259498,0.26329475637373445,0.003512796072114,0.5036848164392203,0.5036725668280602,0.25368605457516674,1.4991616,2.6256000000000004,0.34450551275817565,0.5571180643083247,-0.20955684038892164,2.976388310845388,1.2443062405670045,3.703538549535602,4.351633121912713,0.5036725668280602,0.25368605457516674,-0.00917631277044324,0.2011007904705519,0.2008913218927583,0.040357323211819826,0.71639379,1.4312740000000002,0.13344547960799527,-0.0676434800089467,0.411275040978595,3.5623618799494716,1.2734950443998483,4.536650200474579,5.368438047541611,0.2008913218927583,0.040357323211819826
231,690.0,0.003351815689915999,0.5118155802706263,0.5118046048438201,0.2619439535393388,1.6449196,3.1719999999999997,0.33470321508037465,0.005246451513885942,0.12478851867564877,3.2138912206037893,1.2767894780826496,4.103462494169122,4.914561694918269,0.5118046048438201,0.26194395353933886,0.003730476110764,0.5014349300391588,0.5014210532191116,0.25142307261136315,1.5368616,2.6783,0.3444546619015025,0.5623673986828727,-0.2125668489964201,3.064927287534558,1.2413786940100253,3.804735433435339,4.461723907338112,0.5014210532191116,0.25142307261136315,-0.008531187966167541,0.20194347680487656,0.20176319450268337,0.040708386655927645,0.75881621,1.4752100000000001,0.1334357041384832,-0.0846375882991112,0.4030985634629851,3.757567325302562,1.275342895636827,4.792186793201696,5.686755392038699,0.2017631945026834,0.04070838665592765
232,692.5,0.0032629822148779993,0.5136842615847503,0.5136738980588128,0.26386087354693566,1.6209196,3.2,0.33755125324941226,0.010152983217434108,0.0984147873239607,3.1554784158645517,1.2738342093460244,4.019556352981267,4.801995502598011,0.5136738980588128,0.26386087354693566,0.0029661327944760004,0.5021025626322904,0.5020938014536315,0.25209818545815865,1.5368616,2.7003,0.3454079730655561,0.5613783970556961,-0.24057512287579197,3.060851934200353,1.239866234204068,3.7950469611132296,4.44940974106673,0.5020938014536314,0.25209818545815854,-0.0085108657601459,0.2017695445667863,0.20158996571928164,0.040638514278701146,0.75881621,1.49021,0.13403083258071485,-0.07381804180090369,0.4073273799054111,3.7608064766624363,1.2723107491750545,4.784914505824781,5.661504859660052,0.20158996571928164,0.040638514278701146
233,695.0,0.0031415901187799994,0.5175432264792089,0.5175336913535536,0.26784112168603535,1.6560804,3.277,0.33936052515383336,0.011144676201873762,0.13761654852069327,3.1998880774967096,1.2759248637647422,4.082816759342412,4.880003056481872,0.5175336913535536,0.26784112168603535,0.0023607312796960008,0.5011419229964651,0.5011363626124331,0.25113765393242,1.4493616,2.6128,0.3429213287698851,0.5690538444747235,-0.22625467107637087,2.892118047785484,1.2437417537091449,3.5970479726865867,4.226513425685994,0.5011363626124331,0.25113765393242,-0.00923826976778324,0.20176822474221726,0.20155661955719428,0.040625070887323554,0.76804621,1.4994399999999999,0.13467264844967652,-0.08418225495796403,0.41820273604006486,3.806576635053759,1.2703967569763193,4.835862612354125,5.703060115335875,0.20155661955719428,0.040625070887323554
234,697.5,0.0028939752596915994,0.518484380534647,0.5184763039576571,0.26881767776559284,1.6560804,3.241,0.3403719630351409,0.023648177834459914,0.14229063632305872,3.194079633203791,1.2755782398087125,4.07429847633095,4.865501803475576,0.5184763039576571,0.26881767776559284,0.002564932037888,0.4998861073267048,0.49987952690812093,0.2498795414218868,1.6039616,2.7484,0.3422887026771801,0.5825023987599675,-0.1857896001859083,3.2086540843827,1.2446126470949146,3.993531453575462,4.685990473698839,0.499879526908121,0.24987954142188684,-0.009184976380351241,0.2001954201839,0.19998460558628173,0.03999384247150066,0.76804621,1.46044,0.1321306122385006,-0.0953592248609103,0.4797873484399493,3.8364824195002605,1.2784346380750646,4.904692013455164,5.8127802254760494,0.19998460558628173,0.03999384247150066
235,700.0,0.0024809785372456,0.5187799262822249,0.5187739938151184,0.2691264566588884,1.5989196,3.178,0.3407718511219225,0.03343514612626527,0.13286397912627956,3.082076847996931,1.2746673456036328,3.92862271478266,4.692053039991068,0.5187739938151184,0.26912645665888846,0.0025485854973280007,0.5029510400848488,0.5029445828661384,0.252953253434394,1.6039616,2.7484,0.34577013350648284,0.5855316740297779,-0.1950244788765101,3.189100870990164,1.2414808675776086,3.9592077161093755,4.638808979058128,0.5029445828661385,0.2529532534343941,-0.008897948576239599,0.19997888606582306,0.19978083337312924,0.03991238138326203,0.76739379,1.48785,0.1316058889985627,-0.08265191825224466,0.4923527579916942,3.8373740603166087,1.2793765275105387,4.90944630004688,5.8309988697267245,0.19978083337312924,0.03991238138326203
236,702.5,0.002668517954475999,0.5178264065276652,0.517819530637153,0.26813706630928147,1.5989196,3.178,0.33948554940556647,0.025484317993053156,0.17440206085867782,3.087752149840541,1.2766620174460235,3.942015888988721,4.709831104150624,0.5178195306371531,0.2681370663092815,0.0024174499523859994,0.5034991002184313,0.5034932967344228,0.25350549985649756,1.5311616,2.6196,0.3476221004048478,0.5828112503470162,-0.20217567897609534,3.041041382865911,1.2389035459674027,3.7675569526661903,4.4046727702777755,0.5034932967344228,0.2535054998564975,-0.009997196769315202,0.20138090756123697,0.2011326079653497,0.04045432598694306,0.76739379,1.48785,0.13378221313741287,-0.057695085964959134,0.4585663061261376,3.81065811696497,1.27322618778522,4.851829707216114,5.736142137309241,0.20113260796534974,0.04045432598694307
237,705.0,0.003149731453494001,0.5166219735788007,0.5166123718768512,0.2668883427762259,1.5849196,3.1470000000000002,0.3385965907721978,0.027643001448052203,0.18046811825371778,3.0678517001914773,1.2768234827207605,3.9171050923092885,4.680849255999473,0.5166123718768512,0.2668883427762259,0.0024034351968699992,0.5012535782788112,0.5012478161913194,0.25124937323656676,1.4988616,2.5782999999999996,0.3446500080773061,0.5866354726224309,-0.19626931830269978,2.9902262346869297,1.241260173532334,3.711648734968436,4.3489382413239355,0.5012478161913195,0.2512493732365668,-0.010708714165420798,0.20218223373918578,0.2018984375390014,0.04076297908069006,0.76922621,1.45662,0.13401815359550412,-0.07799344967036907,0.4404399531947836,3.8046182187911652,1.2737703569762586,4.846209906707999,5.7397165187165,0.20189843753900144,0.040762979080690064
238,707.5,0.002472979194152001,0.5193666617042847,0.5193607740903794,0.26973561366375814,1.6169196,3.147,0.3417327757676466,0.04292244780359505,0.14745619487871187,3.1132525809302645,1.2740578589842821,3.9664639177373036,4.7315321053646535,0.5193607740903795,0.2697356136637582,0.002411616840511999,0.5059520870040817,0.5059463394946152,0.2559816984480004,1.5349616,2.7034000000000002,0.34661820161874574,0.5869240315184171,-0.2156843388305152,3.0338082190529967,1.2428684054730221,3.7706243837253473,4.428392948874461,0.5059463394946153,0.2559816984480005,-0.011128055958616,0.2019873456322324,0.20168057458797767,0.04067505416613682,0.76922621,1.4356200000000001,0.13402936200522828,-0.10367643303294308,0.44486346158269363,3.808289116292292,1.273104659440631,4.84835061844876,5.73923652617248,0.20168057458797767,0.04067505416613683
239,710.0,0.0017736670913239983,0.5222376716459548,0.5222346596992937,0.27272903979123714,1.6169196,3.121,0.3438297752404735,0.04972314480781926,0.09930107063291649,3.0961374251380556,1.2729855892124666,3.9413383244221376,4.702674743247967,0.5222346596992938,0.2727290397912372,0.002484911375218001,0.5053506141477628,0.5053445047044426,0.25537306843497837,1.5349616,2.7034000000000002,0.3462809336958949,0.567078741326321,-0.2466386157729601,3.0374190849428397,1.2423347504061781,3.7734912807714247,4.43270607947479,0.5053445047044426,0.25537306843497837,-0.0113843483601778,0.2008814259539743,0.20055857973598679,0.040223743905716175,0.71098621,1.40038,0.13344595107575305,-0.0922650716811173,0.4380140319367909,3.5393327512664126,1.2726977420646086,4.504500800952083,5.327896457468354,0.20055857973598679,0.040223743905716175
240,712.5,0.0018878480104999988,0.5168790664117288,0.5168756188141879,0.2671604053245496,1.6069196,3.1109999999999998,0.3402974509530065,0.0509468537411739,0.0756062494960017,3.1088889150716366,1.2724932756711507,3.9560402392372365,4.722102958749192,0.5168756188141879,0.26716040532454965,0.0023426513389359998,0.49869934782325975,0.4986938454643779,0.24869555150404882,1.4399616,2.5724,0.34051136739524795,0.564603670205491,-0.2366793188802001,2.8874342954030205,1.2440001216035346,3.591968614603574,4.228820937800197,0.4986938454643779,0.24869555150404882,-0.011224188367111,0.2007719717724838,0.20045798124522415,0.04018340224491063,0.69939379,1.39462,0.13231767300236433,-0.08394011073417534,0.4534933029708661,3.483523042711151,1.277221083143972,4.449229073768522,5.285717124026983,0.20045798124522415,0.04018340224491063
241,715.0,0.0022938899287516003,0.5119836307199123,0.5119784919253331,0.2621219761941383,1.5979196,3.115,0.3361585903303961,0.06189874210636733,0.08962789306928265,3.1210365021888054,1.2731622943457768,3.973585993863617,4.753469481263211,0.511978491925333,0.26212197619413824,0.001696229359202001,0.5003900868750604,0.5003872119157238,0.25038736184879146,1.5570616,2.6455,0.34124128400311454,0.5659262507876331,-0.20468729474029201,3.111695536823802,1.244850540350065,3.8735958704199955,4.562934419112631,0.5003872119157238,0.2503873618487914,-0.01069325237049,0.20114698744030113,0.2008625522840175,0.04034576491004967,0.73239379,1.4276200000000001,0.13266496454821575,-0.09445903873155377,0.44515441930591804,3.6410875416037185,1.277132163159851,4.650150008262741,5.520627035887978,0.2008625522840175,0.04034576491004967
242,717.5,0.001965648424154401,0.5130389617964216,0.513035196207261,0.2632051125474228,1.6159196,3.133,0.3365531213383704,0.05942819652879113,0.08978637651339527,3.149701524308813,1.2735152650263104,4.011192971483911,4.801380517803473,0.5130351962072609,0.26320511254742274,0.0013113281044120028,0.5023114584609382,0.5023097467895258,0.2523150817197575,1.5570616,2.6585,0.3418898813142164,0.563124967572889,-0.1961417975273383,3.099793113959162,1.245875350641549,3.8619558327701307,4.55427810268819,0.5023097467895258,0.2523150817197575,-0.010787574374512601,0.200751551436793,0.20046150164905402,0.04018481364339369,0.73239379,1.4172,0.13234592696411518,-0.10754202168913361,0.42130433369063836,3.648259675993566,1.2776375215623605,4.6611534504523195,5.5339352468216445,0.20046150164905405,0.0401848136433937
243,720.0,0.002234208589374801,0.5156723096082911,0.5156674696049077,0.2659129392087284,1.7179196,3.199,0.339651367127703,0.05516948705381958,0.11274117514730442,3.3314171965234003,1.27287172356815,4.240466748863314,5.05789102080691,0.5156674696049077,0.2659129392087284,0.0019737015666600006,0.4980554003704507,0.49805148964770274,0.24805528634029575,1.5602616,2.6847000000000003,0.3392971837838998,0.5736191794984593,-0.18700543738155906,3.132706921437829,1.2458205220349685,3.9027905722482354,4.598510316530476,0.49805148964770274,0.24805528634029572,-0.01183487037430984,0.19810135399163034,0.19774752159392672,0.03910408229654052,0.74839379,1.47039,0.13090034150113056,-0.08870994419899556,0.4397172706224315,3.7778327856942315,1.2760154233950303,4.820572901553252,5.717279125612794,0.19774752159392672,0.03910408229654052
244,722.5,0.003136099575142,0.5189681138662943,0.5189586381296623,0.2693180680893938,1.7179196,3.178,0.3395064578143428,0.0672616052201953,0.17896629450057233,3.310260407333235,1.2782983824763,4.231500524269412,5.060049847238649,0.5189586381296623,0.2693180680893938,0.001946149160760001,0.5001345951330917,0.500130808641485,0.2501308257523856,1.5602616,2.7377000000000002,0.3405075432780859,0.5844908557974594,-0.18681997251786697,3.119683411592026,1.2468596947812662,3.889807506391813,4.582164568159844,0.5001308086414848,0.25013082575238554,-0.01293257437494324,0.1983594825101152,0.19793744673941124,0.039179232821717265,0.74839379,1.47039,0.1306500302152215,-0.0817775858819168,0.439021402980325,3.772916628585357,1.278030433504353,4.8219022744067255,5.728232812247812,0.19793744673941127,0.03917923282171727
245,725.0,0.0028282523799235994,0.5169982106823233,0.5169904746097354,0.2672791508371994,1.7119196,3.289,0.3369252636727378,0.05904660981576762,0.17905044363234746,3.311267939865101,1.2799966453789007,4.2384118549780325,5.081006931147858,0.5169904746097354,0.2672791508371994,0.0014327054979440014,0.5044980306837485,0.5044959963356861,0.2545162103187366,1.4560616,2.6334999999999997,0.34294900514197696,0.5777138252375073,-0.18992585262341155,2.8861591353024565,1.248256782972731,3.6026677173800037,4.245708773516363,0.5044959963356861,0.25451621031873656,-0.0131193243711458,0.1996478396642685,0.19921632265116762,0.03968714321065412,0.68666621,1.3570600000000002,0.13174685500420535,-0.09375013762865415,0.3588666071707647,3.4393871286296442,1.2759320704023467,4.388424339947605,5.212012157543204,0.19921632265116765,0.03968714321065413
246,727.5,0.0021615791393087983,0.5174691487004942,0.5174646339919654,0.2677696474324387,1.6389196,3.2729999999999997,0.3377426408947917,0.049606784870070426,0.15299808490781608,3.167183211048954,1.2784271951645363,4.049013149073524,4.852569387323913,0.5174646339919654,0.2677696474324387,0.0017828135012960004,0.5044093817504551,0.5044062311013772,0.2544256459738959,1.5266616,2.6511,0.34304661568646705,0.5782308108542455,-0.19363734449795356,3.0266320477664714,1.2476045554836626,3.7760399305662964,4.450303632773094,0.5044062311013772,0.2544256459738959,-0.01287226396737544,0.20165632331706249,0.20124506839699163,0.04049957755410984,0.72691621,1.4313099999999999,0.13332381411676578,-0.06718197375334405,0.4131705290724397,3.6047280741952035,1.275461122252432,4.597690514927862,5.45226083438749,0.20124506839699166,0.04049957755410985
247,730.0,0.0027867297905011996,0.5185175240008368,0.5185100354217198,0.26885265683303317,1.6340804,3.261,0.3394570687441598,0.045779739361975005,0.13143598118858346,3.151446815898478,1.276331080212177,4.0222895187669305,4.813805781229923,0.5185100354217198,0.26885265683303317,0.0019123231023920005,0.5054387514849864,0.5054351338431609,0.2554646745230539,1.5686616,2.7441,0.34447701439194434,0.5865763060487357,-0.20170996548243858,3.103564171506932,1.245614709281326,3.8658451832275462,4.553748245783344,0.5054351338431609,0.2554646745230539,-0.013629846771481642,0.20126282783216257,0.20080077973948368,0.04032095314398464,0.79733621,1.50173,0.1327025959515024,-0.07367173506845269,0.4659046805361644,3.961666536181813,1.2781112845522165,5.063450705526867,6.008444705116357,0.2008007797394837,0.04032095314398465
248,732.5,0.0029097378466660007,0.5196172441197942,0.5196090971223594,0.26999361381231346,1.6579196,3.209,0.3401388812429106,0.04551358655391318,0.11886447575674985,3.1906554656561363,1.275753079776229,4.070488536815674,4.874243114876346,0.5196090971223594,0.2699936138123135,0.0021044169569520007,0.5045429241030895,0.5045385353882965,0.2545591336917673,1.5686616,2.7441,0.34576767346795556,0.5822068909783805,-0.21042558689788438,3.1090746199415276,1.2426632641745894,3.8635328157789095,4.536750310596568,0.5045385353882965,0.2545591336917673,-0.014103925775861899,0.20063671696965138,0.2001403794192191,0.04005617147406898,0.79733621,1.46273,0.1318118604901908,-0.10124784456888197,0.47378037501327386,3.9740293902466832,1.280434861390148,5.088485771460886,6.049047536654232,0.2001403794192191,0.04005617147406898
249,735.0,0.0025703798912600005,0.5188058111054189,0.5187994437005173,0.2691528627839663,1.6899196,3.241,0.3410534305282177,0.06083364423870039,0.11188332737308615,3.257325889236457,1.2732230654542993,4.147302453877294,4.954999565266597,0.5187994437005173,0.2691528627839663,0.0022253015583799996,0.5014198074099223,0.5014148694404443,0.2514168712959778,1.4581616,2.6006,0.3439015025335367,0.5767386932726575,-0.23062778717179055,2.9080654143523272,1.2418387517132514,3.6113483240597737,4.240055915015383,0.5014148694404443,0.2514168712959778,-0.014627890972063181,0.20055017929069108,0.20001599740830175,0.04000639921923777,0.72234621,1.38774,0.13208812408825782,-0.08324112384721778,0.4521043624469159,3.601822808410369,1.2777892677724985,4.602370529004969,5.468668852601368,0.20001599740830175,0.04000639921923778
250,737.5,0.002579871484185202,0.5194995919677791,0.5194931860167311,0.26987317031781405,1.6899196,3.152,0.34549865052695783,0.07016789436939502,0.06863174596923427,3.2529757984965153,1.266591968728588,4.120193020844152,4.8912480480676805,0.5194931860167312,0.2698731703178141,0.0023178601606040003,0.5021804466631392,0.5021750974859922,0.2521798285350658,1.4379616,2.5684,0.3443420159242823,0.572211815174748,-0.2528788687255483,2.863436060792266,1.2415149362019515,3.554998638332877,4.175969046763654,0.5021750974859923,0.2521798285350659,-0.014728978359438481,0.2009295047923445,0.20038892956594181,0.04015572309258399,0.69539379,1.38292,0.13331268634401533,-0.06963937105380197,0.40721273126464963,3.4608844067906883,1.2717479215629728,4.4013725511057595,5.216261175665804,0.20038892956594181,0.040155723092583986
251,740.0,0.0026192362041272,0.5167872148770603,0.516780577287978,0.2670621650620958,1.6269196,3.089,0.34340473028638263,0.07165902160733825,0.07952174075056995,3.1481421234212066,1.2673929627940215,3.9899331730994656,4.737615578688241,0.516780577287978,0.26706216506209585,0.0022937697604480016,0.5021091529104478,0.5021039136042792,0.25210834005673344,1.5531616,2.6836,0.3437910768712751,0.5654592747660376,-0.23076367107946494,3.0932748208177148,1.24260119710976,3.84370699533757,4.517748436448066,0.5021039136042792,0.2521083400567335,-0.0143549345645932,0.2005584658196951,0.20004408030630666,0.04001763406559607,0.69829721,1.393691,0.13255283383259575,-0.08794185535197706,0.43758020910270856,3.481763819572588,1.2752942666048266,4.440273436773043,5.268067002489715,0.20004408030630666,0.04001763406559607
252,742.5,0.0031098794782716006,0.5163853251474477,0.5163759605919567,0.26664413267726594,1.6269196,3.1529999999999996,0.3417179032042625,0.07647650346164352,0.12117372361999035,3.150592243370689,1.2707808425573914,4.003712265585386,4.761001939741816,0.5163759605919567,0.266644132677266,0.0021602781027439994,0.49899109916759293,0.49898642290848094,0.2489874502470014,1.5531616,2.6196,0.3408509867584497,0.5805837567827309,-0.18788044565322037,3.1126038171641803,1.2439670415141335,3.871976561843325,4.556717334958682,0.4989864229084809,0.24898745024700136,-0.0148919085719996,0.19990261460260966,0.19934715042869985,0.03973928638404269,0.73487621,1.42127,0.1320694242539666,-0.11548579603632692,0.47633426947280055,3.6761710769059968,1.2768929607376487,4.6940769705686085,5.564317510666582,0.19934715042869988,0.0397392863840427
253,745.0,0.0035746530223091993,0.5205130178118603,0.5205007430997386,0.2709210235673801,1.7449196,3.285,0.34411411820202537,0.05862947795094173,0.16207152360983823,3.3523073204495764,1.2726328975207246,4.266256578603681,5.070758529516589,0.5205007430997387,0.27092102356738024,0.0016985379012719995,0.5023444662927592,0.502341594718131,0.25234707778395493,1.4914616,2.6349,0.34453466255127124,0.5824016568605356,-0.21123361409392372,2.96900175094354,1.2412900860161085,3.6853924388106836,4.3289159614761585,0.502341594718131,0.252347077783955,-0.01530773976214458,0.2023326404571903,0.20175274594848291,0.040704170497753094,0.73487621,1.39127,0.13408857913416142,-0.11223559150048348,0.434838228366071,3.632020065272097,1.2743887755696708,4.628605603826583,5.480527981915034,0.20175274594848294,0.0407041704977531
254,747.5,0.003153741188339598,0.5249111929621278,0.524901718813571,0.27552181441344115,1.7449196,3.349,0.34701918163216766,0.05049003075000451,0.17479510621854777,3.3242186933626607,1.2727066894085997,4.230755368099772,5.02830878625486,0.524901718813571,0.27552181441344115,0.0012264133809000003,0.5027277761400801,0.5027262802091906,0.25273371281296964,1.4914616,2.6349,0.3453418297433789,0.5699977025589938,-0.2514266375455825,2.96673800570832,1.239874964599981,3.6783841798050214,4.318797989540667,0.5027262802091906,0.25273371281296964,-0.01483517375888062,0.20231645849810262,0.2017718191392403,0.0407118669987583,0.73666621,1.4380600000000001,0.13363046589403746,-0.1147268178705382,0.43427186386284244,3.641158091974552,1.2759978267518248,4.64610981221935,5.512711529301566,0.20177181913924033,0.04071186699875831
255,750.0,0.0035304032415779995,0.5226827901224068,0.5226708671268141,0.2731848353430958,1.6819196,3.286,0.3447284031206091,0.05631386436576017,0.12538163848926187,3.2178591524050604,1.2720996108561264,4.093437375564302,4.878970182829849,0.5226708671268141,0.2731848353430958,0.0009664154266320004,0.4993369220864823,0.49933598688661,0.2493364278000248,1.4765616,2.6390000000000002,0.34016560496498244,0.5861941028216191,-0.21825723697488142,2.9570447020624444,1.2454045039334247,3.68271679028104,4.340713988858459,0.49933598688661,0.2493364278000248,-0.014309764368793663,0.2005722491691565,0.2000611351074561,0.04002445778048381,0.73666621,1.4380600000000001,0.1319096105048223,-0.12256103557436072,0.5119328942440431,3.6728222027301407,1.2795742968914219,4.6996488876656235,5.584628801349309,0.20006113510745613,0.040024457780483816
256,752.5,0.0042376371921599995,0.5192431952366381,0.5192259028886956,0.26959553823058113,1.6439196,3.199,0.34039616123884686,0.04882220690798014,0.10895586333571661,3.1659916106378745,1.2743759682807216,4.034663624375283,4.829430490687895,0.5192259028886956,0.2695955382305812,0.0015744334038960003,0.5025734023904701,0.502570936236657,0.25257754594979004,1.4221616,2.5846,0.34180932697961297,0.5947827532334089,-0.20410545518429268,2.8297589829377077,1.247096053038917,3.5289812586730354,4.160686932000612,0.5025709362366572,0.2525775459497901,-0.014916438369585219,0.20070516551426917,0.2001501019996656,0.04006006333047654,0.72560621,1.411,0.1324106090268354,-0.12200545334375645,0.43984483836774757,3.6152841813551277,1.2768378105790121,4.616131538742418,5.479970338728242,0.20015010199966562,0.04006006333047655
257,755.0,0.0041299088951016,0.5170506581699166,0.5170341642159269,0.267324326966462,1.6439196,3.184,0.3403951821095001,0.04845882261850315,0.12948198672628886,3.1794168985657967,1.2733773522895373,4.048597472120327,4.829444382297912,0.517034164215927,0.2673243269664621,0.0020207314008919993,0.5031341840346927,0.5031301260994628,0.2531399237888614,1.4411616,2.5656,0.34371709124978433,0.5952295629632051,-0.20967169452954426,2.8643682853014565,1.2447113362043554,3.5653116757789536,4.192871511741866,0.503130126099463,0.25313992378886147,-0.0157712775092952,0.20025138128617287,0.19962936285212401,0.03985188251274499,0.72010621,1.3765,0.1324059559480311,-0.10995524619899301,0.4016649612711949,3.596011200396761,1.275187694296628,4.585589231298795,5.438624001798222,0.19962936285212401,0.03985188251274499
258,757.5,0.003691220876911599,0.5149664420131949,0.5149532127175896,0.2651768112881671,1.6109196,3.1109999999999998,0.3396078231049516,0.046434911322323254,0.15348076710809444,3.1282030605767583,1.2735189242728713,3.983825796612817,4.743470233611683,0.5149532127175896,0.2651768112881671,0.0013719256003759998,0.4968681714304182,0.49686627738331623,0.24687609760075457,1.5085616,2.61,0.3413112658362397,0.583602839487804,-0.2173115317631642,3.0361405433901094,1.241399973093548,3.7690647888727122,4.419899812869945,0.49686627738331623,0.24687609760075455,-0.0164156933767728,0.1992195332996856,0.19854205463605015,0.03941894745910433,0.72010621,1.3984999999999999,0.13115429698473607,-0.09056845723109173,0.48736312124921577,3.614636567372866,1.2794999258963715,4.624927220095897,5.490527009449084,0.19854205463605015,0.03941894745910433
259,760.0,0.003811405892161999,0.5145175209886168,0.5145034038657051,0.26471375258939694,1.6109196,3.13,0.3381779550434017,0.03447969971825719,0.14005505693913367,3.130932445030652,1.2750255858017172,3.99201897483081,4.763526350477974,0.5145034038657051,0.26471375258939694,0.0011224865548280006,0.49687647282780273,0.49687520492949977,0.2468849692737324,1.5803616,2.6757999999999997,0.3424857051680108,0.5816080711126559,-0.22006800637718982,3.180592534409834,1.2391379007073782,3.9411927560941606,4.614387042007295,0.4968752049294998,0.24688496927373244,-0.0168071662385944,0.19981229156384472,0.19910417128484062,0.03964247102302315,0.74542621,1.42382,0.13105037989026277,-0.09682946251640083,0.5170445866574398,3.730632405873884,1.2818492779169655,4.78210845564307,5.688088890884521,0.19910417128484065,0.03964247102302316
260,762.5,0.003842872666398001,0.5136357805575982,0.5136214047318151,0.263806947398683,1.6259196,3.158,0.3376543254062678,0.042358967506457706,0.10290129819045424,3.1655107793209365,1.2741186631461405,4.033236362323089,4.815337692012929,0.5136214047318151,0.263806947398683,0.0011805343982720015,0.49714498513996985,0.49714358347297943,0.24715174258835526,1.5803616,2.6798,0.3407473614880841,0.5816926793418437,-0.201775561198561,3.178874668835397,1.2418274528234516,3.9476138328448545,4.637927622090377,0.49714358347297943,0.24715174258835526,-0.016938844572820723,0.20042952957835933,0.19971247299941042,0.03988507187154023,0.76239379,1.50782,0.13151351187631707,-0.09768380114426958,0.5108987689754971,3.803799727534344,1.281137798125683,4.873191607444423,5.797075746232062,0.19971247299941042,0.03988507187154024
261,765.0,0.0034686172931874,0.5115294266073471,0.5115176663413638,0.26165032297931473,1.6259196,3.158,0.33756159157308874,0.05666362518685193,0.10871555194845417,3.178545583943629,1.2713687964768356,4.041103673605172,4.816660546073876,0.5115176663413638,0.26165032297931473,0.0013037970027739995,0.49126787628807156,0.4912661461834792,0.24134242638596756,1.4564616,2.5629,0.33619849501715987,0.5654016347277259,-0.23049751593190404,2.9646994446385384,1.242272670632027,3.6829650967124046,4.332147887591409,0.4912661461834793,0.24134242638596765,-0.01731863857065756,0.19997258067936985,0.19922122824043131,0.03968909778162603,0.76239379,1.472461,0.13167904950475898,-0.07880487351635854,0.522146946144403,3.8124916296519658,1.2795584053893574,4.8783057101977425,5.789788070823267,0.1992212282404313,0.03968909778162602
262,767.5,0.0034374664001393987,0.5083740572432204,0.5083624355739526,0.2584323659026811,1.6759196,3.1550000000000002,0.33621527155926634,0.05764574842122148,0.16224587649552813,3.2966269150083582,1.2720946945881044,4.193621608618482,4.984662333235441,0.5083624355739526,0.25843236590268104,0.0013688410634180015,0.49166982903715883,0.4916679235618,0.24173734705957203,1.5054616,2.6539,0.3363713723120235,0.5662770878791591,-0.24162956500654298,3.061936102420924,1.242856113868197,3.8055460051676033,4.475593715518423,0.4916679235618,0.241737347059572,-0.01858340637032644,0.19793294525974528,0.1970586405790739,0.03883210782687264,0.71139379,1.38218,0.13065303316714735,-0.10648830411029148,0.5270463398006124,3.5941151134109868,1.278681383872441,4.595728087013216,5.444908340473796,0.1970586405790739,0.03883210782687263
263,770.0,0.003651747915746,0.5084872477661333,0.508474134915373,0.2585459458779369,1.6949196,3.266,0.33581067754062066,0.053550298363371794,0.15879997513432986,3.3332588131679914,1.2730954052649384,4.243556479603031,5.047247491988927,0.508474134915373,0.25854594587793694,0.0011823822627960005,0.4934934944310866,0.49349207796882566,0.2435344310179895,1.5054616,2.6539,0.3363351169102608,0.5671745632470614,-0.1960383934235157,3.0506209645894913,1.245781197663557,3.8004062388838524,4.4760761642432945,0.49349207796882566,0.24353443101798952,-0.01914224037319114,0.19687651985566498,0.1959437131014236,0.03839393870397301,0.68839379,1.34392,0.12966533003482442,-0.11058487463965438,0.507713062588615,3.4965763845514863,1.2798722031520868,4.4751709207854695,5.309004263630972,0.19594371310142364,0.038393938703973014
264,772.5,0.0033313879747616008,0.5117155621817192,0.5117047180094341,0.2618417184331145,1.6949196,3.266,0.33619397115922345,0.0425278210607335,0.15497330090031225,3.3122299286221515,1.2756375673294353,4.225204928583311,5.041493142056602,0.5117047180094342,0.26184171843311455,0.0011012855974619994,0.4907107693133161,0.4907095335227341,0.2407958462900993,1.4943616,2.5998,0.3351528375195902,0.5677373258768081,-0.19243784348846793,3.0453001919871427,1.244631909844133,3.7902777940016623,4.458746675276626,0.4907095335227341,0.2407958462900993,-0.01895692437525514,0.19739623650052285,0.19648386499354395,0.03860590920280121,0.66287621,1.31027,0.1308543871597216,-0.11038666253348892,0.4180024795056969,3.358099534984013,1.2747902768345043,4.2808726358400895,5.065754571842437,0.19648386499354398,0.038605909202801214
265,775.0,0.0031462431929211994,0.5154412186322521,0.5154316162391207,0.2656697510188722,1.6119196,3.15,0.3385566297319827,0.04579170448550633,0.12210220701647234,3.1272617356394306,1.2747234406432484,3.986393839446272,4.761152074546794,0.5154316162391206,0.26566975101887214,0.0013477800212979996,0.493943397580273,0.4939415587922906,0.24397826350215787,1.4737616,2.5272,0.3374632479336841,0.5877810075894444,-0.21063581106705387,2.983664944646805,1.2440624480539741,3.711865515210129,4.367176600782356,0.4939415587922906,0.2439782635021579,-0.01868409037214364,0.19839834100545692,0.19751659798782262,0.039012806480683136,0.68075621,1.32815,0.1317133236559683,-0.11439777832161428,0.4072213365273716,3.4312595889159976,1.273591315657663,4.370022414210497,5.16846884661507,0.19751659798782265,0.03901280648068314
266,777.5,0.0027868446139015994,0.5155192243316989,0.5155116915770723,0.26575230415265455,1.6229196,3.151,0.3392806381622565,0.05230921467014675,0.10403862369765582,3.148126245153895,1.2730339786383826,4.007671679124175,4.7834135445827,0.5155116915770723,0.26575230415265455,0.0011819085432479997,0.4972398271360916,0.497238422472083,0.2472460487825257,1.4496616,2.5671,0.33830130657185387,0.5852700940813821,-0.21181791599781574,2.915417311500344,1.2467783982638914,3.6348793259032193,4.285119719725639,0.497238422472083,0.2472460487825257,-0.018659099979039282,0.19921151324655825,0.19833573807550636,0.03933706499795587,0.71274421,1.363138,0.13067176349870252,-0.11643064874422761,0.4810396844959852,3.577826393587289,1.2823010308362308,4.587850472650055,5.454462317768269,0.1983357380755064,0.039337064997955876
267,780.0,0.002627348300360001,0.5103094619729183,0.5103026984251582,0.2604088440199979,1.6229196,3.206,0.3366659046956059,0.06234504538312003,0.12301113366275462,3.180265546567755,1.2723625338621825,4.046450729185548,4.820564177615049,0.5103026984251582,0.2604088440199979,0.0013777628634800002,0.4939427591705217,0.4939408376581957,0.24397755110648003,1.4496616,2.5811,0.33484027988311776,0.5786231087620578,-0.2012027814716677,2.9348777223385505,1.2493572879854837,3.666710871749905,4.32941222157033,0.4939408376581957,0.24397755110648,-0.01838270397357996,0.19798395442089714,0.19712869502625843,0.038859722402755606,0.71274421,1.368138,0.1294049829271781,-0.12790629239845,0.4613142135480519,3.60000997093313,1.2825394241571053,4.617154715080414,5.507857532820761,0.19712869502625846,0.03885972240275562
268,782.5,0.002842309017768,0.509020306176599,0.5090123705565182,0.2590935933795661,1.6420804,3.253,0.3384202115427189,0.056080282714479845,0.11534136842781306,3.2259624617613945,1.2681909417550885,4.091136372447746,4.852193645628993,0.509012370556518,0.25909359337956606,0.0013915665861619997,0.4962058454193776,0.49620389415118016,0.24621830457079558,1.4545616,2.586,0.33718275948354526,0.5813094544268437,-0.20750175913264002,2.931367321500717,1.2472239991346026,3.6560716736546124,4.3138670619693515,0.4962038941511801,0.24621830457079555,-0.01803050836931596,0.19756694640810057,0.19674246893074537,0.038707599080965306,0.67514621,1.33054,0.12898884976009256,-0.12078637850464342,0.45064396835477494,3.417303462318016,1.2820730827946534,4.381232784778901,5.23414396868962,0.1967424689307454,0.03870759908096532
269,785.0,0.0029375475177566,0.5107559276597758,0.5107474801251389,0.26086298845417916,1.7029196,3.3449999999999998,0.33713808261601286,0.06728455775316301,0.18588383546398335,3.3341161752200885,1.273430647659735,4.245765720383316,5.051104244249853,0.5107474801251389,0.26086298845417916,0.001252383259946001,0.4970356998308579,0.4970341220102709,0.24704291844252085,1.4761616,2.7325999999999997,0.3404439442034021,0.5639239181307026,-0.23022991766340173,2.969930732344458,1.2419292772838262,3.6884439280035775,4.3359901832122185,0.49703412201027086,0.2470429184425208,-0.019229936377891277,0.19829325127198702,0.1973586153349218,0.038950423046917634,0.74539379,1.43149,0.12934750318789381,-0.09611941844358197,0.5251127263898705,3.759047699397433,1.2853163773620908,4.8315655713208105,5.762722678281776,0.19735861533492186,0.03895042304691765
270,787.5,0.0023865418600986003,0.5111608348118676,0.5111552635584568,0.26127970346351537,1.7029196,3.262,0.33422589562388394,0.08356334254923652,0.22301223897487255,3.331475113164252,1.2789339860039974,4.260736745752275,5.095115675645776,0.5111552635584568,0.26127970346351537,0.0014743388826260013,0.4922141530075671,0.4922119449442647,0.24227259874581586,1.4761616,2.7325999999999997,0.33640126669556086,0.5682190547847672,-0.21240587345369244,2.999023069491677,1.2436017745773917,3.729590411218386,4.3880976266831615,0.4922119449442646,0.2422725987458158,-0.02034603638064328,0.19773964072531025,0.196690122572976,0.038687004317772326,0.74539379,1.43149,0.12928753320394235,-0.10351129193013342,0.5807501106312469,3.769571883846308,1.2858061305353015,4.846938637743088,5.7653957154878315,0.196690122572976,0.03868700431777232
271,790.0,0.0025335142938488014,0.5113857425900208,0.511379466765796,0.26150895902966986,1.6559196,3.215,0.33578358454931,0.0773540474446938,0.1783962577652476,3.2381027902992496,1.2753053996849344,4.129569973203486,4.931508495933717,0.511379466765796,0.2615089590296699,0.0016371440653620006,0.49508241527646135,0.495079708405913,0.2451039176752838,1.6152616,2.7827,0.3384157588740057,0.5765299590804015,-0.21541917079923056,3.2626115373094273,1.2433909982187326,4.0567018161751225,4.773009405278233,0.4950797084059129,0.24510391767528378,-0.01975171237669328,0.19769539541264766,0.1967062256908802,0.0386933392255515,0.72948621,1.36788,0.12996798297653056,-0.14161370489953393,0.5515061309346896,3.6899504334805098,1.281761886602397,4.72963782908731,5.612814735547059,0.1967062256908802,0.0386933392255515
272,792.5,0.0027569307360828005,0.5074702023481299,0.5074627135112179,0.2575184056041684,1.6559196,3.165,0.33491880806405605,0.06390401311658425,0.14256162344651901,3.2630873543665166,1.2720492645205428,4.1508078691882115,4.944241888270699,0.5074627135112179,0.2575184056041684,0.0013469836797539983,0.496077191587659,0.49607536287187803,0.24609076564846546,1.6152616,2.7827,0.34007686537152776,0.5638436463095815,-0.24364466038851873,3.256069070280116,1.2416749035510812,4.042979248795722,4.749695626120748,0.49607536287187803,0.24609076564846546,-0.01953724936608164,0.1969517540852614,0.19598032892223857,0.038408289324468825,0.72948621,1.37188,0.13093000437551558,-0.14075368127221152,0.4499353246434019,3.7038827777294223,1.2723477085157204,4.712626764854871,5.571574013759193,0.19598032892223857,0.038408289324468825
273,795.0,0.002442598480140001,0.5070717045360691,0.50706582142142,0.25711574725377934,1.5929196,3.079,0.3365371877267649,0.05883409694956455,0.09967317663952224,3.14140896790405,1.2687839847161964,3.9857693879204943,4.733264727027119,0.50706582142142,0.25711574725377934,0.0015451261982699987,0.4917842150622815,0.49178178775698456,0.24184932676945578,1.5287616,2.6612,0.3370694713723365,0.574795050624644,-0.23987253438664524,3.108602417843752,1.2418808373796395,3.8605137737521713,4.535449602646709,0.4917817877569845,0.24184932676945575,-0.0203011873675236,0.19729681272349262,0.1962495709608498,0.038513894102317626,0.72572621,1.36812,0.13113779007830006,-0.12079888667846238,0.41880898429467184,3.6783473588957074,1.2721754258547804,4.679503117744953,5.534073813251555,0.1962495709608498,0.038513894102317626
274,797.5,0.0025933490180076006,0.5098850936960517,0.5098784985801051,0.2599760833143023,1.5819196,3.067,0.3374342204342622,0.05211199601516311,0.1005798881556692,3.102502151088575,1.2704194889934495,3.941479197387025,4.688082903874251,0.5098784985801051,0.2599760833143023,0.001261931997184001,0.4961930145464939,0.4961914098534673,0.24620591521237162,1.5287616,2.6172,0.34079846971566713,0.5649857733587083,-0.2473241673275446,3.08098170506742,1.2402625623647123,3.8212262641257193,4.4858229594618395,0.49619140985346744,0.24620591521237167,-0.02052950837679324,0.19667075034915102,0.19559632749288844,0.038257923328705264,0.72572621,1.36212,0.12995083863275578,-0.13544355523070958,0.409717174039979,3.6900566490523525,1.2760203448917076,4.708587357993721,5.5846212124180274,0.19559632749288844,0.038257923328705264
275,800.0,0.0028704251028276004,0.5143266764760712,0.5143186665819649,0.2645236907946503,1.6389196,3.1559999999999997,0.3402729417207741,0.049876047795879126,0.13027556595282697,3.1865343077849273,1.2713941630503234,4.051341119277359,4.816485235975323,0.5143186665819649,0.2645236907946503,0.0011820548941240002,0.49785523049368813,0.4978538272185427,0.24785843327615056,1.4389616,2.5784000000000002,0.34303033771703395,0.5518591531393863,-0.23760413621234688,2.89032134617343,1.2390723366854466,3.5813172241749376,4.194852296670625,0.4978538272185427,0.24785843327615056,-0.02068858637539928,0.19659904106714976,0.19550745597626318,0.03822316534231048,0.67826621,1.33266,0.12975543960689773,-0.12922523226546198,0.4039442440437715,3.449997549928707,1.2767066230828685,4.40463472161365,5.22726609423736,0.19550745597626318,0.03822316534231049
276,802.5,0.0028469639224868,0.513890260929684,0.5138823747462088,0.2640750950748029,1.6389196,3.1559999999999997,0.34042433209797984,0.06669887370193707,0.14432670152590044,3.1892404363433817,1.2703045400769932,4.051306605684129,4.814343292970878,0.5138823747462088,0.264075095074803,0.0013855575832740009,0.4951099592976688,0.49510802056311176,0.2451319520259227,1.4389616,2.5854,0.3382225983762441,0.5739334206580105,-0.20906040970683293,2.9063475152897724,1.244363699585064,3.6165533464058393,4.2544809451179155,0.49510802056311176,0.24513195202592272,-0.02102445037074128,0.1983393145072941,0.19722184505229526,0.03889645616583156,0.67826621,1.34266,0.13073011697828824,-0.11502277291929501,0.4453157951937263,3.419726500945712,1.277753004815746,4.3695658122314205,5.1882934527829345,0.19722184505229529,0.03889645616583157
277,805.0,0.0024317768150508004,0.5121808731905088,0.5121751002574353,0.2623233333237139,1.6319196,3.207,0.3376894185769321,0.07206876659395582,0.16429865287008338,3.186217380267142,1.2733487707469588,4.057165984495761,4.83260508095612,0.5121751002574353,0.2623233333237139,0.0007165267102380019,0.49986656332161444,0.49986604977377197,0.2498660677164351,1.5199616,2.6664000000000003,0.3384383061564425,0.5890380431882578,-0.2086059536905469,3.040734691074057,1.2488472330359006,3.7974131053441105,4.491103909784375,0.4998660497737719,0.24986606771643505,-0.02140281037458728,0.19863639244952544,0.19747996382780544,0.03899833611343134,0.76930621,1.4557,0.13102772620886943,-0.13411699756297227,0.49986326657317326,3.8729368798594384,1.278767233356735,4.95258477882312,5.871323820224583,0.19747996382780544,0.03899833611343134
278,807.5,0.0018889724311035997,0.5119019631074848,0.5118984778415064,0.2620400516164513,1.6129196,3.1879999999999997,0.3378165649238094,0.05670216502628587,0.14927808743659288,3.1508369106631706,1.272370830721775,4.00903297748933,4.774542658569082,0.5118984778415064,0.2620400516164513,0.0004758529203280003,0.5012321181353724,0.5012318922559398,0.25123340981447007,1.5335616,2.677,0.3419982869178463,0.5868284175036981,-0.19484386734992087,3.059583662964345,1.2449293506045773,3.8089655026545763,4.484120706629116,0.5012318922559398,0.25123340981447007,-0.021469132381519238,0.19782287251678687,0.19665443103469019,0.038672965245577715,0.76930621,1.4557,0.13095534794492306,-0.10034399577237255,0.4277914065253987,3.8888638114114844,1.2762968259906213,4.963344539214268,5.87456886696642,0.19665443103469019,0.038672965245577715
279,810.0,0.0022009549489315993,0.5131787007807997,0.5131739809580981,0.26334753473238237,1.6139196,3.1950000000000003,0.33947692997326756,0.06268396804505616,0.13631310200935953,3.144946580098563,1.2706402340002239,3.9960956584546423,4.754136312376484,0.5131739809580981,0.26334753473238237,0.0004937405575239996,0.49468361759561225,0.4946833711959032,0.2447116377377438,1.5335616,2.657,0.33869258308299616,0.5944510406180297,-0.166168126380283,3.1000856819431544,1.243211900814996,3.8540634133379017,4.527886575018984,0.49468337119590317,0.24471163773774374,-0.02194692838227524,0.1985893730405093,0.1973729247369199,0.03895607141920584,0.75686621,1.46326,0.1309350945041201,-0.0932730512862804,0.4016177835530548,3.8112120422758493,1.2781957651913356,4.871475092683212,5.780468657898161,0.1973729247369199,0.038956071419205845
280,812.5,0.0021321896797239985,0.5149961080387055,0.5149916941681523,0.2652164450621837,1.6869196,3.268,0.34252962232599937,0.07832935350137522,0.1080561241047735,3.275596793195991,1.2670678466197234,4.150403375149315,4.92488675444978,0.5149916941681524,0.2652164450621838,-0.00020565006510399827,0.4953617654383492,0.4953617227504047,0.2453832363662488,1.5055616,2.629,0.34012321086585234,0.5966386305496774,-0.19007854241612732,3.039317333399193,1.241239220235739,3.77251987695738,4.42651824956988,0.49536172275040474,0.24538323636624887,-0.02268344637979324,0.19873770439181707,0.19743894349206875,0.03898213640726431,0.73389621,1.44029,0.13052101510089137,-0.11563439887501842,0.49037837978316157,3.6927880003741147,1.2815685490249982,4.732560959496379,5.622820274824756,0.19743894349206875,0.03898213640726432
281,815.0,0.0015327238218475997,0.5179040392703212,0.5179017712367862,0.26822224465020034,1.7109196,3.3739999999999997,0.34294271485080285,0.09086997998651385,0.10152063709679071,3.3035455803946365,1.2687133093259442,4.191252245811576,4.988937002917047,0.5179017712367862,0.2682222446502004,-0.0007992168456019985,0.49781112715125664,0.4978104855947074,0.2478152795680384,1.4502616,2.6397,0.3413013071574125,0.5800240015424682,-0.21744086137578655,2.913276784910731,1.2423224760009912,3.6192292287065064,4.249211970732713,0.4978104855947074,0.2478152795680384,-0.022534770375901597,0.1992795326836682,0.19800130370966393,0.039204516270726575,0.73389621,1.43329,0.13080296451382628,-0.08757641640119974,0.505375526689781,3.682747546206716,1.2813222778787983,4.7187864747581445,5.610700129983865,0.19800130370966393,0.039204516270726575
282,817.5,0.0018322822375355997,0.516887016542172,0.5168837689574607,0.26716883061166957,1.7159196,3.379,0.3412899276378285,0.09715911602729237,0.12180824162801596,3.319718903908667,1.2713562332505508,4.2205453211239705,5.027747557264295,0.5168837689574606,0.2671688306116695,0.00019260395914200127,0.4966455827371995,0.49664554539035927,0.24665679775608743,1.4717616,2.6612,0.33861184897122526,0.5833173875927604,-0.19588184911324547,2.9634041883319924,1.2459636469952433,3.692293890015108,4.346456287550257,0.49664554539035927,0.24665679775608743,-0.02258186737225288,0.19981775516624656,0.19853764012312636,0.039417194545660034,0.73114621,1.4305400000000001,0.13167866631900743,-0.10794410875012646,0.4814463301439247,3.659065278717064,1.278983790543432,4.679885180019411,5.552503153614195,0.19853764012312636,0.039417194545660034
283,820.0,0.0022897624318177993,0.5161215115444434,0.5161164322775693,0.2663761716669268,1.7159196,3.2990000000000004,0.33991289615553183,0.06935506327863351,0.1397852873521428,3.324642669640484,1.2738925318104548,4.235237467793385,5.048115618463789,0.5161164322775693,0.26637617166692684,0.00033563655597999956,0.5005577496072043,0.500557637080817,0.2505579480399309,1.5981616,2.7296,0.3434822218178672,0.587256544826862,-0.19413113700520945,3.192761676857671,1.2416767478145883,3.9643779354676845,4.652821888544297,0.500557637080817,0.2505579480399309,-0.02269396137338488,0.19985330900262296,0.198560643724987,0.03942632923648122,0.76988621,1.39428,0.132058758898996,-0.14706831805216453,0.4948403515634383,3.8522565067456336,1.2782073594531713,4.9239826174236345,5.8298761583004195,0.198560643724987,0.03942632923648122
284,822.5,0.0022038148281930013,0.5176067081237933,0.5176020165097435,0.2679118474949528,1.6269196,3.21,0.33992812058287597,0.04633464928907526,0.1560693970956195,3.1431578734696344,1.2753824525291733,4.008728397352083,4.786069470246577,0.5176020165097435,0.2679118474949528,-0.00034746170042799964,0.5013433780727273,0.5013432576665815,0.2513450620077403,1.5981616,2.8776,0.344334037750002,0.5880298451678074,-0.19533026567582557,3.18775847033959,1.2407291626368933,3.9551448975931036,4.641311705467581,0.5013432576665815,0.2513450620077403,-0.02255080037205364,0.20053287252863358,0.1992608701355211,0.039704894367165004,0.76988621,1.4792800000000002,0.13238379246967613,-0.14671089975965892,0.4912200897075736,3.8392020235488817,1.2779625112391775,4.906356259169061,5.815562431302536,0.19926087013552113,0.03970489436716501
285,825.0,0.002233056139907201,0.5203968943866493,0.5203921032717017,0.2708079411475454,1.6269196,3.183,0.34390080866317707,0.04905683274767636,0.11919090515138242,3.126305359522796,1.270578511894829,3.972216411431302,4.730781548098759,0.5203921032717017,0.2708079411475454,-0.0003496228020679999,0.4994275587286068,0.4994274363523817,0.24942776418151225,1.5001616,2.7796000000000003,0.34264897214712425,0.5799961986070535,-0.23386971481587038,3.0037621548537747,1.2414104354114985,3.728901684529605,4.378129578500154,0.4994274363523817,0.24942776418151225,-0.02310189256892564,0.19941665288632687,0.19807398619737926,0.03923330400811959,0.75124621,1.47364,0.13212184493773368,-0.16252565103151234,0.5336757434802424,3.767219031743711,1.2767647341195347,4.8098524054343095,5.686010593888141,0.1980739861973793,0.0392333040081196
286,827.5,0.0016018029126880012,0.5219246849164636,0.5219222269194701,0.2724028109525788,1.6349196,3.191,0.3463434485326204,0.05662922269366001,0.08424856318815799,3.13248184508015,1.2682203300039434,3.97267715929891,4.7205154505644265,0.5219222269194701,0.2724028109525788,0.0002695421950079993,0.5035189718216333,0.5035188996763874,0.2535312823313199,1.4418616,2.6523,0.34451213859724755,0.5740007813785906,-0.2526786064224198,2.863569558826406,1.2430319137234516,3.5595083487882073,4.185227277827822,0.5035188996763874,0.25353128233131994,-0.02385672457499364,0.19904550011900177,0.19761064700611763,0.039049967810176424,0.73342621,1.4558200000000001,0.1320416827951362,-0.15813097792220954,0.5307783031961675,3.6847163566195276,1.2767759157346823,4.70455710044546,5.554505171960865,0.19761064700611763,0.039049967810176424
287,830.0,0.0012428407877196007,0.5228534997226485,0.52285202258287,0.273374237518998,1.6349196,3.19,0.34705402732729196,0.05690712553151538,0.0736254875431368,3.1269171973932566,1.2680508920140456,3.9650901414085786,4.710850390040789,0.52285202258287,0.27337423751899803,-0.00014020957615799962,0.5024045095342471,0.5024044899696082,0.2524102715416221,1.4775616,2.6879999999999997,0.340359744374742,0.5927132102802859,-0.17939498735567216,2.9409799712382556,1.2495747199062313,3.6749742238098797,4.341176136191885,0.5024044899696082,0.2524102715416221,-0.023965622376925278,0.1990508971499552,0.19760290635587488,0.03904690860028866,0.72171621,1.3671099999999998,0.13119615412301908,-0.1036857062725053,0.4068600795563264,3.62578727518266,1.2777963537262076,4.633017759615284,5.501046999619106,0.1976029063558749,0.039046908600288664
288,832.5,0.0016152072772835993,0.521595975730918,0.5215934748481232,0.2720597530041398,1.5949196,3.1500000000000004,0.3449925151530718,0.06982997137932365,0.09837050391021673,3.05776822331695,1.2699647825377862,3.883257956775663,4.623055660475245,0.5215934748481234,0.27205975300413987,-0.00023834471515800013,0.49941803039293675,0.49941797351853195,0.24941831227335706,1.4965616,2.607,0.34012423450921797,0.5951246901410219,-0.17051910327474173,2.9966110731375104,1.2461462959672491,3.734215789244752,4.400044007918055,0.49941797351853195,0.2494183122733571,-0.02391940837567088,0.1993322913558474,0.197891951024114,0.03916122428013033,0.66956621,1.31996,0.13105757078824332,-0.05082226691260883,0.4575575350787475,3.3590453681420462,1.280028820355818,4.299674880104538,5.108947205208418,0.197891951024114,0.03916122428013034
289,835.0,0.0017052324402596,0.5190583650626399,0.5190555640043034,0.2694186785238255,1.6749196,3.2089999999999996,0.3421039523915802,0.08468722942215007,0.15686423667573335,3.2268425147100186,1.2731575425475303,4.108278886216101,4.895937589410974,0.5190555640043034,0.2694186785238255,0.0006022674596040003,0.5051443700383733,0.5051440110061408,0.25517047185537206,1.4965616,2.7279999999999998,0.3463150868116242,0.5835075462968315,-0.2132043889357118,2.9626413531765454,1.2418680192220164,3.679209548934591,4.321387248179704,0.5051440110061408,0.2551704718553721,-0.02430205637634688,0.19902155307300284,0.19753224709771047,0.03901898864347095,0.69661621,1.34701,0.13119374439931475,-0.07102748015724838,0.48938791211145727,3.50020487351174,1.2787665905856551,4.475945052451902,5.309827943317994,0.19753224709771047,0.03901898864347095
290,837.5,0.0021895413756651987,0.5220368107930662,0.5220322190550694,0.2725176377315599,1.6879196,3.177,0.34347369361229113,0.07665586751499855,0.1463376416966189,3.233334441369665,1.2733556412054348,4.117184650821885,4.914261649118616,0.5220322190550694,0.27251763773155996,0.0011011089424760006,0.5047770136162907,0.5047758126480286,0.2547986210344777,1.5341616,2.7656,0.3442972062659974,0.5917511427843677,-0.199893162136068,3.0392857808818574,1.24541390786676,3.7851687814919517,4.45592230224121,0.5047758126480287,0.25479862103447776,-0.02536720557388964,0.19816554057492974,0.19653520385092882,0.03862608635272615,0.70886121,1.3412549999999999,0.1305795894568246,-0.09444136998827442,0.48612200960951046,3.5771164246993163,1.2783356215537158,4.572755348138006,5.428575881948081,0.19653520385092885,0.03862608635272616
291,840.0,0.0022774587171012,0.5248428520493121,0.524837910720108,0.27545483252904807,1.7559196,3.433,0.34599894053667285,0.07745927596518826,0.12024472890159865,3.3456102014989826,1.271398645606386,4.253604278912714,5.074927678323014,0.524837910720108,0.275454832529048,0.0011090372881599996,0.4983855746908105,0.4983843407413429,0.24838695109618297,1.5341616,2.6566,0.3383065819438549,0.5886759527378045,-0.20943435828699197,3.0782624496139688,1.2477941062850064,3.841037742226757,4.534826343563745,0.49838434074134286,0.24838695109618292,-0.026176659969505998,0.19881245350465204,0.19708164333945538,0.0388411741413803,0.70886121,1.344255,0.13180128324789064,-0.09290757136821488,0.4793678100794625,3.5654768979721547,1.2752390567150245,4.5468353961092225,5.378257271340677,0.19708164333945538,0.0388411741413803
292,842.5,0.001312196615061601,0.5225406713076083,0.5225390237203814,0.27304703131064934,1.7559196,3.433,0.3458353953147369,0.09288930638347234,0.08822382840784249,3.3603501055831275,1.268986037600891,4.264237365435669,5.077327606684034,0.5225390237203815,0.2730470313106494,0.0007717693646960008,0.5009188001650157,0.5009182056292291,0.25091904873080656,1.5049616,2.5934,0.34096943433578253,0.5723834108479959,-0.2408317922679757,3.0044023093248375,1.245342110670297,3.741508713197308,4.413772756293258,0.5009182056292291,0.2509190487308066,-0.026482445763885643,0.19944411076257387,0.19767810547513018,0.03907663338423669,0.73558621,1.3709799999999999,0.1322849692881938,-0.10393731215687334,0.4649422970531938,3.688182153824892,1.2746406529254015,4.701106908659174,5.560618216552361,0.1976781054751302,0.0390766333842367
293,845.0,0.000810491615106,0.5169605814295543,0.5169599460841474,0.26724758585532465,1.5949196,3.165,0.3424724772757248,0.10079416441624033,0.07847609838328617,3.0851860998561227,1.2692272254094865,3.9158021933923015,4.657073796665796,0.5169599460841475,0.2672475858553247,0.0007541304623360014,0.502176444640164,0.5021758783919051,0.2521806128386815,1.5650616,2.6464999999999996,0.3424573805258811,0.5680351455917629,-0.22928251480186335,3.116557171695796,1.2445895244195753,3.878834408147288,4.5700916055500835,0.5021758783919051,0.2521806128386815,-0.026016285370295638,0.1970485060075455,0.1953234922259405,0.03815126661533704,0.75369621,1.42509,0.12954830580883875,-0.1339532439676226,0.47079478377711403,3.824927299733696,1.2798650815507977,4.89539089039954,5.817877781529253,0.19532349222594053,0.03815126661533705
294,847.5,0.0012929722599800016,0.5159532847258725,0.5159516646374466,0.2662061202421522,1.5719196,3.1109999999999998,0.3406794798537286,0.10445608791140945,0.11371517957747068,3.0466316361086165,1.272040712789268,3.875439478001938,4.614071856264741,0.5159516646374466,0.2662061202421522,0.0009401096650579996,0.4985854772802518,0.4985845909658603,0.2485865943485942,1.5650616,2.7264999999999997,0.3386220463366482,0.5790976369706075,-0.17309476985655037,3.139003583773236,1.2485377039579253,3.9191643271999355,4.621853824733139,0.4985845909658603,0.24858659434859418,-0.025611775982029236,0.19592304248636455,0.1942417965015773,0.03772987550816016,0.75369621,1.42509,0.1284475335423028,-0.14785669691288703,0.47754573475308026,3.8468992745070003,1.282123173005552,4.932198704063671,5.867735948014746,0.1942417965015773,0.03772987550816016
295,850.0,0.0014611786175436003,0.5227186989492778,0.5227166566967932,0.27323270318827325,1.6639196,3.2030000000000003,0.3441039853952239,0.09878520403808344,0.13148007924949923,3.183202750054019,1.274036112667088,4.055515257510007,4.835513887143415,0.5227166566967933,0.2732327031882733,0.0004280090639320003,0.5034185893633206,0.5034184074155382,0.25343009292479685,1.5358616,2.7033,0.3414975301906558,0.5850032517945355,-0.1639414960932628,3.05086389825696,1.2494932175519358,3.812033748546131,4.497431062363873,0.5034184074155382,0.2534300929247968,-0.02610979197141858,0.19950706407337698,0.19779117113356653,0.0391213473783878,0.72857621,1.43697,0.13220905790142753,-0.12736356418048939,0.4621263553674022,3.651881768617656,1.2753900417989597,4.657573641522132,5.510788909359085,0.19779117113356653,0.03912134737838781
296,852.5,0.0010802366144831985,0.5278170381287338,0.5278159327150385,0.278589658827846,1.6839196,3.3120000000000003,0.346456693645066,0.10714803121430556,0.15185940317122526,3.1903471816104854,1.2754806237438896,4.069226013160103,4.860404289735337,0.5278159327150385,0.278589658827846,-2.2600458711999226e-05,0.5057457960355201,0.5057457955305424,0.2557788096968212,1.5358616,2.7033,0.3440508406630636,0.5764764983076266,-0.19720723174280197,3.0368252431150844,1.2471033948203953,3.7872350701650936,4.464054199199305,0.5057457955305424,0.2557788096968212,-0.02689340236602734,0.20094833128695833,0.199140595450029,0.039656976756192105,0.70839379,1.40184,0.133707864344823,-0.11990666538558305,0.4026487453731682,3.525253409486637,1.2723358278520502,4.4853062151474425,5.298071235160133,0.199140595450029,0.039656976756192105
297,855.0,0.0016647172410716002,0.52744055446333,0.5274379273517333,0.2781907672090923,1.6839196,3.3120000000000003,0.348101728803994,0.09882277495902628,0.1259049077788621,3.1926244308486775,1.2711744901718496,4.058382733194259,4.837435326120332,0.5274379273517333,0.2781907672090923,7.083846267600209e-05,0.5047599353084039,0.5047599303376371,0.2547825872744563,1.5171616,2.6856,0.3433697967814323,0.5854649432953466,-0.18254650109374682,3.0057092369524687,1.2470323616265906,3.7482166881196943,4.418448023737306,0.5047599303376372,0.25478258727445635,-0.02744198637214152,0.20138683431429716,0.1995083818266425,0.03980359441908537,0.69028621,1.30768,0.13373436820114779,-0.11304251256986683,0.3984621156450032,3.427663046347386,1.2737048425895894,4.3658310208980495,5.161621648084891,0.1995083818266425,0.039803594419085375
298,857.5,0.002352900129290001,0.5240195997079917,0.5240143173035499,0.27459100473910547,1.6379196,3.194,0.34785585846677375,0.08203191776171304,0.09605373988319643,3.1256838502085142,1.2678706174699317,3.9629627131796625,4.708615825012617,0.5240143173035499,0.27459100473910547,-0.0006309525748319981,0.508140845792484,0.5081404540690984,0.2582067210615494,1.5142616,2.7977,0.34584566039832376,0.5896428380705021,-0.1793778634961507,2.980003698853208,1.2468253728366425,3.715544222877225,4.378431691917044,0.5081404540690982,0.25820672106154935,-0.028162804368713525,0.2016932138389173,0.19971732263066416,0.039887008958760795,0.72330621,1.3617,0.1345842014122842,-0.10155397592129403,0.38696663084379246,3.5861702842301373,1.2702483691143178,4.555326954909561,5.374376802104947,0.19971732263066416,0.039887008958760795
299,860.0,0.0016147489067300015,0.5213742029961147,0.5213717024693629,0.2718284521358019,1.6559196,3.274,0.3458241625237842,0.07823536511499499,0.1388673443834234,3.1760673820916683,1.2699674985776293,4.033502348548955,4.788328229916884,0.521371702469363,0.27182845213580203,-0.0007406494390799997,0.5038876608226653,0.5038871164931148,0.2539022261677458,1.5064616,2.7899000000000003,0.3440721056421129,0.5780681552736,-0.19657092764728556,2.989677495853929,1.2447488582653234,3.7213976495457093,4.378331097746552,0.5038871164931147,0.25390222616774577,-0.02842155176388324,0.20063622957877406,0.1986129704095869,0.03944711201491943,0.73224621,1.3706399999999999,0.134139220908492,-0.10925987257774514,0.3504996609001516,3.649621065633635,1.26816993919643,4.628339724894618,5.458852414981064,0.1986129704095869,0.03944711201491943
300,862.5,0.0011249193081360014,0.5203559073467706,0.5203546914050369,0.27076900486723116,1.6559196,3.274,0.3468619216585163,0.0790111010972201,0.11049657516357847,3.182282696555375,1.2663315631062566,4.029825021374961,4.77400226603785,0.5203546914050369,0.2707690048672312,-0.0005418119410500007,0.4985631232756012,0.4985628288692839,0.24856489433014284,1.5004616,2.6449,0.34169626641471934,0.5826206054884808,-0.21360471625240773,3.0095719678219326,1.2415927217138378,3.736662650721704,4.3912145009476875,0.49856282886928394,0.2485648943301429,-0.028634040965481836,0.20028426088992063,0.19822683183214346,0.039293876858208884,0.73224621,1.38364,0.1329466827795599,-0.12726645519655555,0.3769092939112415,3.6560347115965044,1.2722270387852486,4.651306214830501,5.507818583289845,0.19822683183214349,0.0392938768582089
301,865.0,0.0015782234117000006,0.5216169714126518,0.5216145838419111,0.27208177407657,1.6129196,3.1879999999999997,0.346054153119945,0.09111038786871838,0.0771258895781024,3.0921532242938032,1.2675271555361025,3.919388180870912,4.6608878565920575,0.5216145838419111,0.27208177407657,-5.124418369000048e-05,0.5009762651452404,0.5009762625243913,0.25097721561290787,1.5418616,2.6863,0.34444357393023567,0.5866344321054998,-0.23400549625630784,3.077713870442528,1.2393218840752638,3.814278152561406,4.476383700258237,0.5009762625243913,0.25097721561290787,-0.0293438903616846,0.20079445323262504,0.1986387387883599,0.03945734854743027,0.71748221,1.394876,0.13276891498238955,-0.112592486762077,0.416478994401948,3.573217279905537,1.274503674945534,4.554078554618492,5.403992418670942,0.19863873878835991,0.039457348547430285
302,867.5,0.0021519456811360006,0.5220585611685432,0.5220541259478323,0.2725405104191551,1.7199196,3.295,0.3437408082961932,0.09993511051713024,0.08718750315397683,3.294495537340178,1.2721430772821176,4.191069690964138,5.00353626479515,0.5220541259478323,0.2725405104191551,0.00042564246148599986,0.5018220740849172,0.5018218935711983,0.25182521286738313,1.5418616,2.7753,0.34259214523681586,0.5809620039272373,-0.22193704794077362,3.072526458330109,1.2438351213925287,3.821716320278787,4.50057487142384,0.5018218935711983,0.25182521286738313,-0.029206655158906438,0.20000114466259153,0.19785709277348534,0.039147429160775585,0.73277621,1.41017,0.13232101548634756,-0.11527311161965982,0.4358935681299121,3.663860080582126,1.2748774035200523,4.67097242639331,5.537867188418044,0.19785709277348537,0.03914742916077559
303,870.0,0.0025438565753756006,0.5184884071172869,0.5184821666255701,0.26882375710874545,1.7199196,3.223,0.3426459566781154,0.1063636396500749,0.05685817794093273,3.317180435262727,1.2695538649842752,4.211339242438016,5.019523991102301,0.5184821666255701,0.26882375710874545,0.0007738915450760004,0.4998550199071926,0.4998544208250002,0.2498544420182964,1.5331616,2.7666,0.3393018390935931,0.5846775196770905,-0.1899443570212238,3.0672125695259798,1.2481164866391525,3.828238576052213,4.518577335435816,0.49985442082500026,0.24985444201829643,-0.029187619578536078,0.19840336355234495,0.1962446879082912,0.038511977532222616,0.73277621,1.41317,0.13021198182124943,-0.1345939757768449,0.5078873440575769,3.693365862754998,1.2825329228656988,4.736863315171561,5.627563606288784,0.19624468790829122,0.03851197753222262
304,872.5,0.0022666643230156,0.5154691398351594,0.5154641562274199,0.2657032963552459,1.8019196,3.3049999999999997,0.3425365399048004,0.11067971271763441,0.0852131879417013,3.495688608199186,1.267310140657053,4.430121621750168,5.260517901245803,0.5154641562274198,0.26570329635524587,0.0010062390598019983,0.5028170397358417,0.5028160328904295,0.2528239629316695,1.5331616,2.7116,0.3429811100283092,0.5807042547383314,-0.19282511661159774,3.0491440799330443,1.2452782420473694,3.7970327796081644,4.470105073347785,0.5028160328904294,0.2528239629316694,-0.02975862928123288,0.1994880656311266,0.19725595634238988,0.038909912312550816,0.70794471,1.3883385000000001,0.1312293070248161,-0.13069163712242757,0.47340198326144334,3.5488073322093396,1.2808509362228713,4.545493193934923,5.3947149920263175,0.19725595634238988,0.03890991231255082
305,875.0,0.0017702950879800007,0.5170258442218928,0.5170228134702205,0.26731258964866245,1.8019196,3.276,0.34443846958783675,0.09588201758079942,0.10064426604566368,3.485163498377592,1.26667972078104,4.414585927001202,5.2314702308259,0.5170228134702205,0.26731258964866245,0.0005653435830499988,0.5046243654620881,0.5046240487775511,0.2546454306046482,1.5312616,2.7096999999999998,0.34489282568976265,0.570158144891782,-0.2024410495931006,3.034458311575607,1.2435781761402076,3.7735861326826874,4.439818650728901,0.504624048777551,0.25464543060464817,-0.030106976073725242,0.19972294191739323,0.19744068354783056,0.03898282351983457,0.72547621,1.32287,0.13222806890663066,-0.13498433762676307,0.40949271527821374,3.632412996900786,1.275340773509616,4.6325644011738305,5.486552257768173,0.1974406835478306,0.03898282351983458
306,877.5,0.0016936325231159998,0.5200017611384159,0.5199990030720547,0.27039896319593076,1.8039196,3.4379999999999997,0.34386414533429144,0.09369200135279565,0.14474931492954646,3.4690644048027104,1.2716206689027452,4.411333998901926,5.2460241187585845,0.5199990030720547,0.2703989631959307,-0.0002901610173440009,0.49984879421783185,0.49984870999893993,0.24984873288760437,1.6189616,2.7834000000000003,0.3418369234620628,0.5815561335768623,-0.19915864800960792,3.238902681626684,1.2432610459858289,4.026801535805497,4.7360641548123255,0.49984870999894,0.2498487328876044,-0.030308982368267998,0.19907150940490834,0.1967506834665347,0.03871083144454853,0.79031621,1.40671,0.13230576805742647,-0.14286768479169246,0.4483556143632006,3.970011642361686,1.2729663937893838,5.053691403679024,5.9734070676115065,0.19675068346653468,0.038710831444548524
307,880.0,0.001521274357476,0.5173192979837993,0.5173170611827723,0.2676169417907802,1.8049196,3.439,0.33984768347559874,0.1090820458152437,0.19465302489278713,3.4889856362105482,1.2764694018943872,4.453583408271786,5.310966317443191,0.5173170611827723,0.2676169417907802,-0.000466701054196,0.49868526547628367,0.4986850470921277,0.2486867761932776,1.6189616,2.7834000000000003,0.3392321144639479,0.6021764844136919,-0.19948481223769177,3.246459665203391,1.2465070306196835,4.0467347972992505,4.772430235734819,0.4986850470921277,0.2486867761932776,-0.030167535766289996,0.19948365190627534,0.1971893687896324,0.038883647163653653,0.79031621,1.50271,0.1323731820158929,-0.16758850445174214,0.49873258072575055,3.961809413692302,1.2747070512220486,5.050146395231467,5.970364978497786,0.1971893687896324,0.038883647163653653
308,882.5,0.0016007454997359987,0.5188627385108305,0.5188602692717988,0.2692159790288036,1.8049196,3.293,0.3424685575277198,0.10132088400787433,0.1373368125497474,3.4786070882257523,1.2732941612661224,4.429290094776798,5.270322078703262,0.5188602692717988,0.2692159790288036,-5.3103716623999375e-05,0.5041080022850265,0.5041079994880021,0.2541248751477955,1.4385616,2.563,0.34245874327280995,0.6027614219504659,-0.19978962981963289,2.853677373656581,1.247983294317436,3.5613416896950687,4.200685858541539,0.5041079994880021,0.2541248751477955,-0.030427805768666,0.20189661210047702,0.19959055742633422,0.03983639061375482,0.76877621,1.48117,0.1326732767344394,-0.17968382399015495,0.5228681972786231,3.8077717203962114,1.2814836277093722,4.879597117742494,5.794506843595886,0.1995905574263342,0.03983639061375481
309,885.0,0.002329425772935599,0.5177832347837642,0.5177779948961786,0.2680940519987072,1.6099196,3.096,0.34408685478865786,0.08482419911150733,0.09701749042836294,3.1092540118112013,1.26831065140875,3.9434999811155347,4.678817506669446,0.5177779948961786,0.2680940519987072,0.00033986693830399866,0.503762831239187,0.5037627165924309,0.2537768746285859,1.5038616,2.6843000000000004,0.34306807173637016,0.6000404854488807,-0.18040011871715977,2.985257162186238,1.2473903406030593,3.7237809483272137,4.383566189615101,0.5037627165924309,0.2537768746285859,-0.031236796369536,0.20008504453165327,0.1976316968449186,0.03905828759780181,0.76877621,1.41217,0.13235505860344363,-0.14535764148688016,0.4673521468777051,3.8422472394151392,1.2768610128343794,4.906015701679713,5.808438439088099,0.19763169684491863,0.03905828759780182
310,887.5,0.0026515877322775996,0.5166061619525453,0.5165993569971197,0.2668748956498375,1.6290804,3.2030000000000003,0.3430272998743974,0.08247686654321022,0.10715756084745998,3.1534281237428314,1.2680116416850196,3.998583572122859,4.749127549313139,0.5165993569971197,0.2668748956498375,0.0006298515155400006,0.5021611390999908,0.502160744094228,0.2521654129092687,1.5675616,2.748,0.34211649529454047,0.6080342399481018,-0.1699090886279948,3.1216306439193926,1.2470092826446724,3.8927023899555486,4.581952701960277,0.502160744094228,0.25216541290926864,-0.03193997037354,0.19954355064713272,0.19697072599095075,0.0387974668974022,0.69617621,1.33957,0.13249834302621347,-0.13051792010342228,0.43771466763088673,3.48884345167887,1.2747268461719343,4.447322409946211,5.254225781995391,0.19697072599095075,0.0387974668974022
311,890.0,0.0020156895274860004,0.5163725351498107,0.5163686009555299,0.2666365320527713,1.6290804,3.21,0.3412189684691453,0.09448611387957155,0.11839553180803097,3.154854855956599,1.2706915001527628,4.00884724967972,4.77429612811021,0.51636860095553,0.2666365320527714,0.0011859266354560009,0.504925882907176,0.5049244902038389,0.25494874080760654,1.5675616,2.755,0.3454109056406144,0.5941585968415791,-0.21852069316752631,3.104538018480181,1.243310410964603,3.859904439611828,4.538251613951594,0.5049244902038389,0.25494874080760654,-0.0322730563709216,0.2013229120595412,0.19871931147377972,0.039489364752613075,0.69617621,1.33657,0.13300615898293394,-0.13109295385205139,0.43924476765016074,3.4580078485756554,1.2772963788660554,4.416900903076083,5.234165209517301,0.19871931147377972,0.03948936475261308
312,892.5,0.0019290647108036018,0.5180862711718947,0.5180826797781792,0.26840966308613945,1.6209196,3.237,0.3426875930568965,0.11170390398860543,0.11736231113295759,3.128667347879208,1.2702409221387398,3.974161297035451,4.730021257965059,0.5180826797781792,0.26840966308613945,0.0010717380602300007,0.5023875203493187,0.5023863771842021,0.25239207198026736,1.5623616,2.7498,0.343358521532449,0.5801944163564884,-0.22759671679262938,3.1098734278145748,1.243741694756286,3.8678792475876396,4.550233945052532,0.5023863771842021,0.25239207198026736,-0.03230443237229685,0.2002805517196999,0.19765809633367182,0.03906872304625109,0.68912621,1.33652,0.1318491010694823,-0.12217364786035573,0.46794571246559347,3.44080443199726,1.2791961464330632,4.4014637700407,5.226628049870752,0.19765809633367182,0.039068723046251086
313,895.0,0.002324284947195599,0.5172145603222974,0.5172093378013118,0.26750549910887156,1.6209196,3.237,0.3451186540691533,0.11469546906132,0.0798253957189039,3.1339403882789747,1.2648274341151602,3.9638937799767646,4.69670236855759,0.517209337801312,0.2675054991088716,0.00046931716093800003,0.5019362883280928,0.5019360689191251,0.2519398172819848,1.5623616,2.6928,0.3419697754519427,0.5845386652269143,-0.2113443521160261,3.1126691501108517,1.2459029998204387,3.878083831571646,4.568712535881874,0.5019360689191251,0.2519398172819847,-0.03250541757569488,0.20004098442541146,0.1973823530058283,0.03895979327811741,0.73104621,1.40244,0.13125994955254783,-0.13789896138409677,0.4951921692058008,3.6544821657413036,1.281489252537315,4.683179618986771,5.5694536870695455,0.1973823530058283,0.03895979327811741
314,897.5,0.0021207783452199995,0.5146901202080867,0.5146857508606831,0.2649014221390252,1.6629196,3.25,0.34238353620749756,0.11289962984810434,0.0955458446874684,3.230914165066331,1.2666098952191283,4.0923078520766625,4.856891246640454,0.5146857508606831,0.2649014221390252,0.0005978191608160001,0.5023802457040115,0.5023798900094171,0.252385553885874,1.5071616,2.6776,0.3423190790928919,0.5760823268116169,-0.21114646343056442,3.000041528081854,1.2455364643034748,3.736661117650666,4.402797541971115,0.5023798900094171,0.252385553885874,-0.032908199575875645,0.19952690071777243,0.19679439654297617,0.03872803451071415,0.74291621,1.41431,0.130830523113733,-0.17105046874493007,0.467913395639036,3.7233887126370138,1.2816033734255232,4.771907534690113,5.678462428482162,0.1967943965429762,0.03872803451071416
315,900.0,0.001192073526839999,0.5132281481560007,0.5132267637412768,0.2634017110203444,1.6629196,3.25,0.3394080004717559,0.11333382545712775,0.1324083922807593,3.2401176864027716,1.2707323464393205,4.117322350382136,4.899470836540817,0.5132267637412768,0.2634017110203444,0.0008203736160000001,0.49484541769441126,0.4948447376706016,0.24487131440028653,1.5200616,2.7715,0.3387016098463965,0.5803875827904342,-0.17689872798436657,3.071790796977137,1.2438257903618173,3.8207726158762445,4.487907809736595,0.4948447376706016,0.2448713144002865,-0.033834430176916,0.19887007791213746,0.195970761144062,0.03840453922338301,0.74291621,1.4813100000000001,0.13116562377709565,-0.18431116359241922,0.45066204904463625,3.7356862218771134,1.278255464618705,4.7751613272152245,5.663955147749079,0.19597076114406206,0.03840453922338302
316,902.5,0.0010262011063420001,0.5151833921800874,0.5151823701268037,0.265412874489471,1.7030804,3.338,0.3401148214053307,0.11111633548840304,0.1833489725251507,3.3057750421517307,1.2726875337255388,4.2072186854475255,5.007368961349554,0.5151823701268038,0.26541287448947104,0.000768396038336001,0.49499618144723945,0.4949955850458433,0.2450206292148767,1.5200616,2.7715,0.33859832493210795,0.5851171412620441,-0.1917059220679196,3.070855204490138,1.244005804523061,3.8201616992355834,4.489276786306566,0.49499558504584323,0.24502062921487663,-0.034185246171412,0.19912518045002947,0.19616882125724455,0.03848220643345676,0.73839379,1.47624,0.13230414841065954,-0.1770459289533161,0.398584179570034,3.7081889308584968,1.27241829302981,4.7183674296350055,5.581032785972029,0.19616882125724455,0.03848220643345676
317,905.0,0.0014854093195500009,0.46416543802170285,0.46416306123283085,0.21544734741303267,1.7030804,3.338,0.31502742715232934,0.05981682073029036,0.23187418231337897,3.6691236798211793,1.2539236297457494,4.600800882587454,5.406133730624309,0.46416306123283085,0.2154473474130327,0.0003022532004160006,0.4492985620071352,0.44929846034087667,0.2018691064646823,1.4804616,2.6279,0.3033386240461984,0.43080118721120464,-0.01813853008460864,3.295050830758032,1.255281973370834,4.136217909191148,4.880557511115123,0.44929846034087667,0.2018691064646823,-0.03680506840859724,0.182041771147722,0.17828234175609783,0.03178459338203807,0.73784621,1.37824,0.11842097435414062,-0.1856312474377381,0.5459128272970535,4.053169804644768,1.2861126167888417,5.212832823741201,6.230705447444252,0.17828234175609783,0.03178459338203807
318,907.5,0.002154708383076,0.3731341944000565,0.3731279730365483,0.1392244842623631,1.1609196,2.3106999999999998,0.26710008285465797,0.07622876613259263,-0.5381274335574893,3.1112656449687854,1.2102261949986113,3.765335183140473,4.346384275109762,0.37312797303654827,0.13922448426236309,0.0017339642201959979,0.36794691540661967,0.3679428296968555,0.1353819259253292,1.3531616,2.4556,0.2506244388611276,0.06037233975853531,-0.1678437833174531,3.6776000649566947,1.2465999704779642,4.584496132404775,5.3991606171726705,0.3679428296968555,0.1353819259253292,-0.04056585048093972,0.14547691177292904,0.13970663417943552,0.019517943633746624,0.57830621,1.0997,0.09650491844341166,-0.19100591533999858,0.3719726826353362,3.9752439266971966,1.2703386256531417,5.049905906476515,5.992505038373831,0.13970663417943555,0.019517943633746627
