indice_janela,tempo_centro_s,aceleracao_x_g_mean,aceleracao_x_g_rms,aceleracao_x_g_std,aceleracao_x_g_variance,aceleracao_x_g_peak,aceleracao_x_g_peak_to_peak,aceleracao_x_g_sra,aceleracao_x_g_skewness,aceleracao_x_g_kurtosis,aceleracao_x_g_crest_factor,aceleracao_x_g_shape_factor,aceleracao_x_g_impulse_factor,aceleracao_x_g_clearance_factor,aceleracao_x_g_rms_espectral,aceleracao_x_g_energia_espectral,aceleracao_y_g_mean,aceleracao_y_g_rms,aceleracao_y_g_std,aceleracao_y_g_variance,aceleracao_y_g_peak,aceleracao_y_g_peak_to_peak,aceleracao_y_g_sra,aceleracao_y_g_skewness,aceleracao_y_g_kurtosis,aceleracao_y_g_crest_factor,aceleracao_y_g_shape_factor,aceleracao_y_g_impulse_factor,aceleracao_y_g_clearance_factor,aceleracao_y_g_rms_espectral,aceleracao_y_g_energia_espectral,aceleracao_z_g_mean,aceleracao_z_g_rms,aceleracao_z_g_std,aceleracao_z_g_variance,aceleracao_z_g_peak,aceleracao_z_g_peak_to_peak,aceleracao_z_g_sra,aceleracao_z_g_skewness,aceleracao_z_g_kurtosis,aceleracao_z_g_crest_factor,aceleracao_z_g_shape_factor,aceleracao_z_g_impulse_factor,aceleracao_z_g_clearance_factor,aceleracao_z_g_rms_espectral,aceleracao_z_g_energia_espectral
0,112.5,-0.0050344020626338,0.20932500500009094,0.20926445592637044,0.04379161251415984,1.5490804,2.966,0.07986396127502207,-0.7851929890700189,5.290363763235,7.400360028651747,1.6498259643895015,12.209306121099887,19.39648841942034,0.20926445592637047,0.04379161251415985,-0.010181671286655999,0.23143972754766243,0.23121565919536397,0.0534606810571467,2.6555616,5.246,0.0803181192164207,-0.27715376940701225,13.39513481180741,11.474095774905873,1.7503476305710435,20.083656352551717,33.06304512490479,0.231215659195364,0.05346068105714671,0.011944145305541281,0.11968569955891316,0.11908821970214578,0.014182004071826543,2.3243938,3.01806001,0.053172190439931204,2.3409725201111913,56.42280321924073,19.420814755365644,1.6700437954016856,32.4336111838439,43.71446390996202,0.11908821970214578,0.014182004071826541
1,117.0,-0.004934791441456,0.2733903172890412,0.2733457762996018,0.07471791342083192,1.2178804,2.1098,0.17009901563482455,-0.5006507221671016,1.535687193215992,4.454731287035303,1.32832613189643,5.917335979145609,7.159832145146536,0.2733457762996018,0.07471791342083194,-0.008618887005296,0.3671572913886508,0.367056114792603,0.13473019140664058,1.1648616,2.3203,0.25609065722716196,0.4717925326983247,-0.06388984488313465,3.172650053044833,1.2331664339029096,3.9124055519351737,4.548629819660794,0.3670561147926031,0.1347301914066406,0.012549016728334481,0.14853784042888632,0.14800679787911525,0.02190601221842927,0.70373921,1.136133,0.10215593103382013,-0.6847392152497279,0.5188824582905118,4.737777309593516,1.2458230515814597,5.902432185551191,6.888872754407352,0.14800679787911525,0.02190601221842927
2,121.5,-0.004536309590262401,0.25286124706962454,0.2528205532881118,0.063918232164907,1.1331804,1.9341,0.1608608858147932,-0.4800654532235833,1.4177145366006787,4.48143166709916,1.3128676970301596,5.883526872182503,7.0444744492125,0.2528205532881118,0.063918232164907,-0.008145673773979999,0.3232594787773784,0.32315683285084695,0.10443033861819022,1.1162616,1.9717000000000002,0.2229821648782667,0.6077748196938675,0.13700494553770382,3.453144217833577,1.2423409448663671,4.289982450343199,5.006057774214382,0.32315683285084695,0.10443033861819025,0.01124332149520076,0.13867366504231415,0.13821712302758835,0.019103973098023492,0.69160621,1.095,0.09368563373921442,-0.8144712537789841,0.7742770542890076,4.987293079684358,1.2597662550431232,6.282823525796448,7.382201330090499,0.13821712302758835,0.019103973098023495
3,126.0,-0.00441813773546,0.24686746744194427,0.2468279290115888,0.06092402654014992,1.0978804,1.9098,0.15513018041478438,-0.4316507699650626,1.368729825633114,4.447246173731612,1.3218898987742955,5.878769794418454,7.077155438513038,0.2468279290115888,0.06092402654014992,-0.006960487763605999,0.3041338829621792,0.3040542227559834,0.09244897037574519,1.0189716,1.82141,0.21077968036365727,0.6053786320504541,0.13151051745614772,3.350404729902176,1.2400480961520544,4.154663006654031,4.834297111761308,0.3040542227559834,0.09244897037574519,0.012306489472547519,0.132513184941842,0.13194049605899205,0.017408294500292895,0.69160621,1.08,0.0894195735255018,-0.8823364055711582,1.3319471095903648,5.219150157046903,1.2635353549251718,6.594580746092025,7.734393966917758,0.13194049605899205,0.017408294500292895
4,130.5,-0.0039490286184812,0.24370188394290523,0.24366988613756044,0.05937501341029167,1.1020804,1.912,0.1559635386555015,-0.4945392645540704,1.1858629998934083,4.5222481753903745,1.304974348720583,5.901417867432898,7.066269523637311,0.24366988613756044,0.05937501341029167,-0.005661945747554002,0.2921695804683318,0.2921147139761925,0.08533100612139274,1.0106416,1.83708,0.1999805713135631,0.6589760445090076,0.2768606570975778,3.459092484508473,1.2505329082246215,4.325708984470312,5.053698933659644,0.2921147139761925,0.08533100612139273,0.012751923450707121,0.1276539577566428,0.12701543756269176,0.01613292137924205,0.65853621,0.99693,0.08535112037699365,-0.8606244595232408,1.1910592994846914,5.158760617946696,1.26859432855024,6.54437446227551,7.715612953775684,0.12701543756269176,0.016132921379242052
5,135.0,-0.0034659296626460005,0.24016302586865948,0.24013801516203964,0.057666266325963986,1.0072804,1.8172,0.15383546508232354,-0.46618512516892163,1.2211977477391036,4.1941526858962135,1.3056216725243022,5.475976644582109,6.54777751970889,0.24013801516203964,0.057666266325963986,-0.004774515740054,0.28316501945976047,0.2831247644504,0.0801596322450945,1.0221616,1.8486,0.19317029978979236,0.650603551034432,0.35909211019442866,3.6097735587190196,1.2541502000815117,4.527198230916409,5.291504962783175,0.2831247644504,0.0801596322450945,0.015276069429652801,0.12147524090275068,0.12051089517202061,0.014522875855161741,0.57070621,0.9120999999999999,0.08154044583901264,-0.8269191453221335,1.1628284987969417,4.698127830484318,1.265583619372085,5.945873623977065,6.999056776397319,0.12051089517202061,0.014522875855161741
6,139.5,-0.0037052444901148,0.2613020077149738,0.26127573633834567,0.06826501039914472,1.1590804,2.0989999999999998,0.1651929585333077,-0.4817575933619596,1.2637686816092968,4.435788343671342,1.31517202866707,5.833824754683981,7.016524253158742,0.26127573633834567,0.06826501039914472,-0.0059571997386900005,0.2949488657339883,0.2948886996292662,0.08695934516903961,1.1344384,2.1876100000000003,0.19882684290201852,0.43043731940173013,0.3552587564804428,3.8462205887007537,1.2619772845659412,4.8538430143701925,5.705660178686482,0.2948886996292662,0.08695934516903961,0.012675529447724399,0.1297388728777714,0.12911818651458204,0.016671506088814396,0.63361621,1.13001,0.08492444836166461,-0.7293562248237896,1.3591622298552108,4.883780750869771,1.2845768604507168,6.2735917440819335,7.4609399557315,0.12911818651458204,0.016671506088814396
7,144.0,-0.002605385114238001,0.4445938089151614,0.4445861748796262,0.19765686689409756,1.2889196,2.448,0.3296734013057441,0.12259035792910351,-0.7428664686850968,2.89909480103884,1.1847222231783123,3.4346220378914216,3.909686358969059,0.4445861748796262,0.1976568668940976,-0.0056095662254719994,0.4805042017878565,0.48047145669909175,0.23085282070254717,1.5274384,2.7631,0.3252952260082942,-0.2049465526421678,-0.2254836107575171,3.17882423153995,1.2486704527055237,3.969303892268278,4.695545086053782,0.48047145669909175,0.23085282070254717,0.01887825758885586,0.17194624433313643,0.17090676502315366,0.029209122330679464,0.68005621,1.28845,0.11709498123863658,-0.13318233725072848,0.18131255610456698,3.95505125824341,1.250620909450892,4.946269801509268,5.807731491190582,0.17090676502315366,0.029209122330679464
8,148.5,-0.0033977943550239998,0.4267063800858328,0.4266928518260836,0.18206678979947613,1.1435804,2.2385,0.3196312583383018,0.28897102092594756,-0.7274831005664621,2.6800171109932003,1.1799094401846013,3.16217748911714,3.577811525522388,0.4266928518260836,0.18206678979947613,-0.00437925583239,0.49516798062850836,0.4951486152238228,0.2451721511580693,1.4784384,2.54004,0.3386776884219148,-0.25579749317620687,-0.3452369993011435,2.9857310202558796,1.2408400781199147,3.7048147124193584,4.365325648963933,0.4951486152238228,0.2451721511580693,0.01519573359595692,0.16516578458513825,0.16446527316763562,0.027048826078105003,0.71316521,1.184559,0.11569497075311046,-0.16745396378927807,-0.11268077024039957,4.317874987191331,1.2272557558292894,5.29913693098188,6.164185057982104,0.16446527316763562,0.027048826078105007
9,153.0,-0.0041118573774204,0.41876266376183546,0.4187424759799461,0.17534526118981575,1.1461804,2.2191,0.31510539155616313,0.2719263429333664,-0.7430990435720441,2.737064450072062,1.1777225931346025,3.223502641715404,3.637450931383728,0.4187424759799462,0.1753452611898158,-0.005293411629274001,0.49329431865503404,0.4932659167332133,0.24331126461065733,1.5624384,2.66674,0.33804220204084146,-0.2567105933728057,-0.3365897828562763,3.1673553513853254,1.2386957931709417,3.9233897492384724,4.622021719676379,0.49326591673321335,0.24331126461065736,0.012956163608757839,0.1693635556009449,0.16886726085993536,0.028516151790337455,0.69596621,1.19136,0.11768029893627026,-0.24871301875002297,0.06576984713031608,4.109303253173537,1.2341134744191182,5.071346515215779,5.914041825955085,0.16886726085993536,0.028516151790337462
10,157.5,-0.0032527524216559994,0.44794914868461694,0.4479373387081685,0.20064785940895646,1.5150804,2.907,0.3169145793056615,0.07114962379848849,-0.475188566488566,3.382259804375044,1.2175433273229075,4.1180478560893174,4.780721680016865,0.44793733870816854,0.20064785940895652,-0.005454080443248,0.5381591863912542,0.5381315479544153,0.2895855629038152,2.0074384,3.7645999999999997,0.35456078959510057,-0.04349682050140427,0.2860935312532602,3.7301944308733694,1.2759905071497155,4.759692683617155,5.661760857122537,0.5381315479544154,0.2895855629038153,0.016425735788084803,0.19941515196401513,0.19873751039159993,0.03949659803665129,0.90420621,1.6106,0.12891133540952318,-0.3131591284443027,1.018881097339098,4.53429040418737,1.2934777308041927,5.865003662815505,7.014171462327453,0.1987375103915999,0.03949659803665128
11,162.0,-0.001636753806868001,0.523226577075476,0.5232240170281701,0.2737633719950948,1.3940804,2.786,0.3651457398116221,-0.01661825747412608,-0.5526415337764541,2.664391414885835,1.2249866810768395,3.2638439964106234,3.817873928144973,0.5232240170281701,0.2737633719950948,-0.004411308783942001,0.7100265812177725,0.7100128776230827,0.5041182863906107,1.8668616,3.6703,0.48538685710470897,0.08530079978196402,-0.46137849830949884,2.6292840991926387,1.2396593093660138,3.2594165105321884,3.846131333542217,0.7100128776230827,0.5041182863906107,0.022297442801878762,0.268440651466188,0.2675130041775322,0.07156320740408836,0.93340621,1.7008,0.1821249461223415,-0.32211785330478204,0.033355331852817915,3.477141799879625,1.2490626309121757,4.343167884612343,5.125087089239215,0.26751300417753215,0.07156320740408835
12,166.5,-0.0009864873450160009,0.5121396855027598,0.512138735412177,0.2622860843095839,1.3739196,2.6731,0.3590560175280314,-0.03837249960233792,-0.5595092895899101,2.682704814510213,1.2228662785581066,3.28058925299002,3.8264770201010165,0.512138735412177,0.2622860843095839,-0.003359959303539999,0.6849942142557447,0.684985973752254,0.46920578423732356,1.9006616,3.5991,0.4704786731856492,0.08570861190279214,-0.46991210354773694,2.774711903318912,1.2372390833112519,3.4329820117151097,4.039846454952924,0.684985973752254,0.4692057842373236,0.02395604718923708,0.25721839560411747,0.2561003921125919,0.0655874108402233,0.90390621,1.6473,0.17468071828803283,-0.31283494206752044,0.049719552943454204,3.5141584950681133,1.248748543538006,4.388300302478018,5.1746192645575215,0.25610039211259195,0.06558741084022333
13,171.0,-0.0016613746260364004,0.5140202497943979,0.5140175649071218,0.2642140570330472,1.3339196,2.658,0.3612600233669409,-0.08785499667937835,-0.5870438039570693,2.5950720823421887,1.2207692975665068,3.1679843230953253,3.692408552620571,0.5140175649071218,0.26421405703304723,-0.003631814330956,0.6716335180109445,0.6716236985399064,0.45107839244042314,1.7402616,3.3747,0.4595768286105119,0.11008997504831315,-0.4593646674977867,2.591088076059423,1.2390832730291823,3.2105738939905963,3.786660883799386,0.6716236985399066,0.45107839244042325,0.021707793207678357,0.2541754107504941,0.2532467396517378,0.06413391114423504,1.0351062,1.73849999,0.17140616143014512,-0.36831237777324966,0.18624967834781136,4.0724088807162,1.2548020429422453,5.11006698321883,6.038908936315264,0.2532467396517378,0.06413391114423506
14,175.5,-0.0015988650488564006,0.513737497959925,0.5137350099425574,0.26392366044067955,1.4029196,2.73,0.35956773168668765,-0.06763331883069078,-0.578486592986331,2.730810200873126,1.2228475707949324,3.339364620439724,3.901683817452356,0.5137350099425574,0.26392366044067955,-0.00309093053434,0.6626387348340758,0.6626315258504808,0.4390805390509364,1.7691616,3.4006,0.4518471870437424,0.11197439732767399,-0.43870526249375885,2.6698735027058094,1.2418305127840659,3.3155303809337453,3.915398060957124,0.6626315258504808,0.4390805390509364,0.02047150212231612,0.24961416167153977,0.24877328495608525,0.0618881473078416,1.1000062,1.75139999,0.17061384597825313,-0.3725697143449945,0.16234320852967832,4.40682608964898,1.2452261070131028,5.487494895897374,6.4473442568090835,0.24877328495608525,0.0618881473078416
15,180.0,-0.0013460572086279989,0.5040457998649469,0.5040440025349824,0.2540603564914853,1.3760804,2.708,0.35187404387920374,-0.08041648573280832,-0.5382017533711929,2.730070164990373,1.2256665673771394,3.3461557278224907,3.9107186902151843,0.5040440025349824,0.2540603564914853,-0.0023087793903540004,0.6566606078412031,0.6566565490635916,0.43119782342810503,1.8029616,3.4154,0.4451759849731827,0.1367720280282537,-0.39920160957937156,2.745652135168128,1.24545730790913,3.4195925167214516,4.049997441143663,0.6566565490635915,0.431197823428105,0.02079820270994436,0.24813005717682116,0.24725687055895657,0.061135960038608606,1.1000062,1.8123999899999998,0.17005618477188789,-0.34922651921144027,0.13669368992669995,4.433184002436751,1.2448226746450066,5.518527967106772,6.468486879648277,0.24725687055895657,0.061135960038608606
16,184.5,-0.002486375609036,0.5048753993611713,0.504869276958336,0.2548929868164331,1.3930804,2.7220000000000004,0.35139229310204745,-0.11610183270856708,-0.5320954862318574,2.7592558515679153,1.2270205246448143,3.3856635626201377,3.964459173825526,0.5048692769583362,0.25489298681643313,-0.0031066353117839983,0.6517319717552005,0.6517245674554252,0.4247449118249611,1.8029616,3.4534000000000002,0.44455172308328905,0.14726479647131818,-0.39632817272799503,2.766415763130947,1.242875758567355,3.4383110901140648,4.055684651259817,0.6517245674554252,0.42474491182496105,0.01853049312040276,0.24856447071510898,0.24787278375529048,0.06144091692659699,0.96330621,1.7037,0.17182905495954295,-0.34436822865012245,0.04777307677867659,3.8754782903148253,1.2395760835976313,4.803950201176095,5.606189303821813,0.24787278375529048,0.061440916926597
17,189.0,-0.00314861593362,0.49682699029735305,0.49681701310002324,0.24682714450562868,1.3930804,2.7220000000000004,0.3455463720046452,-0.145272871697815,-0.517636882888679,2.8039547512630816,1.2291495429549106,3.4464797009812673,4.031529522125247,0.49681701310002324,0.24682714450562868,-0.004553871079456,0.6444345920267006,0.6444185019525834,0.41527520565881176,1.6851616,3.2626,0.44097994191588,0.16808182198524405,-0.4081982033808407,2.6149459089405607,1.241245124106884,3.245788859275715,3.8214019274406277,0.6444185019525833,0.41527520565881165,0.0167800321126412,0.24668941475988782,0.24611805678753987,0.060574097876874705,0.92640621,1.5817999999999999,0.1683309971104174,-0.3470859840668647,0.05897828393138482,3.7553545250480505,1.246030930975446,4.679287894988476,5.503479608050561,0.24611805678753987,0.0605740978768747
18,193.5,-0.003067364128628002,0.48663738328732625,0.4866277161137028,0.23680653409003852,1.3049196,2.59,0.337348361398001,-0.17553423876751553,-0.4881581321671873,2.68150299343019,1.2314082975606413,3.302025036043634,3.868166409916146,0.48662771611370287,0.23680653409003857,-0.004499039392534,0.6367670963417227,0.6367512022980508,0.40545209362801327,1.7412616,3.3127,0.4318087818207697,0.19192614269118077,-0.3539467909971843,2.734534510347167,1.2479279495260114,3.412502044405656,4.032483064975605,0.6367512022980508,0.4054520936280132,0.0169193417588768,0.2467330169828334,0.24615222433262202,0.06059091754389747,1.1153062,1.77069999,0.1648237600596858,-0.4053793740453537,0.40758270862051305,4.5202957173648075,1.2639985402015295,5.713647188028342,6.766659124850244,0.24615222433262204,0.060590917543897484
19,198.0,-0.0016909913108364009,0.48345649497323073,0.48345353766436355,0.23372732308018818,1.3549196,2.6424,0.3370275825211718,-0.19107808727903006,-0.46751523162896014,2.8025677885970333,1.2279256961703577,3.4413450028776316,4.020203895077,0.48345353766436355,0.23372732308018818,-0.0033205640660960013,0.6307531472326996,0.6307444067118143,0.39783850659823866,1.7412616,3.3087,0.4247789879998839,0.22075655316873094,-0.32675281163260106,2.7606070736855286,1.2517153275850945,3.45549418757201,4.099217826660664,0.6307444067118143,0.3978385065982386,0.019569811954566002,0.24250829088333953,0.2417173837505721,0.05842729360722135,0.85970621,1.5561,0.16354097299111553,-0.3759008870522529,0.24887632319152297,3.54505904465579,1.2565659352983656,4.454600434135833,5.256824600442509,0.24171738375057214,0.058427293607221355
20,202.5,-0.0013754292192120004,0.47972984795289825,0.47972787620834983,0.23013883521137382,1.2911804,2.5791,0.3328352768426961,-0.18573734482720583,-0.46328889722831335,2.691473973340873,1.2314483016342115,3.314411053363301,3.879337587794923,0.47972787620834983,0.23013883521137385,-0.001992672259734,0.6250691529746984,0.6250659767238753,0.3907074752577722,1.7735616,3.391,0.4195752854351089,0.20165588315663666,-0.33941038927548517,2.837384618261254,1.2534866010893264,3.556623601127435,4.227040203668758,0.6250659767238753,0.3907074752577723,0.02013933181197996,0.23866256251841966,0.23781132450332457,0.056554226062025544,0.91830621,1.6097000000000001,0.16070496068442447,-0.38115053435332275,0.2911036895334549,3.847717883818189,1.2581293248244205,4.840926703283026,5.714236860449338,0.2378113245033246,0.05655422606202556
21,207.0,-0.002741629925228001,0.4713703475171354,0.4713623743827864,0.22218248798377807,1.3350804,2.567,0.3253498056912133,-0.15469302492641526,-0.4422210879654447,2.832338535998951,1.2341053085243046,3.495404022814262,4.103522967114089,0.47136237438278644,0.22218248798377813,-0.004187547536676,0.6167560052869793,0.616741789165596,0.3803704345031804,1.6728616,3.1783,0.4148083038006507,0.2163240825514853,-0.33973067183517314,2.7123555922598763,1.252262606621105,3.396581484046683,4.032854657615405,0.616741789165596,0.38037043450318037,0.0177071036942524,0.2379568141372605,0.2372970793606945,0.05630990387311574,1.1564062,1.81579999,0.16033058265514014,-0.4606652270187235,0.5360035250888524,4.8597313936677216,1.2604770730607697,6.125580002951825,7.212636421881836,0.2372970793606945,0.05630990387311574
22,211.5,-0.0023804807980119997,0.4709886071891846,0.47098259141201637,0.22182460141317834,1.4440804,2.6879999999999997,0.3267796488684698,-0.1931577276335439,-0.3786456273860983,3.066062274028527,1.2324868338913466,3.7788813846311218,4.41912586968122,0.4709825914120163,0.2218246014131783,-0.003961438396662,0.6092461201972327,0.6092332410343434,0.3711651419812103,1.6255616,3.1550000000000002,0.41127766123840553,0.2369925065738108,-0.32869007772209846,2.668152567756612,1.2500641119671556,3.335361770205555,3.952467525479605,0.6092332410343434,0.3711651419812104,0.01730929629642036,0.23617992313618974,0.2355447820571265,0.055481344354339227,1.1708062,1.89119999,0.15961577763589493,-0.4463966779542785,0.41327885614101056,4.957263870921286,1.2572090114518277,6.232316810666812,7.33515331216671,0.2355447820571265,0.055481344354339227
23,216.0,-0.0021342175950483998,0.46975505872058093,0.46975021054687516,0.22066526030883352,1.3350804,2.643,0.3241668326757172,-0.1956435707910565,-0.34918929181580216,2.8420777492768434,1.236285997292414,3.5136209246473022,4.118497839461441,0.46975021054687505,0.22066526030883346,-0.003496665524134,0.6049967990023271,0.6049866941787021,0.3660089001332744,1.6178616,3.2142999999999997,0.4098676437580795,0.24762859714590765,-0.3197034750991161,2.6741655537152305,1.2488119187883473,3.33952981629282,3.9472781631792517,0.6049866941787021,0.36600890013327436,0.01612891788087476,0.2334539275138237,0.23289610189872575,0.054240594279621655,1.0597062,1.68809999,0.1576674240861032,-0.47641682303252564,0.431259998638744,4.539251968409273,1.2571677320417893,5.706601102291313,6.721148684596303,0.23289610189872578,0.05424059427962166
24,220.5,-0.0015901680778488,0.4643327089260564,0.4643299860488163,0.21560233594409398,1.3390804,2.6340000000000003,0.31923274719934175,-0.19322130398282028,-0.383546373162873,2.883881265003118,1.2371601722241374,3.567823042485221,4.194683696293302,0.46432998604881637,0.215602335944094,-0.003342804706308,0.6029742139805436,0.6029649478884738,0.36356672838214993,1.5964384,3.1482,0.41085589284279506,0.2530933769263369,-0.32643665894008533,2.6476064199513396,1.2455940376963544,3.2978427708579785,3.8856407509550848,0.6029649478884737,0.3635667283821498,0.0159254606434002,0.23109493831969413,0.23054554912268152,0.05315125022027876,0.85080621,1.5112,0.1545887141016572,-0.409633963662475,0.34622616143076224,3.6816306587511853,1.263192289287993,4.650607460140772,5.503676092683659,0.23054554912268158,0.05315125022027878
25,225.0,-0.0019687081464563995,0.4689247068498948,0.4689205741727418,0.21988650488249387,1.3480804,2.638,0.32517763368743363,-0.21269342815381173,-0.3686334348988263,2.8748333800878774,1.233082498989765,3.5449067284979527,4.145673811304618,0.4689205741727419,0.21988650488249395,-0.00289275173144,0.596429098901021,0.5964220837656032,0.3557193020033042,1.6776616,3.2001,0.40648398298936866,0.26210846790593406,-0.3070820243548047,2.8128433087709093,1.2464120655312354,3.5059618385008635,4.127251429840172,0.5964220837656031,0.3557193020033041,0.015981543155338458,0.2317140010355228,0.2311622126435554,0.05343596855426433,0.83050621,1.4909,0.15486775769823502,-0.45385057845613636,0.3695044892985311,3.584186567443025,1.2634372823965692,4.528394936372503,5.362679891177019,0.2311622126435554,0.05343596855426432
26,229.5,-0.0018993949412299993,0.46660619645316465,0.4666023305421293,0.21771773486734647,1.3120804,2.55,0.32267715901185123,-0.20030958230721593,-0.38732198508830074,2.8119652288666064,1.2350556172852853,3.472933451522606,4.066232651911411,0.4666023305421293,0.2177177348673465,-0.00285820966288,0.5944309998766486,0.5944241282551332,0.35334004425187515,1.6579616,3.1914,0.40217298659813816,0.2797124623918547,-0.29597109726996207,2.7891573628294055,1.2495807810544106,3.4852774359280283,4.122508610098865,0.5944241282551334,0.35334004425187526,0.0145492086808984,0.2326750562371038,0.2322197285367871,0.05392600232169909,0.90740621,1.5497999999999998,0.1556741536786982,-0.4604242406278601,0.40694667783297467,3.8998860671825613,1.2630649343924514,4.925809339583976,5.82888160017128,0.2322197285367871,0.0539260023216991
27,234.0,-0.002472003546853999,0.46264613969306545,0.4626395354607729,0.21403533977135974,1.3120804,2.5709999999999997,0.31890398421126753,-0.1850665438141407,-0.3412302080594696,2.8360344709035656,1.2374911284633567,3.509567497759432,4.114343078043117,0.46263953546077297,0.2140353397713598,-0.0037716606547780005,0.5915277342997076,0.5915157098688508,0.3498908350216505,1.6301616,3.2386,0.398560226992438,0.2701174927866307,-0.3003620000982803,2.7558498198396406,1.251107342222549,3.447863943664063,4.090126133009578,0.5915157098688508,0.3498908350216505,0.0148243758741444,0.2297478219436563,0.22926905497209188,0.05256429956779609,1.2681062,1.91049999,0.15269393550004853,-0.47883016536207795,0.5901195214182566,5.519557005032206,1.2682523587862202,7.0001911910871,8.304889096264056,0.22926905497209188,0.05256429956779609
28,238.5,-0.001450479481664399,0.46667797720973236,0.46667572309028543,0.21778623052184076,1.2899804,2.5499,0.32079871326188564,-0.20592881358738188,-0.31962542532918503,2.7641767192718043,1.238966874849864,3.424723391408937,4.021152039182021,0.46667572309028543,0.2177862305218408,-0.000775253556898,0.5884909224505497,0.5884904118068716,0.3463209647886213,1.6798616,3.2093,0.3975065933507689,0.27534461739230587,-0.2966061519143306,2.8545242346387374,1.2505722825595176,3.5697888877336257,4.225996821435492,0.5884904118068717,0.3463209647886214,0.017139723735300358,0.22634526511682806,0.22569538965403071,0.05093840891108476,1.0454062,1.7517999899999999,0.15294436907890854,-0.43599816536673786,0.31136126967429556,4.618635161024525,1.2563603970299775,5.802670304641387,6.8352055475847155,0.22569538965403074,0.05093840891108477
29,243.0,-0.0014565237410548001,0.464726113290495,0.46472383079919816,0.21596823891268177,1.4210804,2.723,0.31996003252830085,-0.21971590978404243,-0.2837232894753323,3.057887988987825,1.239679109945279,3.7907998605007864,4.44143097739654,0.46472383079919816,0.21596823891268174,-0.00038747666529599954,0.5835444433029191,0.5835443146596045,0.3405239671715476,1.6380616,3.0425,0.3980555448946364,0.3008525013613405,-0.3002991043427192,2.8070897063613693,1.245977057600311,3.49756937275226,4.1151583516656896,0.5835443146596047,0.34052396717154765,0.01588223872536236,0.22716737067886889,0.22661149307619244,0.05135276879422122,1.0932062,1.6725999900000001,0.1519691764838966,-0.43188230996692883,0.3079203863916762,4.812338130837423,1.2605406055499826,6.066147621557078,7.193604817065265,0.22661149307619244,0.05135276879422121
30,247.5,-0.002529699054884801,0.4634755237862162,0.4634686200505911,0.21480316177159917,1.4790804,2.77,0.3171828281530261,-0.2659342056223881,-0.25818877659478234,3.1912804972247986,1.2430864910580306,3.9670376752771017,4.6631793045442285,0.46346862005059114,0.2148031617715992,-0.0015611004600560002,0.5822626887209622,0.5822605959893884,0.3390274016419178,1.7466616,3.1841,0.39568628934486444,0.2998641092926453,-0.3008660545001254,2.999782802220825,1.2469358039637115,3.7405365802037394,4.414258585739571,0.5822605959893884,0.33902740164191775,0.015115433320508362,0.2289401416365396,0.22844060962992566,0.05218511212809208,0.77194621,1.37134,0.15429799719237675,-0.40376709825390883,0.16431864545814845,3.3718255107290225,1.2558480760855617,4.23450058054526,5.002956772261583,0.22844060962992566,0.052185112128092084
31,252.0,-0.002236553854256399,0.46506521295092484,0.465059834993247,0.2162806501239461,1.3580804,2.643,0.32094282251502443,-0.25348544126569583,-0.2857234606998178,2.9201934743360582,1.238024531841098,3.615271158950328,4.231533795825652,0.465059834993247,0.21628065012394612,-0.0008329684553000018,0.5802150271694888,0.5802144292559803,0.33664878391684305,1.6094616,3.1189,0.39263949627191064,0.29677356067365285,-0.29807593916179087,2.773905405124666,1.2492051065390208,3.4651767971379237,4.0990822759344,0.5802144292559803,0.33664878391684305,0.016568491478690398,0.22790976538698773,0.2273067228413457,0.05166834624887235,1.2686062,1.8499999900000001,0.15411171422177822,-0.47424501297396743,0.4952827090499432,5.566265218367996,1.2580463476914543,7.002619628249833,8.231731159478127,0.2273067228413457,0.05166834624887236
32,256.5,-0.0012173635620200002,0.46340567045541275,0.46340407144973217,0.21474333343618845,1.2909196,2.581,0.3180832436910396,-0.2393675619987836,-0.27663605227896104,2.785722493924916,1.241925735048958,3.4596604559101176,4.058433210816648,0.4634040714497322,0.2147433334361885,0.0010767786585479985,0.5780087753065939,0.57800777233455,0.334092984879149,1.5962616,3.0137,0.3939371973621455,0.29596415291193134,-0.33215903128121615,2.761656341901199,1.244694624740722,3.437418804145548,4.052071270976121,0.57800777233455,0.334092984879149,0.01728823426014676,0.22488466965795456,0.22421915975967274,0.05027423160333364,0.94800621,1.5724,0.15230768669757305,-0.45413529496645283,0.3918632867155236,4.21552172249847,1.2555718975481043,5.292890608272656,6.224283426235677,0.22421915975967274,0.05027423160333365
33,261.0,-0.00025568170543239973,0.4600807283425464,0.46008065729725417,0.21167421121907345,1.4040804,2.734,0.3140764772676087,-0.24721629539176995,-0.22062568920612646,3.051813113446935,1.2453085618998931,3.800448999493838,4.470504802572827,0.46008065729725417,0.21167421121907343,0.0018957923388960005,0.5765592090735088,0.5765560922745313,0.3324169275388778,1.6793616,3.0138,0.39177325908067556,0.3038450683342667,-0.29706196068784196,2.9127305115785407,1.2479847590340194,3.6350432856233814,4.2865651523555846,0.5765560922745313,0.33241692753887786,0.01895487427717872,0.22476165685688407,0.223960967880986,0.05015851513418804,0.84220621,1.4426,0.15194873943095924,-0.396086991471781,0.21966384282605933,3.747108033361183,1.2533308304914492,4.696366023393753,5.542699552191232,0.22396096788098602,0.05015851513418805
34,265.5,0.0007890998283343997,0.46494990989744295,0.4649492402780127,0.2161777960351012,1.3310804,2.606,0.3144272775214034,-0.2534507706458863,-0.22167629721225746,2.862846882352564,1.2495412306129683,3.5772452164313226,4.233348997239567,0.46494924027801277,0.21617779603510123,0.000866546925038001,0.5753764433949651,0.5753757908621687,0.3310573007102662,1.5778616,2.9973,0.39079516397396424,0.30425630188503344,-0.29794340429759547,2.7423117823349656,1.2484461887365341,3.42362869298338,4.037566852043034,0.5753757908621687,0.3310573007102662,0.019625445544101477,0.22529973327925998,0.22444333739922243,0.050374811702901194,0.89130621,1.5007000000000001,0.15344715089832928,-0.422317679237942,0.22638017466463323,3.956090835204062,1.2484602562460392,4.93902217785147,5.8085549635949905,0.22444333739922243,0.0503748117029012
35,270.0,-0.00011937869284920026,0.4666805246563859,0.4666805093876188,0.21779069784228736,1.5479196,2.9539999999999997,0.31391197598868736,-0.273999478431524,-0.15933374041010406,3.316872074616193,1.2550593716133134,4.162871381689546,4.931062585696901,0.46668050938761885,0.21779069784228738,-0.00021357109439599942,0.576837033903806,0.5768369943669774,0.33274091807032835,1.6989616,3.1184000000000003,0.39079496191676266,0.33400856840389453,-0.2918464972896593,2.9453060399088744,1.249100032608044,3.6789818704908437,4.347450109558655,0.5768369943669774,0.3327409180703284,0.01785361583561676,0.22706450063289685,0.2263615158308961,0.05123953584926102,0.84810621,1.5015,0.15291485198146593,-0.41334319248343887,0.27007275559147104,3.735089402509303,1.2575492561658626,4.69705889983857,5.546264466860255,0.22636151583089606,0.05123953584926101
36,274.5,0.0008543824801675999,0.4707335016981404,0.4707327263443351,0.22158929965157068,1.4369196,2.849,0.3198665707685503,-0.2733059749713357,-0.14320928025607405,3.0525118667280027,1.249946834747181,3.8154775458448755,4.492246865771194,0.47073272634433516,0.22158929965157073,0.0013214993648139992,0.5747946532275827,0.5747931341086512,0.33038714701844585,1.6078616,3.1013,0.39046152575384824,0.3542817653944129,-0.3029087546832483,2.797280021606929,1.2477865554054652,3.490408402665435,4.117848991384661,0.5747931341086512,0.33038714701844585,0.01883873853685276,0.22527672661219933,0.22448765107116184,0.0503947054834477,0.84780621,1.5011999999999999,0.1525449141262197,-0.3968167168901865,0.2745392790460097,3.763399010406648,1.2539147000448345,4.7189813412830794,5.55774812196297,0.22448765107116184,0.0503947054834477
37,279.0,-0.00032574925825199993,0.47603610663168566,0.4760359951773336,0.22661026870447434,1.5050804,2.885,0.3245136456747823,-0.27234166968861157,-0.15995216091334719,3.161693785476859,1.2477077736538529,3.9448699140525543,4.637957201677571,0.4760359951773336,0.22661026870447437,-0.0005847380823880025,0.5715867998343216,0.571586500738266,0.32671112782621575,1.6078616,3.0383,0.3889132145167079,0.3762748536839894,-0.259939281986044,2.8129788869617873,1.2478253303722184,3.510106308953168,4.134242653590587,0.571586500738266,0.32671112782621575,0.015476902278060398,0.22774395321834273,0.22721745910777644,0.051627773723394055,0.82220621,1.4186,0.15389373664986622,-0.420841164927503,0.27335395443203936,3.610221910970933,1.2561592263007422,4.535013562459234,5.342687934536644,0.22721745910777644,0.051627773723394055
38,283.5,-0.0012050486406519993,0.4819411645257571,0.48193965796790006,0.23226583392221647,1.5390804,2.948,0.32524716692541433,-0.23849380371713125,-0.05186173099597147,3.193502678930728,1.254672234988056,4.00679914361436,4.732033224298436,0.48193965796790006,0.2322658339222165,-0.0010864508438319992,0.543339880254646,0.5433387940315848,0.29521704509969693,1.5976616,3.0281000000000002,0.36819993788016253,0.47044021682616366,-0.20640184075594803,2.940446041345662,1.2483659695998923,3.670752773460643,4.339114257319588,0.5433387940315849,0.29521704509969704,0.01565467507758916,0.22082540087826288,0.22026980914610295,0.04851878882126062,1.0620062,1.62439999,0.15040008593614884,-0.4155706799851576,0.3287398822559475,4.809257430423346,1.2512409632764459,6.017539899887312,7.061207401509505,0.22026980914610297,0.04851878882126063
39,288.0,-0.0008228434844280006,0.48948935382036235,0.48948866220993925,0.23959915043207602,1.5390804,3.018,0.32870226250145945,-0.24632247254459627,-0.006636499408624541,3.1442571487771867,1.2587493412871795,3.9578316148607886,4.682293295724323,0.4894886622099393,0.23959915043207605,3.232126654400056e-05,0.5327159215249218,0.532715920544414,0.28378625200148233,1.5569616,2.7544,0.3631363568074192,0.503982241713509,-0.19043429430791292,2.9226864396001755,1.2466582734011493,3.643591230484907,4.2875398478090085,0.532715920544414,0.2837862520014824,0.016970577476739482,0.21897956859228748,0.21832098149506915,0.047664050960970324,0.85290621,1.4543,0.1484241943015324,-0.42097978174641876,0.23398435000937745,3.8949122764416644,1.2523696293793625,4.877869844112376,5.746409566268363,0.21832098149506915,0.047664050960970324
40,292.5,-0.00022932023402800095,0.4932394769794512,0.49323942367089113,0.24328512906319283,1.5490804,2.984,0.3290137473412458,-0.24466585249120748,0.0034737374229671936,3.1406253398175106,1.2622220641306132,3.9641665990853667,4.70825432833154,0.4932394236708912,0.24328512906319288,6.341690913400147e-05,0.530673917488164,0.5306739136989215,0.28161480268053035,1.6130616,2.8475,0.36251250264486895,0.5218747580588318,-0.18592354744852946,3.039647412171859,1.2454407487432229,3.7857007489307195,4.449671634029728,0.5306739136989215,0.28161480268053035,0.016923549932661878,0.21749069361494328,0.21683125989300028,0.047015795266785836,0.72485621,1.32625,0.14845796265833186,-0.33760509636238895,0.10541555601856567,3.33281483429044,1.248179166847143,4.15995004312044,4.88256875562962,0.2168312598930003,0.04701579526678584
41,297.0,0.0004396304969795988,0.49571477356583,0.4957145786200444,0.24573294345644822,1.5880804,3.0229999999999997,0.33063795612018315,-0.24626455637948028,0.06553008136896343,3.203617250654939,1.2647935682996387,4.051914493922139,4.803079533381675,0.4957145786200445,0.24573294345644828,0.0021510845499060002,0.5299762572452428,0.5299718917819463,0.280870206078935,1.6075616,2.739,0.361579017347987,0.5484991220271046,-0.1843537290091981,3.033270977752711,1.2459542667354755,3.779316916895878,4.445948251617897,0.5299718917819463,0.2808702060789349,0.020055981668721162,0.21565862383215206,0.21472400804866135,0.04610639963248159,0.79021621,1.38761,0.14713360450539326,-0.3347104849566457,0.1190333323261985,3.664199446134963,1.2469583227359373,4.569103995522404,5.370739150015415,0.21472400804866135,0.04610639963248159
42,301.5,-0.0002959687846579994,0.5019904490483202,0.5019903617981253,0.25199432333821276,1.5500804,3.0519999999999996,0.3359650013790184,-0.2534483664723761,0.01034229262826969,3.087868310918388,1.260627280795438,3.8926510322474495,4.613815110614094,0.5019903617981253,0.25199432333821276,0.001556416908548001,0.5301514137046538,0.5301491290377168,0.28105809901944967,1.6113616,2.7847999999999997,0.3611926095779837,0.5397889688513109,-0.19430795869864603,3.039436580466587,1.2465834012738408,3.7889111904341704,4.461225277789348,0.5301491290377168,0.2810580990194497,0.018074048278713162,0.21745438177361714,0.2167019541475452,0.046959736931364786,1.1389062,1.74429999,0.14763008769653035,-0.3568011353807381,0.2634482721146587,5.237448841962949,1.2509992473579898,6.552044559371624,7.714594076115062,0.2167019541475452,0.046959736931364786
43,306.0,-0.0008123131024204007,0.5059680050330007,0.5059673529631118,0.2560029622644982,1.6200804,3.076,0.33740376278429,-0.21708498851684255,-0.002130003615958387,3.2019423834800262,1.262671663108533,4.043001914526425,4.80160738763235,0.5059673529631119,0.25600296226449826,0.0006608864262919997,0.530459993092395,0.5304595814015571,0.2813873675007152,1.5800616,2.9285,0.3622874332468682,0.5420552079526915,-0.1854923675433997,2.9786630859545076,1.2456642140937202,3.7104140120154967,4.361348076137441,0.5304595814015571,0.28138736750071525,0.016587809273540224,0.21932407559251874,0.21869589552165244,0.047827894718017516,0.86710621,1.5045,0.14919844040849997,-0.397926580733764,0.2844242288796006,3.9535386512285724,1.2506082583184532,4.944328086807652,5.811764570902312,0.21869589552165244,0.04782789471801752
44,310.5,-0.0005396879192280014,0.49945790611290675,0.49945761453364484,0.24945790871563894,1.5550804,3.0460000000000003,0.3342804669620521,-0.2028990467457735,0.016175355138063008,3.113536458162424,1.2616568544467748,3.9282146140105554,4.652022937901826,0.49945761453364484,0.24945790871563894,0.0015575551895020013,0.5305447497053353,0.5305424633916954,0.2814753054617285,1.5469616,2.7774,0.36172441797275057,0.5401396439985814,-0.19242938683303779,2.9157985275684717,1.2458018509127662,3.6325072025335206,4.276630282992219,0.5305424633916954,0.2814753054617285,0.016458959624612402,0.21634841674935462,0.21572144093257817,0.04653574007802781,1.0915062,1.71989999,0.14901427514790835,-0.39835753324969125,0.2990414398641872,5.045131443067313,1.2436002168909794,6.2741265568420115,7.324843199865211,0.21572144093257817,0.04653574007802781
45,315.0,-0.0007951710222439989,0.5041788732972566,0.5041782462406887,0.25419570398233654,1.5720804,3.041,0.3342407832781295,-0.21079946452391593,0.05519504182218782,3.118100506113678,1.267826854035477,3.953211555232533,4.703436799607531,0.5041782462406887,0.25419570398233654,0.0009261469926640003,0.5298138901075955,0.5298130806262632,0.2807019004026912,1.5999616,2.7994000000000003,0.3613737235498503,0.5467298468593267,-0.20213305243006774,3.019855896331969,1.2448425737357671,3.7592451863010203,4.427443103176512,0.5298130806262632,0.2807019004026913,0.01647439190382276,0.21817749675513137,0.21755462417915786,0.047330014501734616,1.0915062,1.65889999,0.15023686844386722,-0.4114006724552259,0.277399387248495,5.002835838863059,1.2433117962307085,6.220084813064194,7.2652353001341865,0.21755462417915786,0.047330014501734616
46,319.5,-0.0007627600298580013,0.49980736349117144,0.4998067814637301,0.24980681879713285,1.5630804,3.076,0.3291998304093779,-0.22524171941208856,0.08995011167039602,3.127365689616556,1.2720710069644872,3.97823122193672,4.74812030752332,0.4998067814637301,0.24980681879713285,0.0016318819728620016,0.527327686441862,0.5273251614036195,0.27807182584935336,1.6576616,2.8121,0.36006491725767287,0.5607668324370959,-0.19005656892122724,3.1435133079870203,1.243638966152859,3.9093956404327326,4.603785374662674,0.5273251614036195,0.27807182584935336,0.016914080875122722,0.21451275980745604,0.21384489235976886,0.045729637988361126,0.77894621,1.38534,0.14701445479328734,-0.3710380836750948,0.22372801576387857,3.631234853810898,1.2469383890926615,4.527926139028088,5.29843280441541,0.2138448923597689,0.04572963798836114
47,324.0,-0.00016984085246000093,0.49993663594416077,0.4999366070945887,0.24993661111324914,1.5750804,3.0620000000000003,0.3301710066785923,-0.23614338762598258,0.05513053672321844,3.150560064527707,1.2699898254298045,4.0011792263556565,4.770498826789098,0.4999366070945887,0.24993661111324916,0.0030091841545619997,0.5262485564602406,0.5262399528610602,0.27692848798721087,1.5611616,2.7306,0.3596061290790882,0.5768403063566746,-0.20253298373217365,2.966585999781169,1.2439747698064167,3.6903581361887183,4.341309765765015,0.5262399528610603,0.276928487987211,0.019381671610116398,0.21334919850185827,0.21246701227951345,0.04514223130698292,0.77894621,1.39734,0.14494729398446513,-0.36584541962741984,0.22740023918955066,3.651038839000913,1.2503761579917427,4.565171916188595,5.373996220194938,0.21246701227951345,0.04514223130698292
48,328.5,0.00027647950012399993,0.5099284349456953,0.5099283599930997,0.2600269323252523,1.5859196,3.1639999999999997,0.33899503884564575,-0.20080203936804805,0.04005385108790627,3.110082692621156,1.265487462266472,3.9357706541240227,4.678297373909697,0.5099283599930997,0.2600269323252523,0.0013391475539640007,0.5328665463993907,0.5328648636900755,0.28394496295544275,1.6309616,2.8693999999999997,0.3630303261293745,0.5730102148733417,-0.18973801074621743,3.060731830550256,1.2455637348265312,3.8123365701626226,4.492631834340936,0.5328648636900755,0.28394496295544275,0.01789450368048476,0.21533606529524824,0.2145912574054883,0.04604940775486853,0.77691621,1.38131,0.14773113827888212,-0.36994949222862283,0.1809651097371887,3.607924241277311,1.2440874532675792,4.4885732809130525,5.258987502914669,0.2145912574054883,0.046049407754868536
49,333.0,0.0007092831545373995,0.5093361906830666,0.5093356968217954,0.2594228520569438,1.5940804,3.043,0.34005866507733956,-0.18010736392807536,0.012945756116716556,3.129721447561368,1.2631129704955775,3.953191754452958,4.68766293497464,0.5093356968217954,0.2594228520569439,0.0017175210692520005,0.534451961217423,0.5344492014874065,0.28563594897052647,1.5783616,2.7858,0.3652902328577127,0.5646378355680063,-0.18615639597664613,2.9532338068414328,1.2453148987541263,3.677706059164002,4.320842601381026,0.5344492014874066,0.2856359489705265,0.01741787927592636,0.21557132858612807,0.21486650550962486,0.046167615189917646,0.79847621,1.41187,0.147274245472696,-0.3732019489602027,0.15740035390147922,3.704000041364414,1.2465588793358509,4.617254140623169,5.421696152217151,0.21486650550962488,0.04616761518991766
50,337.5,0.00020906467313720024,0.5045136557603602,0.5045136124433569,0.2545339851406457,1.5740804,3.121,0.3318770286180583,-0.211048239994135,0.11543215499597093,3.1199956275270275,1.2727247319308568,3.9708955986697814,4.742962797258063,0.5045136124433569,0.2545339851406457,0.0017201129315920017,0.5304785610318677,0.5304757722327605,0.28140454492594363,1.5783616,2.7798,0.36196430418701325,0.5685039957635564,-0.17552507011135177,2.9753541725226897,1.2461703903084267,3.707798270478406,4.360544898329312,0.5304757722327604,0.2814045449259436,0.01647432826723716,0.2145027789025167,0.21386920924959088,0.045740038665045286,0.78468621,1.35308,0.1459506045654783,-0.3797380763711839,0.20670361705331386,3.658163376785948,1.2493720092434886,4.570406928196004,5.37638204607754,0.21386920924959085,0.04574003866504528
51,342.0,-0.00019877364789039893,0.507368574257421,0.5073685353202788,0.25742283063304505,1.5830804,3.0570000000000004,0.33323980462625147,-0.22573767917770748,0.09488954474051381,3.120178269450328,1.2733817146891377,3.9731779548884454,4.750574145173084,0.5073685353202789,0.25742283063304516,0.0019034982905800006,0.530688521863404,0.5306851080742915,0.2816266839318224,1.6316616,2.8411,0.3618460455973015,0.5672865669202342,-0.17617934588070927,3.0746125698568996,1.246795173229566,3.833412111648534,4.509270226531303,0.5306851080742915,0.2816266839318224,0.01545296327649308,0.2164155922837732,0.21586318470158755,0.0465969145095117,0.78477621,1.38717,0.14756019325000666,-0.39183529018521474,0.21415074952310587,3.626246157767452,1.2483460966383992,4.526810236498991,5.31834631491962,0.21586318470158758,0.046596914509511714
52,346.5,0.0008557496849432017,0.5054118577592542,0.5054111332926268,0.2554404136561373,1.5580804,3.042,0.3316122493042979,-0.2083774491744242,0.12022210336167882,3.0827935199378906,1.2748983868717123,3.9302484856273847,4.6985007437715485,0.5054111332926268,0.25544041365613734,0.0021969183502600002,0.5301895982352607,0.5301850465890466,0.2810961836266295,1.7393616,3.0558,0.3636657912533933,0.5752963246363437,-0.1750371451194348,3.2806407477428374,1.2424056753337531,4.075886683726869,4.782857342740979,0.5301850465890466,0.2810961836266295,0.01665821327449476,0.21415983487951487,0.21351098052822137,0.04558693880612252,0.76680621,1.4012,0.14663141804563273,-0.3531608609616134,0.17862121526096342,3.5805323179829727,1.2467591314194029,4.464061362787552,5.229480968133068,0.21351098052822137,0.04558693880612252
53,351.0,-9.997966363800082e-05,0.5047976024254214,0.5047975925244895,0.2548206094185206,1.7000804,3.168,0.3310321737203125,-0.2192490103643552,0.15089437839726028,3.3678456312620253,1.2760862534172017,4.297661513684648,5.1356953642711165,0.5047975925244896,0.25482060941852064,0.0017848635749460008,0.5299965115322709,0.5299935060907779,0.2808931164983954,1.7393616,2.9018,0.3623013214070787,0.5775004075771587,-0.18018671322376179,3.281835940714663,1.2436567686877895,4.08147748139265,4.800870152073412,0.5299935060907779,0.2808931164983954,0.016222994867828,0.21563604039635437,0.2150249203123596,0.04623571635533659,1.0510062,1.62939999,0.14599354428397632,-0.37513432258709134,0.35740700264625724,4.873982095331448,1.2550917274250477,6.117294607468301,7.198990922198978,0.2150249203123596,0.0462357163553366
54,355.5,-0.0004048234946559995,0.5084220705845425,0.5084219094171805,0.25849283797541167,1.7630804,3.2190000000000003,0.3347052525305225,-0.20750017538710996,0.12330752627292396,3.4677495372554406,1.2731903330326029,4.415105188211909,5.267561195022539,0.5084219094171805,0.25849283797541167,0.0015231900138379998,0.5302060835576486,0.5302038956229217,0.281116170933722,1.5928616,2.8223000000000003,0.36158039378790824,0.5628199365069715,-0.18886163328328154,3.004231089375666,1.2455743522551181,3.7419931931737827,4.405276467878186,0.5302038956229217,0.281116170933722,0.014279899275462003,0.21562356879024056,0.21515019845336483,0.04628960789452227,0.86420621,1.4716,0.14644222574737423,-0.3617723918858992,0.19243689499171523,4.007939460647287,1.2511380240643986,5.014485457363978,5.9013457736625226,0.21515019845336483,0.04628960789452227
55,360.0,0.00030421623253759915,0.5052733604589905,0.505273268877352,0.2553010762420048,1.5730804,3.1109999999999998,0.3318852224505985,-0.20326851551883332,0.1480054878684034,3.113325425609245,1.2751032090294125,3.9698112409472097,4.739832609552704,0.505273268877352,0.2553010762420048,0.0020415236932280006,0.5290477439176741,0.529043804921096,0.27988734752539074,1.5689616,2.6673999999999998,0.361133816409855,0.5802628091410654,-0.1811945774768864,2.9656332874262263,1.2445845281236536,3.690981305619169,4.344543570019394,0.529043804921096,0.27988734752539074,0.014047393863124001,0.2141076477461375,0.21364633287056056,0.045644755549038366,0.76514621,1.39354,0.14466937779634217,-0.3558514015831608,0.31099787126023326,3.573651936558643,1.2563146549113062,4.489631299450793,5.288929984043562,0.21364633287056053,0.04564475554903836
56,364.5,0.001372411871308,0.5073037423545611,0.5073018859541116,0.25735520349259844,1.5680804,3.097,0.3338563748200797,-0.2030345576768824,0.12860615707161482,3.0910089342570792,1.2739977931733963,3.9379385609227713,4.696871224475083,0.5073018859541116,0.25735520349259844,0.002898099612616,0.5282492116949101,0.5282412618065057,0.2790388306749293,1.6190616,2.7235,0.3617507197857131,0.5692856258893276,-0.19540744896235474,3.064957910311256,1.2428677447846175,3.8093373258483245,4.475627860420205,0.5282412618065057,0.2790388306749293,0.014957568265138797,0.2133570963601289,0.21283214446793283,0.04529752171881903,0.74975621,1.36515,0.14625541639829862,-0.3377027864906092,0.16243982286147185,3.514090802653568,1.246882817294165,4.381659440240195,5.12634833268795,0.21283214446793286,0.045297521718819046
57,369.0,0.00106833936915,0.5079711507221486,0.5079700272820988,0.2580335486169762,1.6370804,3.123,0.3351219967008033,-0.18897719295326187,0.14629514271993171,3.2227822341341086,1.2733869954145585,4.103848985999451,4.885028187098039,0.5079700272820988,0.2580335486169762,0.0029174656787160007,0.5295406821576762,0.5295326453147442,0.28040482245403064,1.6299616,2.7564,0.3619110128407219,0.5730482060115846,-0.19574086560847936,3.0780668132210884,1.243764112561775,3.8283890383517782,4.503763472700265,0.5295326453147442,0.28040482245403064,0.0158464066596206,0.2131091788891618,0.21251920742086045,0.0451644135227907,0.74401621,1.37241,0.14480324207709977,-0.32305626308232704,0.18800362407684057,3.491244318420293,1.2521627217052254,4.3716059878910585,5.13811845182204,0.21251920742086047,0.045164413522790714
58,373.5,0.0007459484793360001,0.504156456170721,0.5041559043187794,0.2541731758594863,1.5900804,3.004,0.32937783944238996,-0.21760980457195553,0.18872144804167323,3.1539423536838647,1.2792343349156343,4.034631349177029,4.827526960198286,0.5041559043187794,0.2541731758594863,0.0023284725524920008,0.5272609752238681,0.527255833736903,0.2779987142095967,1.5306616,2.6330999999999998,0.35836955455686337,0.5925122813864432,-0.16083120108269577,2.903043600657343,1.2482194228271388,3.6236354076545276,4.271182025751928,0.5272558337369031,0.27799871420959676,0.015614143862540399,0.213419172209697,0.21284722591124414,0.0453039415781122,0.75709621,1.3854899999999999,0.14448189343447915,-0.2994080043250281,0.21079705217223887,3.547461093402181,1.2545022022658896,4.450297754125597,5.24007674597187,0.21284722591124416,0.045303941578112204
59,378.0,0.0010893091723220007,0.505653639148455,0.5056524658197594,0.255684416189603,1.6500804,3.135,0.33166498855564874,-0.20975354654665268,0.1587344280413605,3.2632621863036815,1.2762638542009361,4.16478357516011,4.975141956303113,0.5056524658197594,0.255684416189603,0.0025769391074039996,0.5294375104596631,0.5294312390354035,0.28029743686656255,1.5358616,2.6433,0.3628061224842451,0.5909381424135806,-0.18287092521580206,2.9009308363258,1.2439799918925998,3.6086999182535613,4.233284679661642,0.5294312390354036,0.2802974368665626,0.01674113426098312,0.21376886711385765,0.21311232477451383,0.04541686297079787,0.99300621,1.6084,0.1454582142450531,-0.3210779519237786,0.23620700673817563,4.645233066006308,1.2515077253135973,5.813545067989062,6.826745503193687,0.21311232477451386,0.045416862970797875
60,382.5,0.001128560015533999,0.5053031323510108,0.5053018720686026,0.2553299819160344,1.6510804,3.136,0.3334991550756298,-0.17956953299442308,0.14488484187912753,3.26750477939462,1.272621918931555,4.158298202471209,4.9507783599199024,0.5053018720686026,0.2553299819160344,0.003558155912992002,0.5282268597918962,0.5282148757202001,0.2790109549321065,1.6463616,2.7918000000000003,0.3591486028618683,0.5927188200538854,-0.1468909212120626,3.116769943596984,1.2481885397259092,3.8903165245599234,4.584067950928951,0.5282148757202001,0.2790109549321065,0.0160958598552324,0.21361262700106634,0.21300534666955528,0.04537127770981742,0.79715621,1.49755,0.14337215947157686,-0.3279583832289211,0.3354648319379425,3.731784123398383,1.2615368654940393,4.707783245732417,5.560048847266153,0.21300534666955528,0.04537127770981742
61,387.0,0.0010124806940756007,0.5025954218935159,0.5025944020690694,0.2526011329911653,1.6510804,3.1239999999999997,0.3315295573336261,-0.17405927364261126,0.14819568086719004,3.285108315908639,1.2735217313262313,4.18365683007017,4.980190645078678,0.5025944020690694,0.2526011329911653,0.0031707927699660006,0.5255575095116728,0.5255479444135635,0.27620064187732196,1.6804616,2.8189,0.3595608919465371,0.5857663689336161,-0.18272776999729068,3.197483756937311,1.2440003081881548,3.977670779056634,4.673649547653995,0.5255479444135635,0.27620064187732196,0.014973716863824359,0.2128592040038713,0.2123318829861491,0.045084828532443715,0.78888621,1.39228,0.14390555896370205,-0.35111676725222624,0.21013846636023015,3.706140938052425,1.2536959114945943,4.646373741459065,5.48197175759544,0.2123318829861491,0.04508482853244372
62,391.5,0.00032054749691399917,0.5056910622709124,0.5056909606765638,0.255723347709986,1.6390804,3.106,0.33063590431901,-0.18867936173620262,0.16209710527336263,3.2412682807549804,1.2778281381737981,4.141783812518924,4.957357560353014,0.5056909606765638,0.25572334770998606,0.003243054751980001,0.5285233786883872,0.528513428794448,0.27932644441606397,1.5916616,2.6891,0.361369021623283,0.5979755680764084,-0.16089570586916224,3.0115254389502226,1.2453833559052174,3.7505036575537614,4.40453249935536,0.5285134287944481,0.2793264444160641,0.015882198067792723,0.2144439397213813,0.21385499542391526,0.045733959067762814,0.82590621,1.5043,0.14555673699178895,-0.32338160000383104,0.18594176436110033,3.8513851735473055,1.2514980258977952,4.82000094166649,5.6741187461944165,0.21385499542391528,0.04573395906776283
63,396.0,0.0010762918523036001,0.5073276822158981,0.5073265405420891,0.257380218738404,1.6880804,3.229,0.3300277419052996,-0.20713178459303036,0.26499439306701245,3.3273965903591707,1.2838888975023732,4.272007539949391,5.1149651549123085,0.5073265405420891,0.257380218738404,0.0033591759135739993,0.5268906335425116,0.5268799252695161,0.2776024556520109,1.6039616,2.6744000000000003,0.359878229328948,0.6081465945717319,-0.16108043625717805,3.044202151053395,1.2447413495143334,3.7892442936966395,4.45695646272032,0.5268799252695161,0.27760245565201086,0.01423325709662636,0.21341761204998635,0.2129424605980212,0.04534449152553981,0.74517621,1.36457,0.14422253588103526,-0.2842774551695381,0.21883081498565948,3.491634091686238,1.2558896304888603,4.385107049210136,5.166850003349497,0.2129424605980212,0.04534449152553981
64,400.5,0.0013291109229420003,0.5035710855815241,0.5035693315700522,0.2535820716979092,1.6880804,3.13,0.32937159151593753,-0.2100617991684271,0.1927871343828631,3.3522186804085545,1.2784676916223239,4.285703278155157,5.125154820519236,0.5035693315700522,0.25358207169790925,0.0033223362187320008,0.5284087956126413,0.5283983510220787,0.27920481736285185,1.6105616,2.84,0.35910926185069836,0.5981171087895784,-0.1803069975138878,3.047946236649415,1.2468522788195466,3.800338710885784,4.484879035700282,0.5283983510220787,0.27920481736285185,0.01440827065438072,0.21366937812367445,0.21318303141785905,0.045447004884507876,0.73684621,1.3562400000000001,0.14387970684071283,-0.30265499217046354,0.19217239331898472,3.4485344435902476,1.2573810016557847,4.33612169292598,5.1212657168932925,0.21318303141785905,0.04544700488450788
65,405.0,0.0011583741129636,0.5069311421636145,0.5069298186778137,0.25697784106472105,1.5669196,3.1180000000000003,0.3322614394550835,-0.1818522770827309,0.20802631069541588,3.090991003851701,1.2779175029587246,3.950031505310047,4.715923709262756,0.5069298186778137,0.2569778410647211,0.0033616819323120006,0.5265996341677146,0.5265889039850316,0.2772958738001568,1.5524616,2.6669,0.3590798269797942,0.5957433863083647,-0.1852794382174383,2.948087122114412,1.246029515782146,3.6734035692518012,4.323444213109077,0.5265889039850316,0.2772958738001568,0.01233132485758036,0.2137918407638924,0.21343591451410038,0.045554889604470364,0.85570621,1.4281000000000001,0.14316790795310247,-0.3076405335568274,0.3128362618810554,4.002520428013085,1.2612702489315317,5.048259936593605,5.976941496416249,0.21343591451410038,0.045554889604470364
66,409.5,0.0011987879135320011,0.5043986593669013,0.5043972348047376,0.25441657047866567,1.5750804,3.133,0.3313084077425721,-0.18572697044296707,0.17927795365399968,3.1226895051167873,1.2760684807785425,3.9847656527374773,4.754121426413795,0.5043972348047377,0.2544165704786657,0.003542854854675999,0.5256642992642592,0.5256523601207012,0.2763104037004633,1.5948616,2.6993,0.358370007303816,0.6031980587491794,-0.14737675421102692,3.0339926113153055,1.2469574990693988,3.783259838800768,4.450321085737293,0.5256523601207012,0.2763104037004633,0.0138882578568644,0.21102011838599877,0.21056259557989443,0.04433660665734218,0.82990621,1.4483000000000001,0.14263151544538316,-0.32121565877030883,0.3384548649675443,3.932829800056943,1.2569312243219097,4.943296575635265,5.818533214125386,0.21056259557989443,0.04433660665734218
67,414.0,0.0005403136113799999,0.5057283367110396,0.5057280480789216,0.255760858613716,1.7040804,3.262,0.33076385645388284,-0.191893155166988,0.1634779409054432,3.3695568871666146,1.2781071553957972,4.306654768000839,5.151954685343903,0.5057280480789217,0.2557608586137161,0.003518031154196001,0.5245019294524919,0.5244901309425991,0.2750898974561848,1.5318616,2.6403,0.35850235687868814,0.596424077808733,-0.17754080375832348,2.9206024115088645,1.2449641584340538,3.636045323364602,4.272947082795216,0.5244901309425991,0.2750898974561848,0.012741170659697598,0.21025219244336,0.20986578329365688,0.04404364699746015,0.74299621,1.3323900000000002,0.14267239746315347,-0.3339130867806246,0.2513074605695018,3.5338333520596055,1.2537456695266675,4.430528261973638,5.207708170684424,0.20986578329365688,0.044043646997460155
68,418.5,0.0010553889193720004,0.5083015685558638,0.5083004729002134,0.25836937075058053,1.6570804,3.096,0.3332725831533043,-0.1896894231192561,0.21362893325012688,3.2600340083701353,1.277909060371935,4.166026996416832,4.9721473765447675,0.5083004729002134,0.25836937075058053,0.003201128949656,0.5257665236335537,0.5257567785080473,0.27642019014715985,1.6046616,2.9271000000000003,0.35838154106292447,0.5813705762421959,-0.15213463256124715,3.0520421667591937,1.2474958820257023,3.807410034800896,4.4775230198540115,0.5257567785080471,0.2764201901471598,0.012009518913226798,0.21110228327965286,0.2107603982283096,0.04441994546135566,0.76295621,1.38435,0.14287189589339566,-0.3018757706475591,0.24833686587550963,3.614154229631384,1.2548792541541993,4.535327164078076,5.3401419868417115,0.21076039822830964,0.044419945461355664
69,423.0,0.0011118463173640008,0.5052757259797199,0.5052745026835409,0.2553023230620996,1.7410804,3.1639999999999997,0.3301458238772162,-0.189248772480858,0.22432310447641868,3.4458025796194316,1.2798966914091114,4.410271320903892,5.273670826887458,0.5052745026835409,0.2553023230620996,0.0029714997533719996,0.5257237731010601,0.5257153752676734,0.27637665579283066,1.5817616,2.7612,0.35860784745590174,0.5850171193258397,-0.161233266385854,3.0087313546232526,1.246844367534463,3.751419742936337,4.4108393366782375,0.5257153752676734,0.27637665579283066,0.0120151844533848,0.21073548410555323,0.21039267953936283,0.04426507960375302,0.86250621,1.4759000000000002,0.14046250516926992,-0.2873254653767431,0.3515315876683536,4.092838060285983,1.2647387040606979,5.176370704296394,6.14047292521661,0.21039267953936283,0.04426507960375302
70,427.5,0.0021648896563359996,0.504572403451423,0.504567759153834,0.2545886235775215,1.7260804,3.146,0.32932287604477983,-0.20997810088139254,0.2227264585536224,3.420877535499573,1.2811990939854687,4.3828251991172955,5.241301244330489,0.504567759153834,0.2545886235775215,0.004248321454880001,0.5225949512622916,0.522577683076548,0.273087434849653,1.5804616,2.7748999999999997,0.3564073887409031,0.5978381604670622,-0.1536684697604498,3.0242573070836323,1.2460282055600718,3.768309905497353,4.43442434115457,0.522577683076548,0.273087434849653,0.01233165364549476,0.20762241343476343,0.20725587296586648,0.04295499687884338,0.80153621,1.35393,0.14001669565745792,-0.2718464776297805,0.21284458488169067,3.8605476005212167,1.2573088837880753,4.853900794422064,5.724575960290537,0.2072558729658665,0.042954996878843396
71,432.0,0.0013446997957716,0.5092136033449951,0.509211827841865,0.2592966856140532,1.7430804,3.368,0.3331345084872799,-0.1798204270088747,0.24808516672745373,3.4230829430906877,1.2793012744588959,4.379154371674425,5.2323621708093215,0.509211827841865,0.25929668561405317,0.0040820067168400006,0.5267194091124309,0.5267035913651169,0.27741667315691204,1.5414616,2.6979,0.3586279260570018,0.5796616608671692,-0.17775135156778976,2.926532748427669,1.2468940072991477,3.6490761461791648,4.298219653298817,0.5267035913651169,0.27741667315691204,0.0120635574576924,0.20912593240247893,0.2087776956110761,0.04358812618467114,0.73500621,1.3114,0.14131544501854854,-0.26928330325889926,0.21866447514762166,3.514658376204746,1.2556017422814028,4.413011180686604,5.201173940353978,0.2087776956110761,0.043588126184671144
72,436.5,0.0009693227390895991,0.5042589234636022,0.504257991811829,0.2542761223060986,1.6140804,3.165,0.3321085102467598,-0.18029170073554548,0.2183499304902381,3.20089605735357,1.2757875294218304,4.083663272947189,4.860099486161083,0.504257991811829,0.2542761223060986,0.003709469280856001,0.5243136532378764,0.5243005310023083,0.2748910468093025,1.5291616,2.7126,0.3548037363520076,0.5841846730833617,-0.15998672270140224,2.916501583654609,1.2505215353538077,3.6471480382535733,4.309880205102714,0.5243005310023084,0.27489104680930254,0.012133394652016802,0.20786464573186356,0.20751022066262556,0.04306049167945155,0.79551621,1.35791,0.1402003212563174,-0.29759492387025266,0.25151543174955027,3.827087608857649,1.2566441579315217,4.809287285563081,5.674139708607509,0.2075102206626256,0.043060491679451564
73,441.0,0.0006593471318959997,0.5070656886544535,0.507065259973482,0.2571151778719748,1.6450804,3.241,0.3318598100422749,-0.18227555355230227,0.24306687828358164,3.24431417232228,1.2804035618530645,4.154031422011824,4.957154648495812,0.507065259973482,0.2571151778719748,0.003131945567356,0.5245561413787304,0.5245467914067397,0.2751493363751057,1.5434616,2.7269,0.3603011766684068,0.5795521507347476,-0.1816539153079617,2.9424145067546132,1.2423241781536098,3.655432683891184,4.283809490360012,0.5245467914067398,0.27514933637510575,0.0110012088551144,0.20861466116105393,0.20832438708674386,0.043399050255067496,0.77909621,1.42849,0.14131823629677093,-0.2775871758829788,0.16592141648129388,3.734618677632273,1.2534139401242606,4.681023111592723,5.513062081838351,0.2083243870867439,0.0433990502550675
74,445.5,0.0012250929893720004,0.5102817382639756,0.510280267649918,0.2603859515528719,1.6870804,3.2649999999999997,0.3343245466675027,-0.18543971135471868,0.27300952757177166,3.3061743611276375,1.2798131331023146,4.231285367697305,5.0462355122187885,0.5102802676499181,0.26038595155287203,0.0037906589514240005,0.5266689397132532,0.5266552980492993,0.27736580296339636,1.6328616,2.7933000000000003,0.36121893226141755,0.5941936088617895,-0.1811014768248369,3.1003567457177508,1.2434504403718987,3.855139960772724,4.5204208699069035,0.5266552980492993,0.27736580296339636,0.01110061026014836,0.2088251780071767,0.20852992931850653,0.043484731421581324,0.79425621,1.40365,0.1422098588620192,-0.2661261343587273,0.2010052696595519,3.803450415221022,1.2513086875796797,4.759290547344605,5.585099488570877,0.20852992931850653,0.04348473142158133
75,450.0,0.001078066877957599,0.5060678361715564,0.5060666878773666,0.256103492579168,1.7660804,3.284,0.3321079114795325,-0.20578410646703152,0.289949475459796,3.4898096139848356,1.2795725284085044,4.465464511430883,5.3177908112220384,0.5060666878773666,0.256103492579168,0.003370638154738001,0.5253532198768585,0.5253424068485358,0.27598464443341253,1.7067616,2.8532,0.35692619551331123,0.5963514319636025,-0.16646614733588017,3.248788691920573,1.2488821000737838,4.057354044261726,4.7818333914814835,0.5253424068485358,0.2759846444334126,0.010212877154931101,0.20714029097292208,0.20688836913796077,0.04280279728456512,0.76583621,1.38523,0.1404286268966841,-0.20142384098089902,0.17454705173109097,3.697186126382878,1.2538522915452142,4.635725296834345,5.4535619048916555,0.20688836913796077,0.04280279728456512
76,454.5,0.0008950171648895992,0.5083318503285839,0.5083310624020101,0.25840046900275626,1.6290804,3.121,0.3315796568091474,-0.18536190545072231,0.2561845170988737,3.2047576773852917,1.281455987518709,4.106755914231933,4.913089107084986,0.5083310624020101,0.2584004690027563,0.0036847546358339985,0.5274167413572866,0.5274038695792937,0.27815484164721266,1.8003616,2.9758,0.35718633863063065,0.5958069461645957,-0.16233075544743114,3.413546554033987,1.2502414132825064,4.267757268021081,5.040398820688853,0.5274038695792937,0.2781548416472127,0.01115996444655076,0.20859189994107225,0.20829314898617768,0.04338603591457801,1.0146062,1.6279999900000002,0.14117622993463091,-0.26497853951479244,0.2647037946017061,4.864072863263765,1.2555844716964633,6.1072543563141375,7.186806167509891,0.2082931489861777,0.04338603591457802
77,459.0,0.001738531729127199,0.5062174393825496,0.5062144540038858,0.2562530734424522,1.6500804,3.122,0.3299547993693567,-0.179273397455368,0.21159649494477195,3.2596277244273892,1.280412215996686,4.173667157958308,5.00092862159848,0.5062144540038858,0.2562530734424522,0.004024403915256002,0.5252797007675504,0.5252642841575792,0.2759025682115741,1.6513616,2.7687999999999997,0.3593392701283541,0.5915692340205309,-0.15999860584782866,3.14377577809878,1.244299758515056,3.911799441513794,4.595550047758883,0.5252642841575792,0.27590256821157416,0.010613466733084399,0.20696089294323178,0.2066885713622443,0.04272016553176555,0.70800281,1.3123966,0.1405245600669903,-0.25583153518430524,0.15667327533840725,3.420949725966834,1.2517732753571236,4.2822534433055575,5.03828519130381,0.2066885713622443,0.04272016553176556
78,463.5,0.00153672627076,0.5059269089982021,0.5059245751303685,0.2559596757208438,1.5840804,3.075,0.32951542786127286,-0.1892252191083413,0.2971627885845751,3.131045951156611,1.2837164929304683,4.019375327622907,4.807302681642279,0.5059245751303684,0.25595967572084377,0.0038879265757280025,0.5235680579421063,0.5235536222052241,0.27410839532421044,1.6201616,2.7176,0.35618825038483864,0.5974698414918639,-0.1685039624919611,3.0944622679391,1.2477714727190508,3.8611817413399043,4.548610455986459,0.523553622205224,0.2741083953242104,0.0099967408647088,0.20651324133893395,0.20627114199615185,0.04254778402039664,0.73171621,1.31711,0.14172685938946966,-0.23982064741581607,0.12979683571311718,3.54319270404115,1.2448355609078083,4.410692277139519,5.16286195257613,0.20627114199615185,0.042547784020396634
79,468.0,0.0015721413543333988,0.5073645983496411,0.5073621625920233,0.25741636403005463,1.6820804,3.121,0.33140109940819906,-0.2039227657505678,0.24953005999448719,3.315328671869268,1.2808132837787574,4.246317003022743,5.075663306500136,0.5073621625920233,0.25741636403005463,0.004406935796719999,0.524362763655065,0.5243442445806582,0.27493688682486106,1.5921616,2.9516,0.3553863086382355,0.5998778292762479,-0.16213384154381583,3.0363742629279296,1.2501711695151272,3.7959875633702427,4.480087052595874,0.5243442445806582,0.27493688682486106,0.00996151986560036,0.20879816435335508,0.20856040266382764,0.043497441559297925,0.73171621,1.32711,0.14317179763762994,-0.2570536228440913,0.09551304912711434,3.5044187877135538,1.2457378125753553,4.365586994954262,5.110756602022873,0.20856040266382764,0.043497441559297925
80,472.5,0.001454557777139599,0.5058820484940073,0.5058799573517082,0.25591453125016617,1.7410804,3.1879999999999997,0.3295722861098754,-0.20617960211701222,0.25446397190347625,3.4416726293868973,1.2822534964539904,4.413096762681348,5.282848326086329,0.5058799573517082,0.25591453125016617,0.0039082992263460015,0.525078531375994,0.5250639859189813,0.27569218930912814,1.5870616,2.8135,0.36061430422053453,0.6066661554516544,-0.14926612157575114,3.022522356495946,1.242873219690598,3.75661209280493,4.40099458458927,0.5250639859189813,0.27569218930912814,0.009556799854284,0.20758239187125052,0.20736228439987484,0.042999116991534574,0.77302621,1.3664200000000002,0.1408467753001438,-0.2469385203167233,0.16608274745604135,3.723948852460745,1.2530100377265667,4.666145292113643,5.488419655705179,0.2073622843998748,0.04299911699153457
81,477.0,0.0010838140836996002,0.5058140879065846,0.5058129267543506,0.25584671687180205,1.6670804,3.126,0.3296165399521345,-0.210572112471626,0.31378713434185457,3.2958362367872245,1.2839219721914512,4.231596561155904,5.057635761367091,0.5058129267543506,0.25584671687180205,0.004039479434052,0.5222406818314518,0.5222250591131007,0.2727190123656815,1.6000616,2.7495000000000003,0.35581195822293765,0.6128073584506035,-0.14185837198558637,3.0638394435085483,1.2470010617629699,3.8206110391264265,4.4969303673528165,0.5222250591131007,0.2727190123656815,0.008459975060034399,0.20843153377093998,0.20825977310102425,0.0433721330920901,0.77202621,1.39642,0.14191723607358572,-0.23792632535594474,0.2050877141137315,3.7039798922577316,1.2523505239860444,4.638681158902743,5.439974955541662,0.20825977310102425,0.04337213309209011
82,481.5,0.0020935908067535995,0.5120184504115052,0.5120141701548238,0.26215851043933286,1.6020804,3.0919999999999996,0.3341062083151373,-0.1834324037264211,0.2733073904419956,3.128950526514075,1.2819721099165775,4.011227308299835,4.795123107945596,0.5120141701548239,0.2621585104393329,0.004611012872852001,0.5229765645853948,0.5229562368552726,0.27348322566582794,1.5245616,2.771,0.3563438998188317,0.5931908400259904,-0.17439886415484418,2.9151623671868387,1.2477617907991543,3.6374282157513513,4.278343478799834,0.5229562368552726,0.27348322566582794,0.00846479365544912,0.20876965131683706,0.208597973574348,0.04351311457932439,0.74903621,1.4304299999999999,0.14188889102024713,-0.19103634002832298,0.11095516481632428,3.587859659080587,1.252027724582829,4.492099765081192,5.279033507232886,0.20859797357434803,0.0435131145793244
83,486.0,0.002074061048249599,0.5051702910768414,0.5051660333567853,0.2551927212574288,1.6240804,3.2359999999999998,0.32858559086925515,-0.18130674618289264,0.2211869011543235,3.214916689851346,1.2825943352210951,4.123433934611091,4.942640350429197,0.5051660333567854,0.25519272125742887,0.0034584458969779994,0.5223547426926447,0.5223432935967272,0.27284251636547674,1.6261616,2.9375999999999998,0.35513562542722826,0.5974659205134988,-0.1506686093571754,3.113136470471063,1.2481042424027533,3.8855188359736674,4.578987529183329,0.5223432935967273,0.2728425163654768,0.0083874270521518,0.2072092957508901,0.20703947283797036,0.04286534331302466,0.76079621,1.44219,0.14114488123580574,-0.258171559758545,0.17448838143199508,3.6716316574650194,1.2502754252205586,4.590550831790342,5.390179249426445,0.20703947283797036,0.04286534331302466
84,490.5,0.0015119434269355995,0.5053269463718776,0.5053246844916643,0.25535303675660015,1.6870804,3.168,0.3296336870021058,-0.17398010639813766,0.261405100094398,3.338591801036576,1.2823891535629655,4.2813739138235505,5.118046081222342,0.5053246844916643,0.25535303675660015,0.0032731049573160023,0.5210021270381054,0.5209918455812611,0.2714325031621686,1.7054616,2.8819,0.3555727859739105,0.5821292330299885,-0.14931422259441485,3.2734254074844973,1.2461386860282748,4.079142036094301,4.796378314861068,0.5209918455812611,0.27143250316216866,0.00813085785802858,0.20759742600094586,0.20743813639904962,0.04303058043271071,1.0026062,1.62899999,0.1404131746071891,-0.27397355376713006,0.3037971921810052,4.829569514968032,1.25620295019668,6.066919472882791,7.1403997723491885,0.20743813639904962,0.04303058043271072
85,495.0,0.001994413694128,0.5069410857721647,0.5069371625338568,0.25698528675787796,1.7210804,3.194,0.3291026793476397,-0.19762211620016876,0.26856816032554276,3.395030405512462,1.2848696750510467,4.3621716139192195,5.229615278160583,0.5069371625338568,0.25698528675787796,0.0033915735761859997,0.5228627711661472,0.522851771250916,0.2733739747002201,1.5702616,2.7786999999999997,0.3555182583890006,0.5934961858897195,-0.1491671440957285,3.0032002402806888,1.248363406755768,3.7490852831265418,4.416824067251851,0.522851771250916,0.2733739747002202,0.00820855026171482,0.20831294684093607,0.20815115547158405,0.04332690352415556,0.78167621,1.40807,0.1422304649988396,-0.21259065238180844,0.13338408944505487,3.7524130009877568,1.2484104725538399,4.6845516877802975,5.49584232890174,0.20815115547158405,0.04332690352415555
86,499.5,0.0018502843784968003,0.5050111747029533,0.505007785110859,0.25503286302257555,1.6570804,3.222,0.3268330703920331,-0.19908493737067073,0.2352747065052494,3.2812747182766633,1.2856227326406162,4.218481369855412,5.070112391051334,0.5050077851108591,0.2550328630225756,0.003741756959064,0.5217469339592574,0.5217335166066532,0.27220586235074495,1.5645616,2.7489999999999997,0.35346392248576664,0.6175790796601061,-0.1242881393452766,2.998698215871403,1.2510042321788524,3.7513841590822987,4.4263685781481765,0.5217335166066532,0.27220586235074495,0.008378145651462759,0.20675968522784366,0.2065898693328399,0.042679374110959865,0.78167621,1.4090699999999998,0.1406681012380249,-0.23273678495677452,0.16789940472683895,3.7806026312074024,1.2512284352124718,4.730397514405792,5.556883210340086,0.20658986933283993,0.04267937411095987
87,504.0,0.0020610556203462006,0.5061582039966525,0.5061540077119282,0.25619187952284667,1.6750804,3.2729999999999997,0.32832679131521975,-0.19286034832911564,0.23565456572360066,3.3094008686878427,1.2846545436045584,4.25143686256871,5.101869370117256,0.5061540077119282,0.25619187952284667,0.0035698510092440003,0.5218361349406381,0.521823924224978,0.27230020789355563,1.5665616,2.7350000000000003,0.35568905412107665,0.5958595634630532,-0.14974237987150563,3.002018248847803,1.247500974273714,3.7450206902251026,4.404300840437845,0.521823924224978,0.2723002078935556,0.00941957625475876,0.20671980670677126,0.20650508484796606,0.04264435006806566,0.75856621,1.4479600000000001,0.139978997338523,-0.19721303338543014,0.14870406452710405,3.669538115793684,1.2534088535439565,4.599431562752812,5.419143045906347,0.20650508484796606,0.04264435006806567
88,508.5,0.0019409745562500014,0.5054643224154632,0.5054605957467855,0.25549041385269533,1.6760804,3.16,0.327753345167128,-0.180058275038912,0.2562453075479372,3.3159222632974603,1.2850655100409398,4.261177334540458,5.113846814119725,0.5054605957467855,0.25549041385269533,0.0037592033554839986,0.5208265282957234,0.5208129615962991,0.2712461409667081,1.5541616,2.7046,0.35500610956240053,0.5879213841605768,-0.17686101067637194,2.984029260348184,1.2464982084367278,3.7195871269467853,4.377844657140528,0.5208129615962991,0.2712461409667081,0.010125077653631001,0.20648561350023492,0.20623722114370224,0.04253379138507635,0.76695621,1.46835,0.13945733061316307,-0.21720444667441371,0.26445874002585734,3.7143324273249063,1.256685385330555,4.667747277678576,5.4995761544256085,0.20623722114370224,0.04253379138507635
89,513.0,0.0008856656056198016,0.5020480714998271,0.5020472902955763,0.2520514816931306,1.6040804,3.122,0.3265783900019802,-0.17452578466509872,0.23814057029741376,3.195073322775531,1.2831244379370124,4.099676661453896,4.911777536750897,0.5020472902955763,0.2520514816931306,0.003977302058514,0.5157723014167327,0.5157569659995377,0.2660052479770483,1.5158616,2.7323,0.3498196250292022,0.5855418146916658,-0.17196444309755288,2.9390131960095647,1.2497537354762398,3.6730427203269156,4.333266322246669,0.5157569659995378,0.2660052479770484,0.007864751861063201,0.20548335072766752,0.20533278623842202,0.042161553104433515,0.80315621,1.4225500000000002,0.14038536733695847,-0.23917319861043324,0.15674546378410348,3.9086193949817574,1.2486660510642935,4.880560345045178,5.721082084518345,0.20533278623842205,0.04216155310443353
90,517.5,0.0018173829089680005,0.5067380563828259,0.5067347974098543,0.2567801549060061,1.6400804,3.2279999999999998,0.3292005672927067,-0.1706342078025849,0.21143514910757766,3.23654475787184,1.2828296324058461,4.151935522005801,4.982009640772376,0.5067347974098544,0.25678015490600614,0.003956512817834001,0.5196175817111746,0.5196025184982185,0.2699867772296915,1.5752616,2.7437,0.3533292041363959,0.583741847608954,-0.17568542265409715,3.031578713738745,1.2469593117056506,3.7802553062651674,4.4583396491389395,0.5196025184982185,0.2699867772296915,0.0063185696644621194,0.20652587949933987,0.2064291999218405,0.04261301458037119,0.73262621,1.37402,0.1409361443899928,-0.22723697080336305,0.06691067391776073,3.5473821090898285,1.2481922696701242,4.427814926132025,5.198284749245775,0.20642919992184047,0.042613014580371186
91,522.0,0.002673993524392,0.5054749317737394,0.5054678589290302,0.255497756410298,1.6150804,3.0890000000000004,0.3268049788530602,-0.16812964540549954,0.2570495822086549,3.1951740798155788,1.287254655733783,4.11300271012251,4.942031194470208,0.5054678589290302,0.25549775641029804,0.003782642814495999,0.5213413571766516,0.5213276343300162,0.271782502316131,1.6519616,2.9044,0.35601476699634005,0.5844310326130826,-0.14382784680428573,3.168675527578082,1.2456370700566617,3.947019700132609,4.640149098132726,0.521327634330016,0.27178250231613094,0.00541679565711592,0.20657297150642828,0.2065019391720201,0.04264305088180469,0.73262621,1.37402,0.14031097287590927,-0.1913599483306636,0.17491418886582544,3.5465734198300076,1.2538509809822262,4.446874561579344,5.221446298771894,0.2065019391720201,0.04264305088180469
92,526.5,0.0024079579712795993,0.5056305741017819,0.5056248403756545,0.2556564792049061,1.6050804,3.045,0.33008547508838515,-0.16867307961360906,0.2642495895070076,3.174413261799517,1.28260149099436,4.0715071826163305,4.8626205063104235,0.5056248403756546,0.25565647920490614,0.003745713032041998,0.5214175548485509,0.5214041006149867,0.27186223613812316,1.6432616,2.7917,0.35499639793805254,0.6004906310322464,-0.15474161295518662,3.1515271872219492,1.247844167725593,3.9326148200035522,4.6289528838733505,0.5214041006149868,0.2718622361381232,0.00557264135938132,0.20641940947098256,0.20634417431715604,0.042577918274628875,0.73474621,1.35214,0.14049831245766678,-0.2021823714120132,0.17561779243511255,3.559482181850186,1.2519884037835778,4.4564304151507015,5.229573203744954,0.20634417431715601,0.04257791827462887
93,531.0,0.002245228131291999,0.5100850886525882,0.5100801472478195,0.26018175661635723,1.7020804,3.154,0.33235818022282954,-0.1575275118240795,0.2402572889960748,3.3368558263408934,1.28287381099727,4.280764950686387,5.121223129994394,0.5100801472478195,0.26018175661635723,0.004201970342186002,0.5173236805231258,0.5173066149540682,0.2676061338752365,1.5142616,2.7226999999999997,0.3515130846457775,0.599026247093625,-0.184360616902,2.9271066781028754,1.2478451349882478,3.652575827862284,4.307838502017452,0.5173066149540682,0.2676061338752365,0.005918010861380899,0.20638077381959752,0.2062959062846872,0.04255800094982044,1.0149062,1.67129999,0.13913722794993647,-0.21567871510034628,0.2909506939302626,4.917639280135437,1.2575044418308359,6.183953238092106,7.294282162680268,0.20629590628468722,0.04255800094982046
94,535.5,0.0028487056290016,0.5080353504883068,0.5080273636547702,0.2580918022220161,1.5440804,3.019,0.33256227641444974,-0.13922633431876083,0.16120962456998278,3.0393168477663624,1.277740407929293,3.8834579488913654,4.642981208354845,0.5080273636547702,0.2580918022220161,0.0034944536945040014,0.5192255332824655,0.519213774091017,0.2695829432058376,1.5205616,2.682,0.35482273624930616,0.5888300512772637,-0.16141463902874698,2.9285185387306343,1.2460193366739225,3.6489907270664292,4.2854119667563255,0.519213774091017,0.2695829432058376,0.00558984105243004,0.20416962833610594,0.20409309349390584,0.04165399081191219,0.78469621,1.41109,0.137449178591632,-0.2486566761716553,0.23560065475364445,3.8433542559436207,1.2582735923308908,4.835991166226397,5.70899162905418,0.2040930934939059,0.041653990811912206
95,540.0,0.0026949568557216004,0.5096632258273015,0.5096561006877449,0.25974934096823676,1.5740804,3.034,0.33330398772211395,-0.14209366349243172,0.19385331612067258,3.088471602880319,1.2791347246370892,3.950571273299787,4.722656967765896,0.5096561006877449,0.25974934096823676,0.003824382732096001,0.5186735120978593,0.5186594125711463,0.26900758624864657,1.4709616,2.7334,0.35355953446604094,0.5769556755242303,-0.1823640513187219,2.836006785946051,1.2472306791778438,3.537154669788467,4.160435390949087,0.5186594125711462,0.2690075862486465,0.005617947457328,0.20402367506335614,0.20394631316286313,0.041594098652724634,0.74436621,1.38276,0.13861231816609668,-0.23627218883091167,0.24200683241974952,3.6484305547816915,1.2546790283550913,4.57760930349452,5.370130301897406,0.20394631316286313,0.04159409865272464
96,544.5,0.0021353999084576013,0.511577862739378,0.5115734059861017,0.26170734971222087,1.6030804,3.196,0.3322888507676168,-0.1409129848601801,0.20966550505851744,3.1336000182179213,1.2820337579587844,4.017381007295636,4.824358073696249,0.5115734059861018,0.2617073497122209,0.003810065601380002,0.5168237551700254,0.5168097109267197,0.26709227730815954,1.5022616,2.7527,0.351024742495785,0.576326918214223,-0.17084500189487528,2.9067193312462654,1.2491614909864017,3.6309618536985813,4.279645899941195,0.5168097109267197,0.2670922773081596,0.004813368251991481,0.20426565218254722,0.20420893258531095,0.041701288147632076,0.77874621,1.38814,0.13752249804384242,-0.22557840008553567,0.2651200514327443,3.812418787393847,1.2593438336266976,4.801146091107014,5.662682259827292,0.204208932585311,0.04170128814763209
97,549.0,0.0023588397115255995,0.5071508867302945,0.5071454010306504,0.2571964577865392,1.6030804,3.1,0.330959534132512,-0.11614068123856158,0.15742565434713285,3.1609535582898953,1.2793091232768075,4.04383672537455,4.84373536541826,0.5071454010306504,0.25719645778653927,0.003973022957484002,0.5117086682736622,0.511693244312434,0.2618299762749843,1.5082616,2.7397,0.34896066120215796,0.589626506067865,-0.15996277883624588,2.9475005867858006,1.2465732930589541,3.6742755127627746,4.3221536628343395,0.511693244312434,0.2618299762749843,0.00487729264827334,0.2050334859557252,0.20497546775060585,0.04201494237957966,0.74720621,1.3616000000000001,0.13753692068595952,-0.2109148721155048,0.2504120488667856,3.644313057045478,1.263075144995304,4.603041242935996,5.432768207062808,0.20497546775060588,0.042014942379579666
98,553.5,0.002574686652046001,0.5091593104267802,0.5091528006236616,0.25923657438291814,1.5120804,3.023,0.3333648738072107,-0.11321698963238805,0.1929898516844668,2.9697589124562325,1.2785847919890672,3.7970885813405304,4.535812015018883,0.5091528006236616,0.2592365743829181,0.0037365912331660013,0.5122922347931942,0.5122786075129054,0.2624293717153614,1.6198616,2.7823,0.3492742755717303,0.594228804980248,-0.15945530464545765,3.161987416525877,1.2471813438931667,3.9435717155160255,4.637792455079703,0.5122786075129054,0.26242937171536146,0.00457007564665476,0.203785351052269,0.203734100513587,0.041507583712080375,0.77644621,1.45984,0.136641615829482,-0.1919004453563553,0.37723537493715975,3.810117881342948,1.2656089725629815,4.822119377150292,5.682355300664359,0.20373410051358704,0.04150758371208038
99,558.0,0.0029892066722615987,0.5133460573011773,0.5133373541737773,0.26351523919013414,1.6019196,3.15,0.3343747249467642,-0.08820194221128529,0.21803259138019326,3.1205452486024696,1.2819866531479551,4.000497359252634,4.790791529638018,0.5133373541737775,0.2635152391901342,0.004147815439872,0.5155514519209563,0.5155347662426686,0.26577609520488293,1.4399616,2.7164,0.3495738169153081,0.5897873719828263,-0.16641400451551824,2.793051197188313,1.2501107737916959,3.4916233933569045,4.119191799621715,0.5155347662426686,0.265776095204883,0.0034840177098211596,0.20507872894456938,0.20504913237104372,0.042045146686117814,0.77644621,1.45984,0.1379060264695858,-0.20092073199909832,0.3237392095891316,3.7860884646396715,1.2618328355651955,4.7774107430369535,5.63025583346236,0.20504913237104375,0.04204514668611782
100,562.5,0.0028790320235219996,0.5070587719665858,0.5070505984641667,0.25710030940286954,1.5819196,3.143,0.33106163855068776,-0.09034553538893259,0.13223999376745832,3.119795352054861,1.2774761627727353,3.9854641949792584,4.77832347754117,0.5070505984641667,0.25710030940286954,0.004026081558606001,0.5112037694270416,0.5111879150994274,0.2613130845436994,1.5225616,2.7089999999999996,0.3490029228747818,0.5888712396138868,-0.15931399530281087,2.978384924091015,1.245815674456684,3.710518622998067,4.3626041508720474,0.5111879150994274,0.2613130845436994,0.0019566362489739997,0.2031809906578056,0.20317156921989968,0.041278686539276487,0.74195621,1.36435,0.13672048244331236,-0.23248814100814655,0.2848125018720591,3.651700917481949,1.2603742754543028,4.602509898047124,5.426810941130442,0.2031715692198997,0.04127868653927649
101,567.0,0.002701748525535998,0.5068048955356531,0.5067976940494195,0.256843902693809,1.5970804,3.16,0.33017770883832204,-0.10041081682816032,0.1376346140544924,3.1512726377909415,1.2795192376010285,4.032113962979247,4.8370327773460975,0.5067976940494195,0.2568439026938091,0.0040762751778379985,0.5085145293304114,0.5084981912660107,0.2585704105208044,1.4937616,2.6352,0.34736214337157867,0.584092944306474,-0.19736261513686237,2.93750033448782,1.2441428747251302,3.6546701106557085,4.300300503391644,0.5084981912660107,0.25857041052080443,0.0023357726743444,0.20309532078404255,0.2030818886321154,0.041242253490386925,0.74011621,1.34451,0.13650456631401894,-0.2298017548548496,0.28458230800608364,3.6441814963673544,1.2614796196049798,4.597060687808996,5.4219153980344945,0.20308188863211543,0.04124225349038693
102,571.5,0.002368892906999601,0.5084759288287745,0.5084704106874658,0.2585421585446801,1.5369196,3.051,0.3311242156092986,-0.08120716239746112,0.18691377961860933,3.022600506458874,1.2810561547249977,3.8721209820740357,4.64151979090967,0.5084704106874658,0.2585421585446801,0.0030011648441000006,0.5101252869099265,0.5101164586195129,0.2602188013545133,1.6164616,2.8039,0.34607724888189306,0.5984252459679343,-0.15276815552033884,3.168754110959061,1.2492441878258276,3.9585476557648045,4.670811517435679,0.510116458619513,0.26021880135451336,0.00283651304685236,0.20398500827889327,0.20396528576273756,0.041601837796275194,0.73776621,1.36516,0.136413685770155,-0.1978137637361355,0.29698664689704835,3.616766821370069,1.2654239877906026,4.5767434940068545,5.408300536964237,0.20396528576273754,0.04160183779627519
103,576.0,0.002236286452863601,0.5092171638212826,0.5092122533414644,0.25929711895309165,1.6299196,3.252,0.3303574289257668,-0.08548066016266634,0.1929667569882687,3.2008339777251593,1.2829556507424607,4.106528038810961,4.93380640871331,0.5092122533414644,0.25929711895309165,0.0034348132152440002,0.513753678445176,0.5137421962172523,0.2639310441741258,1.6541616,2.8586,0.35114860854857005,0.590432538468331,-0.1793414608695154,3.219756216648714,1.2442845977458865,4.006293068872562,4.71071665878807,0.5137421962172524,0.26393104417412583,0.0018729076443383598,0.20384271897311923,0.2038341146503937,0.04154834629530984,0.72936621,1.37076,0.13745754752443368,-0.15912641159411753,0.22902139434059388,3.5780832088301455,1.2604884681385846,4.510132622770701,5.306119766689072,0.2038341146503937,0.041548346295309846
104,580.5,0.0026423163282104007,0.5082124720397012,0.5082056029808465,0.2582729349011258,1.5860804,3.138,0.33223993116847855,-0.09321886920525314,0.1473973400881241,3.120900188919599,1.2776480374722126,3.987412001519783,4.77390057968589,0.5082056029808465,0.2582729349011258,0.002968526768428001,0.5090995107062959,0.5090908559876274,0.25917349965021513,1.6162616,2.8547000000000002,0.34995003400977553,0.5890768180942212,-0.186434666378394,3.1747459308253707,1.241781302514058,3.9423401371315343,4.618549629730429,0.5090908559876273,0.2591734996502151,0.0013083256477891198,0.2022474794760181,0.2022432476954464,0.040902331238401694,0.69287621,1.33427,0.13550039560742191,-0.17027348501663175,0.3249789586253238,3.425883040891786,1.2649794969368868,4.333671805631903,5.113462635248928,0.20224324769544644,0.0409023312384017
105,585.0,0.0025242039350780003,0.510660294571593,0.5106540559384996,0.26076756484644026,1.5599196,3.089,0.3366613369243839,-0.07343837451173552,0.10405302166997776,3.054710962614901,1.2726793566228818,3.887667582569597,4.6334979069793425,0.5106540559384996,0.26076756484644026,0.0033286660221859997,0.5117845566378939,0.5117737316388546,0.2619123523955584,1.5159616,2.6924,0.34908450819252657,0.5772593461231661,-0.22586543906429224,2.9621089193447423,1.24485046669045,3.687382670634247,4.342677960271784,0.5117737316388546,0.2619123523955584,0.0007107176359803603,0.20148712955611794,0.20148587607374804,0.040596558257205755,0.74525621,1.41365,0.13453629362473785,-0.1800545397195997,0.31493687054712405,3.69877823780517,1.2672117250307833,4.6871351512354105,5.539443594891528,0.20148587607374804,0.040596558257205755
106,589.5,0.0024880388907116,0.5092343213267922,0.5092282432069504,0.259313403679637,1.5879196,3.11,0.33317983460341605,-0.08774309908742037,0.1956269709982279,3.1182493667408964,1.2798380986508844,3.9908543406489927,4.765953503428864,0.5092282432069504,0.259313403679637,0.00319218250083,0.5111115323001305,0.5111015637043862,0.2612248084210687,1.5598616,2.6393,0.3483545470157474,0.5862921841900549,-0.19728318651468246,3.0519006154688593,1.245577694031008,3.8013793310275155,4.47779887865074,0.5111015637043861,0.26122480842106865,0.0009292242448680001,0.2021386580499717,0.2021365222332326,0.04085917362054614,0.74525621,1.34265,0.13527374812027668,-0.16868814689234407,0.283146134499042,3.6868564241470403,1.2646078788641721,4.662427682217335,5.509244922653923,0.2021365222332326,0.04085917362054615
107,594.0,0.0027833788420272005,0.5146369528640737,0.5146294259517625,0.2648434460554406,1.6000804,3.181,0.3335924300004476,-0.0826414931913655,0.1921805859993193,3.109144011317458,1.2838013917251503,3.9915234088032694,4.796512918467164,0.5146294259517625,0.26484344605544063,0.003522208672564001,0.5102461129503387,0.5102339559721567,0.2603386898269967,1.5144616,2.6919,0.3515808586570376,0.5682792582420545,-0.22132353506507396,2.9681002198000077,1.2396737470867107,3.679475921208365,4.307576942001091,0.5102339559721567,0.2603386898269967,0.0003150216476341999,0.20196363137764214,0.20196338569306474,0.040789209160605626,0.73185621,1.3592499999999998,0.13598880080900932,-0.183813815576944,0.218206341328961,3.6237029657658364,1.2597830044633676,4.5650794094953016,5.381738831772346,0.20196338569306477,0.04078920916060563
108,598.5,0.0028285803936995975,0.512505784009517,0.5124979783142232,0.262654177776166,1.6440804,3.201,0.3363949541945531,-0.07722172544698992,0.11551559863694649,3.207925551859665,1.2753587843815568,4.091256032206277,4.88735154763692,0.5124979783142233,0.26265417777616606,0.0036157656317319996,0.5116795009070321,0.5116667254056745,0.26180283788736586,1.4498616,2.7142999999999997,0.35154230248563184,0.5787186632534967,-0.22525029256657936,2.8335346587656787,1.2411031071812757,3.51670866929992,4.124287716580733,0.5116667254056745,0.2618028378873659,0.0011839236446735202,0.20206949172047198,0.2020660233908053,0.040830677808973474,0.68139379,1.3498,0.13575615889427756,-0.15727263083560425,0.2539891215715584,3.372076527725372,1.2625718363413134,4.257488853893663,5.01924771258921,0.2020660233908053,0.040830677808973474
109,603.0,0.0036620425862139996,0.5120585388013379,0.5120454438850697,0.26219053660345804,1.6260804,3.2,0.334411359422168,-0.05116733660585796,0.16938388775147617,3.1755752063161404,1.2790104594551643,4.061593903664835,4.862515444480466,0.5120454438850697,0.262190536603458,0.0036843644719500006,0.5057622359725894,0.5057488159100633,0.2557818647944311,1.4813616,2.6698,0.3472521111148344,0.5812597623313805,-0.20182733863439273,2.928968386007145,1.2426946521377664,3.6398133495716642,4.2659541946171835,0.5057488159100634,0.25578186479443116,0.0008725916380903996,0.2022863917454846,0.2022845097115466,0.04091902286924079,0.68538621,1.35178,0.13468374182009993,-0.11512217941347254,0.2642835880370047,3.3881973180991256,1.2687367071197901,4.298730308437189,5.088856314338858,0.20228450971154663,0.0409190228692408
110,607.5,0.00263832715383,0.5156826447409205,0.5156758956135336,0.2659216293168199,1.5630804,3.0709999999999997,0.33663526720350206,-0.030209373525792664,0.19053266772285982,3.0310897912519303,1.2804006846654832,3.881009444001528,4.643246125056439,0.5156758956135336,0.2659216293168199,0.003532163035322,0.5085147361050842,0.5085024686865496,0.2585747606603154,1.5503616,2.7138,0.3480718831245547,0.5836762136567287,-0.1821367871573325,3.048803682416037,1.243864592495962,3.7922989500286115,4.454142018260106,0.5085024686865496,0.2585747606603154,-0.0004088117554879398,0.20274157157982098,0.20274115941170961,0.04110397771960425,0.70158921,1.3629829999999998,0.135654849929032,-0.09157819596522714,0.3014035886157864,3.4605098724105465,1.2664585814311542,4.382592424041565,5.171869714699011,0.20274115941170961,0.04110397771960425
111,612.0,0.0026104062718656012,0.5105735316489665,0.5105668585010136,0.260678516999594,1.5819196,3.12,0.3333512931408578,-0.033006182230033924,0.21706483552432543,3.0983188550549734,1.2806787023440094,3.96795097073978,4.745503115032341,0.5105668585010136,0.26067851699959405,0.0038068699550000006,0.5071026036000347,0.5070883141219876,0.25713855831907956,1.6100616,2.7635,0.3484503598564125,0.5717669982984384,-0.23903388177318385,3.175021363664499,1.2402298514098395,3.9377562740806877,4.620634057211092,0.5070883141219876,0.2571385583190796,-0.0006023763528364203,0.20172080179993665,0.20171990239324147,0.04069091902153887,0.78450621,1.4139,0.13642966836576104,-0.14446465684348933,0.2768432377591643,3.889069461354116,1.2594313036125904,4.898015821553129,5.750261064160755,0.2017199023932415,0.040690919021538874
112,616.5,0.0027949316630440017,0.5113548388114882,0.5113472005720986,0.261475959532922,1.5770804,3.1109999999999998,0.3322726180155846,-0.06505038802620311,0.16551640378718435,3.0841213973168116,1.2808572209867195,3.9503191621528893,4.746344761776398,0.5113472005720986,0.261475959532922,0.004168260401084001,0.5073637703113667,0.5073466477959562,0.257400621029794,1.4413616,2.5768,0.3459452542568998,0.5663083654088963,-0.2142627263642778,2.8408839659864626,1.24572324755312,3.538955200030243,4.166444205445412,0.5073466477959562,0.257400621029794,-0.0011317640073237002,0.20210944079730142,0.20210627197004452,0.040846945169629605,0.71239379,1.4190182,0.13438272984930058,-0.14811683337739917,0.278469536698672,3.5247922471591537,1.269624404615786,4.475162258193779,5.301230230989446,0.20210627197004452,0.040846945169629605
113,621.0,0.002208227790574001,0.5148252113379689,0.5148204754661662,0.26504012195920934,1.6299196,3.1310000000000002,0.3347394372683211,-0.031894602855518414,0.17249929040761636,3.1659669419918943,1.2813882741947764,4.056832915956707,4.86921891636415,0.514820475466166,0.2650401219592093,0.004233308791206002,0.5074460352406354,0.5074283769933629,0.2574835577781184,1.5136616,2.6481000000000003,0.3491313320784637,0.5786391705507083,-0.21139685172566436,2.9829016188533397,1.2401785640602385,3.6993306464024958,4.335507761474184,0.5074283769933629,0.2574835577781184,-0.00071721235752764,0.20166696036383203,0.20166568500570842,0.04066904850882161,0.68020621,1.3126,0.13572539454422214,-0.12682192911404985,0.2234100444800058,3.3729184432235417,1.2616242034770015,4.255355544324789,5.011635532791726,0.20166568500570842,0.04066904850882161
114,625.5,0.00199266255342,0.5130049532836616,0.5130010832245093,0.26317011138951996,1.6259196,3.2350000000000003,0.3346425185577328,-0.040755235218227256,0.22048675607872958,3.1694033158798023,1.2811545935580646,4.06049561697757,4.858676079200901,0.5130010832245093,0.26317011138951996,0.0042988072368880005,0.5052474082848748,0.5052291201375105,0.255256463834923,1.6246616,2.6940999999999997,0.345619022310662,0.5889657294961289,-0.1900420539811809,3.21557631639342,1.2440945905047842,4.000481100580354,4.70072969114432,0.5052291201375105,0.255256463834923,-0.0024874097537652,0.20191624944850173,0.20190092764538364,0.04076398458406644,0.75158621,1.46698,0.13505022784804746,-0.08355899592500532,0.33422325401263553,3.7222670887203178,1.2665152255061713,4.7143079412648135,5.565234668435003,0.20190092764538367,0.04076398458406645
115,630.0,0.002110564432008001,0.5144113816403437,0.5144070519334913,0.26461461507890566,1.6389196,3.194,0.33629407508160636,-0.029809915561357727,0.1608480977757667,3.1860095995035125,1.277871397557495,4.071310539549148,4.873471528162646,0.5144070519334913,0.2646146150789057,0.003678917358794,0.5080198283793605,0.5080065074323971,0.2580706115936621,1.5633616,2.7298,0.3458665878890919,0.5895790042014019,-0.2003025025315721,3.0773633481734293,1.2463139757401778,3.8353609492591314,4.520129017207406,0.5080065074323972,0.2580706115936622,-0.0031358035557144,0.2016657439216662,0.201641362342995,0.04065923900753901,0.72241621,1.4148100000000001,0.13389703996639826,-0.12062900563969656,0.3358124165392007,3.5822455314007664,1.269647665901343,4.548189677628499,5.395311279332925,0.20164136234299504,0.04065923900753902
116,634.5,0.002611518660104,0.5145064001246233,0.5144997723415308,0.264710015739487,1.5699196,3.08,0.33959073190348826,-0.028090785612980514,0.12448892583095628,3.051312091782989,1.272989747186838,3.884289008306969,4.62297540100762,0.5144997723415308,0.264710015739487,0.0038662291535180022,0.5043759199456035,0.5043611016851977,0.2543801208931063,1.4403616,2.5648,0.34648263379903443,0.5882552369861567,-0.20490474044778084,2.8557303055929824,1.2410804772661006,3.5441911306086062,4.15709608359602,0.5043611016851977,0.2543801208931063,-0.00399868836218364,0.2022149632596069,0.20217542347542222,0.040874901857466305,0.68747621,1.32987,0.1343831190400716,-0.103130484025241,0.30797664950834136,3.399729668458841,1.270758276722807,4.320234614814157,5.115792927793274,0.20217542347542222,0.040874901857466305
117,639.0,0.0033296496479200003,0.5099205356019337,0.5099096646091198,0.26000786606178505,1.5899196,3.122,0.33744994348104673,-0.02800745729572441,0.11788700480978642,3.1179752314214713,1.2710956332414531,3.9632447012148413,4.711571688526004,0.5099096646091199,0.26000786606178516,0.003494919157158001,0.5037273074391838,0.5037151832137036,0.2537289858000149,1.4886616,2.6151,0.3457203575689365,0.5829886041353829,-0.21286271337666873,2.955292631578703,1.2415571207191023,3.6691646105452334,4.305970323726631,0.5037151832137035,0.25372898580001485,-0.0038712519598431997,0.20060648106471163,0.20056912437718305,0.04022797365342992,0.71083421,1.387228,0.13421142224569105,-0.12872091149222775,0.3305689498432529,3.5434259462968156,1.26703365572364,4.489639930522452,5.2963764045263435,0.20056912437718305,0.04022797365342992
118,643.5,0.0030568021817713982,0.5137296418680373,0.5137205474713692,0.2639088008942833,1.5959196,3.1029999999999998,0.33847043162616924,-0.026069676931199062,0.15934893728607324,3.10653594796842,1.2748461015319434,3.96035524253638,4.71509310970669,0.5137205474713693,0.26390880089428337,0.003202431800488001,0.5040837323407197,0.5040735597520599,0.25409015364111354,1.4969616,2.6424,0.34518291012593966,0.5717321268136879,-0.24041943105035513,2.9696685371075917,1.242850832094535,3.690855012389131,4.336719913085601,0.50407355975206,0.2540901536411136,-0.0038135515675495994,0.19968743249662538,0.19965101432633886,0.03986052752153596,0.71585221,1.396246,0.13306970523170444,-0.1304706059717649,0.38967213422279023,3.5848636093415522,1.2699531382302645,4.552608790810777,5.379528035727888,0.19965101432633886,0.03986052752153596
119,648.0,0.0027350321905195998,0.5105218800752003,0.5105145537929687,0.26062510963443397,1.6319196,3.194,0.33280912915813704,-0.036118330641295285,0.2235285112400196,3.196571319841604,1.2819622267925064,4.097883687285203,4.903470058432742,0.5105145537929688,0.260625109634434,0.0035958315531940017,0.5054377406544613,0.5054249495952169,0.25545437967332757,1.4969616,2.7904,0.34574216322987167,0.5864753109949861,-0.17536638066458554,2.961713144059391,1.244425744005116,3.6856320828258395,4.3297050785348485,0.5054249495952169,0.25545437967332757,-0.00418229836985964,0.2006161190797683,0.20057251959072867,0.04022933561497324,0.72611621,1.42251,0.13247545207729386,-0.10642743409949296,0.39260172108871627,3.619431047369051,1.2754028438452838,4.616232650916401,5.481137815452343,0.2005725195907287,0.040229335614973244
120,652.5,0.0022462533429239997,0.5115056673699182,0.5115007351876094,0.2616330020974649,1.7340804,3.468,0.332517378743211,-0.02438794600997594,0.20936775006481234,3.3901489477455238,1.2830525743780974,4.349739334930092,5.215006826272249,0.5115007351876094,0.2616330020974649,0.0033274788558440003,0.5072416759056534,0.5072307617446321,0.2572830456600398,1.5566616,2.7351,0.34854179612961594,0.5767075367287086,-0.21585416601832375,3.068875595091161,1.2409322654062669,3.80826674446648,4.466212136638866,0.5072307617446321,0.2572830456600398,-0.00486834437397752,0.20095134252437613,0.2008923624367176,0.04035774128540551,0.74439379,1.42168,0.13290481178515035,-0.1167334777109953,0.37829690186229126,3.7043484290715916,1.2749670765217844,4.722922287031472,5.600954397372483,0.2008923624367176,0.04035774128540551
121,657.0,0.002244369580757199,0.5149664509533657,0.5149615601311327,0.2651854084126902,1.7340804,3.434,0.33831659312017387,-0.017428888738558045,0.14354717913065773,3.367365770701507,1.2743057885793718,4.291053693868968,5.125614395697213,0.5149615601311327,0.2651854084126902,0.0031070313214440004,0.5027845338883029,0.5027749336170665,0.2527826338736456,1.4537616,2.6632,0.3433878665782536,0.5642198051439097,-0.2409526193067748,2.8914206822498705,1.2440216343606065,3.596989882756544,4.233584647256914,0.5027749336170665,0.25278263387364563,-0.005540777768525641,0.20123163867646077,0.20115534341929242,0.04046347218613347,0.70658321,1.395977,0.13390029836514755,-0.1018681048447261,0.39376654521947296,3.51129282973261,1.2716074474418364,4.464986112437106,5.276935291608836,0.20115534341929242,0.04046347218613347
122,661.5,0.0024940530136139992,0.5149479646220221,0.5149419248497141,0.2651651859679286,1.6999196,3.303,0.33726913847196816,0.0032463734743734176,0.194949292845231,3.301148303883017,1.278340550623108,4.219991740474355,5.040246515591843,0.5149419248497141,0.2651651859679286,0.0023906825150360016,0.5052391725336091,0.5052335164055908,0.25526090609955837,1.5280616,2.7475,0.34660676625045755,0.5753828471421837,-0.20448770884238066,3.0244321562345835,1.2421887070452076,3.7569154696989866,4.408631765993353,0.5052335164055908,0.25526090609955837,-0.00589254805145764,0.20072436608757907,0.2006378553980323,0.04025554901872172,0.75666621,1.4460600000000001,0.13292788764895008,-0.10688112538153144,0.410126622337859,3.769677915783553,1.2741217329843848,4.803028558851104,5.692305981708545,0.20063785539803233,0.04025554901872173
123,666.0,0.0023130856651620013,0.5155287030617727,0.5155235138335196,0.26576449331525903,1.6030804,3.202,0.33494698221832997,-0.01797525930221537,0.21077610504109323,3.1095851510869466,1.2824771485259459,3.9879718976646097,4.786072080371983,0.5155235138335196,0.26576449331525903,0.003047046399272001,0.5023459203489228,0.5023366791300898,0.25234213919944687,1.5217616,2.6422,0.3446299751046762,0.5698125472448021,-0.21406228079277145,3.029310159308161,1.242023557719397,3.7624745814994354,4.415639120009186,0.50233667913009,0.2523421391994469,-0.0056402389551498,0.20265078430077554,0.20257227866183536,0.04103552808224827,0.70996921,1.380363,0.13448835984262664,-0.09443080063763899,0.36093501521118254,3.50341210101738,1.2710526525926933,4.453021244123482,5.279038355667212,0.20257227866183536,0.04103552808224827
124,670.5,0.0025342390532559983,0.5196624369051033,0.5196562575035265,0.27004262596257145,1.6770804,3.247,0.33869215905817956,-0.0177570614478641,0.1461794362440605,3.227249616093101,1.2801728263254737,4.131437262291705,4.95163633153939,0.5196562575035264,0.27004262596257134,0.0027873266154520016,0.5063299668360209,0.5063222947160285,0.25636226612650487,1.5754616,2.6839,0.3467990559367941,0.5581442348806192,-0.24623585391440495,3.111531418621774,1.2423112515719712,3.865490490973527,4.542865884522868,0.5063222947160286,0.2563622661265049,-0.00694118835474138,0.20373872936010576,0.2036204551254476,0.04146128974549442,0.75700621,1.4314,0.13665298211959562,-0.10480132563540735,0.30262684272787777,3.715573432589739,1.2649619669967302,4.7000590778095095,5.5396245164813545,0.20362045512544763,0.04146128974549443
125,675.0,0.0022862040912851986,0.5161034308959621,0.51609836722609,0.26635752465343604,1.5939196,3.048,0.3382280640611774,-0.007585760291323925,0.08615789831878962,3.088372416422296,1.2751306388521881,3.938078292366038,4.712558682628115,0.51609836722609,0.2663575246534361,0.0032222814111800007,0.5042475115983365,0.5042372158573994,0.25425516985562163,1.5206616,2.6581,0.3475672254844109,0.5800119543946656,-0.21624151763281674,3.015704718462346,1.2399595891608546,3.7393519837350215,4.375158209697781,0.5042372158573994,0.25425516985562163,-0.007564284363522001,0.20123743795355323,0.2010952213161167,0.04043928803617796,0.73939379,1.46906,0.1335174177287175,-0.06779977895035451,0.3895151453166803,3.674235756125341,1.2722210873207451,4.674440208730542,5.537807745071212,0.20109522131611673,0.04043928803617797
126,679.5,0.0019902592881456014,0.5162116387999051,0.5162078020530584,0.26647049490044955,1.6059196,3.142,0.33709912686207294,0.002827730580634105,0.16341859845358142,3.110971313497427,1.2787979187899197,3.978303641115652,4.763938770618875,0.5162078020530584,0.26647049490044955,0.0036565352940479997,0.5058560970849881,0.5058428814441303,0.25587702070770046,1.5217616,2.6622000000000003,0.34818635374339,0.5811374236662776,-0.22284487248364293,3.008289528917808,1.240028322925842,3.730364219419321,4.370537741181907,0.5058428814441303,0.25587702070770046,-0.008228264361302121,0.20022591143577229,0.20005677013259573,0.040022711275886254,0.70739379,1.36939,0.13330856663627577,-0.04949375756728686,0.3942214100277104,3.5329782490560175,1.2711124421871138,4.490812610351548,5.3064390972718245,0.20005677013259573,0.04002271127588625
127,684.0,0.0019770849920639987,0.5169705549258958,0.5169667743630366,0.2672546457953228,1.6169196,3.203,0.337816390604769,0.017915563705738952,0.20365533186386875,3.127682195036764,1.2790809971475467,4.000558860788252,4.786385874010856,0.5169667743630367,0.2672546457953229,0.0030011530928039988,0.5042916102782907,0.5042826799298039,0.254301021277185,1.5405616,2.698,0.346286393900735,0.5625319970940683,-0.22570382303537162,3.0549022997821615,1.2421945773484764,3.7947830711187907,4.4488077704884095,0.5042826799298039,0.254301021277185,-0.00971381316635448,0.20042556667286388,0.20019003374271097,0.04007604960990776,0.71488021,1.384274,0.13375342492134598,-0.05160563787289935,0.41630568494782016,3.566811469550853,1.2704572823766755,4.531481606355532,5.3447619036326515,0.200190033742711,0.040076049609907766
128,688.5,0.002833827068478,0.5112914624988292,0.5112836092114997,0.26141092904833757,1.6449196,3.231,0.3329844341598864,0.008180511351945193,0.14552332843567672,3.2171857358243425,1.2790870036052506,4.1150604628771115,4.939929411866059,0.5112836092114997,0.2614109290483376,0.0034278564165880015,0.5011350699092508,0.5011233461866819,0.251124608093337,1.4991616,2.6256000000000004,0.34229388712934244,0.5583866880712959,-0.20823402216765485,2.9915320040792177,1.2447135896923782,3.7236005394770775,4.3797498476317,0.5011233461866819,0.251124608093337,-0.008704444769029141,0.20131464790724732,0.20112637843724496,0.040451820103281876,0.71639379,1.4312740000000002,0.13326731288304813,-0.08461246944920713,0.42900265854129493,3.558577567242239,1.2748506395750863,4.536654887576323,5.375615179010087,0.20112637843724498,0.04045182010328188
129,693.0,0.0033422893142939997,0.5142467151163339,0.5142358535828472,0.26443851311007943,1.6209196,3.2,0.33739644497925464,0.01576375381024864,0.10149821211651133,3.1520271347446767,1.2746009346293847,4.0175767319227464,4.804198811578067,0.5142358535828472,0.2644385131100795,0.0029154633932000004,0.5018842638721488,0.5018757957858613,0.25187931439569156,1.5368616,2.7003,0.3461495143643434,0.5676480825586505,-0.2554335243107415,3.0621832773611404,1.238171974058477,3.7915095134590993,4.439877960892818,0.5018757957858613,0.25187931439569156,-0.00861210376065564,0.20221279581335777,0.20202932079148914,0.04081584645947042,0.75881621,1.49021,0.13454483822447472,-0.08189174983337717,0.3968016171962785,3.752562774021416,1.2713371867685064,4.770772600296609,5.63987604440083,0.20202932079148916,0.04081584645947044
130,697.5,0.0028939752596915994,0.518484380534647,0.5184763039576571,0.26881767776559284,1.6560804,3.241,0.3403719630351409,0.023648177834459914,0.14229063632305872,3.194079633203791,1.2755782398087125,4.07429847633095,4.865501803475576,0.5184763039576571,0.26881767776559284,0.002564932037888,0.4998861073267048,0.49987952690812093,0.2498795414218868,1.6039616,2.7484,0.3422887026771801,0.5825023987599675,-0.1857896001859083,3.2086540843827,1.2446126470949146,3.993531453575462,4.685990473698839,0.499879526908121,0.24987954142188684,-0.009184976380351241,0.2001954201839,0.19998460558628173,0.03999384247150066,0.76804621,1.46044,0.1321306122385006,-0.0953592248609103,0.4797873484399493,3.8364824195002605,1.2784346380750646,4.904692013455164,5.8127802254760494,0.19998460558628173,0.03999384247150066
131,702.0,0.0024555635540720005,0.5178504571641293,0.5178446351877458,0.26816306619272956,1.5989196,3.178,0.3398751079002131,0.02178020199607795,0.14482578722551676,3.0876087447253777,1.2751839504786926,3.937269116631464,4.704432783790218,0.5178446351877458,0.26816306619272956,0.0025287665723019996,0.505362914551146,0.5053565877113424,0.2553852807432517,1.6039616,2.7484,0.34900729327188335,0.5794091486093917,-0.1933452552646462,3.1738806980417413,1.238860159285991,3.9319943471307237,4.595782469080047,0.5053565877113424,0.25538528074325173,-0.009751862770749199,0.20076149214884847,0.20052450698688334,0.04021007790233262,0.76739379,1.48785,0.1323385457718259,-0.057137835157455304,0.46758413975485746,3.822415253972307,1.2775482499779842,4.883319918401472,5.798717112421024,0.20052450698688334,0.04021007790233262
132,706.5,0.0024436920325319996,0.5164171228779213,0.5164113410555197,0.2666806731707603,1.6099196,3.1399999999999997,0.3396658575978797,0.024380344091443962,0.15612959007467175,3.117479124294215,1.2743769072928681,3.9728434049681405,4.73971570585683,0.5164113410555198,0.2666806731707604,0.002361701838308,0.5028144827472179,0.5028089363016325,0.25281682642477915,1.5349616,2.7034000000000002,0.3451452925113373,0.5873423941964286,-0.20929217598132066,3.0527394350565635,1.2418504426717412,3.791045818786474,4.447291135948435,0.5028089363016326,0.2528168264247792,-0.0109487219611064,0.20141572499311466,0.20111792501395886,0.04044841976192038,0.76922621,1.4356200000000001,0.13369872796922633,-0.0975997244381855,0.4398884392650806,3.819097093964713,1.272524083652479,4.859893029877291,5.753429532830366,0.20111792501395886,0.04044841976192038
133,711.0,0.002235418194304,0.5200005481475,0.5199957432318048,0.27039557297919703,1.6169196,3.121,0.3427380314496274,0.052404604334846214,0.10837644957110015,3.109457491458942,1.2729377463018963,3.9581458113992936,4.717654452180748,0.5199957432318049,0.2703955729791971,0.002301398979452,0.501929692935642,0.5019244168330579,0.25192812021320526,1.4759616,2.6444,0.34245833541296883,0.5660497072929762,-0.2412009851600354,2.940574388750596,1.2446364693507637,3.6599461250778216,4.309901227021223,0.5019244168330579,0.25192812021320526,-0.0112744843654942,0.20097399267129076,0.20065749857040543,0.04026343173253226,0.71098621,1.41038,0.13327273161276793,-0.08922469676702192,0.4378290430751992,3.537702568127188,1.2739521270415535,4.506863711505997,5.334821320131817,0.20065749857040543,0.04026343173253226
134,715.5,0.0017640589083631993,0.5112038336141734,0.5112007899035323,0.2613262475979954,1.5979196,3.115,0.3353545318414561,0.059551884569891314,0.07827123655079049,3.1257973726504087,1.2732639724637922,3.979965179817744,4.764866576353412,0.5112007899035322,0.26132624759799533,0.0018427306624340012,0.5027152302068111,0.5027118528795524,0.25271920702559275,1.5570616,2.6455,0.34200070972770374,0.5652660194655785,-0.19498136294874646,3.0973034164082183,1.2462984394042291,3.86016441423095,4.552802247807354,0.5027118528795524,0.2527192070255928,-0.010686330371938,0.20036605561243,0.20008088010818323,0.04003235858486519,0.73239379,1.4276200000000001,0.13202138259201548,-0.11174744018513319,0.4420347701779126,3.655278773449912,1.2779497739404542,4.671262682219656,5.547539160859344,0.20008088010818323,0.04003235858486519
135,720.0,0.002234208589374801,0.5156723096082911,0.5156674696049077,0.2659129392087284,1.7179196,3.199,0.339651367127703,0.05516948705381958,0.11274117514730442,3.3314171965234003,1.27287172356815,4.240466748863314,5.05789102080691,0.5156674696049077,0.2659129392087284,0.0019737015666600006,0.4980554003704507,0.49805148964770274,0.24805528634029575,1.5602616,2.6847000000000003,0.3392971837838998,0.5736191794984593,-0.18700543738155906,3.132706921437829,1.2458205220349685,3.9027905722482354,4.598510316530476,0.49805148964770274,0.24805528634029572,-0.01183487037430984,0.19810135399163034,0.19774752159392672,0.03910408229654052,0.74839379,1.47039,0.13090034150113056,-0.08870994419899556,0.4397172706224315,3.7778327856942315,1.2760154233950303,4.820572901553252,5.717279125612794,0.19774752159392672,0.03910408229654052
136,724.5,0.0028138839015016,0.5175649202616888,0.5175572709786591,0.26786552874287717,1.7119196,3.289,0.3376767622180956,0.06357572454189162,0.17336231993178197,3.3076422550709723,1.2792825757658293,4.2314091037790895,5.069699166608098,0.5175572709786591,0.26786552874287717,0.001907330622112,0.5035383956103862,0.5035347832511471,0.2535472779437797,1.4560616,2.6334999999999997,0.3414099326411464,0.5828173970466362,-0.18758001769805377,2.8916595292300817,1.2494690023821997,3.6130389472160918,4.264848385446525,0.5035347832511471,0.2535472779437797,-0.0131063983712378,0.19862310213589332,0.19819020920272507,0.039279359023819925,0.72199621,1.39239,0.13075992262967637,-0.10832643291086029,0.38814737365389496,3.63500621144275,1.2774165318670037,4.643417027936214,5.52154051088541,0.19819020920272507,0.03927935902381993
137,729.0,0.0028563319314972016,0.5161328279943924,0.5161249243171524,0.26638493750138625,1.6340804,3.261,0.33791755572585974,0.05263831016466117,0.14345561775834836,3.166007491423804,1.2765172831798048,4.041463281479223,4.835736919586593,0.5161249243171524,0.26638493750138625,0.0022369726958240007,0.5029277321796488,0.5029227572386467,0.2529312997485227,1.5686616,2.7441,0.3442903840605792,0.5812018715700548,-0.20532332483560856,3.119059657341911,1.2435470398638209,3.8786974040461972,4.556216707243232,0.5029227572386467,0.2529312997485227,-0.01343758396806784,0.2016669353162484,0.20121874698185815,0.04048898413694905,0.79733621,1.50173,0.13368239461653741,-0.05827787964172144,0.4388209629115227,3.953728005781611,1.2744443149060813,5.038806179653332,5.964406998297172,0.20121874698185813,0.04048898413694904
138,733.5,0.0025234704715020014,0.5197050711422763,0.5196989446475506,0.27008699306777784,1.6579196,3.209,0.34168342625421505,0.052675280517544214,0.11823954753347854,3.1901162641265093,1.273576072091304,4.062855741180825,4.852209596980848,0.5196989446475506,0.2700869930677779,0.0018490095599880006,0.5045673662225547,0.5045639783222864,0.2545848082204127,1.5686616,2.7441,0.34565812867550133,0.5761101635660288,-0.2309152730834949,3.1089240109676344,1.2417970853989622,3.8606527755464595,4.538188081995422,0.5045639783222864,0.2545848082204127,-0.01435746377445318,0.20068626801321074,0.20017202952219754,0.04006884140303552,0.72234621,1.38774,0.13188843082978616,-0.09310032055372373,0.45493757597030804,3.5993803519852663,1.2798137331214363,4.606536405198213,5.476949004968089,0.20017202952219754,0.04006884140303552
139,738.0,0.0025073362841891993,0.5182412758016867,0.5182352103141177,0.2685677332093178,1.6899196,3.152,0.34454422493540326,0.06690703565135828,0.062401629847569584,3.2608741891232045,1.2668123159698217,4.130915583609381,4.9047973458757985,0.5182352103141177,0.2685677332093178,0.0021946307637120016,0.5021619940433213,0.502157198352643,0.2521618518573757,1.4379616,2.5684,0.3433765179987744,0.5684679901898807,-0.24845122998471458,2.8635412816126973,1.243035388185525,3.5594831485747145,4.187710937196738,0.502157198352643,0.2521618518573757,-0.014631464363938482,0.2003136827794783,0.19977860686080545,0.039911491759244265,0.69539379,1.38292,0.13230547142721832,-0.07727302866159297,0.4297372537617581,3.4715241632572167,1.2750602773264383,4.426402562348179,5.255971521801639,0.19977860686080548,0.03991149175924427
140,742.5,0.0031098794782716006,0.5163853251474477,0.5163759605919567,0.26664413267726594,1.6269196,3.1529999999999996,0.3417179032042625,0.07647650346164352,0.12117372361999035,3.150592243370689,1.2707808425573914,4.003712265585386,4.761001939741816,0.5163759605919567,0.266644132677266,0.0021602781027439994,0.49899109916759293,0.49898642290848094,0.2489874502470014,1.5531616,2.6196,0.3408509867584497,0.5805837567827309,-0.18788044565322037,3.1126038171641803,1.2439670415141335,3.871976561843325,4.556717334958682,0.4989864229084809,0.24898745024700136,-0.0148919085719996,0.19990261460260966,0.19934715042869985,0.03973928638404269,0.73487621,1.42127,0.1320694242539666,-0.11548579603632692,0.47633426947280055,3.6761710769059968,1.2768929607376487,4.6940769705686085,5.564317510666582,0.19934715042869988,0.0397392863840427
141,747.0,0.0034077505273355994,0.5245555697357712,0.5245445004736613,0.2751469329771629,1.7449196,3.285,0.3467633666582022,0.05201798843790609,0.17111284729334653,3.3264723523552515,1.272882143195983,4.234207257148135,5.032018280408302,0.5245445004736614,0.275146932977163,0.001353105579119999,0.5040101555102527,0.5040083391797807,0.25402440596276094,1.4914616,2.6349,0.3460131061343029,0.5698673648059516,-0.2492054463169926,2.9591895792061282,1.2402007691420371,3.6699891921685412,4.3104193845798955,0.5040083391797807,0.25402440596276094,-0.01515676976021662,0.20254183900258668,0.20197393118168872,0.040793468876985525,0.73666621,1.4380600000000001,0.13378374461074513,-0.11038266320156735,0.41885278953252314,3.637106356038329,1.2758415519159143,4.640371417771178,5.506395505249096,0.20197393118168872,0.040793468876985525
142,751.5,0.0036576133145180016,0.5216583159356781,0.5216454930790538,0.27211402044968924,1.6089196,3.213,0.3427768856290939,0.056077505596925814,0.12539748711761955,3.084240298391762,1.2741078702941357,3.9296548380592773,4.693780903712836,0.5216454930790538,0.27211402044968924,0.0014209516869560011,0.5018003682763484,0.5017983564127948,0.25180159049858225,1.4221616,2.5846,0.3416232853875146,0.5938825047533379,-0.21194095705564164,2.834118286690447,1.2461529149405028,3.5317447642454844,4.1629527635588275,0.5017983564127949,0.2518015904985823,-0.014637374366637621,0.2009258830150663,0.20039201016266844,0.04015695773703501,0.72560621,1.411,0.1324208263654677,-0.11736185223024488,0.47137592901094694,3.611312784155294,1.2776664378541909,4.614053140908995,5.479547514659079,0.20039201016266844,0.04015695773703501
143,756.0,0.004009960877941601,0.5160304724478547,0.5160148919445189,0.2662713687085135,1.6439196,3.184,0.3408530592569809,0.047486799488960084,0.11789224882091309,3.1857025655904834,1.270947117186042,4.048859491949403,4.822956858839845,0.5160148919445189,0.2662713687085135,0.0015786563197040006,0.49872037046882817,0.4987178719123564,0.2487195157647895,1.4411616,2.5656,0.34194444191115625,0.5852923168464406,-0.2109004668484804,2.889718738870078,1.2424519245380048,3.590336608482664,4.214607472328623,0.49871787191235634,0.24871951576478946,-0.0156808793772056,0.19928561652915605,0.19866773008559635,0.03946886697736336,0.72010621,1.3984999999999999,0.13165038070649582,-0.08155208117125227,0.43180550078531565,3.613437951728174,1.2768177030801444,4.613701545748189,5.469837657404274,0.19866773008559635,0.03946886697736337
144,760.5,0.003743205090162,0.5129324124898187,0.512918753993533,0.26308564819827845,1.6109196,3.13,0.33732219359111254,0.034414226653961794,0.1316887454758433,3.1406079256728106,1.2748085653195709,4.003673883958229,4.775611064455152,0.512918753993533,0.2630856481982785,0.0012251777520520004,0.4978693457335084,0.497867838246846,0.24787238436058762,1.5803616,2.6757999999999997,0.34452772362765205,0.5803234873531835,-0.22611630981019415,3.1742496571498315,1.236692516610482,3.9255707968505855,4.5870375346280525,0.49786783824684594,0.24787238436058753,-0.016974328235226318,0.19983377527631582,0.1991115514533195,0.03964540992214789,0.74542621,1.39582,0.1311269856766842,-0.09589530147065817,0.49898868604474567,3.730231333363332,1.2811911640211566,4.7791394240599585,5.684765848564342,0.1991115514533195,0.0396454099221479
145,765.0,0.0034686172931874,0.5115294266073471,0.5115176663413638,0.26165032297931473,1.6259196,3.158,0.33756159157308874,0.05666362518685193,0.10871555194845417,3.178545583943629,1.2713687964768356,4.041103673605172,4.816660546073876,0.5115176663413638,0.26165032297931473,0.0013037970027739995,0.49126787628807156,0.4912661461834792,0.24134242638596756,1.4564616,2.5629,0.33619849501715987,0.5654016347277259,-0.23049751593190404,2.9646994446385384,1.242272670632027,3.6829650967124046,4.332147887591409,0.4912661461834793,0.24134242638596765,-0.01731863857065756,0.19997258067936985,0.19922122824043131,0.03968909778162603,0.76239379,1.472461,0.13167904950475898,-0.07880487351635854,0.522146946144403,3.8124916296519658,1.2795584053893574,4.8783057101977425,5.789788070823267,0.1992212282404313,0.03968909778162602
146,769.5,0.003494122595938,0.5093665861511011,0.5093546016229868,0.2594421101945117,1.6949196,3.266,0.33562579535766834,0.055807435612165605,0.16783355855842297,3.327504485143457,1.2746558393769425,4.241423022541074,5.050027809077561,0.5093546016229868,0.2594421101945117,0.0010862328649559997,0.4947674267982019,0.4947662344164941,0.24479362671867716,1.5054616,2.6539,0.33642787847424804,0.568422457251353,-0.20830036396459128,3.0427661936888675,1.2464188159319076,3.7925610362953153,4.474841998313276,0.4947662344164941,0.24479362671867716,-0.01918367436896514,0.1972579095448574,0.19632287058749076,0.03854266951571265,0.68839379,1.34392,0.1300515875570818,-0.10944721280127204,0.5023690063622905,3.489815904408416,1.2790675852681614,4.463710401882097,5.293236345137675,0.19632287058749076,0.03854266951571265
147,774.0,0.0028809564359252005,0.515806449869264,0.5157984042402107,0.2660479938167479,1.6119196,3.15,0.33969898778754143,0.043732286929674256,0.1263381051001211,3.1250473901762104,1.2736063330538163,3.9800801472217224,4.745141015869455,0.5157984042402108,0.26604799381674793,0.0010679245944099991,0.4914815223450445,0.49148036211395385,0.2415529463436632,1.4737616,2.5792,0.33717859341229645,0.5833141913153265,-0.1904982859132387,2.998610391227172,1.242718485174347,3.7264285630138874,4.370863479455555,0.49148036211395385,0.2415529463436632,-0.018612364370335636,0.19839831997338914,0.1975233486472148,0.03901547326080917,0.68075621,1.32815,0.13167982576228435,-0.10310053054265145,0.41207816043706114,3.4312599526614376,1.2733934504027071,4.369343950348178,5.169783648020149,0.1975233486472148,0.03901547326080917
148,778.5,0.0031363620143539995,0.5130250322480862,0.5130154451344178,0.26318484694646477,1.6229196,3.151,0.3372996041274819,0.06712466284513847,0.12027061372815195,3.1634316027199163,1.274316775756001,4.031213960302683,4.811507574099078,0.5130154451344177,0.2631848469464647,0.0012157550427720008,0.49606717229503,0.4960656825143854,0.24608116136846298,1.4496616,2.5811,0.33696413702345085,0.5781935168661371,-0.1916200922818958,2.9223090761946873,1.2485899757662462,3.6487658186274063,4.302124293717084,0.4960656825143853,0.24608116136846292,-0.018556129979361076,0.1987892933075759,0.1979213307703707,0.03917285317391449,0.71274421,1.368138,0.13067338487105706,-0.11162920515088978,0.4425837565600559,3.5854255435035403,1.2802624856967175,4.590285818606347,5.454394639760083,0.19792133077037072,0.039172853173914494
149,783.0,0.002695471574550002,0.5096568526401535,0.5096497246894752,0.25974284187605784,1.6420804,3.253,0.33695330547614816,0.059876430036306744,0.1422070795458037,3.221933329246142,1.2715822007904964,4.09695307360306,4.8733173805182854,0.5096497246894752,0.2597428418760579,0.0015174625850020015,0.4977282350390479,0.4977259218308695,0.24773109326238882,1.4545616,2.711,0.338312044113307,0.5716545110790812,-0.22742510704866659,2.922401217374952,1.2464285575162097,3.642564333856277,4.299467386129594,0.49772592183086956,0.24773109326238887,-0.018337692369607958,0.1977564692992296,0.1969044189150024,0.03877135018825476,0.74539379,1.42054,0.12873446232643848,-0.11377847238377964,0.46734503810131134,3.7692511028406783,1.2838753579954008,4.839248609034135,5.790165092777311,0.1969044189150024,0.03877135018825476
150,787.5,0.0023865418600986003,0.5111608348118676,0.5111552635584568,0.26127970346351537,1.7029196,3.262,0.33422589562388394,0.08356334254923652,0.22301223897487255,3.331475113164252,1.2789339860039974,4.260736745752275,5.095115675645776,0.5111552635584568,0.26127970346351537,0.0014743388826260013,0.4922141530075671,0.4922119449442647,0.24227259874581586,1.4761616,2.7325999999999997,0.33640126669556086,0.5682190547847672,-0.21240587345369244,2.999023069491677,1.2436017745773917,3.729590411218386,4.3880976266831615,0.4922119449442646,0.2422725987458158,-0.02034603638064328,0.19773964072531025,0.196690122572976,0.038687004317772326,0.74539379,1.43149,0.12928753320394235,-0.10351129193013342,0.5807501106312469,3.769571883846308,1.2858061305353015,4.846938637743088,5.7653957154878315,0.196690122572976,0.03868700431777232
151,792.0,0.002586907974642801,0.5085893881100673,0.5085828089950577,0.25865647360530336,1.6559196,3.215,0.33506119576657917,0.06750154246915098,0.13924945042664172,3.255906707281968,1.2727731059725238,4.144030492584044,4.942140781809895,0.5085828089950578,0.2586564736053034,0.0014655388802940004,0.49653245867797074,0.4965302958698301,0.24654233471658105,1.6152616,2.7827,0.34045379549176397,0.5653759861473705,-0.24819528057842888,3.25308360363927,1.2413115632575789,4.03809029344106,4.74443704663905,0.4965302958698301,0.24654233471658105,-0.01959746077074564,0.1969047542482015,0.1959270828060371,0.038387421776883715,0.72948621,1.37188,0.13007464157965823,-0.1369796835864024,0.49514799304439805,3.7047668695722367,1.2769950284307188,4.730968873938583,5.608212339783845,0.1959270828060371,0.03838742177688372
152,796.5,0.002385690976755999,0.5093363344286395,0.5093307472043744,0.2594178100477664,1.5819196,3.067,0.33693827801759585,0.05743589457039891,0.11294792812084609,3.1058447887377936,1.271221888998208,3.9482178792744986,4.694983334358311,0.5093307472043744,0.2594178100477664,0.0013284743999759996,0.49369029392253677,0.4936885065191303,0.24372834146908937,1.5287616,2.6262,0.33815850576446926,0.5762627483855159,-0.23255785124431094,3.096600477707331,1.2421716284431235,3.8465092580314693,4.520843255277446,0.49368850651913027,0.24372834146908934,-0.0203410889712716,0.1973589006366642,0.19630785964901026,0.03853677575997551,0.72572621,1.36212,0.13151812388330844,-0.12300910952314546,0.3868207342037482,3.677190173125533,1.2708515568766179,4.673162856447983,5.518069970675009,0.19630785964901026,0.03853677575997551
153,801.0,0.0027123402065916,0.5154621174205043,0.5154549812604718,0.2656938377062334,1.6389196,3.1559999999999997,0.34170482702198685,0.05418755511418929,0.13060661178050958,3.179515127516151,1.2701108136488968,4.038336545618514,4.796302160210761,0.5154549812604718,0.2656938377062334,0.0006631137799319996,0.49662738840542087,0.4966269456991874,0.24663832319450366,1.4389616,2.5784000000000002,0.3415095339008628,0.5567409339149855,-0.22694046201481388,2.8974672633747423,1.2403855836809654,3.5939766226775696,4.213532733811519,0.4966269456991874,0.24663832319450363,-0.02086956637423528,0.1976214650245934,0.19651642332847905,0.03861870463781798,0.67826621,1.33266,0.13015233699485285,-0.10960317315976363,0.3749101983836858,3.432148475954228,1.2772373688670027,4.383668288988671,5.211325633183394,0.19651642332847905,0.03861870463781798
154,805.5,0.002321670994058401,0.5121465738941866,0.5121413115492137,0.2622887229953488,1.6319196,3.207,0.337302297698148,0.07084541631767534,0.16252508421246326,3.1864307664726605,1.2737259210565697,4.05863946290838,4.838151447934711,0.5121413115492137,0.2622887229953488,0.0008105523052460015,0.500857298430683,0.5008566425597676,0.2508573763962428,1.5335616,2.68,0.340357685682281,0.5869750668485403,-0.21034790862069963,3.061873321612862,1.2470771463842414,3.8183922445070064,4.505735185400097,0.5008566425597676,0.2508573763962428,-0.02155474837748728,0.1981883975990258,0.1970127756396847,0.03881403376525274,0.76930621,1.4557,0.1306606878151459,-0.12818770850607508,0.5058095831696452,3.881691457824177,1.2792937256812542,4.96582352702499,5.887816931504196,0.1970127756396847,0.03881403376525274
155,810.0,0.0022009549489315993,0.5131787007807997,0.5131739809580981,0.26334753473238237,1.6139196,3.1950000000000003,0.33947692997326756,0.06268396804505616,0.13631310200935953,3.144946580098563,1.2706402340002239,3.9960956584546423,4.754136312376484,0.5131739809580981,0.26334753473238237,0.0004937405575239996,0.49468361759561225,0.4946833711959032,0.2447116377377438,1.5335616,2.657,0.33869258308299616,0.5944510406180297,-0.166168126380283,3.1000856819431544,1.243211900814996,3.8540634133379017,4.527886575018984,0.49468337119590317,0.24471163773774374,-0.02194692838227524,0.1985893730405093,0.1973729247369199,0.03895607141920584,0.75686621,1.46326,0.1309350945041201,-0.0932730512862804,0.4016177835530548,3.8112120422758493,1.2781957651913356,4.871475092683212,5.780468657898161,0.1973729247369199,0.038956071419205845
156,814.5,0.002016927981883601,0.5176343851059255,0.5176304556780885,0.26794128864550554,1.7109196,3.3739999999999997,0.3432253892823063,0.09215611306540158,0.1102359196132836,3.305266514800573,1.2682370444149687,4.191861435734443,4.9848282016012275,0.5176304556780885,0.26794128864550554,-0.0006214112443140002,0.4976571708722901,0.49765678290231025,0.24766227356867718,1.4514616,2.6409000000000002,0.3405031421128308,0.581507039324294,-0.202307646856402,2.916589340922965,1.243547499390517,3.626917381653789,4.262696640605556,0.49765678290231025,0.24766227356867718,-0.02280224838014524,0.19863721765562437,0.1973241032078394,0.03893680170677806,0.73389621,1.43329,0.1305476793220364,-0.10493329767547793,0.5114635031162482,3.6946561105801914,1.2810140072293161,4.73290622954861,5.62167181991506,0.1973241032078394,0.03893680170677806
157,819.0,0.0018423052275698,0.5159251043390368,0.5159218150056214,0.2661753191986946,1.7159196,3.2590000000000003,0.3389961475824356,0.07804878650268622,0.1355040331106272,3.325908325779772,1.27472302044266,4.239611906753381,5.061767256758368,0.5159218150056214,0.26617531919869464,-8.009944291799917e-05,0.4981288045388968,0.498128798098875,0.24813229949542975,1.5981616,2.7876000000000003,0.34045410875630083,0.5848105672046077,-0.1873830504803009,3.208330025161607,1.2442216468683653,3.991873667603799,4.69420564738719,0.498128798098875,0.24813229949542975,-0.02235324737217688,0.20022822469710422,0.19897656720647364,0.039591674297272325,0.76988621,1.46928,0.13200523329950567,-0.11762668359007174,0.47216013670561985,3.845043380695441,1.2789330316412477,4.917552987664933,5.832240061674002,0.19897656720647364,0.039591674297272325
158,823.5,0.0023692752383450005,0.5192818724261703,0.5192764673709702,0.26964804956527433,1.6269196,3.21,0.3419993230911389,0.046447657632298876,0.1374261998375239,3.133018282342043,1.273401920409265,3.9895914974116944,4.75708426933478,0.5192764673709703,0.2696480495652744,7.010649647600005e-05,0.5014063041080421,0.5014062992069062,0.25140827688436546,1.5249616,2.8044000000000002,0.34466741804682227,0.5912658913432017,-0.1961921809133811,3.041369020504784,1.2407202576269465,3.7734881546593093,4.42444373953803,0.5014062992069062,0.25140827688436546,-0.02281900256815764,0.2002722949971594,0.19896805086551875,0.039588285265223656,0.75874621,1.48114,0.1327262393983214,-0.14885365425992128,0.5235059810068945,3.78857300262506,1.2764616412656173,4.835968112985392,5.7166255402064525,0.19896805086551878,0.03958828526522366
159,828.0,0.0016845621124996005,0.5237455605162685,0.5237428514175535,0.2743065744109895,1.6349196,3.191,0.34822361810516156,0.05650273958993722,0.07490483431557671,3.1215913284084364,1.2670433053201131,3.9551913946052286,4.6950278929853155,0.5237428514175535,0.2743065744109895,-0.0002113662037320001,0.502377732368136,0.5023776879039099,0.2523833413036783,1.4548616,2.6653000000000002,0.34344220786413676,0.5778698071987677,-0.24344833357341233,2.8959516042679536,1.2433812307354908,3.6007718698651074,4.236117654401793,0.5023776879039099,0.25238334130367834,-0.02369635457939728,0.19886854115929195,0.19745171420494803,0.03898717944247247,0.73342621,1.4558200000000001,0.1312513349450244,-0.14478252708428113,0.5083843530126968,3.6879951234344905,1.279018462086377,4.7170138509572395,5.5879523839296645,0.19745171420494803,0.03898717944247247
160,832.5,0.0016152072772835993,0.521595975730918,0.5215934748481232,0.2720597530041398,1.5949196,3.1500000000000004,0.3449925151530718,0.06982997137932365,0.09837050391021673,3.05776822331695,1.2699647825377862,3.883257956775663,4.623055660475245,0.5215934748481234,0.27205975300413987,-0.00023834471515800013,0.49941803039293675,0.49941797351853195,0.24941831227335706,1.4965616,2.607,0.34012423450921797,0.5951246901410219,-0.17051910327474173,2.9966110731375104,1.2461462959672491,3.734215789244752,4.400044007918055,0.49941797351853195,0.2494183122733571,-0.02391940837567088,0.1993322913558474,0.197891951024114,0.03916122428013033,0.66956621,1.31996,0.13105757078824332,-0.05082226691260883,0.4575575350787475,3.3590453681420462,1.280028820355818,4.299674880104538,5.108947205208418,0.197891951024114,0.03916122428013034
161,837.0,0.0020632516960412007,0.5221325113072325,0.522128434732716,0.2726181023564361,1.6879196,3.222,0.34238004321810817,0.08002991742254942,0.1729095418359865,3.2327418106450696,1.2757652049056478,4.124219518464662,4.929959071606097,0.522128434732716,0.2726181023564361,0.0011210868635360006,0.5042915697628024,0.5042903236213004,0.2543087304980759,1.5341616,2.7656,0.3436137272813942,0.5918109114520707,-0.2025911324066616,3.0422114744484134,1.2455994431617468,3.78937691855322,4.464785537347392,0.5042903236213004,0.2543087304980759,-0.025089559575001242,0.19878262836476668,0.19719291909178027,0.0388850473399374,0.70886121,1.3412549999999999,0.13087641198687358,-0.09138454933109276,0.4618593793161154,3.566011858436833,1.2787808150641335,4.560147550860219,5.41626408638935,0.19719291909178027,0.038885047339937404
162,841.5,0.0015874151134956012,0.5234012958628467,0.52339888863482,0.27394639662416465,1.7559196,3.433,0.3463459021907245,0.08719288152345073,0.0795721291769258,3.3548247088408534,1.2688244623274008,4.256683657397675,5.069843728172816,0.52339888863482,0.27394639662416465,0.0013170686450599998,0.5008228937045806,0.5008211618819773,0.2508218361888137,1.5341616,2.6226000000000003,0.3410813666871355,0.5760952937780239,-0.2361225751991931,3.063281689564601,1.24570309312527,3.815939475804626,4.497934363583233,0.5008211618819773,0.25082183618881376,-0.026522504762459643,0.19904583874146026,0.19727088650233393,0.03891580266141671,0.73558621,1.3709799999999999,0.1318337946334697,-0.10934486945206433,0.5095512733642367,3.695561859775675,1.2759379128304826,4.715307486098112,5.57964831434239,0.19727088650233393,0.03891580266141671
163,846.0,0.0012128201225500013,0.5169168944512392,0.5169154716551478,0.26720160483646394,1.5949196,3.165,0.3425915168818009,0.10759084289613358,0.09405505119369728,3.085446842849221,1.2694465068768936,3.9168097168092837,4.655455612318243,0.5169154716551478,0.267201604836464,0.0008019783023879995,0.5000355613211583,0.500034918197288,0.2500349194165684,1.5650616,2.6805,0.3411637540524547,0.5778965539414632,-0.20849082522700924,3.129900593199623,1.2448202626177876,3.896163678394324,4.587420502353155,0.500034918197288,0.2500349194165684,-0.0258840299753796,0.19585167868250547,0.19413370916713307,0.03768789703498901,0.75369621,1.42509,0.12893504669762013,-0.13678103064094496,0.4871893824461888,3.848300995274156,1.2797093920163045,4.924706926958029,5.845549594964482,0.1941337091671331,0.037687897034989024
164,850.5,0.0013856370151236004,0.5249500804984946,0.5249482517595789,0.2755706670254383,1.6839196,3.3120000000000003,0.3446379964276627,0.09987820081230901,0.15381059341237746,3.207770914904792,1.2759735700633794,4.093030906236541,4.8860532426912595,0.5249482517595789,0.2755706670254383,0.00039573262032600154,0.5047503311327949,0.5047501760023063,0.2547727401743592,1.5358616,2.7033,0.34324737211895145,0.5730906542518472,-0.1821430790321621,3.042814447596528,1.2479806891406051,3.797373671238505,4.474503593483452,0.5047501760023063,0.25477274017435925,-0.02634255036843498,0.20061691389829636,0.19887990391732124,0.039553216182162926,0.72857621,1.43697,0.1334972425011756,-0.1194631191528247,0.39584605073378176,3.6316788841112118,1.2719107374801641,4.61917136778103,5.4576124296618636,0.19887990391732122,0.03955321618216292
165,855.0,0.0016647172410716002,0.52744055446333,0.5274379273517333,0.2781907672090923,1.6839196,3.3120000000000003,0.348101728803994,0.09882277495902628,0.1259049077788621,3.1926244308486775,1.2711744901718496,4.058382733194259,4.837435326120332,0.5274379273517333,0.2781907672090923,7.083846267600209e-05,0.5047599353084039,0.5047599303376371,0.2547825872744563,1.5171616,2.6856,0.3433697967814323,0.5854649432953466,-0.18254650109374682,3.0057092369524687,1.2470323616265906,3.7482166881196943,4.418448023737306,0.5047599303376372,0.25478258727445635,-0.02744198637214152,0.20138683431429716,0.1995083818266425,0.03980359441908537,0.69028621,1.30768,0.13373436820114779,-0.11304251256986683,0.3984621156450032,3.427663046347386,1.2737048425895894,4.3658310208980495,5.161621648084891,0.1995083818266425,0.039803594419085375
166,859.5,0.0019779623053219997,0.5211510018639607,0.5211472482983371,0.27159445440892865,1.6180804,3.207,0.3451137085158542,0.07239407838140449,0.12500867423930107,3.104820664668659,1.270433050919565,3.944466789573116,4.688542819578164,0.5211472482983371,0.2715944544089287,-0.0005358380359920012,0.5056602799100421,0.5056599960015636,0.2556920315563014,1.5064616,2.7899000000000003,0.34469882557908466,0.5846211592429404,-0.18871869734326951,2.979197021897789,1.2454848832420138,3.710544854973323,4.370370561806196,0.5056599960015636,0.2556920315563014,-0.02825044576570324,0.20093827956439048,0.1989424653218518,0.03957810450833621,0.72330621,1.3617,0.13412702196698129,-0.11613151910522483,0.3433228998446922,3.599643689435577,1.2691319457134462,4.568422799448502,5.392695665591232,0.1989424653218518,0.03957810450833621
167,864.0,0.001664924685919999,0.5200385856197324,0.5200359204508492,0.27043735855916196,1.6559196,3.231,0.3451594295182796,0.09088135096482372,0.10144970054351576,3.184224489855177,1.2679545522062545,4.037451937158511,4.7975499389110645,0.5200359204508492,0.27043735855916196,-0.0002615991845239995,0.4983255997484224,0.498325531084342,0.24832833493049153,1.5418616,2.6863,0.3419877018089158,0.5976625064554786,-0.22576625401333184,3.094084672307428,1.240745535924421,3.8389717449376164,4.508529376478891,0.498325531084342,0.24832833493049153,-0.029250971562814594,0.20016402494664357,0.19801519523882996,0.03921001754547195,0.73224621,1.40964,0.13268795488918897,-0.12418463014554591,0.4218820309612079,3.6582308444046836,1.2732378352016356,4.6577979209976705,5.5185582640980275,0.19801519523883,0.03921001754547196
168,868.5,0.0022603955447156013,0.5217320382367554,0.5217271416503656,0.27219921033466066,1.7199196,3.295,0.34400554507569575,0.10101971341137989,0.08536091144443336,3.296557378022322,1.2714595002544669,4.191439196420436,4.999685687105844,0.5217271416503657,0.2721992103346607,0.0004713319875059996,0.5012386715444328,0.5012384499395326,0.2512399836977853,1.5175616,2.7510000000000003,0.3403824191131971,0.5744660215407739,-0.22256188214894257,3.0276227397300377,1.2468319468784281,3.7749367549910033,4.458401829194715,0.5012384499395326,0.2512399836977853,-0.02897242516615408,0.19985663925955732,0.19774547993852204,0.039103274836116426,0.73277621,1.41317,0.13163431651843832,-0.11781593423172088,0.4935914785539226,3.6665092173812184,1.2794855789858732,4.691245668858049,5.566756673951039,0.19774547993852207,0.03910327483611643
169,873.0,0.0023263233422,0.5161717083562256,0.5161664661009004,0.266427820727092,1.8019196,3.3049999999999997,0.3430021144023301,0.10669846073739576,0.08893032007428348,3.4909305776139927,1.2675144106705332,4.424804813776144,5.253377528414907,0.5161664661009004,0.26642782072709204,0.0013535256601460003,0.5042890691811655,0.5042872527279404,0.2543056332638936,1.5331616,2.7116,0.3444576096564844,0.580825502792228,-0.20292958431291108,3.0402435700013415,1.2442818856372004,3.7829200020776432,4.450944200445938,0.5042872527279404,0.25430563326389366,-0.029813657280253238,0.19991052529467268,0.19767489462035276,0.03907536396316757,0.72262621,1.4030200000000002,0.13155254028936963,-0.14402937620341547,0.46155519783285825,3.614748192646848,1.2799458940673634,4.626682107265755,5.493061619414378,0.1976748946203528,0.03907536396316758
170,877.5,0.0016936325231159998,0.5200017611384159,0.5199990030720547,0.27039896319593076,1.8039196,3.4379999999999997,0.34386414533429144,0.09369200135279565,0.14474931492954646,3.4690644048027104,1.2716206689027452,4.411333998901926,5.2460241187585845,0.5199990030720547,0.2703989631959307,-0.0002901610173440009,0.49984879421783185,0.49984870999893993,0.24984873288760437,1.6189616,2.7834000000000003,0.3418369234620628,0.5815561335768623,-0.19915864800960792,3.238902681626684,1.2432610459858289,4.026801535805497,4.7360641548123255,0.49984870999894,0.2498487328876044,-0.030308982368267998,0.19907150940490834,0.1967506834665347,0.03871083144454853,0.79031621,1.40671,0.13230576805742647,-0.14286768479169246,0.4483556143632006,3.970011642361686,1.2729663937893838,5.053691403679024,5.9734070676115065,0.19675068346653468,0.038710831444548524
171,882.0,0.001890412337932,0.5184922265534314,0.5184887803390998,0.26883061533752733,1.8049196,3.439,0.34111381751189146,0.10024458733492637,0.16280622959491842,3.4810928834899326,1.2755483961423155,4.440302444358013,5.291253263105003,0.5184887803391,0.2688306153375274,-0.0002950403128839997,0.5030428170210112,0.5030427304987602,0.25305198870764833,1.4385616,2.563,0.34088126535203633,0.6031975592127136,-0.19445158794926387,2.859719990674102,1.2492030535056289,3.572370944521177,4.220125146843617,0.5030427304987602,0.2530519887076483,-0.030271515767753998,0.20105002084189424,0.19875800918113648,0.03950474621364873,0.73503621,1.44743,0.13224899586154842,-0.17918242820307476,0.5277993362776972,3.655986738633728,1.2807217827276594,4.682301853531669,5.557971954429885,0.19875800918113648,0.03950474621364874
172,886.5,0.002583829272487598,0.51626495734863,0.5162584914676691,0.26652283001247334,1.6290804,3.2030000000000003,0.3432620904126488,0.07681504167338792,0.09760106010460534,3.1555122555023503,1.2677745932563136,4.000478266234805,4.745879156191173,0.5162584914676691,0.2665228300124734,0.0007516089345079999,0.5028843634137407,0.5028838017375911,0.2528921180500528,1.5038616,2.6843000000000004,0.34260568010813197,0.6021322280238929,-0.16869052628250092,2.990471984038844,1.24762257826174,3.7309803669460435,4.389482391317496,0.5028838017375911,0.2528921180500528,-0.031559178371337995,0.19998548106767614,0.1974796467952987,0.038998210898395926,0.76877621,1.41217,0.13297509935893315,-0.13707835361254633,0.4523780815147749,3.8441601155027953,1.2740467475819217,4.897639692340481,5.781354657422591,0.19747964679529872,0.03899821089839593
173,891.0,0.002033355786436,0.517864348415734,0.5178603564903367,0.2681793488242986,1.6209196,3.123,0.3414191009511127,0.10526304738598509,0.11919716015949477,3.130008089876751,1.2716861079648711,3.980387805713926,4.747594951437989,0.5178603564903367,0.26817934882429856,0.0009109850367499994,0.5049690797284048,0.5049682580004557,0.25499294158801483,1.5675616,2.755,0.3455662449264784,0.5828313009281537,-0.23035127180518833,3.104272445439839,1.2427267804914328,3.857762501889718,4.53621157452317,0.5049682580004557,0.25499294158801483,-0.032126640372561244,0.201065588700748,0.1984823668186937,0.03939524993795048,0.69617621,1.34357,0.13244658335307305,-0.14170059316636935,0.44485135736584347,3.462433400456903,1.2790108036175218,4.428489725990532,5.256279115514437,0.19848236681869372,0.03939524993795049
174,895.5,0.0024206361470116007,0.5170873711775662,0.5170817052961455,0.26737348995196986,1.6629196,3.279,0.3448042357227957,0.1123131514216984,0.09639727207541782,3.2159354350755525,1.2655513171524286,4.069931325737034,4.822793422227269,0.5170817052961455,0.26737348995196986,0.0004150051619339991,0.5024860030378704,0.5024858316606452,0.25249201101969027,1.5623616,2.6928,0.3418413507745125,0.5818062662845461,-0.2102802247299067,3.1092639208942323,1.2469085206916175,3.876967676042046,4.5704289327787455,0.5024858316606453,0.2524920110196903,-0.03263760557399088,0.19988002419705442,0.19719739038692086,0.038886810775411666,0.73104621,1.40244,0.13094398512764183,-0.15125814019374287,0.4957499581456646,3.6574250625429596,1.281921995172801,4.688533633370077,5.5828926337272335,0.19719739038692083,0.03888681077541166
175,900.0,0.001192073526839999,0.5132281481560007,0.5132267637412768,0.2634017110203444,1.6629196,3.25,0.3394080004717559,0.11333382545712775,0.1324083922807593,3.2401176864027716,1.2707323464393205,4.117322350382136,4.899470836540817,0.5132267637412768,0.2634017110203444,0.0008203736160000001,0.49484541769441126,0.4948447376706016,0.24487131440028653,1.5200616,2.7715,0.3387016098463965,0.5803875827904342,-0.17689872798436657,3.071790796977137,1.2438257903618173,3.8207726158762445,4.487907809736595,0.4948447376706016,0.2448713144002865,-0.033834430176916,0.19887007791213746,0.195970761144062,0.03840453922338301,0.74291621,1.4813100000000001,0.13116562377709565,-0.18431116359241922,0.45066204904463625,3.7356862218771134,1.278255464618705,4.7751613272152245,5.663955147749079,0.19597076114406206,0.03840453922338302
176,904.5,0.0016211897007460006,0.4814398767485207,0.4814371471621036,0.231781726667585,1.7030804,3.338,0.3263857487951913,0.06207023221582668,0.16222149794369534,3.5374726570262918,1.2541479455263569,4.436514065165187,5.217998660439956,0.4814371471621036,0.23178172666758504,0.0002855695865760002,0.4664190234629494,0.4664189360415618,0.21754662389814253,1.4804616,2.6279,0.3188793794496747,0.4509670162033143,-0.1236774691265965,3.174102096025683,1.2459935442330232,3.9549107203845084,4.642700956565444,0.4664189360415618,0.21754662389814255,-0.03610576239149724,0.18900892799828312,0.18552829645417682,0.034420748785188915,0.73839379,1.47624,0.12366317428724091,-0.18087046130177845,0.4879266559627138,3.9066609065509716,1.2818415846137652,5.007720407001946,5.971007895081864,0.18552829645417682,0.034420748785188915
