indice_janela,tempo_centro_s,aceleracao_x_g_mean,aceleracao_x_g_rms,aceleracao_x_g_std,aceleracao_x_g_variance,aceleracao_x_g_peak,aceleracao_x_g_peak_to_peak,aceleracao_x_g_sra,aceleracao_x_g_skewness,aceleracao_x_g_kurtosis,aceleracao_x_g_crest_factor,aceleracao_x_g_shape_factor,aceleracao_x_g_impulse_factor,aceleracao_x_g_clearance_factor,aceleracao_x_g_rms_espectral,aceleracao_x_g_energia_espectral,aceleracao_y_g_mean,aceleracao_y_g_rms,aceleracao_y_g_std,aceleracao_y_g_variance,aceleracao_y_g_peak,aceleracao_y_g_peak_to_peak,aceleracao_y_g_sra,aceleracao_y_g_skewness,aceleracao_y_g_kurtosis,aceleracao_y_g_crest_factor,aceleracao_y_g_shape_factor,aceleracao_y_g_impulse_factor,aceleracao_y_g_clearance_factor,aceleracao_y_g_rms_espectral,aceleracao_y_g_energia_espectral,aceleracao_z_g_mean,aceleracao_z_g_rms,aceleracao_z_g_std,aceleracao_z_g_variance,aceleracao_z_g_peak,aceleracao_z_g_peak_to_peak,aceleracao_z_g_sra,aceleracao_z_g_skewness,aceleracao_z_g_kurtosis,aceleracao_z_g_crest_factor,aceleracao_z_g_shape_factor,aceleracao_z_g_impulse_factor,aceleracao_z_g_clearance_factor,aceleracao_z_g_rms_espectral,aceleracao_z_g_energia_espectral
0,115.0,-0.0050473255242468994,0.23938012064574654,0.23932690334649895,0.05727736666542445,1.5490804,2.966,0.11894507642541424,-0.5773159435924026,2.9299406394101153,6.471215720926344,1.4633797636871302,9.469846132457636,13.023493250444604,0.23932690334649898,0.05727736666542446,-0.009297788144190001,0.3017898027051477,0.3016465417544808,0.09099063615243771,2.6555616,5.246,0.15337160146627,0.41922143201290346,2.8200970540063475,8.799374850297761,1.4279833721175204,12.565360971254298,17.31455872281558,0.3016465417544808,0.09099063615243771,0.011832061017829621,0.13503904037293496,0.13451968167117226,0.018095544756913516,2.3243938,3.0281330100000003,0.07580412537066883,0.32272747016743947,17.862420213918416,17.212754130811078,1.412844217671714,24.31894014392134,30.663157033131426,0.13451968167117226,0.01809554475691352
1,120.0,-0.004550233780363198,0.2583274724541626,0.2582873949636338,0.06671237839710016,1.2178804,2.1098,0.16233970539191975,-0.46197849457027784,1.5392808858709586,4.71448270069727,1.3219758318901933,6.2324321901861985,7.502048849108103,0.25828739496363384,0.06671237839710017,-0.007882579387674001,0.33883797913028435,0.3387462782722373,0.11474904104329203,1.1648616,2.1553,0.23449318690909982,0.58682988828571,0.0954571226791412,3.4378129718218715,1.2404202655890442,4.264332879552747,4.967571191957714,0.3387462782722373,0.11474904104329205,0.01226297510795136,0.1425978817236106,0.14206961432186196,0.020183775313562607,0.70373921,1.136133,0.09717051324866101,-0.7647102725727818,0.7043573312946592,4.935130883388702,1.2532434109477035,6.184920261771409,7.242312368970608,0.14206961432186196,0.020183775313562607
2,125.0,-0.004195898892867401,0.24829688524114182,0.2482614300549596,0.06163373765293359,1.1331804,1.9451,0.1571171559604349,-0.46168777331834604,1.388957369345042,4.563812384917652,1.3158091246437544,6.005105979236822,7.212327597664488,0.2482614300549596,0.06163373765293359,-0.006927641763835,0.3088928158853278,0.30881512185312265,0.095366779485159,1.1162616,1.9717000000000002,0.21249379981823452,0.6245994188133394,0.17809722043968446,3.6137506040748995,1.245082608208969,4.499418027538312,5.253149037547643,0.30881512185312265,0.095366779485159,0.01233381947430394,0.13404327519226839,0.13347462875560087,0.017815476521445477,0.69160621,1.095,0.09005440080269422,-0.8591976845530831,1.1250287557636431,5.159574092829178,1.2656606236969379,6.53026976434074,7.679871320395357,0.1334746287556009,0.01781547652144548
3,130.0,-0.0038537026777606003,0.2439171014260203,0.24388665675625407,0.059480701343742885,1.1020804,1.914,0.1550435310378127,-0.4653381541941265,1.2384103107829363,4.518258021093528,1.3111460027162078,5.924095943597223,7.108199823772201,0.24388665675625407,0.05948070134374289,-0.005710438750920999,0.29382460685137196,0.2937691108347426,0.0863002904806353,1.0221616,1.8486,0.20151378879644968,0.6463775639057794,0.24650909454953718,3.478815511585282,1.2485234205472253,4.343382641977202,5.072415173695592,0.29376911083474255,0.08630029048063527,0.013098364452138139,0.12785057925806134,0.12717784188018283,0.016174203465300786,0.69042621,1.05782,0.08534207330223562,-0.8781534931558462,1.2980647842882451,5.400258755233342,1.2702735613176637,6.859805921047151,8.090103547811436,0.12717784188018283,0.01617420346530079
4,135.0,-0.0038482684039798003,0.24017227482479225,0.240141442539197,0.057667912424806456,1.0072804,1.8172,0.15411779399162603,-0.4792046586990307,1.1524791894202382,4.193991170441383,1.3031582919491502,5.46543437012221,6.535782623872299,0.240141442539197,0.05766791242480646,-0.005369334737538999,0.2830772256025939,0.2830262989535391,0.08010388589933809,1.0221616,1.8486,0.19315893094039702,0.6496957048172463,0.3322726342353417,3.6108930975428977,1.253896559198972,4.527686430644357,5.291816407471255,0.2830262989535391,0.08010388589933808,0.01394632743477278,0.12352791800466484,0.12273812153381404,0.015064646477649305,0.65853621,0.99993,0.08229421851481449,-0.853494768932098,1.2636315088035968,5.331071879436448,1.270997422264561,6.775778616670814,8.002217189552036,0.12273812153381404,0.015064646477649307
5,140.0,-0.0036549340978824004,0.32550333690039,0.32548281642819327,0.10593906379002897,1.2889196,2.448,0.20817380598208896,-0.1039491523301099,0.4995853354327857,3.9597738452507265,1.2983962548966193,5.141355530911128,6.191555147485257,0.32548281642819327,0.10593906379002896,-0.005917715961096999,0.3543780767815728,0.3543286637307375,0.12554880194121007,1.5274384,2.7631,0.2291289592623472,0.05690824890528141,0.6873475778952285,4.310194394280953,1.2943307238942443,5.57881703047458,6.666282624934893,0.3543286637307375,0.12554880194121007,0.015566073481454128,0.14323412077548664,0.1423857812799321,0.02027371071069666,0.68005621,1.28845,0.09326202886121898,-0.46441364882655783,1.155367364957847,4.747864589234007,1.2892328915597235,6.121103193112178,7.2918873662074795,0.1423857812799321,0.02027371071069666
6,145.0,-0.003072011439745,0.41383840220575496,0.4138269999479569,0.17125278588592632,1.2889196,2.448,0.2965937719337306,0.17144987766780412,-0.528343133621596,3.1145480775347822,1.2091908407307328,3.766083008370571,4.345740612139319,0.4138269999479569,0.17125278588592632,-0.005296865014069,0.4609178988503144,0.4608874620789889,0.2124172527016114,1.5274384,2.7631,0.3068102188973091,-0.21246206832028067,-0.0661372553654127,3.3139055866781253,1.2629168407371212,4.185187174028634,4.978446954895076,0.4608874620789889,0.2124172527016114,0.016964845564490388,0.16255161702814624,0.16166391747523043,0.02613522221343811,0.71316521,1.3215590000000002,0.11027474841500802,-0.1774827922627328,0.25588455649228514,4.387315383497622,1.2529999486605492,5.4973059502801584,6.467166964789381,0.16166391747523043,0.026135222213438114
7,150.0,-0.0035164524316282,0.42580748420284914,0.4257929639689408,0.1812996481654557,1.1461804,2.2921,0.3188687152164449,0.2922059245576822,-0.7284183671920794,2.691780775403127,1.18010706715127,3.1765895162751554,3.594521335283658,0.42579296396894084,0.18129964816545574,-0.004664685730774,0.49720121237996084,0.49717933012056736,0.24718728629913608,1.5624384,2.66674,0.3395932168076311,-0.26144274476908524,-0.3212464874723646,3.1424669954464743,1.241467204367653,3.9012697156545526,4.600911686893535,0.4971793301205674,0.24718728629913614,0.015022309599811382,0.16665108014280447,0.16597262643897293,0.027546912727050853,0.71316521,1.252559,0.11637067992696622,-0.16849923610835998,-0.03330647316118229,4.279391465023112,1.2304444487456436,5.265553472147175,6.128392568021255,0.16597262643897293,0.027546912727050853
8,155.0,-0.0035553959689402005,0.43339547756789515,0.43338089382875195,0.18781899913580796,1.5150804,2.907,0.31578222853208765,0.16258522614195425,-0.5773364520621413,3.4958380472778456,1.1987866156266787,4.190763861475186,4.7978646773215985,0.43338089382875195,0.18781899913580796,-0.0051016660357849995,0.5161946235892568,0.5161694125247193,0.26643086242611386,2.0074384,3.7645999999999997,0.34573834127702147,-0.13914724740730108,0.0584653036693652,3.88891768387992,1.2601506340804902,4.900622085228113,5.806235989289796,0.5161694125247193,0.26643086242611386,0.015057609696771317,0.18473965556289193,0.18412498127010263,0.03390200872771564,0.90420621,1.6106,0.12308144631072783,-0.2846683329433195,0.7949413221634707,4.894488989085379,1.2698444565706393,6.215239710536101,7.346405466484911,0.18412498127010266,0.03390200872771565
9,160.0,-0.0021406848643419994,0.4853417299265503,0.48533700897047616,0.23555201227640804,1.5150804,2.907,0.34005668146705004,0.019048854589234325,-0.4736534913707269,3.1216775862839703,1.2242374750111247,3.8216746860311095,4.455376066906671,0.48533700897047616,0.23555201227640807,-0.004816319412045,0.6263150725928863,0.626296553738206,0.3922473732243536,2.0074384,3.8743,0.41538406572003256,0.047213294603026146,-0.08597814417595417,3.205157416521035,1.2658777708364983,4.057337525605718,4.832728469062187,0.626296553738206,0.3922473732243536,0.01975960672383996,0.2349392879842276,0.23410687085315332,0.05480602698065501,0.93340621,1.7008,0.15365086000679812,-0.31445275530338723,0.5298507141871265,3.9729677314024343,1.280227820597068,5.086303820075816,6.0748518424088385,0.23410687085315335,0.054806026980655016
10,165.0,-0.0008176868139270011,0.5153072717906569,0.5153066230397241,0.2655409157486043,1.3940804,2.768,0.36165944479418977,-0.03213207074764313,-0.5626177615851868,2.7053381085729056,1.222294300351624,3.3067193506327057,3.854677155724032,0.5153066230397241,0.26554091574860433,-0.0033942816925510003,0.6920882432318779,0.6920799197141747,0.4789746152715785,1.9006616,3.7041000000000004,0.4749723862909348,0.08932250201609584,-0.45941542923352463,2.746270607234113,1.237496481990964,3.3985002150474037,4.00162547309811,0.6920799197141747,0.4789746152715785,0.02382788198382392,0.2605880541546535,0.259496369932748,0.06733836600827359,0.93340621,1.7008,0.1771691932749077,-0.3159948746358949,0.04866670702732945,3.581922483085288,1.2481876012341386,4.470911231968855,5.268445336044759,0.259496369932748,0.0673383660082736
11,170.0,-0.0013474861837363995,0.5128172065834803,0.5128154362429709,0.26297967164906855,1.3739196,2.701,0.36054383385960265,-0.06450449277499129,-0.5813974270379143,2.679160492982294,1.220752072702472,3.2705907249107122,3.8106867209245086,0.5128154362429709,0.26297967164906855,-0.003470942767116,0.6745025009836021,0.6744935703099338,0.4549415763894416,1.9006616,3.5991,0.462178861844345,0.1070492102889833,-0.4509859082090446,2.817871834764638,1.2388066678311198,3.4907984179999456,4.112394046788134,0.6744935703099338,0.45494157638944166,0.02250987706138142,0.2540319207293822,0.25303265043100787,0.06402552218414062,1.0582062,1.8015999900000002,0.17198335688613647,-0.3587200657508114,0.14837355551159392,4.165642636412206,1.25116775311938,5.21191773769815,6.152957002116184,0.25303265043100787,0.06402552218414063
12,175.0,-0.0016965349867434,0.5125573314707821,0.5125545237469745,0.2627121398134879,1.4029196,2.73,0.35893625215737557,-0.07284676897232979,-0.5696612674273651,2.7370979085877583,1.2231454438195528,3.347868836177143,3.90854808219508,0.5125545237469746,0.26271213981348795,-0.003172886341370999,0.6641374119036647,0.6641298327001752,0.44106843468236273,1.7754616,3.4069000000000003,0.4525811695574891,0.12080550199020491,-0.4341926098963791,2.6733347168485317,1.2420178897604415,3.3203295436435405,3.922968341205968,0.6641298327001752,0.4410684346823627,0.02089640936367942,0.25043713924304084,0.24956382107177272,0.06228210078794379,1.1000062,1.80339999,0.17022853969398102,-0.3802335221175514,0.18343085398022607,4.39234453533859,1.2489845018140375,5.485970251265479,6.461937592706108,0.2495638210717727,0.06228210078794377
13,180.0,-0.001942200889338,0.506822667712836,0.5068189463341531,0.25686544436326125,1.4029196,2.779,0.35311140170527805,-0.08033197237815705,-0.5463283978123479,2.7680679838789084,1.2262743353750867,3.3944107272041646,3.9730226586422632,0.5068189463341533,0.2568654443632613,-0.002506211065069,0.6567778593675704,0.6567730776010428,0.4313508754615454,1.8029616,3.4534000000000002,0.4476332478772391,0.1306677435572107,-0.4117060167913036,2.7451619665378515,1.2426624976394547,3.4113098257627636,4.027765159424556,0.6567730776010429,0.4313508754615455,0.01998920681135474,0.24875808762724136,0.2479536605315904,0.061481017771015174,1.1000062,1.8123999899999998,0.1704833044949585,-0.35137205449166325,0.10478318387145835,4.421991704841917,1.2444427841512273,5.502915668667107,6.452281079714343,0.24795366053159043,0.06148101777101518
14,185.0,-0.0022330394252320007,0.502836962892236,0.5028320045359219,0.25284002478561335,1.3930804,2.7220000000000004,0.34965690948631345,-0.11886072502551923,-0.5368927957943606,2.7704415204229007,1.2277568837070483,3.4014286476070374,3.9841351971182175,0.5028320045359219,0.2528400247856134,-0.0029878121456810005,0.6501710120938452,0.6501641469242342,0.42271341794571715,1.8029616,3.4534000000000002,0.44334752796901583,0.14535942835311455,-0.4055454568735293,2.7730574978937415,1.243014739175225,3.4469513424622913,4.066700469176865,0.6501641469242342,0.4227134179457172,0.018897832614426978,0.24794083648706952,0.24721959938561677,0.06111753032038485,0.96330621,1.7037,0.1702616371238966,-0.3416193872212427,0.06490122149419886,3.8852261033258144,1.2430388429820325,4.829486960201711,5.657799527083237,0.24721959938561677,0.061117530320384854
15,190.0,-0.0027679646444260008,0.49551820203217734,0.4955104710467065,0.24553062691692895,1.3930804,2.7220000000000004,0.3443531118973313,-0.1553965476102524,-0.5099316257392528,2.8113607013563104,1.2294711354604095,3.4564868336853167,4.0454996684198585,0.49551047104670654,0.245530626916929,-0.003983615755403999,0.6432685464381599,0.6432562115068741,0.4137785536421763,1.6851616,3.2656,0.4388455335768511,0.16703938550501293,-0.3947087703527652,2.61968599169181,1.2433189756687646,3.2571053037640727,3.8399880392194827,0.6432562115068741,0.41377855364217636,0.017574557910384998,0.24634459588925176,0.2457168997812183,0.06037679483809327,1.1153062,1.8556999900000002,0.16771787709354294,-0.35312688448290747,0.15095863696025047,4.527423043213029,1.249132990236265,5.655353484033261,6.649894568948958,0.24571689978121833,0.06037679483809329
16,195.0,-0.0029298745400322007,0.48594585212669306,0.4859370196170668,0.23613478703431756,1.3549196,2.6436,0.33814001256343745,-0.17961897529725643,-0.48447144875858017,2.78821106110965,1.2289546857838007,3.4265850485049274,4.006978025843089,0.4859370196170668,0.23613478703431756,-0.004213071032893,0.6353363291035925,0.6353223599963251,0.4036345011113001,1.7412616,3.3127,0.4310220608750025,0.20192558410556263,-0.34997762861430104,2.7406926382704695,1.2475762330053157,3.4192229974788724,4.039843335315894,0.6353223599963251,0.40363450111130017,0.017220408629865402,0.24505127770863575,0.2444454667881067,0.05975358623325537,1.1153062,1.8116999900000001,0.1649548293934904,-0.38352164368684105,0.2961125797745341,4.551317628003113,1.258221653333939,5.726566390753978,6.76128249230885,0.24444546678810672,0.059753586233255385
17,200.0,-0.0017928900045262,0.481351203424027,0.4813478644215539,0.23169576658319066,1.3549196,2.6460999999999997,0.3347788165398684,-0.187870810421336,-0.46872402261212454,2.8148254130496855,1.2295505684094103,3.460970186588494,4.047208285171306,0.481347864421554,0.2316957665831907,-0.0027143385643529994,0.6278748592852499,0.627868992138193,0.39421947128863033,1.7735616,3.391,0.42255173642737914,0.21144617309360483,-0.33195830017393035,2.8247055504323884,1.2523260542408492,3.5374523563652187,4.197264966877752,0.627868992138193,0.39421947128863033,0.019291817884866978,0.2412837762955447,0.2405113021588291,0.05784568646613559,1.0329062,1.72929999,0.16250221148640523,-0.38699366836162485,0.30136153536889765,4.28087713089673,1.258094033595607,5.3857459769370575,6.3562593428853855,0.24051130215882913,0.05784568646613561
18,205.0,-0.0022630178710209997,0.47531460762923117,0.47530922037747747,0.22591885497584543,1.3350804,2.623,0.3291376849268083,-0.1735627804183196,-0.4499785693358538,2.8088351979315322,1.2325380040845086,3.4619961286608465,4.056297595630496,0.47530922037747747,0.22591885497584546,-0.003630930797111,0.6207080528313558,0.6206974328859753,0.3852653031912398,1.7735616,3.391,0.4170422954495883,0.21417660376858988,-0.3340461139110067,2.8573201071097922,1.252754180562672,3.579519709387574,4.252713979736827,0.6206974328859753,0.38526530319123986,0.018231281795623177,0.23886238915515334,0.23816561741149056,0.0567228613169965,1.1564062,1.84779999,0.16090697956571884,-0.4293161802263511,0.42617991566846225,4.84130718147031,1.259321647951861,6.096762938010371,7.186799498201331,0.23816561741149056,0.0567228613169965
19,210.0,-0.002526518090422,0.47168853574185804,0.4716817692646567,0.22248369145663688,1.4440804,2.7430000000000003,0.32656342270446814,-0.17872095592288362,-0.398750008099372,3.0615126096477887,1.2333779227037838,3.7760020628188293,4.422051888238743,0.4716817692646567,0.22248369145663685,-0.004428337968094999,0.6127021069376727,0.6126861037013193,0.3753842616687037,1.6728616,3.2023,0.41336223163382474,0.22920635801779793,-0.33363584292178095,2.7303016932014117,1.2505280079147456,3.4143187374054182,4.046962862059197,0.6126861037013193,0.3753842616687037,0.01693725839619638,0.23685035519788583,0.2362439841252792,0.05581122003538517,1.1708062,1.89119999,0.15972767576309768,-0.4644662890989663,0.4856687222354745,4.943231767677968,1.2592832096025965,6.224928766211029,7.330014629002036,0.2362439841252792,0.05581122003538516
20,215.0,-0.0019287047296393997,0.469212458734362,0.46920849473300386,0.2201566115296113,1.4440804,2.752,0.3240498799990436,-0.1934138204114646,-0.3615736211739873,3.0776684913593604,1.2351632297427495,3.8014229538649227,4.456352213443998,0.46920849473300386,0.22015661152961133,-0.003093184481979999,0.6054739256949911,0.6054660245680711,0.366589106906264,1.6239616,3.2203999999999997,0.410331266148162,0.2412113105366872,-0.3266079972272271,2.682133005374164,1.2482669368304375,3.348017950790223,3.957684276034723,0.6054660245680711,0.3665891069062641,0.017129097184290377,0.23380854985677826,0.2331802564879383,0.0543730320157807,1.1708062,1.89119999,0.15774809160223702,-0.45536232529332277,0.4119933084415863,5.007542284989958,1.2581163797023067,6.300070970797782,7.421999138678625,0.23318025648793833,0.05437303201578071
21,220.0,-0.0013376601242523999,0.4652778523264688,0.46527592945576207,0.21648169053092328,1.3390804,2.6470000000000002,0.3213933256908389,-0.19648365920178765,-0.3739304426503849,2.8780230851401356,1.2349442690688812,3.5541981152417508,4.166484780359487,0.4652759294557621,0.2164816905309233,-0.0025467319462789996,0.6012737347668222,0.6012683413226052,0.3615236182768368,1.6178616,3.2142999999999997,0.40877243997016866,0.25729669768727564,-0.31895664262925605,2.6907238857313747,1.2469789700460967,3.3552760997077407,3.9578539104007793,0.6012683413226051,0.36152361827683677,0.016747319335480532,0.2314691596516819,0.23086251138920594,0.05329749916493124,1.0597062,1.72009999,0.15511330007168678,-0.4499304609800338,0.43263537022891985,4.578174481622782,1.262434596562841,5.779645854701751,6.831820350094085,0.23086251138920594,0.05329749916493125
22,225.0,-0.0018600010354491996,0.46656496355881616,0.46656125601767195,0.2176794056167876,1.3480804,2.638,0.32273493766150424,-0.20825576370490945,-0.37924751820174984,2.8893734105477,1.234542291415464,3.567053671012472,4.177051328151879,0.4665612560176719,0.21767940561678759,-0.003327988599816,0.59822231093618,0.5982130538476264,0.3578588577937031,1.6776616,3.2001,0.4064299438095901,0.2640939657586524,-0.30605560128443265,2.804411619778216,1.2481135520306164,3.5002241481173235,4.127800191774192,0.5982130538476262,0.357858857793703,0.01509580299958953,0.23195650898945583,0.23146476793320642,0.0535759387943731,0.90740621,1.5678,0.154992270526295,-0.442667793524548,0.3840776219866173,3.911967006027188,1.2637609756744235,4.943791240343072,5.854525563880008,0.23146476793320642,0.0535759387943731
23,230.0,-0.0024398211238602007,0.4659960914618599,0.4659897043182539,0.21714640453061365,1.3480804,2.638,0.3215514454748693,-0.19979533904123775,-0.37047878260349165,2.892900658825237,1.2361478564838126,3.576052948427426,4.192425252541303,0.46598970431825393,0.2171464045306137,-0.003397225162504001,0.5942794916887199,0.5942697814149719,0.35315657310299853,1.6776616,3.2861000000000002,0.4022151264176779,0.27265626352675276,-0.2938007670463234,2.8230178282489837,1.2496714777634137,3.5278448611803706,4.171055462140532,0.5942697814149719,0.35315657310299853,0.014163338180324399,0.23199608683025494,0.23156334804139658,0.05362158415614097,1.2681062,1.92349999,0.1553286493027106,-0.46066394441912184,0.42697750501681675,5.466067196761978,1.2627407728736537,6.902225916618547,8.16402000334571,0.2315633480413966,0.053621584156140975
24,235.0,-0.0014333033340572009,0.46485814102000694,0.4648559313530691,0.21609103691412926,1.3120804,2.5709999999999997,0.32035848441493914,-0.19023472562536986,-0.3496077830329414,2.822539360332574,1.2373411223377635,3.49244401995642,4.095663026987445,0.4648559313530691,0.2160910369141293,-0.0019037268065730003,0.5901840797041625,0.5901810093187472,0.3483136237604952,1.6798616,3.2883,0.3985955168176017,0.27593800339474656,-0.2992461990146036,2.8463349957559894,1.2501121987890416,3.5582381000347167,4.21445181674913,0.5901810093187473,0.34831362376049524,0.01600817550402438,0.22840124109750953,0.2278395603312011,0.05191086525191502,1.2681062,1.97449999,0.1527971398161051,-0.4707195596162135,0.4907570938697434,5.552098552120466,1.2638566288149202,7.017056558931172,8.299279695458928,0.2278395603312011,0.051910865251915024
25,240.0,-0.0013140031896534004,0.4655170997086499,0.4655152452033883,0.2167044435167707,1.4210804,2.723,0.32059618778884535,-0.20339853414250256,-0.31365086400667375,3.052692158654112,1.2386435779496077,3.7811975377740406,4.4326178979269955,0.4655152452033883,0.2167044435167707,-0.0009782351107249993,0.586519936322813,0.5865191205409972,0.34400467876018476,1.6798616,3.2093,0.39764932058647373,0.281407317302382,-0.3014072471872593,2.8641167946172352,1.248628200829193,3.5762170002275933,4.224479995395072,0.5865191205409972,0.34400467876018476,0.01655699102712118,0.2267364368411306,0.22613110763346964,0.051135277839539826,1.0932062,1.79959999,0.15186564252567572,-0.45004420590720584,0.3699785796467405,4.821484430250558,1.2613486874936959,6.081573057867831,7.198509036138132,0.22613110763346966,0.05113527783953984
26,245.0,-0.0020855396950696004,0.46416264598428236,0.46415796066782106,0.21544261245131052,1.4790804,2.7809999999999997,0.318813329886035,-0.23884448283743687,-0.2761673215695959,3.1865562918436248,1.2408487757984554,3.9540344737470274,4.639330483856247,0.4641579606678211,0.21544261245131058,-0.001171585862017999,0.5838784338083501,0.5838772583797556,0.3409126528530599,1.7466616,3.1841,0.39721960424368685,0.29585500445334983,-0.3021399561629452,2.991481614772771,1.2468142395213868,3.729821874565123,4.397219022776266,0.5838772583797557,0.34091265285305994,0.015567932021839181,0.22781952152284213,0.22728698572390837,0.051659373879460124,1.0932062,1.6925999900000002,0.1530954530361037,-0.419734167201472,0.23121107652931272,4.798562444045826,1.2577251794225361,6.035272810907781,7.140683660553883,0.22728698572390835,0.05165937387946012
27,250.0,-0.0021368178545646006,0.46373655149906384,0.46373162842931076,0.21504702320570032,1.4790804,2.77,0.31863006251516796,-0.253563665488964,-0.270171628751529,3.1894841914417995,1.2408440435162151,3.957652460839688,4.641998900934184,0.46373162842931076,0.21504702320570032,-0.0007536481573380004,0.5815951404951938,0.5815946521952202,0.3382523394620791,1.7466616,3.2561,0.39442172684364923,0.2969738130113986,-0.3000308497144939,3.0032259184848433,1.248073402500001,3.748246390559569,4.428411218564502,0.5815946521952202,0.3382523394620791,0.01606676110200338,0.2281565355705252,0.22759012261351655,0.05179726391123549,1.2686062,1.86799999,0.15436751976368124,-0.43655000439920744,0.326114375754047,5.560244841673022,1.2556281781280385,6.98160010049572,8.218090191136639,0.22759012261351655,0.0517972639112355
28,255.0,-0.0013954402192382003,0.4637290640807365,0.46372696451661116,0.21504269761979036,1.3580804,2.649,0.3191353103719041,-0.2441284249727128,-0.2861119572388109,2.9286074675784275,1.2400275406221013,3.6315539154687975,4.255500271710335,0.46372696451661116,0.21504269761979036,0.0005405045028689995,0.5796070795342054,0.5796068275141807,0.3359440745010532,1.6094616,3.1189,0.39290279546549983,0.29602182893991724,-0.3100321195511757,2.776814943829577,1.2480378429341796,3.465570132724461,4.096335324092455,0.5796068275141807,0.3359440745010532,0.017333776572169578,0.22640644449600386,0.22574192853581318,0.05095941829906818,1.2686062,1.8929999899999999,0.15369341369537318,-0.45666666551207824,0.41956815850616547,5.603224779329951,1.254505021845087,7.029273624196253,8.25413509595428,0.22574192853581318,0.050959418299068186
29,260.0,-0.0004931676166422001,0.46281895365810427,0.4628186909048557,0.21420114065088436,1.4040804,2.734,0.31578676824154844,-0.254217362368924,-0.24970049450160747,3.033757344858501,1.2448939812432847,3.7767062591669562,4.446292692434804,0.4628186909048557,0.2142011406508844,0.0013067700907360006,0.5773096993005927,0.5773082203281629,0.33328478125847066,1.6793616,3.0968,0.391969009649557,0.30227698346504883,-0.30839769702386466,2.9089440243850686,1.2477948117620636,3.6297652613339464,4.284424428098146,0.5773082203281629,0.33328478125847066,0.01848080749979974,0.2251353645600153,0.2243755604555147,0.05034439212972634,0.94800621,1.5724,0.1526175248117152,-0.4216468722478963,0.2861645784003821,4.210827614100964,1.2530301782089355,5.276294075704038,6.211647130102252,0.22437556045551477,0.050344392129726356
30,265.0,0.0002540456216572,0.46476804171915764,0.46476797228755207,0.21600926806428275,1.4040804,2.762,0.3149342172151877,-0.25646744225339785,-0.19721168648470488,3.0210347398378876,1.2494395011878467,3.7746001384142067,4.458329147006031,0.46476797228755207,0.21600926806428278,0.0007975188327490013,0.5755066051411133,0.5755060525526736,0.33120721652476076,1.6989616,3.1184000000000003,0.39056284572581157,0.3140271424902988,-0.2920092971893884,2.9521148581490517,1.248753066519925,3.686462481832662,4.350033851383624,0.5755060525526736,0.33120721652476076,0.0190778083094521,0.2256683101881557,0.22486045328889082,0.05056222345328545,0.89130621,1.5007000000000001,0.15268416459837947,-0.4231046161513587,0.2536200014382475,3.94962947724851,1.2534701214316795,4.95074254045683,5.837581207877664,0.22486045328889084,0.05056222345328546
31,270.0,0.0002877299754530006,0.4671449057158463,0.4671448171046407,0.2182242801477282,1.5479196,2.9539999999999997,0.3158754152815579,-0.2619217718274216,-0.17489617762321386,3.3135748266974883,1.2517823367056697,4.147874439412466,4.900411760821115,0.4671448171046406,0.21822428014772816,0.00015550394421899992,0.5756695351105884,0.575669514107673,0.33139538947296426,1.6989616,3.1924,0.39108362529824725,0.3289879833275037,-0.29889955483720465,2.951279330203956,1.2478849521067283,3.682857065625141,4.344241205968013,0.575669514107673,0.3313953894729643,0.01820283523173294,0.22608658913976587,0.22535261830824083,0.05078380257837968,0.89130621,1.5447,0.15281123441373762,-0.4236210593265995,0.27409832639523035,3.94232233495724,1.254755819127455,4.946651890663733,5.832726981229544,0.22535261830824085,0.05078380257837969
32,275.0,0.0007264602572473997,0.47016196667868404,0.47016140544143203,0.22105174716666265,1.5479196,3.053,0.31871995303614536,-0.2763996185149353,-0.14723233297366267,3.2923113941665814,1.250963838434959,4.118562498969778,4.856676167445512,0.47016140544143203,0.22105174716666265,0.0006373847409709992,0.5743568615165038,0.574356507851857,0.32988539811178025,1.6078616,3.1013,0.39084483275949367,0.355269648259032,-0.2930154515939316,2.799412190801866,1.247350340207135,3.491847748576709,4.113810559162228,0.574356507851857,0.32988539811178025,0.01796050838426058,0.22599668548329013,0.22528187230226063,0.050751921988012066,0.84810621,1.5015,0.15296678131800923,-0.4069217988450231,0.2823218933597893,3.7527373827909867,1.254943660370571,4.709473987569197,5.544381614703885,0.22528187230226063,0.050751921988012066
33,280.0,-5.61411114619994e-06,0.4765038561870196,0.4765038561539473,0.22705592492958168,1.5230804,2.96,0.3237541096695693,-0.2617623683429967,-0.11257213920027187,3.1963653183998932,1.2500226341784701,3.995528995102939,4.704435726096234,0.47650385615394725,0.22705592492958165,-3.8468774468000166e-05,0.5614986319899447,0.5614986306721795,0.31528071224673265,1.6078616,3.0383,0.3812118749105551,0.4100486298047815,-0.24545461393207146,2.863518285524146,1.2484184221839056,3.574868979908817,4.217763678996771,0.5614986306721795,0.3152807122467327,0.01693456173208056,0.22446744387524023,0.22382773281884993,0.05009885397882648,1.0620062,1.66139999,0.1520824141231287,-0.4222311952973038,0.32166843776568577,4.731225970525448,1.2546377772108444,5.935974835142267,6.983096672440906,0.22382773281885,0.05009885397882649
34,285.0,-0.0011370570210399986,0.483888089638978,0.48388675368911527,0.23414639039579052,1.5390804,3.018,0.3268151855259797,-0.24483739994764378,-0.05286887297444931,3.180653611764418,1.25449903428017,3.990126884338198,4.709329517607905,0.4838867536891153,0.23414639039579055,-0.0007864981082199991,0.5418730129919912,0.541872442212874,0.2936257436297445,1.5976616,3.0281000000000002,0.3679226436828553,0.47317956087819796,-0.2000807429771867,2.948405921118668,1.2481634729163862,3.6800925740707138,4.342384540423025,0.5418724422128739,0.2936257436297444,0.01598112937944978,0.2211121475063312,0.22053386424451657,0.04863518527861886,1.0620062,1.65839999,0.14994323416805785,-0.42678646478637267,0.28400288357754144,4.803020602789772,1.2527357515762858,6.01691562467223,7.0827217106021125,0.22053386424451657,0.04863518527861887
35,290.0,-0.0005836313989300009,0.49068120620564415,0.4906808591109053,0.2407677054978161,1.5490804,3.028,0.3286617920884259,-0.2453411730500602,-0.0059948789717720885,3.1569996576367374,1.2599787961024764,3.977752627925067,4.713296273827968,0.49068085911090537,0.24076770549781618,-0.0002300889102409994,0.5317623385889051,0.5317622888101737,0.2827711318006347,1.6130616,2.8475,0.36262116296373265,0.5107327971827627,-0.1862764730107651,3.033425804994862,1.2463402419293441,3.780680651672012,4.44833827903566,0.5317622888101738,0.28277113180063473,0.01668774870630054,0.21855646144595145,0.21791843860236107,0.047488445882891014,0.85290621,1.4543,0.1487861692557549,-0.3793951631217686,0.16051788231421904,3.902452502924156,1.2496280673138105,4.876614179013056,5.732429393580952,0.21791843860236113,0.047488445882891035
36,295.0,8.923083227579877e-05,0.4948351392326068,0.49483513118736017,0.24486180705721194,1.5880804,3.09,0.3301482901434077,-0.2457447847227828,0.03303713584318668,3.209312100314469,1.2631745193823005,4.05392126986253,4.810203315940785,0.4948351311873601,0.24486180705721192,0.0009238826297260003,0.5306789687312002,0.5306781645164013,0.28161931429449666,1.6130616,2.8475,0.36176210917316376,0.5328089205103663,-0.1835568412435289,3.0396184794296017,1.2465886112109827,3.789153778883386,4.458901468942619,0.5306781645164014,0.2816193142944967,0.018484337800937518,0.21677409352226143,0.21598457555681838,0.046649336878458986,0.79021621,1.39561,0.1479159476971376,-0.3317406141334517,0.10229710483166166,3.6453443174880555,1.2475201006688965,4.547640309925488,5.342332738982221,0.21598457555681838,0.04664933687845899
37,300.0,-8.827268172720046e-05,0.5002598748511365,0.500259867063118,0.2502599345940085,1.5880804,3.09,0.3345198390724323,-0.2493248211719001,0.03694546219157324,3.174510848931405,1.2623217824854254,4.007254193342412,4.747342951029397,0.5002598670631181,0.2502599345940086,0.0014060778297050008,0.5306238908471153,0.5306220278907275,0.28155973648286803,1.6113616,2.9598,0.36105532124172934,0.5470537664813762,-0.17669963758884055,3.03673021097399,1.2476504441261353,3.7887777964129516,4.462921622255169,0.5306220278907275,0.2815597364828681,0.018331836372817847,0.21716992858997985,0.21639482817058542,0.046826721658977194,1.1389062,1.74429999,0.14729626668679896,-0.36322791894799555,0.24491605484372192,5.244308949192834,1.251653552084781,6.564057924487217,7.732077842961865,0.21639482817058542,0.046826721658977194
38,305.0,-0.0005025863247372004,0.5025653001292593,0.5025650488255212,0.2525716283009985,1.6200804,3.076,0.3356861894551166,-0.22392027898793712,0.008126079822034171,3.223621685745747,1.262061360836454,4.068408371534181,4.826175311619768,0.5025650488255212,0.2525716283009985,0.0008580721869040002,0.5298039297505298,0.5298032348818063,0.2806914676912264,1.6113616,2.9598,0.36195512062944435,0.5428464476287302,-0.18748954207996427,3.041430064059257,1.245168243686265,3.7870921311592696,4.451827058553067,0.5298032348818064,0.2806914676912265,0.01687046857611811,0.21747963324722383,0.21682430252941942,0.0470127781673692,1.1389062,1.77629999,0.14779973228990936,-0.39475160188181563,0.31405404075507004,5.236840723863684,1.2515297512417927,6.554061968430005,7.7057392618684455,0.21682430252941942,0.0470127781673692
39,310.0,-0.00021871606344220097,0.5010541636603589,0.5010541159242836,0.25105522708466543,1.6200804,3.1109999999999998,0.33401601383500873,-0.20148708873183066,0.013470145383685406,3.233343852817829,1.2632258638514846,4.084443581604689,4.850307568786982,0.5010541159242836,0.25105522708466543,0.0012927239089720014,0.5300882889213028,0.5300867126389887,0.28099192291640973,1.5800616,2.8105,0.36237833605225483,0.5365518302988617,-0.2103190407485349,2.9807517597027635,1.244026979855006,3.7081356093205233,4.360254029568025,0.5300867126389885,0.2809919229164097,0.01721806305003124,0.21707293891845372,0.2163889995251605,0.046824199115499905,1.0915062,1.72889999,0.14914754518645454,-0.39185279824152364,0.24862416250179864,5.028292358496323,1.2446090486522658,6.258258168653566,7.318298123079868,0.2163889995251605,0.04682419911549991
40,315.0,-0.00044601617213400077,0.5025985608682746,0.5025983629663302,0.25260511445643496,1.5720804,3.0629999999999997,0.3340766934585253,-0.21230691761069606,0.05028787365397758,3.1279046985015633,1.2660923694671578,3.9602162711932998,4.705747005949607,0.5025983629663302,0.25260511445643496,0.0017614285927100006,0.5291402096140774,0.5291372778398272,0.27998625879974254,1.6576616,2.8571,0.3610808239569456,0.5502650312353352,-0.2004910962065325,3.1327454800855095,1.2446734003985975,3.899244969281368,4.590832550547341,0.5291372778398273,0.2799862587997426,0.017058323990513758,0.21679964178040087,0.21612750463267003,0.0467110982587448,1.0915062,1.71989999,0.14911456702886836,-0.39390760570792505,0.2302046498225203,5.034631012470032,1.2438808915624235,6.262481312479051,7.319916636908358,0.21612750463267005,0.04671109825874481
41,320.0,-0.0007457171284559994,0.5018872861284721,0.5018867321252546,0.2518902918833671,1.5750804,3.088,0.3315482145744438,-0.22797569385131036,0.08309254035358471,3.1383150032551614,1.2703542630622582,3.986771843217439,4.750682798945796,0.5018867321252546,0.2518902918833671,0.0019908200840750003,0.5268015970731819,0.5267978353355752,0.2775159593142479,1.6576616,2.8571,0.3594764796382562,0.5616613280510281,-0.19187833464147275,3.1466525713089704,1.244709921781792,3.9166696759084636,4.611321446310248,0.5267978353355752,0.2775159593142479,0.01743767171499756,0.21509368648305424,0.21438568415365428,0.04596122157003041,0.82730621,1.4337,0.14711811702507543,-0.3775300784051094,0.2054510336558253,3.8462598485668607,1.2471731460205284,4.7969519957495725,5.62341489090015,0.2143856841536543,0.04596122157003042
42,325.0,-0.00019167421808300133,0.5041288741236193,0.5041288376855089,0.25414588498614216,1.5859196,3.1639999999999997,0.33292608831211373,-0.22428338748085888,0.07532281974479149,3.1458614679767596,1.2700034225132917,3.9952548310831726,4.76357863104204,0.5041288376855089,0.25414588498614216,0.002061077043560001,0.5289309372182063,0.5289269215193632,0.27976368830795056,1.6309616,2.8693999999999997,0.36088367215652345,0.566690645927308,-0.19163947777718882,3.0835057759670423,1.2450254806207939,3.8390432607203606,4.519355476112023,0.5289269215193633,0.2797636883079506,0.0182658416456584,0.214658430275042,0.2138798745023028,0.0457446007171208,0.77894621,1.39734,0.14666790432711319,-0.3623927201026384,0.19822531670934618,3.628770642745946,1.2471484777720958,4.525615783284676,5.310952069395616,0.2138798745023028,0.0457446007171208
43,330.0,0.0007266707854318988,0.5088530185437372,0.5088524996800572,0.2589308664306426,1.5940804,3.1799999999999997,0.3383556140044424,-0.19427717066122263,0.030424191765036745,3.1326932177036593,1.265532506013371,3.964525098371603,4.7112574286385875,0.5088524996800573,0.25893086643064267,0.0017305485108370005,0.5333101932182264,0.5333073854657496,0.28441676739231364,1.6309616,2.8693999999999997,0.36419795549081463,0.5675219828837189,-0.18533224951321037,3.058185687691559,1.2451870170409782,3.8080131140140656,4.4782283244891365,0.5333073854657495,0.2844167673923136,0.01815434714693956,0.21508203744757817,0.21431449440546438,0.04593070251226983,0.79847621,1.41687,0.14726786319758361,-0.36892552327594336,0.17911225501764072,3.712426288478935,1.245290592600506,4.623049532765631,5.421931116965521,0.21431449440546438,0.04593070251226983
44,335.0,0.0007148830140394997,0.5068156804898414,0.5068151763045944,0.25686162293265713,1.5940804,3.141,0.33603516601660016,-0.19438345617192393,0.05738555929255984,3.1452862675032245,1.267578262147322,3.9868965009175743,4.743790416034173,0.5068151763045945,0.2568616229326572,0.001707474801052,0.5328569020452172,0.5328541663410636,0.28393356258702995,1.5783616,2.7858,0.3636596078594251,0.5653677575970728,-0.18133145648325044,2.962074046412677,1.2459442978097648,3.6905792678181717,4.340216966328924,0.5328541663410636,0.28393356258702995,0.017161885371507937,0.21470238147479587,0.21401537865640402,0.04580258230144399,0.79847621,1.41187,0.14653571682081679,-0.3764310745216011,0.1857195556847473,3.718990933008044,1.247411403177157,4.639111698146689,5.44902108048083,0.21401537865640402,0.045802582301443996
45,340.0,0.00014150047372260145,0.5063416570042454,0.5063416372326304,0.2563818535954207,1.5830804,3.13,0.3330833366654016,-0.2184016892564773,0.10189946943324646,3.1265063383610303,1.272660450760179,3.9789809658831063,4.752805756807587,0.5063416372326305,0.25638185359542076,0.0018243869105940011,0.5296632298477036,0.5296600878536175,0.2805398086651018,1.6316616,2.8411,0.3618802616297008,0.5694781672083281,-0.18401828794915165,3.080564230349082,1.2452698888319567,3.836133876666503,4.508843871870584,0.5296600878536176,0.2805398086651019,0.01608933677320812,0.2152250409669148,0.21462281216452375,0.04606295150140845,0.78477621,1.38717,0.14678278642117898,-0.3829266779673076,0.2014271417444018,3.6463053112887485,1.247941786055809,4.550376762674464,5.3465139144324505,0.21462281216452375,0.04606295150140845
46,345.0,0.00027867697962759985,0.50663157729455,0.5066315006502305,0.2566754774511046,1.7000804,3.184,0.3331399462912731,-0.2166360852009299,0.11189539835393081,3.3556542390795197,1.273407906992225,4.2731166411758394,5.103201879349451,0.5066315006502307,0.25667547745110464,0.0019899200216399993,0.5300364137219704,0.5300326783223421,0.2809346400895554,1.7393616,3.0558,0.3625996706623197,0.5779495974189892,-0.16607340536944726,3.2815888776131876,1.24439000539577,4.083576401119774,4.79691996637202,0.5300326783223421,0.2809346400895554,0.016164637675193917,0.2150757945716328,0.21446748448062913,0.0459963018994489,0.78477621,1.4191699999999998,0.14695702480399223,-0.3682621653311468,0.1973422676947405,3.6488355724224637,1.2475488464603854,4.552100609299265,5.340174864364026,0.21446748448062916,0.04599630189944891
47,350.0,0.00015760376576060011,0.505153582907766,0.5051535583222256,0.25518011748560626,1.7630804,3.247,0.3314677780166478,-0.21383850323151454,0.13993452561215758,3.490186865252649,1.2751750531850663,4.450599221524366,5.319009921716886,0.5051535583222256,0.25518011748560626,0.0016852774029150006,0.5304090056788419,0.5304063283420485,0.2813308731452929,1.7393616,3.0558,0.3624697471858843,0.5760737652012977,-0.1690890665426612,3.2792836874515072,1.2444782908098058,4.080997358440129,4.7986393719860105,0.5304063283420485,0.2813308731452929,0.016281235069265383,0.21520390623987787,0.2145871446418016,0.046047642645521476,1.0510062,1.68539999,0.1458940036485455,-0.36953443602815683,0.29616326678204796,4.883769158114128,1.2536693709015583,6.122631808081371,7.203902653407498,0.21458714464180165,0.0460476426455215
48,355.0,-2.8846578342201835e-05,0.5066433162542967,0.5066433154330828,0.25668744907302626,1.7630804,3.301,0.3324367057589129,-0.21318726407596705,0.13678971132509288,3.4799243243447164,1.2751822577920684,4.437537756863434,5.303507011883962,0.5066433154330827,0.2566874490730262,0.0016780017937760015,0.5294972751567083,0.5294946163166901,0.2803645487083589,1.5928616,2.8223000000000003,0.3611645816335477,0.5713119181168204,-0.19454241943034623,3.008252685584797,1.2449133156208447,3.74501382503668,4.410348303799575,0.5294946163166901,0.2803645487083589,0.014844884871555001,0.21549650667771178,0.21498458964178654,0.046218373783447356,1.0510062,1.65839999,0.1457871735274581,-0.3673501414503578,0.2955146176739549,4.877137992644327,1.254783498321533,6.119752272207107,7.2091815388824285,0.21498458964178657,0.04621837378344736
49,360.0,0.0006575508530177995,0.5057054029575815,0.5057049754623396,0.2557375222073655,1.6460804,3.184,0.33221047445583285,-0.20690390556558289,0.13490365548466654,3.25501841659792,1.2746598147918953,4.149041172044913,4.954932269057173,0.5057049754623396,0.2557375222073655,0.002388315552739001,0.5290385972451641,0.5290332062583137,0.27987613332395156,1.5689616,2.7984,0.3616954707804101,0.5717766255986128,-0.18877336523532273,2.965684560956373,1.2439754834449992,3.6892388854610747,4.337797198883191,0.5290332062583137,0.27987613332395156,0.014219565066802201,0.21403632970490924,0.21356346691992897,0.0456093544028596,0.77821621,1.40661,0.14540877510158265,-0.33627187133995023,0.208473607900181,3.635907096112714,1.2519020198617736,4.551799437653262,5.351920538883143,0.213563466919929,0.045609354402859605
50,365.0,0.001117688269527999,0.505535360088437,0.5055341245382727,0.2555647510726779,1.5890804,3.1180000000000003,0.33313537482135924,-0.20062355913635607,0.13088980043739706,3.143361524151368,1.2734999449437208,4.003070727944977,4.770074030271116,0.5055341245382728,0.25556475107267795,0.002703788861886,0.5294170759105185,0.5294101715980095,0.28027512979143393,1.6299616,2.7564,0.3625494798506356,0.5699308872198093,-0.18792646789423584,3.0787854683317666,1.2432732379894003,3.8277715782875474,4.495832129373119,0.5294101715980096,0.280275129791434,0.015124050762081398,0.21298583169124333,0.21244817624483534,0.04513422758975662,0.74975621,1.37815,0.14526897619897175,-0.3309475762910387,0.17688152064344864,3.520216363907672,1.2497398764311467,4.399354763640875,5.161158491081229,0.21244817624483536,0.045134227589756624
51,370.0,0.0011810090358549993,0.5061105603982021,0.5061091824539834,0.2561465045642395,1.6370804,3.123,0.3325629192526542,-0.20451770333283792,0.16524462396932815,3.234629996086159,1.276060841620384,4.1275846751362435,4.922618563966477,0.5061091824539834,0.2561465045642395,0.0026998127753960007,0.5294649636806106,0.5294580802823659,0.28032585877628813,1.6299616,2.7564,0.3606950977748875,0.5799948001953534,-0.1783535298275445,3.078507005769021,1.2460994996708221,3.836126039621898,4.518945807844805,0.5294580802823659,0.28032585877628813,0.015487025062931698,0.21301402256303945,0.2124502903344385,0.04513512586318721,0.75709621,1.3854899999999999,0.14489707804453855,-0.31764282490114637,0.18327486697476703,3.5542083140369067,1.2513225941911736,4.447461167816499,5.225061955820002,0.2124502903344385,0.045135125863187214
52,375.0,0.001158463796734999,0.5054864704068367,0.505485142932998,0.2555152297259934,1.6500804,3.133,0.33069999007984135,-0.21006427363260746,0.18472539410531752,3.2643413752932817,1.2784166107966173,4.173188237485606,4.989659659807122,0.505485142932998,0.2555152297259934,0.0024980463505880003,0.52853187182007,0.5285259684197715,0.2793396992940573,1.5399616,2.6574,0.3606316757944857,0.5920830477707685,-0.17269376525639046,2.9136589146401652,1.2460956842793514,3.6306977989951683,4.270178421258766,0.5285259684197714,0.2793396992940572,0.01604014866005306,0.21358725068780504,0.21298410102009652,0.04536222728733868,0.99300621,1.6214,0.14476635917811131,-0.31435473168606043,0.23405019142824468,4.649182976990755,1.2537493165855822,5.828909980083481,6.859371304477364,0.21298410102009652,0.04536222728733868
53,380.0,0.0010571306835280001,0.505895591419816,0.505894486916712,0.2559292318927233,1.6510804,3.136,0.33277320313020037,-0.19229942676387646,0.15247741744557075,3.263678173921574,1.2746188697564722,4.159945785292784,4.961578590070549,0.505894486916712,0.2559292318927233,0.0029110988085380013,0.5282594704561018,0.5282514492458,0.27904959363028803,1.6463616,2.7918000000000003,0.3607587008060655,0.5945262379454422,-0.1622812626983796,3.11657753826642,1.2460202835745728,3.8833188280128685,4.563608850795372,0.5282514492458,0.27904959363028803,0.016381654057910755,0.21372565237227262,0.21309691666535313,0.045410295892280454,0.99300621,1.6934,0.1444549945932497,-0.3284815344097911,0.2871241395815276,4.646172319410481,1.256424234504365,5.837563499790683,6.874156292041443,0.21309691666535313,0.045410295892280454
54,385.0,0.0009290975180027992,0.5032356784989678,0.50323482082634,0.2532452848921185,1.6510804,3.136,0.33189763429822455,-0.179150057171641,0.13857576439074082,3.28092873884614,1.2729200735793138,4.176360051660514,4.97466757631792,0.50323482082634,0.2532452848921185,0.003330467663819001,0.5266904654498666,0.5266799354265714,0.27739175438093744,1.6804616,2.8259,0.35877635778230316,0.5898925727102681,-0.16445901457450107,3.190605697721627,1.2467037480828764,3.977740082004133,4.68386938979871,0.5266799354265714,0.2773917543809375,0.015460846359656381,0.21291128178180505,0.21234918445761522,0.0450921761398143,0.79715621,1.49755,0.14355050831695793,-0.33694472719223617,0.2634188119701384,3.7440768912233535,1.2568647167793636,4.7057981414876,5.55314097697159,0.21234918445761522,0.0450921761398143
55,390.0,0.0009080616334928003,0.503437517960557,0.5034366990142416,0.2534485099143561,1.6390804,3.112,0.3298833855288987,-0.191058146645968,0.17145085017347572,3.255777214697808,1.2771957034577979,4.158264670027837,4.9686661162764505,0.5034366990142416,0.2534485099143561,0.0033110650823650004,0.5268583868441156,0.5268479824731268,0.27756879663600414,1.6804616,2.8139000000000003,0.3602361804624696,0.5928666771232459,-0.17042325127003677,3.1895887812775907,1.244722341463451,3.970152416137398,4.664888456907996,0.5268479824731268,0.27756879663600414,0.01514920068423654,0.2132577614662629,0.2127190037214123,0.045249374544230225,0.82590621,1.5043,0.14420855029429536,-0.33259008048113686,0.2052057324864709,3.872807274733854,1.2538160190345862,4.855787799694985,5.7271653332241526,0.2127190037214123,0.045249374544230225
56,395.0,0.0008834691689268009,0.5063179814117214,0.5063172106328875,0.25635711778306774,1.6880804,3.229,0.33000148193823187,-0.2013691583651115,0.22412903178099475,3.3340320944029593,1.281416838651489,4.272284866372443,5.115372179801201,0.5063172106328875,0.2563571177830678,0.0032483354347910003,0.5273138567925714,0.5273038515717096,0.2780493518823595,1.6039616,2.6794000000000002,0.3595683557716093,0.6064306999493291,-0.15772584292865988,3.0417588677760614,1.2460442537156722,3.79016615838105,4.460797437410774,0.5273038515717097,0.2780493518823596,0.01509588758000172,0.21415977921836438,0.2136270704125077,0.04563652521303052,0.82590621,1.5043,0.14454956319890594,-0.3113060953896855,0.22955051966158901,3.856495430721745,1.2559497486298978,4.843564466807325,5.71365413857059,0.21362707041250772,0.04563652521303053
57,400.0,0.0009551848495408005,0.5063882064763525,0.5063873056073189,0.2564281032802402,1.6880804,3.229,0.3309301607668488,-0.19815944652032702,0.21417857364012827,3.333569736440595,1.2798898789041053,4.266602166291343,5.101017072872087,0.5063873056073189,0.25642810328024024,0.0030419635654999997,0.526854605062991,0.5268458231150233,0.27756652133374643,1.6105616,2.84,0.358450219622585,0.6030310695104713,-0.16879272347467777,3.056937501395552,1.2466521470069343,3.810937699380778,4.49312487992272,0.5268458231150233,0.27756652133374643,0.013519701655398541,0.21390926678518854,0.21348159659260088,0.04557439208372598,0.85570621,1.4751,0.14397961184249175,-0.29885414264152255,0.2266565013663131,4.000323234520342,1.2578803275675026,5.031927900614338,5.943245707149914,0.2134815965926009,0.04557439208372599
58,405.0,0.0014485584599368,0.5067605594252865,0.5067584890926026,0.2568041662674174,1.6310804,3.1980000000000004,0.33205161215341994,-0.18861820067216178,0.19453396388516575,3.218641170200373,1.2777759990856647,4.112702436951035,4.912129139871128,0.5067584890926027,0.2568041662674175,0.003547839931941,0.5276196014912757,0.5276076730958619,0.2783698567096299,1.6105616,2.84,0.3598765851191689,0.5932005985803402,-0.17803677950617702,3.0525052432621402,1.2459341243103643,3.80322044721661,4.475316446238594,0.5276076730958619,0.2783698567096299,0.013134112455381179,0.21297266215502866,0.21256728326675622,0.04518484991540938,0.85570621,1.4741,0.14318009435664406,-0.3085406749776537,0.29716385138360213,4.017915733133429,1.259385069533566,5.060103084952252,5.976432784494057,0.21256728326675622,0.045184849915409386
59,410.0,0.0010563423330438,0.5062315608627314,0.506230458738303,0.25626927735439264,1.7040804,3.271,0.3322638659486717,-0.18144235122243121,0.17668157916090355,3.366207348067883,1.276374379947968,4.296540816666438,5.128696119677508,0.506230458738303,0.2562692773543927,0.00368282620354,0.5258718401597937,0.5258589440755022,0.27652762906420214,1.5948616,2.7093,0.35927980392953657,0.5923004005237755,-0.17707380372289627,3.0327952139733863,1.2451595539252962,3.776313935777875,4.439051632061096,0.5258589440755023,0.2765276290642022,0.0134316530587404,0.21139681877902158,0.2109696795418719,0.04450820568600013,0.82990621,1.4483000000000001,0.14278714000301634,-0.32644248481164895,0.31970275912050106,3.9258216599159037,1.2567649604920552,4.933835103323066,5.812191559985503,0.2109696795418719,0.04450820568600013
60,415.0,0.000769808091374,0.5064519849511719,0.5064513998958681,0.25649302045648453,1.7040804,3.262,0.3323915977152721,-0.18855800779057194,0.1769992619109555,3.3647422670567555,1.2766443545036994,4.295579219597986,5.12672525934221,0.5064513998958681,0.25649302045648453,0.0031066111529180008,0.5248723700807959,0.5248631763053839,0.2754813538413765,1.6046616,2.9271000000000003,0.3583428069669857,0.5900975972444559,-0.15819594601361997,3.057241515214427,1.2460565969008845,3.8094959583521932,4.478007005587357,0.5248631763053839,0.27548135384137656,0.012358653387422001,0.21094985809304892,0.21058752649653079,0.04434710631592705,0.76295621,1.38435,0.1430256642968024,-0.32033817256908115,0.2510714913993999,3.616765694449834,1.254104096581302,4.535800673784254,5.334400743748597,0.21058752649653079,0.04434710631592705
61,420.0,0.0010033660730779995,0.5071988363990357,0.5071978439436224,0.2572496529010592,1.7410804,3.1799999999999997,0.33200933225723556,-0.19366574000623551,0.2096076121288748,3.432737370537292,1.2785567647126141,4.388949586582246,5.244070665613214,0.5071978439436226,0.2572496529010593,0.0028393645525060015,0.5260418058716466,0.5260341429352672,0.27671191953364116,1.6046616,2.9271000000000003,0.35823759381569537,0.5894942392470296,-0.15034479047364302,3.050445006630395,1.2481204495614209,3.80732279303792,4.479322180869604,0.5260341429352673,0.2767119195336412,0.011939151685058,0.2111642102692208,0.2108264223375829,0.04444778035566487,0.86250621,1.4839,0.14213108325072474,-0.301963693529159,0.30139833755225487,4.08452838149211,1.2589145745883923,5.142072309780354,6.068385537303657,0.21082642233758292,0.04444778035566488
62,425.0,0.0015387464868500001,0.5054282954937848,0.5054259531771216,0.2554553941450019,1.7410804,3.1639999999999997,0.3301532974114743,-0.2012257732054429,0.22099412004902286,3.444762423320659,1.2801643631807929,4.409862093959416,5.273551449132035,0.5054259531771217,0.25545539414500196,0.003545203904378001,0.5245427141746789,0.5245307336305616,0.2751324905230152,1.5817616,2.7762000000000002,0.35741644395891214,0.5932045121944902,-0.1582883926234535,3.015505805830819,1.2470271322955404,3.760417557465759,4.425542323905601,0.5245307336305617,0.2751324905230153,0.012203964051335779,0.20935824325392988,0.2090022422841568,0.04368193727980538,0.86250621,1.4759000000000002,0.140497191732208,-0.28303529532724137,0.2873419876321739,4.119762358503693,1.2605608254887317,5.19321103945282,6.138956938327732,0.20900224228415681,0.043681937279805384
63,430.0,0.0015572568266537996,0.5069906438057376,0.5069882521890741,0.2570370878577321,1.7430804,3.368,0.3315768377400383,-0.19218177890553143,0.237307586979294,3.4380918490241252,1.2798846608539884,4.400361020173105,5.256942589477868,0.5069882521890741,0.2570370878577321,0.004113972085292,0.5242404425274265,0.5242243000997124,0.27481111681503334,1.5804616,2.7748999999999997,0.3572862761119148,0.5881334354326321,-0.1655527314750902,3.0147647373033712,1.246580267815797,3.758146233629257,4.423516114861751,0.5242243000997124,0.2748111168150334,0.012232361552793579,0.20823518887301745,0.20787559552728402,0.043212263215822985,0.80153621,1.37793,0.14052791158460837,-0.27341402245637364,0.21699873141405224,3.8491871346911477,1.2564534049371132,4.836324281622823,5.703750955676979,0.20787559552728402,0.043212263215822985
64,435.0,0.0011339450066325998,0.5063946825330694,0.5063934129375006,0.25643428866649004,1.7430804,3.368,0.33206512796077536,-0.1800126771911637,0.23583057491376191,3.4421380399984165,1.2782982760997559,4.4000791226273686,5.2492124382476515,0.5063934129375007,0.25643428866649015,0.0037770068982120007,0.5253390422248553,0.5253254643595904,0.27596684350461925,1.5414616,2.7249,0.3569306957642995,0.5822904271012045,-0.1714850875166647,2.9342224279996016,1.2482997643520677,3.662789165428455,4.318657986809602,0.5253254643595903,0.2759668435046192,0.0120481687551836,0.20907475369044626,0.20872732034970265,0.043567094260367395,0.79551621,1.37191,0.14127870884662036,-0.28093701387539216,0.2265646783581401,3.8049367317578304,1.2554841869848923,4.777037899199933,5.630828710812005,0.20872732034970268,0.04356709426036741
65,440.0,0.0009247469793128003,0.5067402812881109,0.5067394375050929,0.2567848575229779,1.6450804,3.241,0.3320877461550125,-0.18236753945896692,0.23167525706840308,3.2463975348837084,1.2791508304073829,4.152632102578976,4.953752190639719,0.5067394375050929,0.25678485752297797,0.0034227702615760016,0.5254182595313563,0.5254071108128403,0.2760526320926962,1.5434616,2.7269,0.35924660249154766,0.5823917183786695,-0.17902117496722214,2.937586526544931,1.2446522078845568,3.656273556116074,4.2963846819854465,0.5254071108128403,0.27605263209269626,0.01127711585565558,0.20874123063659164,0.2084363884393914,0.04344572802565686,0.79551621,1.44491,0.1415304014192586,-0.2787075214542721,0.19016522687203619,3.8110161925075317,1.2531526974291085,4.7757852215868235,5.62081504766898,0.20843638843939138,0.043445728025656855
66,445.0,0.0010488470309538,0.5081037528797762,0.5081026703437193,0.25816832361041825,1.7660804,3.362,0.3328759293002744,-0.19023836363600588,0.264857212718804,3.475826324821256,1.2798648013088898,4.448587768601566,5.305521500795836,0.5081026703437193,0.25816832361041825,0.003408839999192001,0.5261362817806448,0.5261252387177617,0.2768077668158218,1.7067616,2.8882000000000003,0.36086539814671503,0.5901596887195641,-0.17457126556321256,3.2439534377360775,1.2434582713303937,4.033720733963591,4.729634951883338,0.5261252387177618,0.2768077668158219,0.01074188125724438,0.2083130502183123,0.20803590766574978,0.04327893887831236,0.79425621,1.4436499999999999,0.1416089960847733,-0.255849586519516,0.16786460881725995,3.812801018311712,1.2517660122262506,4.772734726104239,5.608797689127912,0.20803590766574978,0.04327893887831237
67,450.0,0.0010278404118555997,0.5061870980780407,0.5061860545340574,0.25622432180475574,1.7660804,3.3440000000000003,0.33132527890912356,-0.19987922664764768,0.2854668467338768,3.4889873857032145,1.2806149632866377,4.468049452849864,5.330352111419797,0.5061860545340575,0.2562243218047558,0.003445130855053001,0.525950423480319,0.5259391400461828,0.27661197903251833,1.8003616,2.9758,0.35775620531754526,0.5981984528149603,-0.16149092124572428,3.4230633147638665,1.2482087961001078,4.27269773909585,5.032370014104981,0.5259391400461829,0.2766119790325184,0.01071134030347855,0.20822519207790338,0.20794950782529598,0.04324299780478283,1.0146062,1.63399999,0.1412719095449892,-0.23937323539575178,0.22319445044367558,4.872639039854529,1.2538365362385313,6.109492856071846,7.18193873975272,0.20794950782529598,0.04324299780478283
68,455.0,0.0011835948171135997,0.5067360120439742,0.5067346297674352,0.25677998500553967,1.6500804,3.168,0.3306524913140928,-0.18729873342455158,0.25436583856512573,3.25629195632697,1.2814164599680957,4.172666111299091,4.99037643249619,0.5067346297674352,0.25677998500553967,0.003561970635411,0.5258411320959157,0.5258290678244277,0.27649620856910667,1.8003616,2.9758,0.35766187160117024,0.5929823676167757,-0.16773838870311852,3.4237747679114734,1.2479333594885904,4.272642748252034,5.033697307292481,0.5258290678244278,0.2764962085691067,0.01081617384483093,0.2083875055133763,0.2081066141126846,0.043308362837445824,1.0146062,1.6279999900000002,0.14131914226516407,-0.2439050989841919,0.19839211442170335,4.868843731779653,1.2532575491534768,6.101915162501436,7.17953833951415,0.20810661411268463,0.04330836283744583
69,460.0,0.0016613426999216,0.5066597939224592,0.5066570701351972,0.2567013867179822,1.6500804,3.142,0.3303253290320342,-0.1785847045966834,0.24232103790934456,3.256781808608507,1.2812296864302268,4.172685535415144,4.995319023325574,0.5066570701351973,0.25670138671798226,0.0036570249432660014,0.5251061927989787,0.5250934582380574,0.2757231398844025,1.6513616,2.7687999999999997,0.3586674189507177,0.5969753646903662,-0.17186020180565276,3.144814558742358,1.245339705428315,3.9163624362108846,4.604158372765115,0.5250934582380575,0.2757231398844026,0.01059167959999598,0.20710585665697087,0.20683484277284808,0.04278065218486878,0.76819621,1.3725900000000002,0.1414405528098318,-0.2537325608845444,0.16643639371328112,3.709195975429909,1.2483682815481398,4.630442605772712,5.431230257087918,0.2068348427728481,0.042780652184868796
70,465.0,0.0017179819108425,0.5058823537773774,0.5058794366264493,0.2559140044014937,1.6410804,3.132,0.32978566094572503,-0.19117461883424425,0.26819439014067914,3.243996134172703,1.2821890946091867,4.159416466190599,4.976203014084604,0.5058794366264493,0.2559140044014937,0.004139477584602001,0.5233775256466429,0.5233611554914339,0.27390689907732885,1.6201616,2.9796,0.3559051582324849,0.6045830527031473,-0.1614727464127923,3.0955887874594152,1.2481246107344386,3.8636805503416753,4.552228487066984,0.5233611554914339,0.2739068990773289,0.01007386146312258,0.20705185143556237,0.20680664036272142,0.042768986498116,0.73171621,1.3361100000000001,0.14203165935739936,-0.25174289505532416,0.14054045314304986,3.533975692208292,1.2457594197575406,4.402483507762655,5.151782449846314,0.20680664036272142,0.042768986498116
71,470.0,0.0017229055645365,0.5057702719473969,0.5057673374014572,0.25580059958215945,1.7410804,3.232,0.3295083011466088,-0.2037779006438481,0.265805050331712,3.442433247996598,1.2826208759207158,4.415336747843991,5.283874166269753,0.5057673374014573,0.2558005995821595,0.004326707312843,0.523819768375282,0.5238018989508945,0.274368429344563,1.5921616,2.9516,0.3569071652290942,0.6064640711978183,-0.1487231354639209,3.039521789982012,1.247477440578267,3.791734863148633,4.460996458219077,0.5238018989508945,0.274368429344563,0.009811814758347179,0.20812447577479834,0.20789306315431139,0.043219525707682505,0.77302621,1.36842,0.14189852648122148,-0.24652900139139955,0.12716808122110645,3.714249403498583,1.2496281649804104,4.641430666373519,5.447739516183775,0.20789306315431139,0.043219525707682505
72,475.0,0.0013606652314096005,0.5067913360977397,0.5067895094946819,0.25683560693386026,1.7410804,3.2,0.3303962185583831,-0.2062398327104877,0.2861920436452112,3.435497562776439,1.2829030019997427,4.407410136648693,5.26967411309019,0.5067895094946818,0.2568356069338602,0.004197421089234001,0.524302700506543,0.5242858985464453,0.27487570341465345,1.6000616,2.8465,0.3588074745570367,0.6083452682602913,-0.14853549781482522,3.051789736070665,1.244801147295873,3.798871364766534,4.459387592121221,0.5242858985464453,0.2748757034146535,0.0089152886572142,0.20820981740278913,0.2080188589793275,0.04327184569106134,0.77302621,1.3974199999999999,0.14150243387522232,-0.24168607806836517,0.1732507486907413,3.712726996463159,1.252450507252445,4.6500068100101295,5.4629887898724,0.20801885897932748,0.043271845691061336
73,480.0,0.0016274890759186,0.5093914186934851,0.5093888187994208,0.2594769687178692,1.6670804,3.157,0.33272861436984247,-0.19040465824519576,0.2664009405474652,3.2726903886127854,1.2813156904446308,4.193349544896899,5.010330726010138,0.5093888187994209,0.25947696871786924,0.004141139674309001,0.5225220447121166,0.5225056345842876,0.27301213817232906,1.6157616,2.8621999999999996,0.3557924894091713,0.6019359160402772,-0.1652903786966058,3.0922362345309344,1.2475114462690093,3.8576000971451214,4.541303282379941,0.5225056345842876,0.27301213817232906,0.00852804165700676,0.20801155745442407,0.20783666793930158,0.043196080540111516,0.77202621,1.45342,0.14121573141382174,-0.22367875276192384,0.16242695513767647,3.711458245146562,1.252924856728475,4.650178290053973,5.466998628769178,0.2078366679393016,0.04319608054011152
74,485.0,0.001921143714603599,0.5071209159739677,0.5071172769933044,0.25716793262510385,1.6240804,3.2359999999999998,0.33019017519059896,-0.17503619105988097,0.23906005825443177,3.2025506123738143,1.2823201800473072,4.106695277869804,4.918621212949525,0.5071172769933044,0.25716793262510385,0.0038606771882880005,0.5210520178177535,0.5210377149915352,0.2714803004436003,1.7054616,3.0168999999999997,0.35419316541829554,0.5921189838283494,-0.15857585634214866,3.2731119766942602,1.248406222673293,4.086173359211597,4.815060725369677,0.5210377149915353,0.27148030044360033,0.00833904745499346,0.2070752094238991,0.20690723197968464,0.042810602645495036,0.76079621,1.44219,0.14080340562181765,-0.23657554405917552,0.16259798164884165,3.6740091299030917,1.2514441593683536,4.597817267083231,5.40325148131299,0.20690723197968466,0.04281060264549505
75,490.0,0.0018591885365876002,0.506001398747874,0.5059979831509117,0.2560339589527903,1.7210804,3.333,0.3293359132562964,-0.18475065491990258,0.2713033693409037,3.4013352616393955,1.2835795400145948,4.365884350570517,5.225911692966863,0.5059979831509117,0.25603395895279035,0.0034831103695540017,0.522136519516812,0.5221249016808944,0.2726144129552837,1.7054616,3.0168999999999997,0.355155573818485,0.5868507459201806,-0.14830313567987918,3.266313571742202,1.2477637464078315,4.075587659219796,4.8020127677107425,0.5221249016808944,0.2726144129552837,0.00810592575741139,0.20794478622068815,0.20778673702617073,0.043175328083983035,1.0026062,1.62899999,0.14140623259450494,-0.25566121662323543,0.23803122239047703,4.821501987243631,1.2522758525492856,6.037850511643593,7.0902546627846545,0.20778673702617073,0.043175328083983035
76,495.0,0.0019783520620517995,0.5084202038201752,0.5084163547484158,0.25848718977566704,1.7210804,3.2039999999999997,0.33094050175146833,-0.19728326262497473,0.2587043162444753,3.385153436209106,1.2832541820990784,4.3440123040624,5.200573489468228,0.508416354748416,0.2584871897756671,0.003287298169711002,0.5226746837098543,0.5226643460787617,0.2731780186619396,1.6841616,2.8926,0.3548050605308243,0.5989042320604462,-0.14573299636574077,3.222198534748446,1.249110619787363,4.0248824088175645,4.746723729025521,0.5226643460787618,0.2731780186619397,0.008235309057415721,0.20844216159155027,0.20827941428208116,0.043380314413686796,1.0026062,1.62999999,0.14201328631957835,-0.2343820532159532,0.200402939120631,4.8099971346710655,1.2508643663512606,6.016654018011702,7.059946473908039,0.20827941428208116,0.043380314413686796
77,500.0,0.0021237163365594998,0.5064918573190158,0.5064874049365768,0.256529491359388,1.6750804,3.2729999999999997,0.3286815686983975,-0.19649728049543455,0.22774996722268082,3.307220789030265,1.2841436929212597,4.246946717331287,5.096362435634703,0.506487404936577,0.2565294913593881,0.0035806298680240004,0.5216517496137358,0.5216394607052077,0.27210772696482,1.5665616,2.751,0.3536828646610713,0.6084539686379393,-0.13605090004875509,3.0030793554511837,1.2502975347697325,3.7547427148384918,4.429283283206868,0.5216394607052077,0.27210772696482,0.00863688595642561,0.2074568377109513,0.207276973429283,0.04296374371400369,0.78167621,1.47107,0.14154044946886166,-0.21608148357653748,0.1364694246486473,3.7678980294161524,1.249278302770777,4.707153255202366,5.52263478696926,0.207276973429283,0.04296374371400369
78,505.0,0.0021369276388915,0.5062248461684303,0.5062203358405478,0.25625902841851705,1.6760804,3.274,0.32829464461009383,-0.18740250184391283,0.2430001349499351,3.3109406080837394,1.2847734457473274,4.253808573712497,5.105414990825186,0.5062203358405479,0.2562590284185171,0.0037889867821220002,0.5214104262643913,0.5213966591726295,0.2718544761963791,1.5665616,2.7350000000000003,0.35554644903494,0.5922745907719723,-0.16449525522700092,3.0044692646894724,1.2467580724697782,3.7458463092389387,4.406067348590091,0.5213966591726295,0.2718544761963791,0.00954656495708488,0.2069236748255569,0.20670333887200026,0.04272627030083297,0.75856621,1.4599600000000001,0.14026881228832602,-0.20771883437955685,0.18022434781637386,3.665922764224514,1.2533161367542573,4.594560156497356,5.407946339780423,0.20670333887200024,0.042726270300832966
79,510.0,0.0014931283212729007,0.504170015326257,0.5041678043289698,0.2541851749218944,1.6760804,3.194,0.3272605083393762,-0.180630832416731,0.2541536585371502,3.3244349109404685,1.284650886915558,4.270738256832717,5.12154799399709,0.5041678043289699,0.2541851749218945,0.004011636933342,0.5192230279301795,0.5192075302825441,0.2695764595020989,1.5541616,2.7706,0.35376204576616926,0.5848085168018333,-0.1836933679899877,2.9932447453177864,1.2469361255292726,3.7323850054874153,4.393240084967381,0.5192075302825441,0.26957645950209896,0.0090670397584071,0.20607647553365074,0.205876911183335,0.04238530255839081,0.80315621,1.50455,0.1398737797644563,-0.2230488481606758,0.20071604831553547,3.897369692101759,1.252724431300989,4.882330231107887,5.742006910462372,0.20587691118333504,0.04238530255839082
80,515.0,0.0013424039664358997,0.5038101933790856,0.5038084049559541,0.2538229089042626,1.6400804,3.2279999999999998,0.327565729316156,-0.17456107708554022,0.22520289060506737,3.255353745425199,1.2829678929933341,4.176514335716125,5.0068742033054585,0.5038084049559541,0.2538229089042626,0.004014539637964,0.5184377454045668,0.5184222018120613,0.26876157933166567,1.5752616,2.7916999999999996,0.3520149692264305,0.5855138267250841,-0.17875113880245275,3.0384778383964552,1.2483393505063611,3.7930514513118037,4.474984695854587,0.5184222018120613,0.2687615793316656,0.007239367761915659,0.20588923536270565,0.20576192260145543,0.04233796879264733,0.80315621,1.44455,0.1403405935982223,-0.23546364738202702,0.1359266244484867,3.9009140452880717,1.2496967556236298,4.874959626363153,5.722907317175362,0.20576192260145545,0.04233796879264734
81,520.0,0.0023010085666720003,0.5059775682354479,0.5059723361183233,0.25600800491703346,1.6400804,3.2279999999999998,0.3280716739697329,-0.16988670188976615,0.235806139594255,3.241409309348704,1.2849802264245158,4.165146868261431,4.999152716096147,0.5059723361183233,0.25600800491703346,0.003824817286157,0.5199112332586806,0.5198971641019883,0.2702930612412897,1.6519616,2.9044,0.3543749766107841,0.5857625388752723,-0.15284862945340993,3.177391628270648,1.2463427112638727,3.960118896725971,4.661620342946439,0.5198971641019884,0.2702930612412898,0.00600431766074362,0.20621092235135804,0.2061234888760296,0.042486892666426704,0.73262621,1.37402,0.1405462144417126,-0.20813995437687358,0.1338533592600042,3.552800218563084,1.25077395318863,4.443749974261578,5.21270681611873,0.2061234888760296,0.042486892666426704
82,525.0,0.002634574668633801,0.5062370937776973,0.5062302382639785,0.25626905413280443,1.6320804,3.106,0.3288408194778823,-0.17740834676819162,0.2791782988609759,3.223944709031321,1.285759165288425,4.145216458020146,4.9631320180728755,0.5062302382639785,0.2562690541328045,0.0036855717953859996,0.5206860704826423,0.5206730265293145,0.27110040055519624,1.6519616,2.9044,0.35488850957657786,0.5928661271711075,-0.15206745157486878,3.1726633256555883,1.2471616245283779,3.9568239473062294,4.65487485624986,0.5206730265293146,0.2711004005551963,0.00539607640976584,0.20712359525366955,0.20705329282623325,0.0428710660701859,1.0149062,1.67129999,0.1406948261778766,-0.2027884119689483,0.2302439623736885,4.9000028159853946,1.2541022863667064,6.145104734730584,7.213528937566489,0.20705329282623325,0.0428710660701859
83,530.0,0.0024183446113877996,0.5087358837936339,0.5087301357975861,0.25880635106863037,1.7020804,3.177,0.33154401634052005,-0.16624954391684743,0.24108086917735916,3.3457054126153216,1.2827777233829898,4.2917963723048285,5.133799182343977,0.5087301357975861,0.25880635106863037,0.0039065522988180005,0.5193781575187599,0.5193634655582912,0.2697384093567183,1.6432616,2.8517,0.35341401064207,0.5943329848440664,-0.17970994755893788,3.163902016693194,1.2475446801596595,3.9471091294720124,4.649678706892748,0.5193634655582912,0.26973840935671833,0.005860764108828549,0.20612417984863696,0.20604084294705724,0.04245282896233391,1.0149062,1.67129999,0.13947255917672272,-0.21887350165477226,0.23492292747467136,4.923761010208873,1.2553048797038528,6.18082122261077,7.276744658524792,0.20604084294705724,0.04245282896233391
84,535.0,0.0026099739402227987,0.5084592434720272,0.5084525447946716,0.2585239903081776,1.7020804,3.177,0.33244018961689165,-0.14521572049696285,0.18288067616138592,3.347525729648063,1.2789964754776146,4.2814736097905035,5.119959779717066,0.5084525447946716,0.2585239903081776,0.0038999335553500003,0.5176793512532225,0.517664660984523,0.26797670123222117,1.5205616,2.711,0.3535433952239636,0.5854892151730396,-0.1787954166457255,2.93726530973073,1.2457336862278656,3.6590503417200955,4.300919266323023,0.517664660984523,0.2679767012322211,0.00576081705532847,0.20401028745883454,0.2039289346215768,0.04158701037589134,0.78469621,1.42309,0.1379026237327679,-0.22966565400834663,0.1922804424723492,3.846356082206575,1.2554725656503736,4.828994538932808,5.690219582193079,0.2039289346215768,0.041587010375891346
85,540.0,0.0026306967618396,0.5083072306335604,0.5083004231248552,0.2583693201489069,1.5929196,3.167,0.33231250758436087,-0.14562380350168114,0.19017668992698855,3.1337732457879173,1.278895877985863,4.007769686580546,4.793438596636696,0.5083004231248552,0.2583693201489069,0.003676416334522,0.5178333699180101,0.5178203191876289,0.2681378829635779,1.4791616,2.7416,0.35338662183010944,0.5766722490390067,-0.1789765884810426,2.8564431840964586,1.2464616752278301,3.5604469564419894,4.185675146217354,0.517820319187629,0.268137882963578,0.00501609215621376,0.20369108529170912,0.2036293128378002,0.0414648970467947,0.77874621,1.4171399999999998,0.1379909039017742,-0.2306573395367201,0.21046657488729537,3.823172766175533,1.2551232538978954,4.798553042496053,5.643460459932442,0.2036293128378002,0.0414648970467947
86,545.0,0.0022898497312856007,0.5091702210881744,0.5091650720848677,0.25924907063118857,1.6030804,3.196,0.3312128447405954,-0.13623235312936313,0.18497494977767248,3.148417432138849,1.281218356085133,4.033810206674712,4.8400308908778165,0.5091650720848677,0.2592490706311885,0.0037442490705930026,0.5155113484225559,0.515497750675344,0.26573793095133913,1.5022616,2.7647,0.35012451887848334,0.5771044649415965,-0.16686517203564044,2.9141193585686533,1.2488050322766697,3.639166919635395,4.290649523238289,0.5154977506753441,0.2657379309513392,0.00512616695236141,0.20442632456467627,0.204362042922356,0.041763844587398874,0.77874621,1.39314,0.1378042467461775,-0.21035724750620144,0.23388205272465745,3.8094223513450722,1.258803509060506,4.795314223366701,5.651104580502352,0.20436204292235602,0.04176384458739889
87,550.0,0.0026057504810698,0.5080912905035717,0.508084608652944,0.2581499695500153,1.6030804,3.132,0.3317380223372191,-0.12164786139147106,0.17797023913751975,3.155103088681523,1.2795440782514507,4.037093473395305,4.832368592257517,0.5080846086529441,0.25814996955001535,0.0039416435264880015,0.5127158519627352,0.5127007005068195,0.2628620083001834,1.6198616,2.8513,0.3491905049808825,0.5893730467156123,-0.15617343599837152,3.1593749126323747,1.2476333789934118,3.9417415977545445,4.638905058683323,0.5127007005068195,0.2628620083001834,0.00477461414889405,0.20479829998871227,0.20474263536937237,0.04191954673799577,0.76376621,1.39716,0.13729365133040947,-0.19806173630356666,0.26904656000849503,3.7293581540574117,1.263494782088966,4.7120245681924775,5.563011855238144,0.2047426353693724,0.04191954673799578
88,555.0,0.0028581697330658,0.5102511084251206,0.5102431033486304,0.2603480245148411,1.6019196,3.15,0.33396484075448923,-0.10057013775588293,0.19910738558827257,3.1394730428794,1.2792023135867823,4.016021179894664,4.7966713992435945,0.5102431033486303,0.26034802451484107,0.0039026956344640007,0.5139151893750328,0.5139003705361191,0.2640935908371606,1.6198616,2.8963,0.35006531172533234,0.5942197569244297,-0.1631742911062224,3.152001796191114,1.247579166955056,3.93237177513295,4.627312520673208,0.5139003705361191,0.26409359083716055,0.00402142868000596,0.20465306435053576,0.20461355003869164,0.041866704859436166,0.77644621,1.45984,0.1374494139715224,-0.19251831684608012,0.3209766439108419,3.793963273719079,1.263327840209626,4.793019428422166,5.648959770471403,0.20461355003869164,0.041866704859436166
89,560.0,0.0027849751184838,0.5099066913381713,0.5098990858836978,0.2599970777850306,1.6019196,3.1630000000000003,0.3329218298055088,-0.08646108113965777,0.17276332293811292,3.1415936037160237,1.279128043883447,4.018500480998027,4.811698893208154,0.5098990858836977,0.25999707778503056,0.003874317798028001,0.5133636378344912,0.5133490180299,0.2635272143122625,1.5225616,2.799,0.3494222328058128,0.5899462773724935,-0.16018161350359694,2.965854002481716,1.247689947660965,3.700466225126476,4.357368985293347,0.5133490180299,0.2635272143122625,0.00278630397949976,0.20425127425773562,0.2042322686209076,0.041710819546042555,0.77644621,1.45984,0.13737038395528384,-0.2091532643064932,0.30578174093394406,3.8014265165378456,1.2613240221146702,4.7948305836128755,5.652209651337548,0.2042322686209076,0.04171081954604256
90,565.0,0.0027396001545397994,0.5066643510853444,0.5066569443437308,0.2567012592517263,1.5970804,3.1790000000000003,0.33045126122818524,-0.09328488995103258,0.13985565815004808,3.152146774445124,1.2785443054980457,4.030159308560846,4.83302861082795,0.5066569443437309,0.2567012592517264,0.003805413767814,0.5105416019036092,0.5105274195382253,0.26063824610035913,1.5225616,2.7089999999999996,0.34898199757283327,0.5883871830193119,-0.18559297648626805,2.982247860552334,1.2442246751306911,3.7105863754549264,4.362865736884431,0.5105274195382253,0.26063824610035913,0.0021667384630052,0.20287867998584366,0.20286710930368015,0.041155064037231306,0.74195621,1.36435,0.1366276300934939,-0.22543949355333645,0.27934307082275955,3.6571423377349053,1.260077806514498,4.608283895044302,5.430499010282777,0.20286710930368015,0.041155064037231306
91,570.0,0.002582559935505601,0.5067397099437768,0.5067331289920589,0.2567784640180826,1.5970804,3.16,0.32947762218310966,-0.0873389537937517,0.1737881210894754,3.1516780087694283,1.2812848717527983,4.038197353272252,4.847310689623742,0.5067331289920589,0.2567784640180826,0.003482584960815,0.5099030293646227,0.5098911363783548,0.25998897095721,1.6164616,2.8039,0.3469657454304721,0.5948348015959847,-0.17955246500503863,3.170135313795315,1.2467841170399216,3.952474358107367,4.658850682779923,0.5098911363783547,0.25998897095720996,0.0023779561581023794,0.20312016049139225,0.2031062404815743,0.041252144922559096,0.74011621,1.36751,0.1364043938977327,-0.2042244166376392,0.2747279848530324,3.6437358468479766,1.2625535621725934,4.600411673053884,5.425897134625237,0.20310624048157433,0.0412521449225591
92,575.0,0.002399634139519801,0.5082870442676605,0.508281379873738,0.2583499611263511,1.6299196,3.252,0.33017276858092326,-0.08653014766137071,0.1905064135745791,3.206691215882527,1.282192939781848,4.111596837065046,4.936565807669014,0.508281379873738,0.25834996112635117,0.003346136127766001,0.5104421869355328,0.5104312192416759,0.26054002957654376,1.6541616,2.8586,0.34808640471642444,0.5955505292506584,-0.15776934124789888,3.240644371365244,1.2462455399584156,4.0386385944052785,4.752158020499524,0.5104312192416759,0.2605400295765438,0.0022389816435695598,0.20347855605713058,0.20346623733753616,0.041398509736294595,0.73286621,1.37426,0.1366340402364342,-0.17273073057804192,0.2647777749389313,3.601687687395587,1.2631303573853907,4.549401055770549,5.363716162764668,0.20346623733753616,0.041398509736294595
93,580.0,0.0024466935308942003,0.5097390150725797,0.509733143103261,0.25982787717792954,1.6299196,3.252,0.3329949805751599,-0.08680746654887829,0.150964316209643,3.1975570866748786,1.2781875747262146,4.087077737665584,4.894727233379762,0.5097331431032609,0.2598278771779295,0.0031213603039510003,0.5112018317731943,0.5111923022876246,0.26131756991812216,1.6541616,2.8926,0.3505853932375238,0.5882939335541458,-0.18785452299374583,3.2358287807034,1.2427182977746098,4.02122363424582,4.718284423445146,0.5111923022876247,0.2613175699181222,0.00128481064391256,0.20239809367956713,0.20239401568903198,0.040963337586732124,0.72936621,1.39776,0.13561515715424946,-0.16585898396628684,0.29032636494955977,3.6036219350697984,1.2645147583420537,4.55683312038091,5.378205691052768,0.20239401568903198,0.040963337586732124
94,585.0,0.0025577593229572,0.5100325019712203,0.51002608848398,0.26012661093426864,1.5599196,3.089,0.3358182154043447,-0.07659943323999485,0.13362235278943446,3.058470967969845,1.274022668386797,3.8965613437964914,4.645130991842613,0.5100260884839801,0.2601266109342687,0.0030284813988420024,0.5117892134098484,0.5117802529045921,0.26191902726308824,1.5598616,2.7983000000000002,0.3493660028788129,0.5893021943842857,-0.20136865863704356,3.04785946856375,1.2450778322386329,3.7948222600873454,4.4648351217536195,0.5117802529045922,0.2619190272630883,0.0008769766385791801,0.2014056807292783,0.20140377141950289,0.04056347914199936,0.74525621,1.41365,0.13437436067743766,-0.17721780384351407,0.32504258925065077,3.700274030511306,1.2675809746202356,4.690396961957469,5.546119112625727,0.2014037714195029,0.04056347914199938
95,590.0,0.002594112976749799,0.5112884784048011,0.5112818975158034,0.2614091787273605,1.6000804,3.1879999999999997,0.33434260732160626,-0.07542804607269699,0.16688371586050454,3.1295060764760136,1.278984797629077,4.002590695900641,4.785750798613808,0.5112818975158034,0.2614091787273605,0.003194469197603001,0.510787448598449,0.5107774593815382,0.26089361301225883,1.5598616,2.7373000000000003,0.34968043791926084,0.5783315150557997,-0.21383454550775838,3.0538369810771746,1.243096243048743,3.7962132780603515,4.460820311487264,0.5107774593815382,0.26089361301225883,0.0008666669436090999,0.20178361131238412,0.20178175012293895,0.04071587468267617,0.74525621,1.37265,0.13519727813633967,-0.17786000734598828,0.280799448613124,3.693343602847201,1.264038353954264,4.668527968330487,5.512361049520883,0.20178175012293897,0.04071587468267618
96,595.0,0.0026392776046554,0.5131492775553458,0.513142490220113,0.2633152152692988,1.6440804,3.232,0.33406593696558456,-0.08060345426148248,0.16359051100562416,3.2039027860127454,1.2810487816686926,4.104355760606557,4.921424838861595,0.513142490220113,0.26331521526929885,0.0033691873533639983,0.5105752024315973,0.5105640860015954,0.2606756859146445,1.5144616,2.7789,0.35090873473303813,0.5717120627792169,-0.22186095178319087,2.966187141066443,1.2408622723003433,3.680629715931765,4.31582759304114,0.5105640860015954,0.2606756859146445,0.0007224429474178599,0.20217898558087655,0.20217769482982045,0.04087582028670001,0.73185621,1.37625,0.13620772620408259,-0.1688600588124392,0.2318919149885792,3.619843120180458,1.2600736441810685,4.5612689118095595,5.373088813651042,0.20217769482982048,0.04087582028670002
97,600.0,0.0030995846894885997,0.5133353743905424,0.5133260164607196,0.26350359917543104,1.6440804,3.218,0.3358216252944003,-0.06857876257114737,0.14964547307531495,3.202741291600905,1.2776545687714926,4.091997043807007,4.895695441169716,0.5133260164607197,0.2635035991754311,0.0036740443416410002,0.5091639472168853,0.5091506913907264,0.2592344265436548,1.5144616,2.7789,0.34932932319977744,0.58287340043717,-0.19908946048763942,2.974408554019035,1.242829180169117,3.6966817446794855,4.335340606760048,0.5091506913907264,0.2592344265436548,0.0008621416411527601,0.202029200689002,0.2020273611242488,0.04081505464282763,0.68538621,1.3667799999999999,0.13549715659751235,-0.13896764020372704,0.25813997517012455,3.3925106255063793,1.2640370814966435,4.288259230011437,5.058306957952675,0.20202736112424882,0.04081505464282764
98,605.0,0.003145359499642,0.5143412173598224,0.5143315998349725,0.2645369945888022,1.6260804,3.2,0.3359784328274087,-0.04140099225824309,0.17480796631313034,3.161481804524384,1.279249975587847,4.044325521259242,4.839835659437442,0.5143315998349723,0.2645369945888021,0.0037023624531880004,0.5075620459927338,0.5075485425499665,0.25760552304459516,1.5503616,2.7388,0.3477540870096285,0.5856421386994839,-0.18435479122390008,3.05452626381405,1.243843316835593,3.799352079343899,4.458212449296315,0.5075485425499665,0.2576055230445952,0.0001603479409480299,0.20234789236786763,0.2023478288350433,0.04094464383425597,0.70158921,1.3829829999999999,0.13506312800719858,-0.10506075948414957,0.2967091818827474,3.4672424891113454,1.2677360144099847,4.3955481741389715,5.194528072551427,0.20234782883504332,0.040944643834255987
99,610.0,0.0026265896823377995,0.5124700797871234,0.5124633486442335,0.2626186837036612,1.5819196,3.145,0.3341456714720902,-0.03198745280888539,0.20470490154069276,3.086852603486858,1.2811484652467053,3.9547164753999846,4.734221434115244,0.5124633486442335,0.2626186837036612,0.0038558608161810013,0.5074929196755891,0.5074782713163393,0.25753419585822007,1.6100616,2.7735000000000003,0.3479647886450621,0.5755937414565291,-0.21418215630006232,3.1725794342691906,1.24222187367516,3.941047569221153,4.627081970763217,0.5074782713163393,0.25753419585822007,-0.0005861770534431802,0.20236384765882034,0.20236299868242774,0.040950783235744255,0.78450621,1.4459,0.13628034105235268,-0.12259442249717414,0.2919725964855586,3.876711275635829,1.2624436533846484,4.894129545931157,5.756561833805718,0.20236299868242777,0.04095078323574426
100,615.0,0.002646931926572801,0.5114800703875131,0.5114732213469161,0.26160485615499146,1.5819196,3.159,0.3327320527222129,-0.04510247969515943,0.1896950299267255,3.092827446436943,1.281325093764755,3.962917417804024,4.754334868124932,0.5114732213469161,0.26160485615499146,0.004034290978304,0.5070633882253781,0.50704733918531,0.25709700417490283,1.6100616,2.7455,0.3473002396966377,0.5666191750521397,-0.2330978852779091,3.1752669141325667,1.2423788286247583,3.9448843893509697,4.635935758081734,0.50704733918531,0.25709700417490283,-0.0008862151781430601,0.20187119934774886,0.20186925409471496,0.04075119574875659,0.78450621,1.4969000000000001,0.13592115970091279,-0.14626660007908124,0.2558439386222333,3.886172037094742,1.2618293446464133,4.903685914750475,5.771773958714476,0.20186925409471496,0.040751195748756595
101,620.0,0.002413616058187,0.5141966649956118,0.5141910002617054,0.2643923847501331,1.6299196,3.239,0.3348422322884303,-0.04382481223883099,0.17273624204953908,3.169836972812552,1.2804199788720538,4.058722589756504,4.867724088626912,0.5141910002617055,0.2643923847501332,0.004126379375741001,0.5077790262242685,0.5077622597894745,0.25782251246651383,1.5136616,2.6491,0.3478461181481222,0.5765354460803152,-0.20729407258930488,2.9809454936633557,1.2429704805379074,3.705227252716051,4.351526496999579,0.5077622597894746,0.2578225124665139,-0.0011078258810436699,0.20193271645656904,0.2019296776042254,0.0407755946973464,0.75158621,1.46698,0.1351228672878954,-0.12892448364986295,0.2719948502084999,3.721963548990579,1.2655759054852422,4.710427388696818,5.562242905922473,0.2019296776042254,0.0407755946973464
102,625.0,0.002247670784758999,0.5136639404275091,0.5136590227685667,0.26384559167155885,1.6299196,3.239,0.3352473530224399,-0.03007509105507706,0.19808233752149906,3.173124433542017,1.2801287336225071,4.062007762736777,4.8618418171101885,0.5136590227685667,0.26384559167155885,0.0041553214961280015,0.5063769800986259,0.5063599305603357,0.256400379277068,1.6246616,2.7911,0.3463099181143049,0.5917413157265425,-0.18934567493784238,3.208403351360025,1.2442878018956651,3.9921771536584516,4.691351633376424,0.5063599305603357,0.256400379277068,-0.0021206834554656196,0.20171814886634834,0.20170700107767203,0.04068571428374799,0.75158621,1.46698,0.1347987879965673,-0.11566882818860622,0.32937242136887424,3.7259226015303946,1.266759445851922,4.719847650001794,5.575615487129895,0.20170700107767206,0.040685714283747995
103,630.0,0.0024967002654320003,0.5141196834081522,0.5141136210561661,0.2643128153554832,1.6389196,3.214,0.33672349918215716,-0.030055230467842316,0.18035130948929146,3.187817259077563,1.2779102045574682,4.073744205639636,4.867256380919807,0.5141136210561662,0.26431281535548323,0.003911428737383001,0.5054706092648592,0.5054554753445849,0.2554852375558203,1.6246616,2.7911,0.34464650974656286,0.5879872783305318,-0.18881019313933312,3.214156412304283,1.245996731386732,4.004828383896842,4.713994060739803,0.505455475344585,0.25548523755582037,-0.00315065195888062,0.20192312621422334,0.20189854455235473,0.04076302229235917,0.72241621,1.4148100000000001,0.1342651399553067,-0.10841119654475721,0.33174315340519955,3.577679404753161,1.2698403804466563,4.543081776447921,5.380519546923894,0.20189854455235476,0.040763022292359175
104,635.0,0.002811093601854001,0.5136297002512179,0.5136220076407528,0.26380756673291755,1.6389196,3.17,0.33819352526507407,-0.028140550992872024,0.12986531164171078,3.190858315238389,1.2741050076155884,4.065488558037071,4.846099873483458,0.5136220076407528,0.2638075667329176,0.003662869154425,0.5054649472572951,0.5054516755293009,0.2554813962953777,1.5125616,2.6390000000000002,0.3466631326550073,0.5824227467570731,-0.2106521359320439,2.9924164043566526,1.2420378428527756,3.7166944157843957,4.363202941182883,0.5054516755293009,0.2554813962953777,-0.0037075033612458197,0.2016172757800663,0.20158318459584285,0.04063578031180166,0.71083421,1.353228,0.13421711081017715,-0.11947270268199953,0.31046991091643017,3.5256612175209217,1.269350625462925,4.47530027163056,5.29615192659996,0.2015831845958429,0.04063578031180167
105,640.0,0.0030708893140217,0.5112800408769953,0.5112708184886001,0.26139784983800307,1.5959196,3.128,0.3374096865073871,-0.028128571531886006,0.12709488462759166,3.121419716018113,1.2728594303208183,3.973128521522986,4.729916371162211,0.5112708184886,0.261397849838003,0.003519155918401,0.5030388622592166,0.5030265524648465,0.253035712484669,1.4886616,2.6341,0.34544061374345514,0.5775888437508427,-0.23091883345711928,2.959337163960288,1.2409844495145483,3.6724914013452024,4.309457373491031,0.5030265524648466,0.25303571248466905,-0.004169503165297601,0.19964630016889262,0.19960275653026976,0.039841260414482146,0.71083421,1.387228,0.13314808022085056,-0.13172534878696698,0.3602395205049027,3.560467734181216,1.26935348422278,4.519492123845714,5.338674119979431,0.19960275653026976,0.039841260414482146
106,645.0,0.0029954333259405,0.5107783205564286,0.5107695371981726,0.26088552012963545,1.6319196,3.194,0.33507213269558345,-0.031089676681724663,0.18438856632734923,3.1949664547669707,1.2775818037528361,4.081831006210991,4.870353099410437,0.5107695371981726,0.2608855201296355,0.0035241324781250007,0.5037887898930581,0.503776463634605,0.2537907253121885,1.4969616,2.7904,0.3445213715220975,0.5789731903647726,-0.20628546970641626,2.97140712543002,1.2440546025956012,3.696592710576581,4.345047139997193,0.503776463634605,0.25379072531218855,-0.00404904697114042,0.19949616196934417,0.1994550672686064,0.03978232385912431,0.72611621,1.42251,0.13196801597655686,-0.12447160844884841,0.41942837425496604,3.6397502730482585,1.2750204605171083,4.640756069309261,5.502213582789555,0.1994550672686064,0.03978232385912431
107,650.0,0.0025356245675248,0.5110828354704252,0.5110765454611885,0.26119923532054234,1.7340804,3.468,0.33269658357071696,-0.02743685037508335,0.21681543161569916,3.3929537046648597,1.2825359314547238,4.3515850399951015,5.212197797130097,0.5110765454611885,0.26119923532054234,0.003393610204859002,0.5067862704515396,0.5067749079502245,0.2568208073279585,1.5566616,2.8501000000000003,0.34720424635854147,0.5822221411011463,-0.19778226432382118,3.071633330976066,1.242967712040121,3.817941053629497,4.48341751671006,0.5067749079502245,0.2568208073279585,-0.00438786897206258,0.200683053121277,0.2006350777305935,0.04025443441596129,0.74439379,1.47051,0.1323673953057489,-0.11856978938234519,0.39764754113197265,3.7093007028856952,1.2764315503339845,4.7346684468393265,5.623694477635989,0.2006350777305935,0.0402544344159613
108,655.0,0.002593177151638599,0.5132629485361724,0.5132563976925235,0.26343212977230585,1.7340804,3.468,0.33537828265222186,-0.02099009608756856,0.17659593342832514,3.3785419441352684,1.2787984547662896,4.3204742175232775,5.170520840785014,0.5132563976925234,0.2634321297723058,0.0029833867886439997,0.5051425191106501,0.5051337090481322,0.255160064016723,1.5566616,2.7661,0.3461005129348043,0.5682340550501029,-0.22830746620180298,3.0816285327567474,1.2422925201647366,3.828284076169939,4.4977153798475635,0.5051337090481322,0.25516006401672303,-0.00517437907170158,0.20107007024237988,0.2010034799412635,0.04040239894849792,0.74439379,1.450977,0.1335146692993537,-0.10167969130841495,0.37054930404598174,3.702161087936512,1.2725354354729168,4.7111311722281775,5.5753708106110205,0.2010034799412635,0.04040239894849791
109,660.0,0.0025188531762266007,0.5146804701457622,0.5146743064581129,0.2648896417281395,1.6999196,3.319,0.337487620835606,-0.007116071100806515,0.17439523338370355,3.3028640070966113,1.2766859833419106,4.21672018274474,5.036983566363312,0.5146743064581129,0.26488964172813945,0.0025860485079580004,0.5036560208847044,0.5036493817394481,0.25366269972652833,1.5280616,2.7475,0.3453817863127462,0.563858473171697,-0.22783562580948047,3.033938911949987,1.241808619965425,3.7675714933080164,4.424268043527713,0.5036493817394482,0.2536626997265284,-0.00572473390884544,0.20119894437577945,0.20111748466903842,0.0404482426396009,0.75666621,1.4460600000000001,0.13382071156758107,-0.09851183432102661,0.3761505372011884,3.760786182788185,1.2713048779514127,4.781105819110892,5.654328101654686,0.20111748466903842,0.04044824263960091
110,665.0,0.0022166482294959998,0.5148522074742664,0.5148474356658987,0.26506788201175174,1.6030804,3.202,0.3364195949240427,-0.008458112151606228,0.18961593663397291,3.113671023893058,1.2793707868674247,3.983539747884361,4.7651219613469475,0.5148474356658987,0.2650678820117518,0.002684567475802001,0.504279726217195,0.5042725804276463,0.25429083537115704,1.5754616,2.7949,0.3466222327715174,0.5644521670172176,-0.21875881153327592,3.124181913514888,1.2408036602953882,3.8764963537179224,4.545183346731528,0.5042725804276463,0.254290835371157,-0.00605628150264062,0.20198574511634915,0.20189492981391963,0.040761562684567536,0.75666621,1.42706,0.1342013173701001,-0.10677395027192399,0.35984492923576505,3.7461366868446095,1.2713379056533454,4.762605569744188,5.63829196932,0.20189492981391965,0.04076156268456754
111,670.0,0.002417398470499,0.5167886548684624,0.5167830008672785,0.2670646699853896,1.6770804,3.276,0.3368372877014284,-0.020492283747402865,0.15458914155158343,3.2451958536645225,1.2800611809520048,4.154049236862358,4.978903646458996,0.5167830008672785,0.2670646699853896,0.003024455406310001,0.504631030799543,0.5046219673332747,0.25464332991530453,1.5754616,2.6839,0.3456414508594588,0.5656132934886964,-0.2260916024866524,3.1220069790472875,1.242785000817041,3.879983446006091,4.558080623960226,0.5046219673332747,0.2546433299153046,-0.00664602065697065,0.20304927429373457,0.2029404794530637,0.041184838200639375,0.75700621,1.4314,0.1351998151089361,-0.10169086187845082,0.32978865285394665,3.7281896851544607,1.2693547462826205,4.732395271892724,5.599166015057407,0.20294047945306373,0.04118483820063938
112,675.0,0.0023608303215003987,0.5172652080087783,0.5172598204931036,0.26755772189655774,1.6770804,3.271,0.3379093954340623,-0.007293385933894105,0.1093275726317402,3.242206075401729,1.2774934754597302,4.141897107421606,4.963106745953904,0.5172598204931036,0.2675577218965578,0.003432954182867999,0.5057682163098778,0.5057565654095394,0.25578970345485375,1.5206616,2.6611000000000002,0.34764839810659226,0.578099580192974,-0.22562444212160004,3.0066373310186614,1.2409715851292482,3.731151494583001,4.374136651519248,0.5057565654095394,0.25578970345485375,-0.007595428360283269,0.2017472224758448,0.20160419451177553,0.04064425124474182,0.75700621,1.4964,0.13435242168145736,-0.07499826342428399,0.360115221610815,3.7522509639042805,1.2697792496758096,4.764530413541711,5.634481318057835,0.20160419451177555,0.04064425124474183
113,680.0,0.0021804740214423995,0.5167781430224985,0.5167735428974897,0.26705489463882365,1.6169196,3.1879999999999997,0.3384208684891649,0.009044724252978305,0.14947419557283803,3.128846724327514,1.2770577976689759,3.9957181070134844,4.7778365655124135,0.5167735428974898,0.2670548946388237,0.003241792814427,0.5044978919066611,0.504487476274301,0.25450761371761343,1.5405616,2.698,0.3473937547035958,0.5820720115493719,-0.2205939921886717,3.0536531960078532,1.2402625629843365,3.78733173934601,4.43462664236564,0.504487476274301,0.2545076137176134,-0.008558007362844861,0.20056874920205606,0.2003860865091555,0.040154583666454746,0.73939379,1.46906,0.1338769673202999,-0.043100249918702045,0.40598203780245523,3.6864855215062606,1.2697135505431312,4.680780620537561,5.522935011150981,0.2003860865091555,0.040154583666454746
114,685.0,0.0023635507100439996,0.5151902141209952,0.5151847924328492,0.2654153703540779,1.6449196,3.231,0.33610227703278045,0.013925062180465778,0.18591797756382933,3.192839372553924,1.2794728748493747,4.0851513709338425,4.894104302184091,0.5151847924328492,0.2654153703540779,0.003171525745360001,0.5030583943088153,0.5030483967860448,0.25305768950901003,1.5405616,2.698,0.3445683277284093,0.5677102923879077,-0.21428968758660405,3.0623912003628884,1.2434089075526071,3.8078044969419365,4.47099015210208,0.5030483967860448,0.25305768950901003,-0.009125001566245862,0.20104719596784262,0.20084000934312896,0.04033670935294813,0.71639379,1.4312740000000002,0.1340008056069559,-0.05250930769886359,0.4152839036999998,3.5633115227062744,1.2709769318707604,4.528886746428948,5.346190172179178,0.20084000934312896,0.04033670935294813
115,690.0,0.002925845180487999,0.5134067482919709,0.513398411199056,0.26357792862171503,1.6449196,3.231,0.33558785657072193,0.01309815794442102,0.12691814026785941,3.203930617336852,1.2767218041301913,4.090528078074263,4.901606443120354,0.513398411199056,0.26357792862171503,0.0032394644332950006,0.5028943118157752,0.5028838779746746,0.25289219472684743,1.5368616,2.7003,0.3449565953508,0.5592451377007042,-0.2249400252393854,3.056032975300379,1.2420872988844127,3.795859743592543,4.4552318196354666,0.5028838779746747,0.2528921947268475,-0.008843589265294568,0.20143544504700409,0.2012412220450655,0.04049802945019136,0.75881621,1.49021,0.1337379959687209,-0.07072964783932818,0.40930350478672795,3.767044125838596,1.2729033921219155,4.795083246052885,5.673901455630264,0.2012412220450655,0.04049802945019136
116,695.0,0.0030784787372848,0.5160899017895365,0.516080720137652,0.2663393096977975,1.6560804,3.277,0.33896014108119554,0.016985329361038422,0.1210211723498853,3.208899058589517,1.2747234675747738,4.090458935062657,4.885767378776543,0.5160807201376519,0.26633930969779746,0.0027655324161820006,0.5009955607089542,0.5009879276794348,0.25098890368053456,1.6039616,2.7674000000000003,0.3438465693049811,0.5718797364008908,-0.21338083842453948,3.2015485281551173,1.2422326964204669,3.9770682608511083,4.664759643355164,0.5009879276794347,0.2509889036805345,-0.00884792107024857,0.20098402346616587,0.2007891729685218,0.04031629198138297,0.76804621,1.4994399999999999,0.13307902659517262,-0.08442087144354044,0.44326116789562375,3.821429170111597,1.2753631309571805,4.873709871124626,5.771354282116913,0.2007891729685218,0.04031629198138297
117,700.0,0.0027812466070837993,0.5181554979712902,0.5181480336208817,0.26847738474518634,1.6560804,3.255,0.3399286117545205,0.02456534273594401,0.15830994718078584,3.1961069726828595,1.276119811681701,4.078615428094622,4.871847625453602,0.5181480336208817,0.2684773847451863,0.002491190995136999,0.5016958561813201,0.5016896710885461,0.25169252607693354,1.6039616,2.7484,0.3449502476942796,0.5826666347239002,-0.19395886345412583,3.1970796255098137,1.241749306010223,3.9699714062362346,4.649834608675363,0.5016896710885461,0.2516925260769336,-0.009591086574833218,0.20078903878548218,0.20055983933657287,0.04022424915471193,0.76804621,1.53544,0.13295513040125545,-0.07640070570912157,0.4690179649451074,3.825140130386105,1.2758229686081068,4.8802016364912015,5.776732403496236,0.20055983933657287,0.04022424915471193
118,705.0,0.0025707485743140007,0.5185971059441075,0.5185907341491666,0.26893634954537154,1.6169196,3.1959999999999997,0.3406082359306663,0.03424068277725657,0.16087026308576613,3.117872393553746,1.2753580815109684,3.9764037542387163,4.7471535606941035,0.5185907341491665,0.2689363495453715,0.002414533396449,0.5047270838109224,0.5047213084076749,0.25474359916075534,1.5349616,2.7034000000000002,0.34711996955206,0.5848877290365244,-0.20892988067912066,3.0411714552948728,1.2408912896708797,3.773763169271121,4.421991630100645,0.5047213084076749,0.2547435991607553,-0.0105626263639656,0.20168435453170677,0.2014075713253264,0.04056500978716644,0.76922621,1.53662,0.13390575906126842,-0.08080176827649242,0.45195790302262173,3.814010322149555,1.2731667682361014,4.8558711958702805,5.744534181297173,0.2014075713253264,0.04056500978716645
119,710.0,0.002180413602326001,0.5181243569764469,0.5181197690580619,0.2684480950887794,1.6169196,3.147,0.3410147357818257,0.04691429188321859,0.11193906207779936,3.120717214368485,1.2732806334706697,3.9735487915939287,4.74149481046025,0.5181197690580619,0.2684480950887794,0.002377134089724,0.5023388069137852,0.502333182424857,0.2523386261650847,1.5349616,2.7034000000000002,0.3435580000950084,0.57605350500894,-0.22529407112319166,3.055630142194928,1.2434623220647765,3.799560951984828,4.467838325917364,0.502333182424857,0.25233862616508473,-0.0111761221628635,0.2013805755838506,0.2010702129005779,0.04042923051588372,0.76922621,1.46862,0.13317214246056824,-0.09389520726551541,0.44924312433899827,3.8197636875842105,1.2751591440999934,4.870806594524116,5.776179580708968,0.2010702129005779,0.04042923051588372
120,715.0,0.0019267482173272003,0.5149625936006471,0.5149589890944833,0.26518276044921224,1.6159196,3.133,0.3384226969273103,0.0551395474066654,0.08276310614535776,3.1379358813256713,1.2730110086419546,3.994626921340173,4.774855867149722,0.5149589890944835,0.2651827604492123,0.0018269897216740014,0.5005086616735516,0.5005053271632648,0.25050558251880667,1.5570616,2.6895,0.3412002762636041,0.563844115479864,-0.2159940895015411,3.11095834943925,1.244948518482935,3.872982988196511,4.563482823199847,0.5005053271632648,0.25050558251880667,-0.0110058813708118,0.20076176186426833,0.20045986032644242,0.0401841556020968,0.73239379,1.4276200000000001,0.132331799606211,-0.09574114939142703,0.43734579927978556,3.648074131243973,1.2774292594762935,4.660156635989611,5.53452603364751,0.20045986032644242,0.0401841556020968
121,720.0,0.0025508739996482,0.5160120538955894,0.5160057488123388,0.26626193280738253,1.7179196,3.2350000000000003,0.3380281768786333,0.06345440676280163,0.13583544546875181,3.3292237788453027,1.2759371388243075,4.247880262885725,5.082178698424917,0.5160057488123388,0.26626193280738253,0.001628738632586,0.5012242085883803,0.5012215622711326,0.25122305448551485,1.5602616,2.7377000000000002,0.3411983622691109,0.5737337120910131,-0.19145059582840585,3.1129015184526563,1.2463691982855338,3.879824569895658,4.572887131179681,0.5012215622711327,0.2512230544855149,-0.011860074374727919,0.19955910115296677,0.19920635905714942,0.039683173488805935,0.74839379,1.47039,0.1314966116030271,-0.09470156776134799,0.4301479380393025,3.750236324357557,1.2778557207903338,4.792260941396018,5.691354179218802,0.19920635905714942,0.03968317348880594
122,725.0,0.0026488393572254,0.5182191732591305,0.5182124035407066,0.2685440951834362,1.7179196,3.3520000000000003,0.33862397514645703,0.05848060605712747,0.1661172278893459,3.315044461199376,1.2783640293944118,4.237833595040461,5.073236764340118,0.5182124035407066,0.2685440951834362,0.001864481331028001,0.5022765362063103,0.5022730756598198,0.25227824253277514,1.5602616,2.7377000000000002,0.3417759005502839,0.5813324899209598,-0.19008588740318544,3.10637962860985,1.2472448917179375,3.8744161235202994,4.5651597947306,0.5022730756598198,0.25227824253277514,-0.01290241917115934,0.20001469575438244,0.19959811145712242,0.03983940609724987,0.74839379,1.47531,0.13198353674359148,-0.07429854213184472,0.4266116487325444,3.741694014918912,1.2767772590551798,4.77730982859134,5.6703571404813,0.19959811145712247,0.03983940609724988
123,730.0,0.002535658492987401,0.5185443087352632,0.5185381090698532,0.26888177055773893,1.6579196,3.292,0.3389397022581381,0.04755670818030551,0.13583855608280482,3.197257345363001,1.2770887076910438,4.083181251345332,4.891488335401087,0.5185381090698532,0.268881770557739,0.0019436152291240007,0.5044761573456036,0.5044724132101054,0.2544924156900273,1.5686616,2.7441,0.34440580093051776,0.5802198103274513,-0.20203280932810097,3.109486101887964,1.2451286913723287,3.871710360884204,4.55468983321936,0.5044724132101054,0.25449241569002734,-0.01348809487161867,0.20114716618699308,0.20069442882599414,0.04027825376179203,0.79733621,1.50173,0.13256675954283864,-0.0840233764587803,0.4434383448458412,3.9639445343155857,1.27794095400928,5.065687059823131,6.014601343124349,0.20069442882599414,0.04027825376179203
124,735.0,0.0027448046654256005,0.5195584213740254,0.5195511709812789,0.26993341926801806,1.6899196,3.241,0.34281352850287566,0.05783682001324404,0.09374382420259009,3.2526074652602777,1.2711565454002798,4.134573269083415,4.9295592486684034,0.5195511709812789,0.26993341926801806,0.0022111385587780005,0.5033630713874857,0.5033582148956317,0.2533694925029169,1.5686616,2.7441,0.3450544765478319,0.5772462971968871,-0.23139952970171018,3.1163621035529925,1.2420936022590725,3.8708134311457973,4.546127370072099,0.5033582148956316,0.25336949250291685,-0.014416452067650192,0.20078316424996492,0.2002649369111067,0.04010604495600954,0.79733621,1.49273,0.13256121141798044,-0.08541973347289207,0.4403194290376926,3.971130811582173,1.2760737798223134,5.067455904904515,6.014853074070884,0.2002649369111067,0.04010604495600954
125,740.0,0.0028448754812284,0.5179447992220427,0.5179369862489629,0.2682587217246584,1.6899196,3.216,0.3436056768557586,0.07328545163038748,0.09470366670930153,3.2627407448405177,1.268682384719564,4.139381708885955,4.918194645280576,0.517936986248963,0.2682587217246585,0.0022390691316739996,0.5005883129175472,0.5005833053539239,0.2505836455990598,1.5531616,2.6836,0.34259427799632297,0.5763695465951755,-0.22068006254561956,3.102672515360589,1.2427421792696933,3.8558220032993993,4.5335304754175425,0.5005833053539239,0.2505836455990598,-0.014810443465719041,0.20041671739285657,0.1998687353611787,0.039947511374876885,0.73487621,1.4302700000000002,0.13269032724072896,-0.09237790629808623,0.44154277169391953,3.6667410760924533,1.2743128392747824,4.672575231560845,5.538280184257708,0.19986873536117872,0.03994751137487689
126,745.0,0.0031318103333056006,0.5206657106649907,0.5206562916419198,0.2710829740263159,1.7449196,3.349,0.3443634417836891,0.0631725866710538,0.14970455777742897,3.3513242071796907,1.271793548923929,4.262192507043731,5.067087234817644,0.52065629164192,0.271082974026316,0.0016933457418220011,0.5008629223406506,0.5008600598528646,0.25086079955581514,1.5531616,2.6966,0.3430927343770796,0.5752218416355953,-0.21997692276753122,3.1009714049938246,1.2419186405368203,3.8511541916334844,4.526944013605901,0.5008600598528646,0.2508607995558152,-0.01486354116544011,0.2011131580779512,0.20056315089295504,0.040225577496110256,0.73666621,1.4380600000000001,0.13284879863391982,-0.11510060086042986,0.4552985648017316,3.6629438721979053,1.276465536668212,4.675621615610638,5.545147698549902,0.20056315089295504,0.040225577496110256
127,750.0,0.0036956891902498,0.5220848859603568,0.522071805434509,0.2725589700296479,1.7449196,3.349,0.3436996949229116,0.049637981868318894,0.14295546769634315,3.3422143542621074,1.2735550144289987,4.256493850167084,5.076872705375453,0.522071805434509,0.2725589700296479,0.0014004233923980013,0.5026505951916719,0.5026486443440029,0.2526556596608639,1.4914616,2.6539,0.3435733083627298,0.5823840782144298,-0.22776356501134964,2.9671935421289466,1.243474485592031,3.689629463450788,4.341028722829014,0.502648644344003,0.252655659660864,-0.014875806064232921,0.20151242249961251,0.20096260053950754,0.04038596681560167,0.73666621,1.4380600000000001,0.13301983829274297,-0.11832007198848943,0.43723894823103127,3.655686338649502,1.2764262025702813,4.666213831030439,5.538017632969785,0.2009626005395075,0.040385966815601665
128,755.0,0.0039644290345358,0.5171092400060565,0.5170940430928126,0.2673862494020715,1.6439196,3.199,0.34000187793043213,0.047657649945742966,0.13106789249581663,3.1790567114614814,1.2739599667939825,4.049990982569656,4.835030941612513,0.5170940430928126,0.2673862494020715,0.0014731795021360012,0.4997289288058781,0.49972675736608785,0.24972683202762486,1.5085616,2.6710000000000003,0.3415602510160625,0.5893242076165353,-0.21018154209335904,3.01875979764623,1.2442780244884357,3.7561764774203614,4.416677864336904,0.49972675736608796,0.24972683202762497,-0.015666065873179008,0.1999637291013732,0.19934910919335602,0.039740067336184584,0.72560621,1.411,0.13178170445728957,-0.10638648148062119,0.46317716358626093,3.628689129077745,1.278171356569753,4.638086506683217,5.506122515171815,0.19934910919335605,0.03974006733618459
129,760.0,0.0037670467716548004,0.5143015416410602,0.5142877454236989,0.2644918850929914,1.6259196,3.158,0.3386303699195551,0.04440382052717414,0.12834168273885238,3.161413039540832,1.2738194010910562,4.0270692646293575,4.801458299166295,0.5142877454236989,0.2644918850929914,0.0012762299993240008,0.49700659755702853,0.49700495898150043,0.24701392925220295,1.5803616,2.6818,0.3410292553848828,0.5826466734036131,-0.20953363386140245,3.17975980151584,1.2416137838309205,3.9480335988335384,4.634093923163328,0.49700495898150043,0.24701392925220295,-0.01667726897479676,0.19982544729731866,0.19912829554615225,0.03965207808711576,0.76239379,1.50782,0.13133384302435394,-0.09418163401141866,0.49941149630801807,3.815298803588516,1.2803266857550357,4.884828872363638,5.805006329241619,0.19912829554615227,0.039652078087115766
130,765.0,0.0036401695332687,0.5110116912297341,0.510998725770664,0.2611196977392422,1.6759196,3.208,0.3369344143434721,0.049898587937937486,0.13228368335276208,3.279611071063659,1.2731279570672365,4.175364542878368,4.974023218333411,0.510998725770664,0.2611196977392422,0.0012746877308450002,0.49441498613778373,0.49441334295184,0.2444445536888137,1.5803616,2.7288,0.33855583179604176,0.5741329697784171,-0.22093353568386132,3.196427382481453,1.2423577670344799,3.9711063853875257,4.667949719300854,0.49441334295184,0.24444455368881374,-0.01776112547157358,0.19918514897727657,0.198391698402637,0.03935926599508289,0.76239379,1.50782,0.13108291948965348,-0.10183562058916001,0.5194073966694566,3.8275634198359603,1.2799412449939322,4.8990562888780715,5.816118476520327,0.198391698402637,0.03935926599508289
131,770.0,0.0033844271874505006,0.510047546144909,0.5100363173157926,0.2601370449810559,1.6949196,3.266,0.3362046212749014,0.05001124550538153,0.15870050377352074,3.3230619631654075,1.2738763047214154,4.233169893997442,5.041333440250752,0.5100363173157926,0.2601370449810559,0.0012350633304399998,0.49119053324829837,0.4911889805068081,0.24126661457131748,1.5054616,2.6539,0.33576182852438247,0.5670074106261476,-0.21711804576863525,3.064923890214685,1.2437431038707272,3.8119779523431556,4.483718731864947,0.4911889805068081,0.24126661457131748,-0.01877016537279079,0.19766477304235025,0.19677155128158624,0.03871904339376192,0.71139379,1.38218,0.13075369078375673,-0.10842082618848568,0.4728773030865012,3.598991257018679,1.276736683557746,4.594964161639352,5.440716707389304,0.19677155128158624,0.03871904339376193
132,775.0,0.003059116294331601,0.5136209143105981,0.5136118042108772,0.26379708542475244,1.6949196,3.266,0.33773554153693164,0.04746206250697126,0.12928880070541648,3.2999427258038874,1.274338358899019,4.205243597661681,5.018481597426605,0.5136118042108773,0.26379708542475255,0.0011415970703549999,0.49398608523439036,0.49398476612272907,0.24402094916132733,1.4943616,2.6117999999999997,0.33672523210761607,0.576718493181276,-0.20188870106467505,3.025108691656656,1.2457385249438009,3.768494439339034,4.437925814607228,0.49398476612272907,0.24402094916132736,-0.01880801217714721,0.19830595199659792,0.19741202920597642,0.038971509275221285,0.71274421,1.363138,0.1307630593884517,-0.11343359532668967,0.4504015121561693,3.5941644858558135,1.2785652040392212,4.595373649208761,5.450654132239933,0.19741202920597642,0.038971509275221285
133,780.0,0.0028145768158348004,0.5122800712284615,0.5122723392251287,0.26242294953518536,1.6420804,3.2649999999999997,0.3388502882999317,0.05416007685262219,0.11004731691787306,3.205434863125256,1.2706487684632246,4.0729818612191915,4.84603512730826,0.5122723392251287,0.2624229495351853,0.0012867375647050005,0.49672310532060493,0.496721438701597,0.2467321876657844,1.4545616,2.586,0.3377418014995797,0.5832955521191122,-0.2096599145685638,2.928314758100829,1.2470016024206445,3.651613195743756,4.306726598667147,0.4967214387015971,0.24673218766578445,-0.018344804174177623,0.19839093391962867,0.1975409598572244,0.039022430821313535,0.71274421,1.368138,0.12982894320140254,-0.1186231059171268,0.46630535109095517,3.5926249043655596,1.2821985326145178,4.606458380611892,5.489871460282365,0.19754095985722442,0.03902243082131355
134,785.0,0.0026144254389332995,0.5100916932991969,0.5100849932633446,0.2601867003524662,1.7029196,3.3449999999999998,0.3363197843201536,0.06990321633400236,0.1696596549690077,3.338457815271937,1.273553882006293,4.251705910553824,5.063394065390266,0.5100849932633446,0.2601867003524662,0.001432952734394001,0.49421402926733876,0.49421195186996336,0.244245453371119,1.4761616,2.7325999999999997,0.33679189975343615,0.574855583187158,-0.20973669425491748,2.9868872848234935,1.245427723020649,3.7199522300570522,4.383008026857805,0.49421195186996336,0.24424545337111897,-0.01918827237497962,0.19765331242758882,0.1967197044448309,0.03869864211686162,0.74539379,1.43149,0.1291381483054848,-0.11214176082370013,0.5154225599527145,3.771218305653634,1.2839378311409495,4.842009852119974,5.7720650309831125,0.19671970444483092,0.03869864211686163
135,790.0,0.0025717362980907004,0.5093188614791413,0.5093123686214794,0.25939908883082174,1.7029196,3.262,0.33457226215339647,0.07383410557564095,0.18352198423413313,3.343523534656573,1.2755031787244524,4.264674896594475,5.08984094807966,0.5093123686214794,0.25939908883082174,0.0014106612811899996,0.49414944724974424,0.4941474337199148,0.2441816862519776,1.6152616,2.8716999999999997,0.33823656962517956,0.5660156325651403,-0.22810234838700927,3.2687714394703007,1.242643319146126,4.061916991073434,4.775538025914729,0.49414743371991476,0.24418168625197753,-0.01994164287336246,0.19734609060155722,0.19633596296967426,0.0385478103552293,0.74539379,1.47488,0.13010747288436625,-0.12205366825270561,0.5157092471519662,3.7770892128030744,1.2790574983155767,4.831114279442651,5.729062085945462,0.19633596296967426,0.038547810355229306
136,795.0,0.0026751398770452,0.5086790810740517,0.5086720467540751,0.25874725114897995,1.6559196,3.165,0.336175337910007,0.0579642002214865,0.12144530314794943,3.2553326087316283,1.2712355014333157,4.138294381193175,4.925761688215464,0.5086720467540751,0.25874725114897995,0.0013044578384690008,0.49613510644694164,0.496133391578178,0.2461483422388657,1.6152616,2.7827,0.3404375719473575,0.5644148554072274,-0.24548538388586483,3.2556889827201565,1.2409682571391087,4.04020668267323,4.744663142673837,0.496133391578178,0.24614834223886567,-0.02003337887143744,0.1968113023687402,0.195789050947884,0.038333352471073126,0.72948621,1.37188,0.13043996211388426,-0.13809038858432138,0.4298817723585189,3.7065260034368093,1.2741803940129706,4.722782763478435,5.592505534179025,0.195789050947884,0.038333352471073126
137,800.0,0.0027201564702471997,0.5118915945060097,0.5118843670934702,0.26202560527468255,1.6389196,3.1559999999999997,0.33892762754250066,0.059498176557961066,0.12299440785089821,3.2016927364896564,1.2703715084618183,4.0673392312856125,4.835603435115314,0.5118843670934702,0.2620256052746825,0.0013237447902290003,0.49565178274695854,0.4956500150710868,0.24566893743996857,1.5287616,2.6752000000000002,0.3395093125932386,0.5694451179331864,-0.22826137488930165,3.084346013096996,1.2423082474014882,3.8317084899102967,4.502856161214017,0.4956500150710868,0.24566893743996857,-0.02077697937376726,0.19750679446809088,0.1964109238030379,0.03857725098916276,0.72572621,1.39012,0.13034018660852262,-0.12514061322429437,0.4280008766560752,3.6744366792771177,1.2769011383158944,4.691892378438626,5.567939013158868,0.1964109238030379,0.03857725098916276
138,805.0,0.0023679681767951994,0.5128970754994006,0.512891609194917,0.2630578027825515,1.6389196,3.214,0.3391191951813627,0.06174062291760354,0.14685007764994884,3.195416153239336,1.2713372314898987,4.0624515257174,4.832871814063775,0.512891609194917,0.2630578027825515,0.0009307052518010013,0.49818044323628924,0.49817957385950684,0.24818288781083983,1.5335616,2.68,0.34010782292195313,0.5804982905801406,-0.2014168947654258,3.0783255762463257,1.2446716952752197,3.831504713595582,4.509045357512747,0.49817957385950684,0.24818288781083986,-0.02124679137613026,0.1980812618220313,0.19693846790616432,0.038784760141227316,0.76930621,1.4557,0.1308427082297489,-0.10770547426565447,0.43659625997359486,3.883790939756801,1.2770265345251546,4.959704084617821,5.879626158831583,0.19693846790616434,0.03878476014122732
139,810.0,0.0020105810554138003,0.5134513663085876,0.5134474297608033,0.263628263127975,1.6869196,3.268,0.34016901239813435,0.06761867068711493,0.12854312660869205,3.285451574757619,1.2697115762351185,4.171575897629649,4.959063108386918,0.5134474297608033,0.26362826312797505,0.00013510142761200052,0.49830558641694456,0.49830556810248394,0.24830843920193924,1.5335616,2.677,0.34106010459371955,0.5917013954643607,-0.19211237709706497,3.0775524934950886,1.2431139807323823,3.8257485311015484,4.4964555494604745,0.49830556810248394,0.24830843920193926,-0.02207628938065624,0.1982808160636351,0.19704801309843906,0.03882791946604261,0.76930621,1.4757,0.13073809134020992,-0.10807076013589335,0.4594823551663154,3.8798822058161355,1.2789367388976156,4.9621238956133755,5.884331047774686,0.19704801309843908,0.03882791946604262
140,815.0,0.0019822359586298007,0.5159424285542339,0.5159386206934359,0.26619266032304506,1.7159196,3.379,0.3419094940517726,0.08779325852713167,0.11501298079514877,3.3257966490725024,1.2692144777593644,4.221149257086401,5.018636890323298,0.5159386206934359,0.2661926603230451,-6.523052980998889e-06,0.4960040894541952,0.49600408941130225,0.2460200567127351,1.5055616,2.6950000000000003,0.33936710924305297,0.589956606182456,-0.19298336659552984,3.0353814252957587,1.2436010451097006,3.774803512804378,4.436380424013703,0.4960040894113022,0.24602005671273505,-0.02263265687602306,0.19927846148870093,0.1979890604453586,0.03919966805603586,0.73389621,1.44029,0.1310992018062012,-0.1117542565949192,0.48597306163501797,3.682767342328222,1.280276063876152,4.7149588772076125,5.598021955045081,0.19798906044535863,0.03919966805603587
141,820.0,0.0020180485328643,0.517246987504334,0.5172430507628185,0.2675403735624276,1.7159196,3.379,0.3406086838154363,0.07169548539704983,0.1389561191457207,3.3174085909695563,1.2733678689579109,4.22428150794557,5.037803442879324,0.5172430507628185,0.2675403735624276,-7.742887064300041e-05,0.4990000088124979,0.4990000028052535,0.249001002799643,1.5981616,2.8776,0.34146695020293016,0.5857108133405868,-0.19537520992099555,3.202728600753429,1.243342350614077,3.9820881068397025,4.6802819395851625,0.49900000280525353,0.24900100279964305,-0.022566333872153257,0.20017563318778747,0.19889958445834457,0.03956104469770214,0.76988621,1.4792800000000002,0.13203099403157142,-0.12743300382814338,0.4864085655913213,3.8460535767495703,1.2784740743676875,4.91707978650344,5.831102126034921,0.19889958445834457,0.03956104469770215
142,825.0,0.0019028088704405005,0.5197701804739763,0.5197666974983607,0.27015741982835234,1.6349196,3.218,0.3431282880116056,0.051532977663624156,0.11976408896352897,3.145466326115753,1.2717874047665598,4.000364455671359,4.764747347046776,0.5197666974983607,0.2701574198283524,-3.895975270999994e-05,0.5024323525220526,0.5024323510115385,0.2524382673429818,1.5981616,2.8776,0.34442308241763875,0.5809814850514189,-0.22420850481465981,3.1808493063349337,1.2418848741865813,3.950248640604234,4.640111774106097,0.5024323510115385,0.2524382673429818,-0.023203762473523643,0.19979057045092086,0.19843854829184945,0.03937785744817667,0.76988621,1.49228,0.1322126823053436,-0.15226909969146993,0.5109521046939887,3.853466198441657,1.277379995934952,4.922340636900879,5.823088954673478,0.19843854829184945,0.03937785744817667
143,830.0,0.0016085050949858008,0.5217603562095525,0.5217578768195824,0.27223128202327856,1.6349196,3.191,0.3456676518616876,0.06322334395344187,0.09130219883008417,3.133468421934636,1.2690917450158614,3.9766589075451244,4.729744282390017,0.5217578768195824,0.2722312820232785,1.5598739924999806e-05,0.5014726932076536,0.5014726929650475,0.2514748617896168,1.4965616,2.707,0.3423146712017329,0.5844600357819788,-0.21209101818551757,2.9843331855764523,1.2445911935877463,3.714274801500118,4.37188857476122,0.5014726929650476,0.2514748617896169,-0.02388806647533226,0.19918894735250245,0.19775135151868897,0.039105597027468096,0.73342621,1.4558200000000001,0.1315491666612369,-0.10436288808262738,0.49403693367127843,3.68206278384545,1.2784018009308629,4.70715569400853,5.5753010727061945,0.197751351518689,0.0391055970274681
144,835.0,0.0019023743264744005,0.5218164398146555,0.5218129720817258,0.272288777832764,1.6879196,3.2430000000000003,0.34423268554918424,0.073248598190565,0.122404253437431,3.2346999274295265,1.2716587810600228,4.113434566809976,4.9034262894214,0.5218129720817258,0.27228877783276395,0.000431382113659,0.5021046716357762,0.5021044863252495,0.25210891518794265,1.5341616,2.7656,0.3422075399906177,0.5934773721090428,-0.18515673685482614,3.0554617127977486,1.2457957793385823,3.8064813057340707,4.483132078393311,0.5021044863252495,0.25210891518794265,-0.02464330697478026,0.1987497721363808,0.197216072736504,0.03889417934561003,0.70886121,1.359255,0.13081847097025245,-0.07233083195008437,0.47210407314973457,3.5666013720689156,1.2791896560977263,4.562359582574515,5.418663012512904,0.19721607273650402,0.03889417934561004
145,840.0,0.0017508689953633996,0.5222888018106465,0.5222858670829241,0.2727825269545619,1.7559196,3.433,0.3446535330066454,0.08478189632624566,0.11719942988211374,3.361970606899209,1.2711661783423827,4.273623328071489,5.094738431032254,0.5222858670829241,0.2727825269545619,0.0009364391535860009,0.5028516072531437,0.502850735306991,0.2528588619987815,1.5341616,2.7656,0.34263130026032246,0.5821989986154237,-0.21986333050378626,3.0509231309420435,1.2453873104556366,3.7995809524508015,4.47758742074756,0.5028507353069911,0.2528588619987816,-0.02592482566888764,0.1988058535220077,0.19710827179155058,0.03885167080865177,0.73558621,1.3709799999999999,0.13143089636419,-0.09927990607275168,0.4755820749367703,3.7000228965520425,1.2764861221411776,4.7230278790532845,5.596752592797653,0.19710827179155058,0.038851670808651775
146,845.0,0.001302584437520801,0.519257424207889,0.5192557904046855,0.26962657586879474,1.7559196,3.433,0.34325259722314444,0.09856930597955807,0.10114487931799054,3.381597485444913,1.2705274108894875,4.296412297852727,5.115531868382331,0.5192557904046855,0.2696265758687947,0.0008559395148769998,0.4997535004947616,0.4997527675004057,0.24975282862431455,1.5650616,2.7264999999999997,0.33979472681430367,0.5757193335213653,-0.2072191234686258,3.131667108785774,1.2469375276960784,3.9049932421964586,4.60590314238543,0.4997527675004057,0.24975282862431455,-0.026047110872957437,0.19769141596815434,0.1959679666748259,0.03840344396266568,0.75369621,1.42509,0.13035919115688968,-0.12544987950300168,0.4719198890254437,3.8124882980321773,1.2783883398987383,4.873840586204722,5.781688297627689,0.19596796667482594,0.03840344396266569
147,850.0,0.0011866044372316005,0.5219188719324137,0.5219175230332018,0.2723979008491128,1.6839196,3.3120000000000003,0.3435620150291309,0.10585454683930966,0.13526893333486667,3.2264010568639883,1.273860173577606,4.109983810327732,4.901355581632676,0.5219175230332019,0.27239790084911286,0.0004587546031730001,0.5021783987600315,0.5021781892171376,0.2521829337254033,1.5650616,2.7325,0.34133104701451994,0.5777612922389019,-0.18496447545401296,3.116545044279917,1.2478467364664099,3.888970562555257,4.5851721186482735,0.5021781892171376,0.2521829337254033,-0.02625258917402829,0.1984515941282999,0.1967074903854024,0.03869383677372317,0.75369621,1.46209,0.13106450358965596,-0.13363206194374727,0.440239081135819,3.7978843823886432,1.2772511697502449,4.850852269982081,5.750574635827516,0.1967074903854024,0.03869383677372318
148,855.0,0.0017165683718866006,0.5259217463735043,0.5259189449920788,0.27659073670158124,1.6839196,3.3120000000000003,0.3471559236094281,0.09470154494207018,0.12445708355480578,3.201844402920159,1.27168626042642,4.071741535216801,4.85061462437989,0.5259189449920788,0.2765907367015812,-0.0003267765167719981,0.5069447353362608,0.5069446300161977,0.25699285790225956,1.5358616,2.8193,0.34494766685920664,0.5831023744287005,-0.18817116876009132,3.0296430615484145,1.246967519107186,3.7778664922393266,4.4524481466543016,0.5069446300161977,0.2569928579022596,-0.02752810336737043,0.20132111706883155,0.19943017751292694,0.03977239570283755,0.72330621,1.4317,0.1341456750741297,-0.11071679140653845,0.3946720288797696,3.592798512799341,1.2712914861654394,4.567494160829654,5.3919458051875075,0.19943017751292694,0.039772395702837554
149,860.0,0.0017389097187130004,0.5221909665959402,0.5221880712802548,0.2726803817873925,1.6559196,3.274,0.34735871230865034,0.08056342414673982,0.10333715589791126,3.171099666458447,1.267111119068764,4.018135647044748,4.767174512463675,0.5221880712802549,0.2726803817873926,-0.0005863822579409995,0.503374764491141,0.5033744229520996,0.25338580968235924,1.5142616,2.7977,0.3437678331197458,0.5863064296877989,-0.19483241916985383,3.008219137744736,1.2442847470599596,3.7430811889096387,4.404896136610118,0.5033744229520996,0.25338580968235924,-0.02839842266709768,0.20098997197483884,0.1989736123823141,0.03959049842446737,0.73224621,1.38364,0.13376418920674796,-0.11424131552751475,0.38225680637182124,3.643197731733935,1.271241275129831,4.631383330039555,5.474157278882984,0.1989736123823141,0.03959049842446738
150,865.0,0.0016384324946360003,0.5212079295252763,0.5212053542884856,0.2716550213389858,1.7199196,3.338,0.34529960177147306,0.08953413786248689,0.09884174630237474,3.299872282385511,1.2692371071222042,4.188320349567731,4.98094869260313,0.5212053542884857,0.27165502133898584,-5.80847397819996e-05,0.5001952528409332,0.5001952494684133,0.2501952875907682,1.5418616,2.7753,0.34214405921375546,0.58181054857114,-0.21768786499030313,3.082519458636938,1.2427231567203634,3.8307183122892416,4.506469010577552,0.5001952494684133,0.2501952875907682,-0.02892034806219414,0.20014275283727945,0.19804225554473437,0.03922073498124587,0.73277621,1.41017,0.1326336646683031,-0.12127825795302015,0.40626484292974885,3.6612677681902555,1.2735502235146936,4.662808384525843,5.5248131146233765,0.19804225554473437,0.03922073498124587
151,870.0,0.002209305002075801,0.5187743128817043,0.5187696084749879,0.26912190667729224,1.8019196,3.377,0.3431384099464564,0.10520720402125545,0.08672490584198789,3.4734171589773575,1.2697629653456968,4.410416471665714,5.251290872045403,0.5187696084749879,0.2691219066772922,0.0007159407606439998,0.5023198032566519,0.502319293052366,0.2523246721726287,1.5418616,2.7753,0.3427866000473228,0.5808367401526379,-0.20730870217353736,3.0694820112680516,1.244557588343965,3.8201471294089497,4.498021800697988,0.502319293052366,0.25232467217262877,-0.029482642220069657,0.19974476988846984,0.19755694598145906,0.03902874690552113,0.73277621,1.41317,0.13177459597811117,-0.12293450170546032,0.45460379799708184,3.668562688320477,1.2778544068086903,4.687888997924258,5.560830633255898,0.19755694598145906,0.03902874690552113
152,875.0,0.001980148423065801,0.5177404106835071,0.5177366240347975,0.26805121186694925,1.8039196,3.4379999999999997,0.34320002164488367,0.10206261352449314,0.11575745853457509,3.4842163423529438,1.26948334227235,4.423154607490157,5.25617565918033,0.5177366240347975,0.26805121186694925,0.00035803902122900027,0.5013351137361791,0.5013349858856121,0.25133676807292693,1.6189616,2.7974,0.34240877778320117,0.5811555479079593,-0.19583102877908098,3.2293002337992163,1.2442772644615894,4.01814486103686,4.7281544897340755,0.5013349858856121,0.25133676807292693,-0.030033805824750442,0.19927989635936333,0.19700367407913938,0.038810447600679775,0.79031621,1.47071,0.13176698791163274,-0.1367454288457712,0.46099508000270717,3.965860201848034,1.276901311477489,5.064012092876133,5.9978316460418135,0.1970036740791394,0.03881044760067978
153,880.0,0.0016471890114260002,0.5194325620338085,0.5194299503006801,0.26980747326936694,1.8049196,3.439,0.34316599670739073,0.09749466184264637,0.14107315823285438,3.4747910160520945,1.2724567122582018,4.421521152069985,5.259610851068706,0.5194299503006801,0.269807473269367,-0.00017163236698399995,0.5019829155702515,0.501982886228944,0.25198681806674095,1.6189616,2.7834000000000003,0.3421477627364255,0.5923156677492453,-0.19926072051383947,3.2251328676412485,1.2456389209214547,4.0173510250769615,4.731761467770204,0.501982886228944,0.25198681806674095,-0.030368394068467,0.20048903690027417,0.19817571637035097,0.03927361455890179,0.79031621,1.50271,0.1324894586820774,-0.16169670942729825,0.48742153318291814,3.941942273846691,1.2772725186489888,5.0349345364850855,5.965125209670062,0.19817571637035097,0.0392736145589018
154,885.0,0.0021261666160067995,0.5177356796582103,0.5177313139135685,0.26804571340667005,1.8049196,3.434,0.34274787177273097,0.09194781312606687,0.1223975762669327,3.486179668342619,1.2706561845589517,4.429735756063224,5.2660271547850925,0.5177313139135685,0.26804571340667,0.00028837389945800105,0.5031355123572577,0.5031354297159905,0.25314526063549436,1.5675616,2.748,0.34228759789565244,0.6053776277479038,-0.18492505014480143,3.115585287660898,1.2474993753985664,3.886690700357933,4.579662277094471,0.5031354297159905,0.25314526063549436,-0.031183888071103002,0.20072352949083383,0.1982864100638936,0.039317500416026566,0.76877621,1.48117,0.13258579545485472,-0.15544368420285062,0.4815881571874949,3.830025368476328,1.278138066097229,4.895301217567662,5.79833011042097,0.1982864100638936,0.039317500416026566
155,890.0,0.0022903262215405993,0.517346745879462,0.5173416761463043,0.26764240987786764,1.6290804,3.25,0.3428574254290744,0.09714745677381934,0.11227268573610871,3.1489139788260383,1.2691281959201843,3.996375517055339,4.751480583981116,0.5173416761463043,0.26764240987786764,0.0008507947878849997,0.502274342478758,0.5022736219041346,0.2522787912606976,1.5675616,2.755,0.3427372271066631,0.5941054137681744,-0.1988019634237328,3.120927085910813,1.2453730087833454,3.886718355174188,4.573654321805433,0.5022736219041346,0.2522787912606976,-0.03212220137291842,0.19991239081409162,0.19731479463021465,0.03893312817996378,0.69617621,1.34357,0.13217352272884397,-0.126334048080865,0.4529636590553916,3.482406503994085,1.2769638743133551,4.446907301274313,5.267138195508462,0.19731479463021467,0.03893312817996379
156,895.0,0.0020249215280117995,0.5163909876327301,0.5163870174598812,0.2666555518011117,1.6629196,3.279,0.3425355477634064,0.11229402083430065,0.10673163111180095,3.220272312697117,1.268435638188516,4.084708166096776,4.85473583941308,0.5163870174598812,0.2666555518011117,0.0008347786105230003,0.5023838830398324,0.5023831894907028,0.25238886908285146,1.5623616,2.7498,0.3428386033467048,0.5781382367854108,-0.2193678042276761,3.109895943608775,1.2446384260509067,3.8706959924353246,4.557134420536708,0.5023831894907029,0.2523888690828515,-0.032606315974086246,0.1999040813830313,0.19722695026844494,0.038898469912191654,0.74291621,1.41431,0.13133931837946916,-0.14643195767947956,0.46813773872924846,3.7163633921836565,1.2803986345001186,4.758426612658182,5.656464638057174,0.19722695026844494,0.03889846991219166
157,900.0,0.0015734897257809997,0.5149368152589191,0.5149344112011559,0.2651574478390811,1.7030804,3.3659999999999997,0.3412482361153045,0.11200346696532135,0.13953779545988088,3.307358008853303,1.2696430423709906,4.19916408457057,4.9907375914598,0.5149344112011558,0.265157447839081,0.0006831075995760004,0.4987018803458492,0.49870141249498495,0.24870309882449315,1.5200616,2.7715,0.34045616056716693,0.5805395152093812,-0.2011062097082701,3.0480366325184876,1.2448104436390155,3.7942278327533097,4.464779246372646,0.4987014124949849,0.2487030988244931,-0.03354672287364382,0.19932614178689234,0.19648289539826932,0.038605528184087246,0.74291621,1.4813100000000001,0.131566304166602,-0.17400074666142346,0.43352333222949735,3.7271388656801565,1.2769995931899258,4.759554815235921,5.646705778549859,0.19648289539826935,0.03860552818408726
158,905.0,0.001590454744708999,0.44980165329218214,0.44979884143702,0.20231899775808543,1.7030804,3.338,0.3025059962680877,0.10406253154664487,0.3218062333214671,3.786291996783109,1.2615081415161724,4.776438180099417,5.629906253133215,0.44979884143702004,0.20231899775808548,0.0012511801292660015,0.43612277640854447,0.4361209816674513,0.19020151065058138,1.5200616,2.7715,0.29296026106664336,0.44492567722971194,0.04580804734128385,3.485398337866353,1.258532789583067,4.386488092963126,5.18862727137662,0.4361209816674513,0.19020151065058138,-0.03737554832617585,0.1743765599905064,0.17032396502383443,0.029010253061440373,0.73839379,1.47624,0.11370005660855649,-0.1695811072838267,0.749181074319996,4.234478476007328,1.2868562965530308,5.449165289468312,6.494225350670866,0.17032396502383446,0.029010253061440384
