indice_janela,tempo_centro_s,aceleracao_x_g_mean,aceleracao_x_g_rms,aceleracao_x_g_std,aceleracao_x_g_variance,aceleracao_x_g_peak,aceleracao_x_g_peak_to_peak,aceleracao_x_g_sra,aceleracao_x_g_skewness,aceleracao_x_g_kurtosis,aceleracao_x_g_crest_factor,aceleracao_x_g_shape_factor,aceleracao_x_g_impulse_factor,aceleracao_x_g_clearance_factor,aceleracao_x_g_rms_espectral,aceleracao_x_g_energia_espectral,aceleracao_y_g_mean,aceleracao_y_g_rms,aceleracao_y_g_std,aceleracao_y_g_variance,aceleracao_y_g_peak,aceleracao_y_g_peak_to_peak,aceleracao_y_g_sra,aceleracao_y_g_skewness,aceleracao_y_g_kurtosis,aceleracao_y_g_crest_factor,aceleracao_y_g_shape_factor,aceleracao_y_g_impulse_factor,aceleracao_y_g_clearance_factor,aceleracao_y_g_rms_espectral,aceleracao_y_g_energia_espectral,aceleracao_z_g_mean,aceleracao_z_g_rms,aceleracao_z_g_std,aceleracao_z_g_variance,aceleracao_z_g_peak,aceleracao_z_g_peak_to_peak,aceleracao_z_g_sra,aceleracao_z_g_skewness,aceleracao_z_g_kurtosis,aceleracao_z_g_crest_factor,aceleracao_z_g_shape_factor,aceleracao_z_g_impulse_factor,aceleracao_z_g_clearance_factor,aceleracao_z_g_rms_espectral,aceleracao_z_g_energia_espectral
0,112.5,-0.0050344020626338,0.20932500500009094,0.20926445592637044,0.04379161251415984,1.5490804,2.966,0.07986396127502207,-0.7851929890700189,5.290363763235,7.400360028651747,1.6498259643895015,12.209306121099887,19.39648841942034,0.20926445592637047,0.04379161251415985,-0.010181671286655999,0.23143972754766243,0.23121565919536397,0.0534606810571467,2.6555616,5.246,0.0803181192164207,-0.27715376940701225,13.39513481180741,11.474095774905873,1.7503476305710435,20.083656352551717,33.06304512490479,0.231215659195364,0.05346068105714671,0.011944145305541281,0.11968569955891316,0.11908821970214578,0.014182004071826543,2.3243938,3.01806001,0.053172190439931204,2.3409725201111913,56.42280321924073,19.420814755365644,1.6700437954016856,32.4336111838439,43.71446390996202,0.11908821970214578,0.014182004071826541
1,116.0,-0.005326861756048,0.2848025339384149,0.284752713563144,0.08108410788157396,1.2178804,2.1098,0.17939367497258474,-0.5680649474166761,1.2745008019242912,4.276227402749695,1.3163730808721013,5.629110640667321,6.788870344431702,0.2847527135631441,0.08108410788157397,-0.009658732998764,0.36119272257673374,0.3610635563432731,0.13036689171925195,1.1648616,2.3203,0.2504964959126864,0.3446456595827963,-0.0233106445904272,3.225041722020107,1.2382501240155486,3.993408312246715,4.650211156670338,0.3610635563432731,0.13036689171925195,0.01178903273054168,0.15006571190793339,0.14960192711898157,0.022380736597713072,0.70373921,1.136133,0.10252595825537578,-0.6546283002491982,0.5359358605434879,4.689540342378478,1.2499823521352569,5.8618426675994275,6.864010070962693,0.14960192711898157,0.022380736597713075
2,119.5,-0.0038199252432579997,0.2563496604293992,0.25632119805705533,0.06570055657340419,1.1331804,1.9341,0.1629560541868311,-0.4937387062071431,1.4082203976711467,4.420448219443174,1.314641763708833,5.811305843592345,6.953901809016528,0.2563211980570554,0.0657005565734042,-0.006532967785079998,0.33590934036987097,0.33584580580921497,0.11279240527964093,1.1462216,2.0736600000000003,0.23291668831343215,0.606454050605787,0.08136749644142682,3.4122945159485334,1.2386122639528239,4.226509835672818,4.921165624927435,0.33584580580921497,0.11279240527964093,0.013692742702101919,0.13930014105023816,0.13862553189766408,0.019217038093910285,0.70373921,1.107133,0.09565556127817022,-0.7763557268698353,0.616986761801471,5.051963369844676,1.246709442913231,6.298330438437106,7.357013022520436,0.13862553189766408,0.019217038093910285
3,123.0,-0.0043972205592644,0.25038514664855194,0.2503465320582054,0.06267338611357005,1.0841804,1.8840999999999999,0.15880782012101505,-0.4671025686030093,1.3287803441473347,4.330050781813299,1.3135999536589587,5.687954506330888,6.8269962976245795,0.2503465320582054,0.06267338611357005,-0.0076361517711120005,0.315613586507654,0.31552119607778,0.09955362517435291,1.0475616,1.903,0.21817689013032088,0.6015539675474852,0.13966761595133947,3.3191270743174917,1.2419239841901926,4.122103520169916,4.801432449487538,0.31552119607778006,0.09955362517435293,0.012209853480968761,0.13692831567183072,0.1363828549000856,0.018600283110697797,0.69160621,1.08,0.09172525572786902,-0.8636227841097248,1.112602586585738,5.05086334120649,1.2677194817492374,6.403077857300514,7.539975817040631,0.13638285490008556,0.018600283110697793
4,126.5,-0.0037563457550599992,0.24604074642926305,0.24601207037468178,0.06052193877003738,1.0978804,1.9098,0.1547640940416283,-0.42961753441821876,1.3254592039622182,4.462189356573268,1.3203642823776756,5.891715447625165,7.093896079698519,0.24601207037468176,0.06052193877003737,-0.005847427762762,0.30212009500919224,0.3020635022589168,0.09124235939692264,1.0189716,1.82141,0.2093031554854395,0.622719359853331,0.14192749716341613,3.372736924265157,1.240706068190758,4.1845751683468135,4.868400562985713,0.3020635022589168,0.09124235939692264,0.01378306946760752,0.13003890274189545,0.12930639281322193,0.01672014322236725,0.69042621,1.0788200000000001,0.08800350973240786,-0.8390066986065532,1.2151135764810226,5.309382003709888,1.2599122947810952,6.689355664163574,7.845439484168051,0.12930639281322193,0.01672014322236725
5,130.0,-0.0034314690216751998,0.24349686529888342,0.24347268518405887,0.05927894843073584,1.1020804,1.914,0.15558344402811303,-0.48741840553265453,1.191495252971814,4.526055802185531,1.3059285884538872,5.910705665011676,7.083532614182653,0.24347268518405887,0.05927894843073585,-0.004881095747942001,0.2932165026243106,0.29317587266951517,0.08595209231553176,1.0106416,1.78708,0.20059725422806396,0.6780839237730065,0.27391260160724196,3.44674188169724,1.2510165867655503,4.311931264302752,5.038162680187919,0.29317587266951517,0.08595209231553176,0.01373078345320748,0.12661331653495556,0.1258665861527275,0.015842397509741975,0.65853621,0.99693,0.08503723906915575,-0.8320827733538914,1.1137048525258342,5.201160731132025,1.2642949948113913,6.575801479579776,7.744092084932949,0.12586658615272753,0.01584239750974198
6,133.5,-0.003666827039034399,0.24101433712109208,0.24098644168787842,0.05807446507738522,1.0072804,1.8172,0.1555688243012308,-0.4734060645245108,1.145937051651206,4.179338092629383,1.300100601463107,5.4335599679451345,6.47482170366978,0.24098644168787842,0.05807446507738522,-0.00523202774226,0.2849023737417025,0.2848543284722227,0.08114198844936095,1.0221616,1.8486,0.19488096330284616,0.644463715659594,0.33653569365191105,3.587760911134807,1.2520307494590854,4.4919869824481236,5.245056175197343,0.28485432847222275,0.08114198844936096,0.01419134343345316,0.12288885631723157,0.12206668988102762,0.014900276778510971,0.65853621,0.97593,0.08216712292026891,-0.850157252162281,1.2266407846656637,5.358795172607197,1.268389757297945,6.797040908392642,8.014594969316528,0.12206668988102763,0.014900276778510975
7,137.0,-0.0042306913076968,0.23833442498245044,0.23829687237304287,0.05678539938277428,1.0072804,1.7782,0.1529338411113595,-0.48217474655312126,1.1834263034949482,4.226331970608821,1.302961835741424,5.50674926287714,6.586380049570219,0.23829687237304287,0.05678539938277428,-0.005496301731182001,0.27997405244412576,0.2799200970085318,0.07835526070926588,1.0023516,1.73279,0.19065910281290596,0.6394198891366157,0.3460040344324731,3.5801589156196485,1.256026256242705,4.496773599539689,5.257297371128453,0.2799200970085318,0.07835526070926588,0.0140256294298764,0.12302272513626913,0.12222058999632512,0.01493787261904981,0.58310621,0.9244999999999999,0.08198373611984054,-0.8557139177609393,1.2396211445774412,4.739825177454882,1.2711287432341936,6.024928020968011,7.112462027195719,0.12222058999632512,0.01493787261904981
8,140.5,-0.0049632090477124005,0.29706375372407806,0.29702228928581836,0.08822224033258838,1.1590804,2.198,0.19005635207243982,-0.22425940200751396,0.7507380714983225,3.901790055062017,1.3009971717864275,5.076217826540093,6.098614370743143,0.29702228928581836,0.08822224033258838,-0.007489377741604,0.32013399072475784,0.3200463735748351,0.10242968123840292,1.2084384,2.26161,0.21058919768732895,0.07706243518867271,0.4820765521936843,3.774789416344674,1.2797143940049385,4.83065235043378,5.738368412392271,0.3200463735748351,0.10242968123840293,0.010605095463099859,0.1361447498310437,0.13573107550143412,0.01842292485677601,0.67070621,1.1671,0.08800829975765755,-0.7004810202538231,1.3732283264617395,4.926419937840788,1.2937033240026927,6.373325849017767,7.620942704800319,0.13573107550143415,0.018422924856776015
9,144.0,-0.002605385114238001,0.4445938089151614,0.4445861748796262,0.19765686689409756,1.2889196,2.448,0.3296734013057441,0.12259035792910351,-0.7428664686850968,2.89909480103884,1.1847222231783123,3.4346220378914216,3.909686358969059,0.4445861748796262,0.1976568668940976,-0.0056095662254719994,0.4805042017878565,0.48047145669909175,0.23085282070254717,1.5274384,2.7631,0.3252952260082942,-0.2049465526421678,-0.2254836107575171,3.17882423153995,1.2486704527055237,3.969303892268278,4.695545086053782,0.48047145669909175,0.23085282070254717,0.01887825758885586,0.17194624433313643,0.17090676502315366,0.029209122330679464,0.68005621,1.28845,0.11709498123863658,-0.13318233725072848,0.18131255610456698,3.95505125824341,1.250620909450892,4.946269801509268,5.807731491190582,0.17090676502315366,0.029209122330679464
10,147.5,-0.0031748653470320006,0.43315030539177096,0.4331386698171991,0.18760910729101266,1.1459196,2.2895000000000003,0.3231135941345544,0.30828529503538105,-0.7261659908920932,2.6455472516948855,1.1818643145133934,3.126677889137168,3.54649145316617,0.4331386698171991,0.18760910729101266,-0.004580119833226002,0.5011183714818223,0.5010974403635553,0.25109864473890686,1.5024384,2.5711399999999998,0.34216912262748994,-0.26082283958533914,-0.3247421436301985,2.9981706628660287,1.2419626964681436,3.723616120924775,4.3909233786581705,0.5010974403635553,0.2510986447389069,0.016355135594164922,0.16448126696790197,0.16366611354542127,0.026786596723062724,0.71316521,1.252559,0.1153593232315135,-0.08963699363290074,-0.1605025832876823,4.3358445806425605,1.226693835942303,5.318753820678069,6.1821202658128955,0.16366611354542127,0.026786596723062724
11,151.0,-0.0031981422786199983,0.41782410165089195,0.417811861734849,0.1745667518063406,1.1461804,2.2411000000000003,0.3133799649442114,0.2649271469057775,-0.7324043950598695,2.7432127430448654,1.1795682375772298,3.2358066206128298,3.6574782315903493,0.4178118617348491,0.17456675180634065,-0.0038111836255120012,0.4928046030546551,0.492789865633648,0.24284185167122888,1.4544384,2.5587400000000002,0.33592408907170807,-0.26224094755340105,-0.32473019935517966,2.9513490559638575,1.2420883171347588,3.665836182199407,4.329663895254407,0.49278986563364807,0.2428418516712289,0.015560855804725838,0.16624774287651448,0.16551788960157815,0.02739617177816021,0.71316521,1.208559,0.11675656973606903,-0.18486276063071658,-0.12300920809212901,4.289773789769434,1.2257422698871294,5.2581570623743,6.108137740018628,0.16551788960157818,0.027396171778160217
12,154.5,-0.0037362879424283997,0.4162482635454734,0.4162314945520499,0.17324865705703313,1.1461804,2.2231,0.3088680670190897,0.2925884988602458,-0.7137820461345923,2.753598033628276,1.1862152031675999,3.266359850902269,3.710906119437591,0.41623149455204994,0.17324865705703318,-0.0055445450217080005,0.475555704754095,0.4755233814910327,0.22612248634466622,1.5624384,2.66674,0.32405838964830563,-0.23704049983227973,-0.30455019040661613,3.2855002776339757,1.2427683168066928,4.083115649903098,4.821471839367234,0.4755233814910326,0.22612248634466617,0.013266799581848758,0.16371841658232822,0.16317999864284785,0.026627711957079827,0.69596621,1.19136,0.11268614571861225,-0.25613632675029874,0.23092608400471448,4.250995242493218,1.2425335679148375,5.282004285844097,6.176147081451274,0.16317999864284785,0.02662771195707983
13,158.0,-0.0022273641020559985,0.4619411619453463,0.4619357920193818,0.21338467594857352,1.5150804,2.907,0.32389146164186416,0.05161233418899501,-0.43500460960115284,3.279812506033515,1.223727096816678,4.0135954361114266,4.677741093636073,0.4619357920193818,0.21338467594857355,-0.004274529049879998,0.5671879496025879,0.5671718421922843,0.3216838985757895,2.0074384,3.7645999999999997,0.37104081923917936,-0.007441588497952077,0.2770939773117478,3.5392825277874,1.2815752188870333,4.53585678025219,5.410289908577337,0.5671718421922843,0.3216838985757895,0.0186769117989948,0.2109194760057458,0.21009092870514648,0.04413819832419094,0.93340621,1.6418,0.135132873792688,-0.3094246680315449,0.9771546796875095,4.425414986212902,1.299569116661308,5.751132644492415,6.9073215406635295,0.2100909287051465,0.04413819832419095
14,161.5,-0.0015741762046679992,0.5251019680618144,0.52509960848554,0.2757295988316675,1.5150804,2.907,0.36723139333553645,-0.013182047488100875,-0.556795253903767,2.885307030160752,1.2237997399286997,3.5310379931251776,4.125683227238917,0.5250996084855402,0.27572959883166753,-0.0048143682871020005,0.7145324930651216,0.7145162737851771,0.5105335055038541,1.8668616,3.6703,0.488792753616991,0.0832448283988205,-0.4571400080537815,2.6127035762806896,1.239771652470035,3.2391558301798806,3.8193315800725607,0.7145162737851771,0.5105335055038541,0.02201335436407876,0.27049963048503867,0.26960241527513057,0.07268546232218397,0.93340621,1.7008,0.18401671181114482,-0.3291575524257647,0.00854395237438732,3.4506746213526776,1.2470334910626508,4.303106819586721,5.072399135997761,0.2696024152751306,0.07268546232218398
15,165.0,-2.446222401600071e-05,0.5142327762150982,0.5142327756332601,0.2644353475354868,1.3739196,2.693,0.36054767711917934,-0.030580449059037708,-0.5570272413712583,2.6717853539256,1.2229865232838426,3.2675574809581605,3.810646100892365,0.5142327756332601,0.2644353475354868,-0.002670672306305999,0.6876278672089788,0.6876226808881463,0.47282495127180146,1.9006616,3.5991,0.4723430267182505,0.09317933306308576,-0.4608385376657558,2.7640846024967236,1.2371569752360256,3.4196065461213188,4.023901047519289,0.6876226808881463,0.4728249512718014,0.02537654838623312,0.25915701692182747,0.257911593791015,0.06651839021182154,0.92660621,1.619,0.1754555174065057,-0.31938195743633035,0.09843769919927192,3.5754625555035733,1.251001037997652,4.472907368256707,5.281146034599665,0.257911593791015,0.06651839021182154
16,168.5,-0.0009175947236320024,0.5114345329950454,0.5114337098390986,0.26156443955978337,1.3739196,2.698,0.3591352120697407,-0.07157746078167318,-0.5593542418943516,2.686403657481045,1.22206759637602,3.2829668605936093,3.8256332262212087,0.5114337098390987,0.2615644395597834,-0.0026076845982239993,0.6796062565671415,0.6796012536379253,0.46185786394623973,1.9006616,3.5991,0.4671066591292468,0.09171523442807183,-0.4631565699005087,2.7967099796884005,1.2365792546217642,3.4583535420763316,4.069009856427873,0.6796012536379253,0.46185786394623973,0.02462079150663872,0.25419663995723,0.253001479029535,0.06400974839113226,0.89780621,1.6412,0.17300547989303308,-0.3142798796670889,0.027272027145028854,3.531935788573212,1.2476732136399653,4.406701675699145,5.189466891771875,0.253001479029535,0.06400974839113226
17,172.0,-0.0019248130450487998,0.5138950640238235,0.513891459281813,0.2640844319227913,1.3339196,2.661,0.3619521220665399,-0.08277714974017904,-0.6000262325879913,2.5957042466128093,1.2190650564762,3.1643323439925566,3.6853481957339573,0.5138914592818131,0.26408443192279135,-0.004038671331892001,0.66960836968828,0.6695961901702169,0.4483590578904692,1.7402616,3.3716999999999997,0.4567388796067935,0.11611590570510012,-0.4434288843649461,2.5989245039008946,1.2416623626045995,3.2269867397445715,3.8101893175772363,0.6695961901702168,0.4483590578904691,0.02103400181261876,0.25363391754706366,0.2527602320342689,0.06388773489801745,1.0582062,1.7615999900000001,0.17056755495975254,-0.4014405403374262,0.261685738144962,4.172179376615283,1.2562612195706844,5.241347151934373,6.204029835860029,0.2527602320342689,0.06388773489801745
18,175.5,-0.0015988650488564006,0.513737497959925,0.5137350099425574,0.26392366044067955,1.4029196,2.73,0.35956773168668765,-0.06763331883069078,-0.578486592986331,2.730810200873126,1.2228475707949324,3.339364620439724,3.901683817452356,0.5137350099425574,0.26392366044067955,-0.00309093053434,0.6626387348340758,0.6626315258504808,0.4390805390509364,1.7691616,3.4006,0.4518471870437424,0.11197439732767399,-0.43870526249375885,2.6698735027058094,1.2418305127840659,3.3155303809337453,3.915398060957124,0.6626315258504808,0.4390805390509364,0.02047150212231612,0.24961416167153977,0.24877328495608525,0.0618881473078416,1.1000062,1.75139999,0.17061384597825313,-0.3725697143449945,0.16234320852967832,4.40682608964898,1.2452261070131028,5.487494895897374,6.4473442568090835,0.24877328495608525,0.0618881473078416
19,179.0,-0.0009803269850240004,0.5060224264555283,0.5060214768514701,0.25605773503494295,1.4029196,2.779,0.3538783539706142,-0.06575211743128927,-0.5318507460508126,2.7724455017277685,1.2249967331963112,3.3962366825813244,3.9644120197204757,0.5060214768514701,0.25605773503494295,-0.001279155009257999,0.6577896314151214,0.6577883876747167,0.43268556295970345,1.7984616,3.4109,0.4455941835941898,0.13178169935526993,-0.40843278389685533,2.734098432246369,1.2457599634552834,3.406030363038384,4.036097566385403,0.6577883876747168,0.4326855629597035,0.02205672411176436,0.24698475730364117,0.24599790905980487,0.06051497126179603,1.1000062,1.75139999,0.16936365629994005,-0.3505716834409108,0.12528021618780993,4.4537412430179275,1.2435934504038495,5.538643439610594,6.494936540882823,0.24599790905980493,0.06051497126179605
20,182.5,-0.0025795478518360012,0.503629777466187,0.5036231713131566,0.2536362986835211,1.3760804,2.7039999999999997,0.35012921597627605,-0.09542048724839478,-0.5466530701364865,2.732325334143667,1.22695831115472,3.3524492775061696,3.930207298362785,0.5036231713131567,0.25363629868352117,-0.002998529977368,0.6537722191820046,0.6537653427584992,0.42740912339213794,1.8029616,3.4534000000000002,0.44554386295345644,0.14012457664413538,-0.3978202180466246,2.757782522872956,1.2433789411010534,3.4289687130767676,4.04665342722574,0.6537653427584992,0.42740912339213794,0.01864306271006076,0.24940399295598592,0.24870622813910032,0.06185478791517821,0.96330621,1.6757,0.170676052973626,-0.3515666282417467,0.11061145120311533,3.8624329890740823,1.246097362661579,4.812967561142294,5.644061912709315,0.24870622813910037,0.06185478791517824
21,186.0,-0.0017288269560259998,0.5032531105272813,0.5032501409962445,0.25326070441274007,1.3930804,2.7220000000000004,0.3500842355804815,-0.1329359076518736,-0.5315570170776316,2.768150600282244,1.2277135183122336,3.398495912690635,3.9792720106065507,0.5032501409962447,0.2532607044127402,-0.0028678141148339997,0.6501396654252537,0.650133340324478,0.42267336020146357,1.6851616,3.2656,0.44424819041024,0.14614473330325276,-0.417130505035495,2.5919993650867967,1.2414715395068832,3.2178934421751695,3.79328860843269,0.650133340324478,0.42267336020146357,0.0191101209200308,0.24633863874943676,0.2455962707765476,0.0603175282193473,0.96330621,1.7037,0.17037204833976938,-0.31480701911154285,-0.003810044740268026,3.9104957910392066,1.2380720928309583,4.841475708018565,5.654132936635819,0.24559627077654764,0.060317528219347306
22,189.5,-0.0039171545568200015,0.49351186038525796,0.4934963143135887,0.24353861224109632,1.3049196,2.5936000000000003,0.34245004351472574,-0.14440918021641572,-0.5251336643494464,2.6441504343610305,1.230092622505802,3.2525499421030153,3.810540032662858,0.4934963143135887,0.24353861224109635,-0.005580585281320001,0.6431903105461116,0.6431661003569151,0.4136626326483215,1.6851616,3.2626,0.4400948708742329,0.1689592646752437,-0.39750655867609686,2.620004643056866,1.2416443686842327,3.2531140109781007,3.8290871162676496,0.6431661003569152,0.41366263264832154,0.0151696711082312,0.24769790872305525,0.247232957075393,0.061124135064243114,0.92640621,1.5817999999999999,0.16793562316645658,-0.3482334641112576,0.11281095932717022,3.740064721482131,1.2508986293623217,4.678441833828371,5.516436551890798,0.24723295707539297,0.06112413506424311
23,193.0,-0.0038950131500280014,0.48750661050296673,0.4874910503349291,0.23764752415665238,1.3049196,2.5936000000000003,0.33865453124749295,-0.1709663175855837,-0.49370666071474156,2.676721857481477,1.2302830895193675,3.2931256366063315,3.8532471282551617,0.4874910503349291,0.2376475241566524,-0.004945103195813999,0.6385190745572634,0.6384999252371506,0.40768215452784695,1.6441616,3.2156,0.43438448838004734,0.18441253448959133,-0.36195878360226663,2.5749608203013032,1.2459892469039955,3.2083734932945154,3.7850375507918836,0.6384999252371507,0.407682154527847,0.0157200673001848,0.2471077484377701,0.24660721567314678,0.060815118822061934,1.1153062,1.77069999,0.16545109722343057,-0.3988999209782956,0.35742194443996933,4.513440825109825,1.2622981440580514,5.697307976851972,6.741002137289269,0.2466072156731468,0.06081511882206195
24,196.5,-0.0024951031698323993,0.4831484882832914,0.4831420455627947,0.2334262361906016,1.3549196,2.6424,0.3364439792943598,-0.19252108991339204,-0.4618275126621829,2.8043544228281854,1.2291453966297627,3.446959329337579,4.027177430375595,0.4831420455627947,0.23342623619060163,-0.003671389091976,0.6343356153192364,0.6343249906511407,0.40236819376456967,1.7412616,3.3087,0.42932749079479865,0.21531442936569278,-0.3424597944058667,2.745016294132706,1.2487512791571571,3.427842608605456,4.055788733156744,0.6343249906511407,0.4023681937645697,0.0180072571558604,0.24353077592588057,0.24286411326662521,0.05898297751278417,1.0329062,1.7052999899999999,0.1641155886553547,-0.3864111377042928,0.31078808303794503,4.241378511906719,1.257851631977803,5.335024883037453,6.293772629784238,0.24286411326662527,0.05898297751278418
25,200.0,-0.0016968761386303988,0.4807467467683079,0.4807437520547529,0.2311145551396817,1.2911804,2.5561,0.3338864639767517,-0.17753350123340217,-0.4807073982475263,2.6857808371655487,1.2300562626715277,3.3036615389186617,3.867124125432962,0.4807437520547529,0.23111455513968174,-0.0033863206796919997,0.6273312609571152,0.6273221212473689,0.3935330438062985,1.7484616,3.3379,0.42156477287313115,0.20818465013999612,-0.33747659609450587,2.787142469725458,1.2528617578893682,3.4919042141083523,4.147551485584387,0.6273221212473687,0.39353304380629844,0.019018173290222363,0.2409249944845633,0.24017319178478255,0.05768316205208994,0.91830621,1.6147,0.16238357902864048,-0.37233800990766885,0.27519151891893934,3.811585476901768,1.2582939242954725,4.796094847518355,5.655166707700372,0.24017319178478258,0.057683162052089954
26,203.5,-0.002410365061624001,0.4777726745638904,0.4777665943744945,0.22826091870020276,1.2911804,2.5791,0.3301523896538455,-0.18502558306894448,-0.463461939547265,2.702499470440803,1.2329439453695665,3.3320303594444485,3.9108618942718008,0.4777665943744945,0.22826091870020274,-0.0034407545407739997,0.6228982803981785,0.622888777336049,0.38799042893119795,1.7735616,3.391,0.41767290795823314,0.20889755177375915,-0.31993880251784423,2.8472732319413003,1.2550384667654533,3.5734374314779265,4.246293130837575,0.622888777336049,0.38799042893119795,0.018305670815604,0.23994563559241427,0.23924633843768314,0.05723881045583842,1.1505062,1.84189999,0.16151654450052275,-0.414386295857547,0.40239334834512297,4.794861957624089,1.2599084239368101,6.041086972024735,7.123147684702209,0.23924633843768314,0.05723881045583842
27,207.0,-0.002741629925228001,0.4713703475171354,0.4713623743827864,0.22218248798377807,1.3350804,2.567,0.3253498056912133,-0.15469302492641526,-0.4422210879654447,2.832338535998951,1.2341053085243046,3.495404022814262,4.103522967114089,0.47136237438278644,0.22218248798377813,-0.004187547536676,0.6167560052869793,0.616741789165596,0.3803704345031804,1.6728616,3.1783,0.4148083038006507,0.2163240825514853,-0.33973067183517314,2.7123555922598763,1.252262606621105,3.396581484046683,4.032854657615405,0.616741789165596,0.38037043450318037,0.0177071036942524,0.2379568141372605,0.2372970793606945,0.05630990387311574,1.1564062,1.81579999,0.16033058265514014,-0.4606652270187235,0.5360035250888524,4.8597313936677216,1.2604770730607697,6.125580002951825,7.212636421881836,0.2372970793606945,0.05630990387311574
28,210.5,-0.002657090960408,0.47054761234930037,0.47054011025124687,0.22140799535525557,1.4440804,2.6879999999999997,0.32578470449069363,-0.1776423063418715,-0.39939607370237473,3.0689357720680976,1.233547182853254,3.785677075992178,4.432621851469555,0.47054011025124687,0.22140799535525554,-0.004008435596005999,0.6123424047059582,0.6123292848175305,0.3749471530451483,1.6397616,3.1692,0.41317697512576007,0.2351291832581812,-0.3434211325766139,2.677850802750464,1.2499074258553975,3.347065603690642,3.9686664521925508,0.6123292848175304,0.37494715304514825,0.017068010577144004,0.23624027181150017,0.23562289583253573,0.05551814904050998,1.1708062,1.89119999,0.160139255681628,-0.45340787307280006,0.41748984862808225,4.955997514827636,1.2558936984937084,6.224206048622506,7.311175482966359,0.23562289583253576,0.055518149040509994
29,214.0,-0.0013069540170280007,0.47231482151195286,0.47231301325610886,0.22307958249106524,1.4440804,2.7430000000000003,0.32698491324788703,-0.20388617943798712,-0.3487330558620627,3.0574530678018426,1.2342509069414687,3.7736642218654,4.416351768820734,0.4723130132561088,0.2230795824910652,-0.0029520156853359986,0.6071191992616659,0.6071120223776827,0.36858500771551983,1.6178616,3.0942999999999996,0.4110959640031641,0.24102606955286454,-0.3215594117684897,2.6648170605830375,1.249388323748415,3.329391320418019,3.9354840272466105,0.6071120223776827,0.36858500771551983,0.01825933421901476,0.23351088533721454,0.23279589834197692,0.054193930284848056,1.1708062,1.89119999,0.15768735380178794,-0.47768547268032635,0.5162202539361309,5.013925574858026,1.2574740703773286,6.304881401185709,7.424857934211365,0.23279589834197695,0.05419393028484807
30,217.5,-0.0019549798012647997,0.4658838254297349,0.4658797235886322,0.21704391685102037,1.3390804,2.6470000000000002,0.3204518829960546,-0.19024844108331843,-0.36359256199535217,2.8742796527971795,1.2370872326029672,3.5557346614058796,4.178725328371645,0.4658797235886323,0.21704391685102042,-0.0025988823622579986,0.6018597290068177,0.601854117881258,0.36222837921062717,1.6178616,3.2142999999999997,0.40845771991082924,0.2512200018990585,-0.3145006074732515,2.688104091413089,1.2474322162830436,3.3532276443509472,3.960903469649678,0.601854117881258,0.36222837921062717,0.0167069093554544,0.2329964755430584,0.23239672285829605,0.05400823679527566,1.0597062,1.68809999,0.15714516322258817,-0.46012853705314183,0.4179908887844537,4.548164076431118,1.2582984389751792,5.722947757576264,6.7434859480783365,0.23239672285829605,0.05400823679527566
31,221.0,-0.0009061605360483998,0.4640989452321948,0.4640980605849573,0.21538700983871867,1.3390804,2.6340000000000003,0.3199094891192012,-0.19864518923303096,-0.3792292526624981,2.8853338576971783,1.23588745292032,3.5659479122141264,4.185810191772856,0.4640980605849573,0.2153870098387187,-0.002495347107204001,0.6016283464895791,0.6016231715472731,0.3619504405425995,1.5517616,3.0412,0.4101523836201173,0.2597701019334697,-0.3208321592621588,2.5792694261404425,1.2454730812319836,3.2124106395025875,3.7833782320212967,0.6016231715472732,0.36195044054259967,0.0164371718388863,0.23086332332273232,0.23027742711250568,0.05302769343755537,0.85080621,1.5112,0.15367563692481326,-0.4377295698551858,0.40168422049554753,3.6853242765228096,1.266506625523984,4.667487613420522,5.536376663376135,0.23027742711250568,0.05302769343755537
32,224.5,-0.001270314549864401,0.46728913312282433,0.4672874064594777,0.2183575202356251,1.3480804,2.638,0.3236044385042648,-0.2118297226985405,-0.3683299400503146,2.884895676882057,1.2337124825976271,3.5591318075613243,4.165827904681949,0.4672874064594777,0.21835752023562513,-0.0022444797335520014,0.5973878931251824,0.5973836766796277,0.3568672571632699,1.6776616,3.0551,0.40813904007807983,0.26321644125202853,-0.31791192279871083,2.8083287580929377,1.2449309139984337,3.4961752876207273,4.1105148864932195,0.5973836766796278,0.35686725716327,0.017032463158222457,0.23000463923341607,0.22937312237413013,0.05261202926765768,0.83050621,1.4909,0.15370376046331738,-0.447152535252072,0.4013855225159122,3.6108237328081705,1.2635718125931272,4.562535089018702,5.4032914191335415,0.22937312237413016,0.05261202926765769
33,228.0,-0.0027520466266663986,0.4670485036057758,0.4670403954260906,0.21812673095975907,1.3009804,2.5449,0.3215821586746602,-0.21174667688596208,-0.38814544066911827,2.785535956021659,1.236813775481504,3.4451892425066286,4.045561499312473,0.4670403954260906,0.2181267309597591,-0.0037165988679920005,0.5957620500233921,0.5957504571050946,0.3549186071409291,1.5805616,3.1029999999999998,0.4036864486764652,0.2609355352324793,-0.29817439638299925,2.6530081933515914,1.2495914309354608,3.3151763046137166,3.915319935019028,0.5957504571050946,0.35491860714092904,0.013750726685692402,0.2336194944707653,0.2332144629142698,0.054388985712391334,0.90740621,1.5628,0.15667002387209883,-0.4485325274881278,0.334622040820296,3.8841202531304644,1.2608348381170902,4.89723413058306,5.791830418949715,0.23321446291426987,0.05438898571239135
34,231.5,-0.0022203480022620014,0.4640777211909783,0.4640724096092766,0.2153632013605602,1.3120804,2.5469999999999997,0.32155204421061656,-0.1928819543624761,-0.38731984299894817,2.82728590511254,1.2335490456767955,3.4875958301070287,4.080460453053713,0.46407240960927665,0.21536320136056022,-0.0029802794587839997,0.5925000535498688,0.5924925580890826,0.3510474313909449,1.6579616,3.2664,0.40059491735796154,0.2722765400436136,-0.30194993053657626,2.798247173256086,1.2493293960017828,3.4959324508277216,4.138748466742245,0.5924925580890825,0.35104743139094485,0.013799825680891999,0.23173049503536067,0.2313192321025433,0.0535085871405103,1.2681062,1.91049999,0.15476944891680341,-0.4818637519354639,0.5350293626481331,5.472331985509697,1.264991963710214,6.922455984424126,8.193517576467386,0.23131923210254332,0.05350858714051031
35,235.0,-0.0015832837482520003,0.46347793308618085,0.4634752287559831,0.21480928767041088,1.2899804,2.5488999999999997,0.3184764388749457,-0.18137069098648678,-0.3311032828222804,2.783261743251401,1.2388072512454824,3.447924829653978,4.050473575241555,0.4634752287559831,0.2148092876704109,-0.002134331054462,0.5905748162895725,0.5905709595522052,0.34877405826641233,1.6301616,3.2386,0.397674642606962,0.26999245860557725,-0.2987431252396644,2.7602965027223476,1.2516230353876645,3.4548506873072995,4.099234462910312,0.5905709595522052,0.3487740582664124,0.01555560847154876,0.2282986035375245,0.22776802985112657,0.051878275422263684,1.2681062,1.88149999,0.15266796860990575,-0.4717881986819412,0.5307031484140485,5.554594642063006,1.2644100789399348,7.023285449850224,8.306301652838787,0.22776802985112657,0.051878275422263684
36,238.5,-0.001450479481664399,0.46667797720973236,0.46667572309028543,0.21778623052184076,1.2899804,2.5499,0.32079871326188564,-0.20592881358738188,-0.31962542532918503,2.7641767192718043,1.238966874849864,3.424723391408937,4.021152039182021,0.46667572309028543,0.2177862305218408,-0.000775253556898,0.5884909224505497,0.5884904118068716,0.3463209647886213,1.6798616,3.2093,0.3975065933507689,0.27534461739230587,-0.2966061519143306,2.8545242346387374,1.2505722825595176,3.5697888877336257,4.225996821435492,0.5884904118068717,0.3463209647886214,0.017139723735300358,0.22634526511682806,0.22569538965403071,0.05093840891108476,1.0454062,1.7517999899999999,0.15294436907890854,-0.43599816536673786,0.31136126967429556,4.618635161024525,1.2563603970299775,5.802670304641387,6.8352055475847155,0.22569538965403074,0.05093840891108477
37,242.0,-0.001935728134273999,0.46606306511912093,0.4660590452129646,0.21721103362482017,1.4210804,2.723,0.32088721688527855,-0.215366649528266,-0.29129992772060875,3.0491161097195856,1.239404449718688,3.7790880740953896,4.428597729114448,0.46605904521296465,0.21721103362482022,-0.0014996080626800002,0.5841374111701761,0.5841354862566165,0.3412142663042538,1.6380616,3.1025,0.39743936085882237,0.2815621284438917,-0.3066719592214846,2.8042401816355933,1.2469624765940175,3.496782281856777,4.121538431574393,0.5841354862566165,0.34121426630425383,0.01585392072267,0.22718634513037644,0.22663249681238964,0.051362288611417804,1.0932062,1.79959999,0.15187782229117544,-0.42111707649351954,0.3165616671812459,4.811936207577251,1.2614194290904088,6.069869823781563,7.19793175532988,0.22663249681238967,0.05136228861141782
38,245.5,-0.0019043090024492024,0.4619767090270452,0.46197278414499954,0.21341885329068233,1.4210804,2.723,0.31686143538481315,-0.23869651163027533,-0.2651463954891957,3.0760866776008973,1.2421638348581627,3.8210036238048355,4.484863859415916,0.46197278414499954,0.21341885329068236,-0.0008825468618840004,0.5830816283163269,0.5830809604086347,0.3399834063910558,1.7466616,3.1841,0.3955469294375168,0.3001383205608226,-0.2849119527812283,2.995569599823544,1.248833467693187,3.740967571063929,4.415813826399363,0.5830809604086348,0.3399834063910559,0.015608993087230363,0.2277030314203258,0.22716740490838178,0.05160502985280868,0.77703621,1.37643,0.15399409372614156,-0.40993202256528694,0.18790585720593977,3.4124983104227495,1.253891887091564,4.278903946152755,5.045883197194938,0.2271674049083818,0.051605029852808695
39,249.0,-0.0027449298103000004,0.46239876627781235,0.46239061886632116,0.2138050844155795,1.4790804,2.77,0.31735081218070155,-0.25902654751347853,-0.2807989428152915,3.198711821630074,1.2408074172860424,3.9689853540391438,4.660710933229949,0.46239061886632116,0.21380508441557947,-0.0011969040582519995,0.5825428540712961,0.5825416244786348,0.33935474425020673,1.6181616,3.1276,0.3950251309518522,0.30023628279014586,-0.2935181987250659,2.7777554710197454,1.2482293381733165,3.4672758731982856,4.096351024809179,0.5825416244786348,0.3393547442502068,0.0151223573159484,0.22882873031735504,0.22832849609249736,0.052133902127861585,0.78319621,1.38259,0.15428630277134592,-0.4101686338601662,0.21276204293133238,3.4226305801452943,1.2571812007556524,4.302866822490076,5.076252369341598,0.22832849609249736,0.052133902127861585
40,252.5,-0.0017439366542443995,0.4639974323674435,0.4639941550585808,0.21529057592852632,1.3580804,2.643,0.32008059106974057,-0.24124116385373431,-0.2821886313948707,2.926913610428181,1.2386117893007094,3.625309704141049,4.24293267973907,0.46399415505858077,0.2152905759285263,5.3804145379999646e-05,0.5809268251842775,0.5809268226926676,0.3374759733237981,1.6094616,3.1189,0.39315918826740476,0.29408328015268903,-0.2991751527994162,2.770506594336486,1.249214050721191,3.460955765260853,4.093663961136614,0.5809268226926676,0.3374759733237981,0.0170180888834984,0.22737022890987701,0.22673245388625604,0.05140760564528322,1.2686062,1.8499999900000001,0.15443705799396856,-0.46989355883836414,0.4934394504858286,5.579473645614523,1.2553919313294488,7.004426195769776,8.214389839319166,0.22673245388625604,0.051407605645283225
41,256.0,-0.0012249951362240002,0.4618504431090585,0.46184881854016896,0.2133043311869499,1.2909196,2.5646,0.3168253737394916,-0.24448270589406973,-0.27285831820040674,2.7951030885882906,1.2422902040376358,3.472329186228574,4.074546128560566,0.461848818540169,0.21330433118694997,0.0002760780625919998,0.5783049390277603,0.5783048731290485,0.3344365262848049,1.5962616,3.0137,0.39278930030508796,0.2918960235331385,-0.3333884395369946,2.76024203196953,1.2462861344398772,3.4400513721417774,4.063913143153719,0.5783048731290484,0.33443652628480486,0.01727297626054676,0.22504726132909433,0.22438340875124493,0.05034791412282826,0.94800621,1.5724,0.15279652382278272,-0.4542262590383418,0.3914722012488401,4.212476101247453,1.2547830891998428,5.285743775503788,6.204370271535245,0.22438340875124496,0.05034791412282827
42,259.5,-0.0005710215064360006,0.460026233131115,0.46002587873210155,0.2116238091032422,1.4040804,2.661,0.31479753483389117,-0.24163074188677053,-0.2569241832492284,3.0521746345709246,1.243661241323791,3.795871294767464,4.460264915164883,0.46002587873210155,0.2116238091032422,0.0016733211413620004,0.577253925524426,0.577251500240335,0.33321929452971744,1.6793616,3.0347999999999997,0.3916895118993101,0.3077664006585537,-0.30464565635299934,2.9092250840465517,1.247855093092089,3.63029133807875,4.287481663363266,0.577251500240335,0.3332192945297175,0.018972272481348723,0.22435153812240297,0.22354790433994565,0.04997366553478149,0.94800621,1.5724,0.1518857808275027,-0.4171291710269136,0.30872436127430714,4.225539160256532,1.253329238758218,5.29599177906736,6.241573140257642,0.22354790433994565,0.04997366553478149
43,263.0,0.0004971252913516004,0.4620268660912277,0.462026598646145,0.21346857785652595,1.3390804,2.669,0.3137386973955648,-0.2556060709119195,-0.21459582138782896,2.8982738846524074,1.2472960995460551,3.615005711743141,4.26813909510077,0.46202659864614504,0.21346857785652598,0.0014220947229740002,0.5753106158713021,0.5753088582499106,0.3309802823808158,1.6793616,3.0138,0.39028755525321895,0.30087703384396325,-0.2840021664955934,2.919051993255198,1.2497241891304514,3.648009885300481,4.302882778085068,0.5753088582499106,0.3309802823808158,0.01903704253698272,0.22548219668296096,0.22467712841412804,0.05047981203241859,0.84570621,1.4461,0.15267315239927778,-0.4095365809656865,0.22898617559352719,3.7506562488793938,1.252723415755346,4.698534907420328,5.539325000562448,0.22467712841412804,0.05047981203241859
44,266.5,0.0001266626911348,0.46679655305659656,0.4667965358719821,0.21789900590208267,1.3470804,2.654,0.31591277312415994,-0.24993053417774505,-0.2135542217110391,2.885797658914319,1.2495761545761381,3.6060239415109763,4.264089693741414,0.4667965358719821,0.21789900590208267,0.0004828521243740016,0.5772400382699322,0.5772398363208302,0.33320582863569886,1.6989616,3.1184000000000003,0.39244589571763466,0.3045403727671622,-0.3148345119860889,2.943249752896597,1.2472668076242945,3.671017723336332,4.32916134055433,0.5772398363208302,0.33320582863569886,0.018775645281609122,0.22642646863792232,0.22564667257484478,0.050916420844099204,0.89130621,1.5007000000000001,0.15325740063682455,-0.4357621390662959,0.259953662881824,3.9364046763688405,1.2531495464782165,4.932903734946343,5.815746621673013,0.22564667257484478,0.05091642084409921
45,270.0,-0.00011937869284920026,0.4666805246563859,0.4666805093876188,0.21779069784228736,1.5479196,2.9539999999999997,0.31391197598868736,-0.273999478431524,-0.15933374041010406,3.316872074616193,1.2550593716133134,4.162871381689546,4.931062585696901,0.46668050938761885,0.21779069784228738,-0.00021357109439599942,0.576837033903806,0.5768369943669774,0.33274091807032835,1.6989616,3.1184000000000003,0.39079496191676266,0.33400856840389453,-0.2918464972896593,2.9453060399088744,1.249100032608044,3.6789818704908437,4.347450109558655,0.5768369943669774,0.3327409180703284,0.01785361583561676,0.22706450063289685,0.2263615158308961,0.05123953584926102,0.84810621,1.5015,0.15291485198146593,-0.41334319248343887,0.27007275559147104,3.735089402509303,1.2575492561658626,4.69705889983857,5.546264466860255,0.22636151583089606,0.05123953584926101
46,273.5,0.0009571694803547994,0.46840332665105455,0.4684023486751112,0.21940076024436045,1.4369196,2.849,0.31812505395866747,-0.2746274655568774,-0.14731779716741222,3.067697256280289,1.25029022254583,3.8355118852579144,4.5168388409505535,0.46840234867511127,0.2194007602443605,0.0006149939656860002,0.5740785183586314,0.5740781889457774,0.32956576702326373,1.6013616,3.0948,0.3893372976809402,0.34927226773209624,-0.29963667363686985,2.7894469986065853,1.248647241557755,3.4830353002816716,4.1130444207076895,0.5740781889457774,0.32956576702326373,0.01835262509552876,0.2256548181755371,0.22490726559615115,0.050583278117937676,0.84780621,1.5011999999999999,0.1527312753771416,-0.3785759344369187,0.22335515039271936,3.757093320030467,1.2536385641380807,4.710037075055769,5.550966610515754,0.22490726559615118,0.05058327811793768
47,277.0,0.0016497171157555997,0.47101113226585006,0.4710082431887961,0.22184876515179608,1.5050804,2.942,0.32099744825098814,-0.27680286289987305,-0.1474296792422911,3.19542426260638,1.2477893834707166,3.9872164705649835,4.68876126025518,0.4710082431887961,0.22184876515179608,0.0015200559167439995,0.572623567011319,0.5726215494781668,0.3278954389267766,1.6078616,2.9143,0.3902201782209114,0.3681500826950379,-0.2807904620309172,2.8078858304625407,1.2471918813700498,3.501972411566881,4.120395842497303,0.5726215494781668,0.3278954389267766,0.01917382218589236,0.225245230810717,0.22442766885069443,0.05036777854575696,0.84780621,1.4472,0.1530270499707135,-0.4053419786413679,0.29341333149751714,3.763925242494688,1.2536309799013698,4.718573290024117,5.540237560367622,0.22442766885069446,0.05036777854575697
48,280.5,-0.0012439868820320007,0.47695280587619043,0.47695118359199856,0.22748243152980832,1.5230804,2.903,0.3251866078257594,-0.26436622459841197,-0.154757547514071,3.1933566198483967,1.2472064786362358,3.982775064870832,4.683711946760405,0.4769511835919986,0.22748243152980835,-0.0008711834724959992,0.565604234666434,0.5656035637369692,0.3199073913119598,1.5949616,3.0254000000000003,0.3826282367344112,0.39690613429139177,-0.2491398030481733,2.819925138892624,1.2498568469096356,3.524502742617551,4.1684367406138145,0.5656035637369692,0.3199073913119597,0.014247402679634761,0.2272486468902094,0.22680158515829518,0.051438959030315416,1.0620062,1.65839999,0.15377257666719063,-0.44513502562750223,0.38600665945112045,4.673322435724279,1.2563920446171843,5.8715251301749865,6.906343270156002,0.22680158515829518,0.05143895903031542
49,284.0,-0.0005395656584560001,0.4827379560331774,0.4827376544915365,0.23303564306399008,1.5390804,2.948,0.32669304829877366,-0.23904967212467854,-0.05748654249376717,3.1882315876861003,1.2527110848604353,3.9939330509965627,4.71109014414182,0.48273765449153655,0.2330356430639901,0.00010720735518800204,0.5408780348144417,0.5408780241896646,0.2925490370513154,1.5976616,2.8711,0.36675559314645445,0.4856223870798829,-0.19867899058803173,2.9538296938756394,1.2487767840015478,3.6886739456062974,4.356202413420358,0.5408780241896647,0.29254903705131546,0.01704110107536156,0.2191592589521212,0.2184957245773524,0.047740381658582236,1.0620062,1.62839999,0.14965170065245215,-0.4089093001085429,0.310706799359469,4.845819451470275,1.2491947166663384,6.0533720566956415,7.096519420560278,0.21849572457735242,0.04774038165858224
50,287.5,-0.0009379425638319994,0.4881095272537601,0.48810862608607536,0.2382500308596361,1.5390804,3.018,0.3283100251845733,-0.2460639879184419,-0.01651798084568723,3.153145583245003,1.257685550766114,3.9656656395092313,4.687887307537262,0.4881086260860754,0.2382500308596362,-0.0005235947296159999,0.5328485364349311,0.5328482791840536,0.2839272886294072,1.5976616,2.7950999999999997,0.3627298395652012,0.49973423701577496,-0.18675198584271202,2.998340974508989,1.2472321487506293,3.739627256323902,4.4045496833541256,0.5328482791840536,0.2839272886294072,0.0164519474799392,0.21961705733034986,0.21899996642593236,0.047960985294559506,0.85290621,1.4193,0.14911473824755966,-0.4198658604636015,0.2124596857259129,3.88360640274426,1.2510367626158594,4.858534381363403,5.719798190464639,0.2189999664259324,0.04796098529455952
51,291.0,-0.00023555693122400055,0.493115999610935,0.4931159433492531,0.2431633335852238,1.5490804,3.028,0.32988803474910444,-0.2472366760712203,-0.01042900490759191,3.14141175954991,1.2605688291851613,3.959965743724328,4.695776253837607,0.4931159433492532,0.24316333358522385,-0.0006083874106939995,0.5307210107570722,0.5307206620471515,0.28166442112376683,1.5187616,2.7531999999999996,0.36285247489685596,0.5082799584143004,-0.19522859621322564,2.8616948815225727,1.244615263190789,3.5617091281379505,4.1856173102628595,0.5307206620471516,0.2816644211237669,0.01610729393690148,0.2183092081040896,0.21771418287531236,0.04739946542506496,0.72485621,1.32625,0.1490601519863212,-0.36317651168306336,0.07450891251672331,3.3203189929322146,1.2470762082678353,4.140690819945583,4.862843626152467,0.21771418287531236,0.04739946542506496
52,294.5,-0.0003818936264199998,0.4959166507910551,0.4959165037474307,0.24593317868907544,1.5330804,2.968,0.3301300055234392,-0.24684217004748701,0.04340757547696228,3.0914073918561242,1.2646672431212798,3.9096016636234303,4.643868701268814,0.49591650374743074,0.24593317868907547,0.00012953551377800193,0.5295293564661553,0.5295293406224165,0.28040132258001127,1.6130616,2.7445,0.3606998861527367,0.5380879675436001,-0.1886665900588631,3.0462175142939376,1.2460490243464781,3.7957363616331152,4.472032462236366,0.5295293406224165,0.28040132258001127,0.017503821274061557,0.2178236895026331,0.21711926664703254,0.04714077594934522,0.75575621,1.34115,0.14781520580521734,-0.3601701710341692,0.16375881703411688,3.4695776741531335,1.251484083015563,4.342121233988803,5.112844824610897,0.21711926664703254,0.04714077594934522
53,298.0,5.87676577795996e-05,0.49633616034147743,0.4963361568623459,0.2463495806088832,1.5880804,3.09,0.3313121331607795,-0.25463625110393373,0.046534904533106936,3.199606490301667,1.2635299611042305,4.042798664239709,4.793305892088578,0.49633615686234595,0.24634958060888326,0.0019305189510940004,0.5318490525890361,0.5318455488545851,0.2828596878364349,1.6075616,2.7169999999999996,0.3614860610822077,0.5415597351382615,-0.18204054402414815,3.0225899476071363,1.2482298646688987,3.7728870412512294,4.447091528750302,0.5318455488545851,0.28285968783643484,0.019337751868721158,0.2160857343113946,0.21521871648524993,0.04631909592555839,0.79021621,1.39561,0.1478017926521083,-0.3158579938575262,0.05380561796925498,3.6569568672277244,1.24534160305499,4.554160527336329,5.346458901618255,0.21521871648524996,0.0463190959255584
54,301.5,-0.0002959687846579994,0.5019904490483202,0.5019903617981253,0.25199432333821276,1.5500804,3.0519999999999996,0.3359650013790184,-0.2534483664723761,0.01034229262826969,3.087868310918388,1.260627280795438,3.8926510322474495,4.613815110614094,0.5019903617981253,0.25199432333821276,0.001556416908548001,0.5301514137046538,0.5301491290377168,0.28105809901944967,1.6113616,2.7847999999999997,0.3611926095779837,0.5397889688513109,-0.19430795869864603,3.039436580466587,1.2465834012738408,3.7889111904341704,4.461225277789348,0.5301491290377168,0.2810580990194497,0.018074048278713162,0.21745438177361714,0.2167019541475452,0.046959736931364786,1.1389062,1.74429999,0.14763008769653035,-0.3568011353807381,0.2634482721146587,5.237448841962949,1.2509992473579898,6.552044559371624,7.714594076115062,0.2167019541475452,0.046959736931364786
55,305.0,-0.0003119467214260011,0.5058330393668544,0.5058329431782321,0.25586696640435264,1.6200804,3.076,0.3378122740269521,-0.21292802015914608,0.010510646558411718,3.202796721281466,1.2621839526095373,4.042518625071907,4.7958008768821205,0.5058329431782321,0.25586696640435264,0.0004087227281659997,0.5296205650600286,0.5296204073487307,0.28049777588023544,1.6113616,2.9598,0.3609323407353227,0.5406378587728524,-0.18094835370317197,3.0424830648661914,1.2467550003504742,3.7932309746035604,4.4644422739098255,0.5296204073487307,0.28049777588023544,0.01683330287643222,0.2194341067431485,0.21878749305303943,0.047867967116433784,1.1389062,1.77629999,0.14815628343137746,-0.4248591009523816,0.4092902357472168,5.190196806247216,1.2555536072293578,6.516570322313985,7.687194721832469,0.21878749305303946,0.04786796711643379
56,308.5,-0.00030074884405639936,0.5003719035572343,0.5003718131745861,0.25037195141962293,1.5550804,3.011,0.33390193522940453,-0.19219317546332104,-0.012200599200919982,3.107849159684332,1.26184555105511,3.9216256354980366,4.657296756700721,0.5003718131745862,0.250371951419623,0.001521131065421999,0.5308689534765861,0.5308667741774838,0.28181953192560766,1.5800616,2.8105,0.36290087798780335,0.5454311494609795,-0.17582702691937735,2.9763684420654077,1.2452312538834451,3.7062670071322237,4.353975688240424,0.530866774177484,0.2818195319256077,0.01779866607289808,0.21602647047994067,0.21529199575006533,0.04635064343404614,0.86020621,1.4975999999999998,0.14808325602262987,-0.38483995520561726,0.23227716589812042,3.981948175558769,1.2461521705290046,4.962113361906569,5.8089363585343134,0.21529199575006533,0.04635064343404614
57,312.0,-0.0005024697802440009,0.5002560033580573,0.5002557510113168,0.2502558164198966,1.4980804,2.989,0.33318437232316167,-0.20900541898619215,0.025163012681662877,2.994627530592075,1.2641267000403544,3.7855886180973557,4.496250498048522,0.5002557510113168,0.2502558164198966,0.0015365273559640009,0.5308095416521353,0.5308073177647746,0.2817564085926344,1.5610616,2.7835,0.36135107548845474,0.534403712588747,-0.2138730603748482,2.9409071945866367,1.2455723006209491,3.6631125402739784,4.320069057189997,0.5308073177647746,0.2817564085926344,0.0169376680252488,0.2175318033015027,0.21687139241834116,0.04703320084947012,1.0915062,1.71989999,0.14961284342568312,-0.3890274505460878,0.2523982241311655,5.017685613938272,1.2439889240246949,6.241945327977262,7.295538103599919,0.21687139241834114,0.04703320084947011
58,315.5,-0.0005843222256400006,0.5029975695842923,0.502997230186451,0.2530062135752416,1.5720804,3.041,0.33313424269957903,-0.2192960210735505,0.06879647044774062,3.125423451447812,1.2686108246451278,3.9649460221064303,4.719059761796101,0.502997230186451,0.25300621357524167,0.0015742766336960012,0.5279625030644065,0.5279601559730753,0.2787419262951141,1.6576616,2.8571,0.36050276582255053,0.546140790772645,-0.20177159939531375,3.139733580280001,1.2439946845519185,3.9058118847774854,4.598193848021535,0.5279601559730754,0.27874192629511413,0.01718279335941476,0.21682144050736718,0.21613951206583543,0.04671628867605742,0.82730621,1.4087,0.149261858276634,-0.38728314408407777,0.16574089394179925,3.8156107074285845,1.242538838822611,4.741044497807435,5.542649807204696,0.21613951206583543,0.04671628867605742
59,319.0,-0.0006637614660540003,0.5016980814636809,0.5016976423754196,0.2517005243650544,1.5630804,3.076,0.3312164243574885,-0.21740406720414004,0.08431233399710747,3.115579783442236,1.2705925899481019,3.9586325862338168,4.719211624339427,0.5016976423754196,0.2517005243650544,0.001489898891474001,0.5272712808938019,0.5272691759022935,0.27801278385668377,1.6576616,2.8121,0.36049777722708504,0.5620951873334865,-0.19236129502401944,3.143849589513051,1.243157958050233,3.9083016361161076,4.5982574781752525,0.5272691759022936,0.2780127838566838,0.016429926873438718,0.2148543216854995,0.21422520171508663,0.045892437049869554,0.74610621,1.3525,0.14707164892981203,-0.382848035205748,0.21527714443461354,3.472614393543077,1.2473004879276535,4.331393627450872,5.07307979089885,0.21422520171508663,0.04589243704986956
60,322.5,-0.0006159886520880005,0.4996191485724187,0.49961876884101253,0.24961891417820908,1.5750804,3.088,0.3293740712574486,-0.23896610296420348,0.08966099534803229,3.152562115564503,1.2713446363578933,4.007992936408024,4.782041263863998,0.49961876884101253,0.2496189141782091,0.002355893735958,0.5264615852198027,0.5264563139300852,0.27715625047685244,1.6225616,2.792,0.35873487472055565,0.560344501301094,-0.20049321961387578,3.0820132855896127,1.2453685239152326,3.8382423361618723,4.523010485846768,0.5264563139300852,0.27715625047685244,0.0180724314732164,0.21405303262528858,0.2132887432489787,0.045492087996728756,0.77894621,1.38534,0.14592390142282657,-0.3600607708563323,0.2030922720181465,3.6390337499379766,1.24918397407979,4.545822641558003,5.3380303185763855,0.21328874324897867,0.04549208799672875
61,326.0,-0.00022455044268199966,0.5056332891770278,0.5056332393158884,0.25566497270107846,1.5259196,3.013,0.3351583590077192,-0.2201266982229054,0.056749804363438905,3.0178384862349494,1.2681806994572304,3.827164522322388,4.552831695792065,0.5056332393158884,0.25566497270107846,0.0019693927527059995,0.5287471283671407,0.5287434607148188,0.2795696472486831,1.6309616,2.7584,0.36151817555669674,0.5767764118648643,-0.1978048093873479,3.084577697919006,1.244086400694739,3.8374811658673202,4.511423519684744,0.5287434607148188,0.2795696472486831,0.0183885888147,0.21450512904663646,0.21371548888351083,0.045674310188718044,0.77691621,1.39531,0.14603085044559044,-0.38045002662860206,0.24726851779142978,3.6219003874312365,1.2492620391730311,4.524702663683938,5.320219718157916,0.21371548888351083,0.045674310188718044
62,329.5,0.00037775067592579916,0.509213891820887,0.5092137517072775,0.25929864492780086,1.5859196,3.1639999999999997,0.3390263428913734,-0.1962979212787314,0.05496490075908911,3.1144468473335323,1.2652552991027555,3.940570377362622,4.67786540265439,0.5092137517072775,0.25929864492780086,0.0009753247539679996,0.5323857450662285,0.5323848516734371,0.28343363029134755,1.5684616,2.8068999999999997,0.3627282275264632,0.5671304914090673,-0.18942306668304676,2.946099918217916,1.2461827840341992,3.671378998127729,4.3240682168458235,0.532384851673437,0.2834336302913475,0.01796898767867876,0.21602924883696428,0.21528063506703643,0.04634575183486652,0.79847621,1.40287,0.14776021838758044,-0.3731508227619749,0.20535576336104366,3.696148620146359,1.2462778630824431,4.6064282039511255,5.4038645767669875,0.21528063506703646,0.04634575183486653
63,333.0,0.0007092831545373995,0.5093361906830666,0.5093356968217954,0.2594228520569438,1.5940804,3.043,0.34005866507733956,-0.18010736392807536,0.012945756116716556,3.129721447561368,1.2631129704955775,3.953191754452958,4.68766293497464,0.5093356968217954,0.2594228520569439,0.0017175210692520005,0.534451961217423,0.5344492014874065,0.28563594897052647,1.5783616,2.7858,0.3652902328577127,0.5646378355680063,-0.18615639597664613,2.9532338068414328,1.2453148987541263,3.677706059164002,4.320842601381026,0.5344492014874066,0.2856359489705265,0.01741787927592636,0.21557132858612807,0.21486650550962486,0.046167615189917646,0.79847621,1.41187,0.147274245472696,-0.3732019489602027,0.15740035390147922,3.704000041364414,1.2465588793358509,4.617254140623169,5.421696152217151,0.21486650550962488,0.04616761518991766
64,336.5,0.0008735059337275995,0.5040801792786247,0.504079422441498,0.2540960641289542,1.5940804,3.141,0.33258914441394327,-0.21080878710122636,0.08943818216251076,3.1623548505343826,1.2707413991691943,4.018535227437549,4.792941762452697,0.504079422441498,0.2540960641289542,0.001901961330380001,0.5322122106027533,0.5322088120820314,0.28324621965776703,1.5783616,2.7498,0.36329197241267613,0.5656228865320452,-0.1732439611108667,2.965662133554654,1.2460003975533729,3.695216197418083,4.344609074397833,0.5322088120820314,0.28324621965776703,0.01724174146343116,0.21349537704888805,0.21279802248271731,0.04528299837255506,0.75153621,1.31993,0.14487257419795616,-0.3759614263613158,0.18298073728593867,3.520152147500162,1.2506857073996707,4.40260397875071,5.187567171775999,0.21279802248271731,0.04528299837255506
65,340.0,-0.00019151132691439882,0.5066510224304864,0.506650986235366,0.256695221853269,1.5740804,3.121,0.3337503066562489,-0.22080845383131986,0.1269044505500041,3.1068335606013053,1.2725261128003376,3.9535268339896112,4.716341434320381,0.506650986235366,0.256695221853269,0.001351588954828001,0.5317968417025019,0.531795124133395,0.282806054052053,1.5399616,2.7494,0.361466114118596,0.5640282303476911,-0.1707847948160599,2.895770488350298,1.2486577523441855,3.6158262692881076,4.260320787620891,0.531795124133395,0.282806054052053,0.01522171127295752,0.21524260158806435,0.21470369592608532,0.04609767704432091,0.78477621,1.35317,0.14671459603966813,-0.38495984568259217,0.20058752204048247,3.6460078265636304,1.2477133068994364,4.549172482262934,5.348998880709968,0.21470369592608532,0.04609767704432091
66,343.5,9.971129271960085e-05,0.5082545851422331,0.5082545753613651,0.25832271337576157,1.5830804,3.0570000000000004,0.33276275307062436,-0.22013963629524222,0.09307752030279692,3.11473904275154,1.2751367466884809,3.971718209757791,4.757384609280513,0.5082545753613652,0.2583227133757616,0.0026899974922319995,0.529307586835652,0.5293007513647352,0.28015928539527324,1.6918616,2.9013,0.3605656458672518,0.571661275103861,-0.17038169996708374,3.1963675603337167,1.2469586794800924,3.985738272166736,4.69224292272949,0.5293007513647352,0.28015928539527324,0.01661403348002712,0.21557185158994963,0.21493067973056754,0.0461951970894438,0.78477621,1.39817,0.14781313083103015,-0.36146216337667025,0.15505359872687974,3.6404391585074074,1.244490496864433,4.530491937175623,5.309245569644975,0.21493067973056756,0.04619519708944381
67,347.0,0.00048801308614319965,0.5056769006817309,0.5056766651985327,0.2557088897263089,1.5580804,3.042,0.33185337779724544,-0.2104371572181364,0.1335310842991202,3.0811777201993324,1.2752438834163675,3.929253041402987,4.695086758923846,0.5056766651985327,0.2557088897263089,0.0018299857521639992,0.5296308587820283,0.529627697280208,0.28050549772633565,1.7393616,3.0558,0.3633683515519332,0.5822426525724492,-0.16269852927807893,3.2841016930167983,1.2422783575230867,4.079768457139696,4.786772410341322,0.529627697280208,0.28050549772633565,0.016623767672396764,0.2141116547647364,0.21346533923442432,0.04556745105446785,0.76680621,1.4012,0.14610055724295312,-0.36186261494457195,0.21229740355307936,3.5813380212420407,1.2490423948138898,4.473243018690196,5.248482445723084,0.21346533923442432,0.045567451054467856
68,350.5,-2.3468061038000832e-05,0.5058454918122162,0.5058454912678306,0.2558796610359929,1.7000804,3.168,0.33173626838750325,-0.21952478661216593,0.16009287139883766,3.360868936301832,1.2764465590193192,4.289969589057393,5.124795091786965,0.5058454912678306,0.2558796610359929,0.001541711968986001,0.5302493210189563,0.5302470797329004,0.28116196556526885,1.7393616,2.9018,0.3646999951192398,0.5827720453799168,-0.19133610304297477,3.2802712442093225,1.2400859110978897,4.067818154523526,4.769294278250019,0.5302470797329003,0.2811619655652688,0.016535782868728,0.21525007117844658,0.21461398143467866,0.046059161027244604,1.0510062,1.62939999,0.14623047082012655,-0.36240914516076156,0.3297537874285479,4.882721730338918,1.2529082172495656,6.117602178484648,7.187326923762758,0.2146139814346787,0.04605916102724461
69,354.0,-0.00015475400883199967,0.5077645312859697,0.5077645077033812,0.25782479528325714,1.7630804,3.1710000000000003,0.33343241579931726,-0.22115692560405184,0.13620761498682254,3.472240165209658,1.2744197133332595,4.425091315970723,5.287669454013566,0.5077645077033813,0.2578247952832572,0.0012939817086340003,0.5309816242676395,0.5309800475735773,0.28193981092123843,1.5928616,2.7643,0.36243520047415667,0.5646037872737012,-0.19496178120445684,2.999843171968459,1.2454774143915865,3.7362369174035317,4.3948865836324265,0.5309800475735773,0.28193981092123843,0.014927820073046001,0.2160259608916105,0.21550957279668664,0.046444375967010385,0.86420621,1.4716,0.14659416498162778,-0.36707635617891654,0.27116806258656956,4.0004738617207645,1.2529301700615132,5.012314395892437,5.895229254918219,0.2155095727966867,0.0464443759670104
70,357.5,0.00011051699674159998,0.5080708680865267,0.5080708560665435,0.2581359947841903,1.6460804,3.184,0.33393084201261186,-0.206327653614331,0.12937897434169932,3.2398637737278517,1.274239820484539,4.12836343342934,4.929405112983936,0.5080708560665433,0.25813599478419025,0.0020366279354060014,0.5294012953685099,0.5293973778594949,0.2802615836845089,1.5319616,2.7614,0.3607926616380252,0.5759115836866878,-0.1905210153167407,2.893762469798303,1.2452817801020875,3.6035496795830433,4.2460996657880505,0.529397377859495,0.28026158368450893,0.013752229675787998,0.21479070445089077,0.2143500009271152,0.045945922897454285,0.77821621,1.38561,0.14608427880109742,-0.3461030223333213,0.19984447575660358,3.6231372860827387,1.250823763713912,4.53190621663022,5.327172892160342,0.21435000092711523,0.0459459228974543
71,361.0,0.0006128726311059984,0.5040029238214955,0.5040025511917119,0.2540185716077542,1.5730804,3.1109999999999998,0.33128961800018036,-0.20195362861444438,0.1449582339951916,3.1211731631881237,1.2746599710269266,3.9784344937593947,4.748354051949626,0.5040025511917119,0.2540185716077542,0.0022995692330479997,0.5288006972245151,0.5287956971898273,0.2796248893664756,1.5689616,2.6673999999999998,0.3616112503087603,0.5797775714866117,-0.17752665370553267,2.9670187808656756,1.2439847934908022,3.690926245398519,4.338807486383094,0.5287956971898274,0.27962488936647567,0.014110336657815997,0.21426557909465246,0.21380046020570176,0.04571063678416986,0.76514621,1.39354,0.1446171109382861,-0.3523541685397969,0.30645289621856087,3.571017861258968,1.2570586083278366,4.488978742988046,5.290841485047495,0.21380046020570176,0.04571063678416987
72,364.5,0.001372411871308,0.5073037423545611,0.5073018859541116,0.25735520349259844,1.5680804,3.097,0.3338563748200797,-0.2030345576768824,0.12860615707161482,3.0910089342570792,1.2739977931733963,3.9379385609227713,4.696871224475083,0.5073018859541116,0.25735520349259844,0.002898099612616,0.5282492116949101,0.5282412618065057,0.2790388306749293,1.6190616,2.7235,0.3617507197857131,0.5692856258893276,-0.19540744896235474,3.064957910311256,1.2428677447846175,3.8093373258483245,4.475627860420205,0.5282412618065057,0.2790388306749293,0.014957568265138797,0.2133570963601289,0.21283214446793283,0.04529752171881903,0.74975621,1.36515,0.14625541639829862,-0.3377027864906092,0.16243982286147185,3.514090802653568,1.246882817294165,4.381659440240195,5.12634833268795,0.21283214446793286,0.045297521718819046
73,368.0,0.0014317679705620008,0.5082152169734029,0.5082132001471444,0.25828065680380147,1.6370804,3.123,0.33580427306143956,-0.20312805352405747,0.13273161212780105,3.2212345190082643,1.2722948311026538,4.098360028303658,4.875102943375816,0.5082132001471444,0.25828065680380147,0.0030094551976199996,0.5292721788207854,0.5292636228318689,0.2801199824531148,1.6299616,2.7564,0.3612617894237611,0.5710135954157668,-0.19483504237392824,3.079628337222528,1.2443777183503038,3.8322208836399096,4.511857184231711,0.529263622831869,0.28011998245311487,0.0161494246664304,0.21249225272213446,0.21187768535140916,0.04489215354987075,0.71669821,1.341092,0.14571518980467144,-0.3191796928766482,0.10625026694455553,3.372820424362438,1.245722734462676,4.2015990818883395,4.918486610494904,0.2118776853514092,0.04489215354987076
74,371.5,0.0006204617299359977,0.5054099761146129,0.5054095952625111,0.25543885898341523,1.6370804,3.12,0.3312413020887904,-0.2026534575450895,0.18610307626437006,3.239113744024625,1.277581904091937,4.138233104661343,4.942259282512949,0.5054095952625111,0.2554388589834153,0.002612868680008001,0.5301829820301509,0.5301765435698229,0.28108716735164435,1.5399616,2.6664000000000003,0.35888732966131465,0.5737533417766982,-0.1719310552747122,2.904585119090873,1.2497845369872804,3.6301055682031316,4.29093331729843,0.530176543569823,0.2810871673516444,0.016088921057717,0.21382861748099974,0.21322247600343228,0.045463824273034255,0.75709621,1.3854899999999999,0.14436455713206162,-0.30541918420065656,0.22699559855330387,3.5406683114680555,1.2558554539833058,4.44656760970302,5.244335763849742,0.2132224760034323,0.04546382427303426
75,375.0,0.0012774610209299994,0.5052609279440042,0.5052593130266637,0.2552869734001762,1.6500804,3.084,0.3304835462182196,-0.206920300057094,0.17598992039203987,3.2657985384194816,1.2787401865345789,4.176107832202883,4.992927541725315,0.5052593130266638,0.25528697340017625,0.0019941783064319992,0.5284014508959127,0.5283976878845968,0.2792041165617878,1.5238616,2.6263,0.3609081932211095,0.5946999882514209,-0.15938498034717785,2.883908811030457,1.246263879552399,3.5941113831101634,4.2222970512238,0.5283976878845968,0.2792041165617878,0.01612119065970152,0.21294202180490038,0.21233090180676062,0.04508441186207222,0.75709621,1.36449,0.14391329682442244,-0.31761454235205927,0.2219015694841091,3.555410076333638,1.2552246910138392,4.462838514493382,5.260780113485101,0.21233090180676062,0.045084411862072224
76,378.5,0.0013739423751399989,0.5059056385852458,0.5059037729002376,0.25593862743469514,1.6500804,3.135,0.3320541830382437,-0.2040726052142575,0.1639683454468659,3.2616367048495727,1.2758173605496388,4.161252731853002,4.969310685689978,0.5059037729002375,0.2559386274346951,0.002644744107636,0.5287981863518989,0.5287915725667939,0.2796205272176628,1.5358616,2.6433,0.36185395504954415,0.5874131273723768,-0.17133454890882094,2.9044381006593154,1.2452134311813385,3.6166453329757964,4.244423968752017,0.5287915725667938,0.27962052721766273,0.01657095785958312,0.2134846535201191,0.21284055216105138,0.04530110064422123,0.99300621,1.6084,0.14519701679146343,-0.31760855016861733,0.22573506544020638,4.651417296871026,1.251864127150964,5.822942454362344,6.83902625510679,0.21284055216105138,0.04530110064422123
77,382.0,0.0010439952963219997,0.5057248842500552,0.5057238066608621,0.25575656862355306,1.6210804,3.106,0.33308496985221137,-0.1893230396005411,0.14790329945558112,3.205459036100067,1.2733835867692145,4.081778924630893,4.866867456430915,0.5057238066608621,0.25575656862355306,0.0032637745532560006,0.5279909001405065,0.5279808125366374,0.2787637384068478,1.6463616,2.7918000000000003,0.35923387856499406,0.592642582347275,-0.14968625310935613,3.11816283114326,1.2478685898585293,3.891057455048019,4.582979775116432,0.5279808125366374,0.27876373840684787,0.015890403856980397,0.21333684134713773,0.212744219524846,0.04526010294123587,0.79715621,1.49755,0.14330916245429043,-0.33315853005285817,0.3331162601423139,3.736608290280638,1.2608513204214318,4.71130749669801,5.562492979150996,0.21274421952484604,0.04526010294123588
78,385.5,0.0006840650940995999,0.5028281132881532,0.5028276479748015,0.2528356435678709,1.6510804,3.1239999999999997,0.33186762319248514,-0.18030098001166064,0.15215689687795386,3.2835880818259326,1.2731765315709536,4.180587285126862,4.975117440252265,0.5028276479748016,0.252835643567871,0.002977097354037999,0.5266593034917743,0.5266508889632537,0.27736115884578544,1.6804616,2.8189,0.359074101642671,0.5885498106221423,-0.17383822071349275,3.1907944829958685,1.2458265677299916,3.975176539082536,4.6799855303190165,0.5266508889632537,0.2773611588457854,0.015167680654940358,0.2131393718740314,0.21259899648494676,0.0451983333064064,0.78888621,1.39228,0.14272992258780673,-0.3513788369705073,0.30991355992508796,3.7012692824591964,1.26129918176389,4.668407917453605,5.527125606858514,0.21259899648494673,0.045198333306406394
79,389.0,0.000630593316695599,0.5023885435892428,0.5023881478317233,0.2523938510817894,1.6100804,3.069,0.3303329186435592,-0.17463579093905424,0.13240217784859398,3.2048509476291236,1.274419485531565,4.084324495882856,4.874114292367372,0.5023881478317233,0.25239385108178947,0.0031048936086499994,0.5249745252873073,0.5249653434621304,0.2755886118363126,1.5916616,2.7251,0.3591015800752313,0.5874285079554812,-0.17255670927895617,3.031883497830524,1.2450124129542082,3.774732589430025,4.432343627300523,0.5249653434621304,0.2755886118363126,0.015122594464382718,0.2134341940195356,0.2128977743271042,0.04532546231343458,0.74644621,1.37784,0.14394389457817103,-0.3391637407032277,0.1951918842583127,3.497313134050479,1.2553193214932925,4.390244750485827,5.185674683788902,0.21289777432710422,0.045325462313434595
80,392.5,0.001086488246514,0.5057050803736134,0.5057039132328055,0.2557364478589729,1.6390804,3.106,0.32946706575386214,-0.2030636229525079,0.2093913599925754,3.2411784330682467,1.281155079989298,4.152452214677137,4.974944601062257,0.5057039132328055,0.2557364478589729,0.0035193507500839998,0.528561673024048,0.5285499563525463,0.2793650563602786,1.5916616,2.6670999999999996,0.36207272482225544,0.5986006712202245,-0.158763636212365,3.011307253690307,1.244231985069732,3.7467648019139737,4.395972109695255,0.5285499563525462,0.27936505636027853,0.01547256850439272,0.2143027583713222,0.2137434721095224,0.045686271869434185,0.82590621,1.5043,0.14468893134804717,-0.3194239964526125,0.21994245337957574,3.8539224426078222,1.2554072611279816,4.8382422182739475,5.708150598011498,0.21374347210952244,0.04568627186943419
81,396.0,0.0010762918523036001,0.5073276822158981,0.5073265405420891,0.257380218738404,1.6880804,3.229,0.3300277419052996,-0.20713178459303036,0.26499439306701245,3.3273965903591707,1.2838888975023732,4.272007539949391,5.1149651549123085,0.5073265405420891,0.257380218738404,0.0033591759135739993,0.5268906335425116,0.5268799252695161,0.2776024556520109,1.6039616,2.6744000000000003,0.359878229328948,0.6081465945717319,-0.16108043625717805,3.044202151053395,1.2447413495143334,3.7892442936966395,4.45695646272032,0.5268799252695161,0.27760245565201086,0.01423325709662636,0.21341761204998635,0.2129424605980212,0.04534449152553981,0.74517621,1.36457,0.14422253588103526,-0.2842774551695381,0.21883081498565948,3.491634091686238,1.2558896304888603,4.385107049210136,5.166850003349497,0.2129424605980212,0.04534449152553981
82,399.5,0.0008808886015336007,0.5042128352286018,0.5042120657466825,0.2542298072445369,1.6880804,3.175,0.3286530891424767,-0.2086425981259452,0.20974339437555267,3.347952059242308,1.2806403784738978,4.287522592260535,5.136359449425982,0.5042120657466826,0.254229807244537,0.002915009417068,0.5279005773416892,0.5278925290982883,0.27867052227778716,1.6105616,2.84,0.3593161362947775,0.6020204388182673,-0.15993396276000071,3.050880542904857,1.2466312922610772,3.8033231537356587,4.482296889329567,0.5278925290982882,0.2786705222777871,0.01447864385410636,0.21395426110076377,0.21346380188528394,0.04556679471531975,0.73951621,1.35891,0.1445133514921883,-0.28665493032816947,0.17153782145209995,3.4564219763387554,1.255621519211898,4.339957812967859,5.117286412390586,0.21346380188528394,0.045566794715319756
83,403.0,0.0013337584053419989,0.505538145090975,0.5055363856643158,0.25556703723053986,1.6310804,3.0890000000000004,0.3309806840043187,-0.18906995484829334,0.1875907961932226,3.2264239916188244,1.278233118475583,4.1241220003313686,4.928022929515481,0.5055363856643158,0.25556703723053986,0.002986009933522001,0.5268192724493334,0.5268108100340404,0.27752962956872185,1.6105616,2.84,0.35850932626313353,0.5987505795838535,-0.17764385508173053,3.0571425234920486,1.2467999598548576,3.811645175560464,4.4923841083506515,0.5268108100340404,0.2775296295687218,0.01253637865573836,0.21363164234243437,0.213263493875829,0.045481317820125745,0.85570621,1.4291,0.14309226987553486,-0.2861140374794738,0.23610632629742545,4.005521844130055,1.2603890155646138,5.048515733945637,5.980100886961358,0.213263493875829,0.04548131782012575
84,406.5,0.0013051439123436,0.508158039151151,0.5081563630943833,0.2582228893533107,1.5669196,3.1180000000000003,0.333325727624898,-0.1851203090290093,0.19360309577312051,3.083528113847121,1.2768017938402016,3.9370542271166977,4.700866060249944,0.5081563630943833,0.2582228893533107,0.004114568652866,0.5281118565746973,0.5280958278376894,0.2788852033795745,1.5948616,2.7093,0.3606094447706322,0.5939532659409911,-0.18082104216174022,3.019931440934084,1.2454816204176977,3.7612691046049362,4.4226839400016855,0.5280958278376895,0.27888520337957456,0.013106023249412001,0.2126560030219796,0.21225175564849885,0.04505080777587007,0.85570621,1.4741,0.14278701538948788,-0.3238976643223282,0.3646838275510884,4.023898680685522,1.2613379159747615,5.075495975989469,5.99288533110552,0.21225175564849888,0.045050807775870075
85,410.0,0.0010733834347479996,0.5038850709579197,0.5038839276879842,0.2538990125822697,1.6630804,3.221,0.33184773429480974,-0.18544375256557807,0.16255907857521734,3.3005153275098453,1.2746812219571875,4.207104910758677,5.011576780941763,0.5038839276879842,0.2538990125822697,0.003663523073280001,0.527012559284971,0.5269998256572641,0.2777288162427867,1.5948616,2.6993,0.36038779480752353,0.5962718383195261,-0.16583634617516196,3.026230726197195,1.2449656801045224,3.767553394193293,4.425404031376218,0.5269998256572641,0.2777288162427867,0.0134748518620364,0.21070637519624896,0.21027506964839796,0.04421560491563861,0.82990621,1.4483000000000001,0.14286844293297088,-0.3216721314891424,0.30850304382458527,3.9386858097057433,1.2540777822320985,4.939418365144816,5.808883984193517,0.21027506964839796,0.04421560491563861
86,413.5,0.0007234849317959996,0.5036559850905872,0.5036554654593984,0.2536688278871233,1.7040804,3.262,0.3303810262198734,-0.1813152068826923,0.1551156758652903,3.383421324167339,1.2764180065792994,4.318659902011568,5.157924531858284,0.5036554654593984,0.2536688278871233,0.003401104757824001,0.52385485232609,0.5238438114476641,0.27441233879201593,1.5318616,2.6403,0.3569960247811037,0.5971616935682289,-0.15953708796024024,2.9242100043514427,1.2469212400548513,3.6462595648067033,4.290976631852635,0.5238438114476642,0.274412338792016,0.013219938459705202,0.2103891613983345,0.20997340893793207,0.04408883246101605,0.74299621,1.3323900000000002,0.14255398747818107,-0.3376487223811748,0.28566873624556655,3.531532732303014,1.2553951674694603,4.4334691258934225,5.212033862705672,0.20997340893793207,0.04408883246101605
87,417.0,0.0009781928245919996,0.5079410302956956,0.5079400883929626,0.25800313339665065,1.6920804,3.1310000000000002,0.3322993648515184,-0.193436542643902,0.186301224407877,3.331253628034268,1.2787624643101465,4.259882098627217,5.0920362148632865,0.5079400883929626,0.25800313339665065,0.002866212551000001,0.5250979616759233,0.5250901391016802,0.2757196541818219,1.6046616,2.9271000000000003,0.3580298968847295,0.5905651910078865,-0.1372349871387022,3.0559280688854686,1.2478284160007818,3.8132738816096823,4.481920683055788,0.5250901391016803,0.275719654181822,0.0121716518356312,0.21090004191466175,0.21054851833056973,0.044330678571198254,0.75794621,1.37934,0.14255430425594354,-0.3178442298646232,0.2568543724394079,3.593864672187662,1.256698723989,4.51640514772738,5.316894596456205,0.21054851833056976,0.04433067857119827
88,420.5,0.0011096079023640015,0.506705659152625,0.5067044442153622,0.25674939378759914,1.7410804,3.1799999999999997,0.3326852984833758,-0.1903597248422609,0.22504251445306656,3.436078458076918,1.2773996359162143,4.389245371327002,5.233415506898335,0.5067044442153623,0.2567493937875992,0.002764372347044001,0.5256160407597513,0.5256087713779932,0.2762645805494835,1.5748616,2.7542999999999997,0.3584716544612446,0.5875409583063715,-0.14924192687627214,2.996220582849065,1.2476331401225145,3.7381840942796893,4.393266748989947,0.5256087713779932,0.2762645805494835,0.0116096365116112,0.21146637257095813,0.21114744390682907,0.044583243068387526,0.86250621,1.4839,0.1422447054601733,-0.31589339076475886,0.3669311086903835,4.0786920374802556,1.2593372504229219,5.13644881580225,6.06353823300292,0.21114744390682907,0.044583243068387526
89,424.0,0.0014889927331600003,0.5052480688353409,0.5052458747604793,0.255273393962482,1.5830804,2.9930000000000003,0.3301544990897547,-0.2011635888571321,0.1956174798767485,3.133273529672653,1.2791599991854976,4.007958165664012,4.794968429521928,0.5052458747604793,0.255273393962482,0.003815407150396001,0.5273769887230864,0.527363186905293,0.27811193090290703,1.5817616,2.7612,0.3600963897833358,0.5904852664586853,-0.15684129443806327,2.99929961644676,1.2466945267146285,3.73921041580146,4.392606104581389,0.527363186905293,0.2781119309029071,0.012561256850720801,0.2098073203537427,0.20943095879155077,0.04386132650034824,0.80153621,1.41493,0.13972666973032297,-0.2641883440621758,0.278242278082268,3.820344345700527,1.2641526500336553,4.829498428658412,5.736458269183621,0.20943095879155083,0.043861326500348255
90,427.5,0.0021648896563359996,0.504572403451423,0.504567759153834,0.2545886235775215,1.7260804,3.146,0.32932287604477983,-0.20997810088139254,0.2227264585536224,3.420877535499573,1.2811990939854687,4.3828251991172955,5.241301244330489,0.504567759153834,0.2545886235775215,0.004248321454880001,0.5225949512622916,0.522577683076548,0.273087434849653,1.5804616,2.7748999999999997,0.3564073887409031,0.5978381604670622,-0.1536684697604498,3.0242573070836323,1.2460282055600718,3.768309905497353,4.43442434115457,0.522577683076548,0.273087434849653,0.01233165364549476,0.20762241343476343,0.20725587296586648,0.04295499687884338,0.80153621,1.35393,0.14001669565745792,-0.2718464776297805,0.21284458488169067,3.8605476005212167,1.2573088837880753,4.853900794422064,5.724575960290537,0.2072558729658665,0.042954996878843396
91,431.0,0.0013146171945756001,0.5077645988817236,0.5077628970879513,0.2578231596591494,1.7430804,3.368,0.33252820324561755,-0.17862491556996285,0.23378991108278369,3.4328513721493708,1.278937728551817,4.390403136352705,5.24190244011422,0.5077628970879513,0.2578231596591495,0.0038015539191199993,0.5253112933236856,0.5252975376690846,0.27593750308120335,1.5414616,2.7359,0.3575531762682875,0.5857075061042172,-0.1635918405200636,2.934377424568682,1.2466545493147658,3.658154965745094,4.311139439699384,0.5252975376690845,0.2759375030812033,0.0116716096559204,0.20870035393733455,0.2083737297780326,0.043419611261608544,0.73500621,1.3114,0.14147162257382132,-0.2705939484347667,0.21886851114142392,3.521825412048399,1.2541989033924157,4.417069569730645,5.195432105943836,0.20837372977803256,0.04341961126160854
92,434.5,0.0005326403339700005,0.508893142106568,0.5088928633586545,0.25897194637737014,1.6450804,3.27,0.3329292801458011,-0.16656872912887613,0.2357383428839821,3.232663724235257,1.2791877361271597,4.135183791064891,4.9412307601168735,0.5088928633586545,0.2589719463773702,0.0038001139564080005,0.5248935822219859,0.5248798260475888,0.27549883179174706,1.5291616,2.6546,0.35666497410429765,0.5852427001237016,-0.16988491108308912,2.9132792851585925,1.2486111201527776,3.6375529115597534,4.287389317777067,0.5248798260475888,0.27549883179174706,0.0119034420512924,0.20923137664904176,0.20889250116216404,0.0436360770417847,0.79551621,1.35791,0.14060813670508826,-0.2857820834729114,0.28532298195291794,3.8020884952373764,1.259138982416252,4.787357838949729,5.657682610989412,0.20889250116216404,0.04363607704178471
93,438.0,0.0013014546364975993,0.5035628527462782,0.5035611709433114,0.25357385288179896,1.6140804,3.165,0.33079443364627853,-0.19204138387937758,0.22567014268335983,3.2053206291871965,1.2778388534584457,4.0958832377672705,4.879406168381753,0.5035611709433115,0.253573852881799,0.003923607479480001,0.5258364943689919,0.5258218558738481,0.2764886241146179,1.5215616,2.705,0.3574802206764954,0.579271830692089,-0.18509997766458497,2.8936021297378502,1.2475101833637483,3.609798123450998,4.2563518538748735,0.5258218558738481,0.27648862411461794,0.012430520053298802,0.20826749413147874,0.20789620314717167,0.04322083128301007,0.79232621,1.37472,0.1411250287022687,-0.28406200983727353,0.19998614735211362,3.8043680954830448,1.2537597812402723,4.7697637111502935,5.614356413500327,0.20789620314717167,0.043220831283010075
94,441.5,0.000916448971739999,0.5078807813991106,0.5078799545521102,0.2579420482358535,1.6450804,3.241,0.3322606286657405,-0.1782104482009503,0.24507227218630367,3.239107405222404,1.2808181057486252,4.148707411073303,4.951174644453518,0.5078799545521102,0.2579420482358535,0.003704356044460002,0.5252882622547157,0.5252752004510348,0.27591403620887484,1.5434616,2.7249,0.36233646767743266,0.5807525822406784,-0.19779474126675245,2.938313514516655,1.2400291941219062,3.643594539483593,4.259746775955367,0.5252752004510349,0.2759140362088749,0.010647802858349998,0.20894704139271417,0.20867556253921618,0.043545490401058325,0.77909621,1.42849,0.14213784657546877,-0.2766429183283924,0.1521017221217913,3.728677873622988,1.2507116429907321,4.663500829502197,5.481272080383849,0.2086755625392162,0.04354549040105833
95,445.0,0.0009202407681800024,0.5096679096338773,0.5096670788539267,0.25976053126749477,1.6870804,3.2649999999999997,0.3337495626649977,-0.1875378410977159,0.2795359937503985,3.3101562176279122,1.2804768214792563,4.238578312147987,5.054929170629094,0.5096670788539267,0.25976053126749477,0.0036128960484800004,0.5265666348873457,0.5265542402817833,0.277259367958726,1.6328616,2.7933000000000003,0.3617353432760648,0.5890713899505344,-0.18020407690418638,3.100959103398825,1.2422439484706738,3.8521476806522372,4.513967546582398,0.5265542402817833,0.277259367958726,0.011146978261952361,0.20890901753409957,0.2086114150344853,0.04351872248269028,0.79425621,1.4436499999999999,0.14209097469879195,-0.26132317126331533,0.19695552619420909,3.801924011587274,1.2514752442923969,4.7580137811823136,5.589772409427724,0.2086114150344853,0.04351872248269028
96,448.5,0.0010846707019796004,0.506524757750916,0.5065235963941782,0.25656615370409236,1.7660804,3.3440000000000003,0.33343557712909344,-0.20514416799242322,0.28577731789804606,3.486661555975654,1.277747975856299,4.455074745643866,5.296616561454213,0.5065235963941783,0.25656615370409247,0.003098418953416,0.524691680832452,0.5246825323324313,0.2752917597347729,1.7067616,2.8222,0.35759677911685833,0.5995964948955887,-0.16676949763333448,3.2528848128335666,1.2474494106244605,4.057809242598491,4.772866255157883,0.5246825323324313,0.2752917597347728,0.0103523972566554,0.20756994126709488,0.20731162145105522,0.042978108388665615,0.79425621,1.41365,0.1409432576427846,-0.2228248761503034,0.1797485085246726,3.8264510032210035,1.2527160716781072,4.793456669223768,5.635290565037263,0.20731162145105522,0.04297810838866562
97,452.0,0.0006846919945475988,0.505599684274019,0.5055992206628291,0.2556305719348602,1.6190804,3.137,0.3308128106403226,-0.19390293294042754,0.2777215682998304,3.2022970946368505,1.280908096247746,4.101848275110976,4.894249400034121,0.5055992206628293,0.2556305719348603,0.0033977141539259996,0.5250901310546163,0.5250791381015651,0.2757081012694825,1.8003616,2.9758,0.3561968504852662,0.5990295802469332,-0.1692973836989342,3.4286715623164863,1.2491657931654312,4.282979231644832,5.054400670716965,0.525079138101565,0.2757081012694824,0.010536811752320699,0.20803038338386692,0.20776336541588564,0.04316561600893482,1.0146062,1.59799999,0.14070903887794586,-0.23854795422429997,0.25243275794772213,4.877201990864015,1.255771167335218,6.124649637396954,7.210668256216944,0.20776336541588564,0.04316561600893483
98,455.5,0.0014508788060855994,0.508567228362352,0.5085651587700978,0.2586385207148547,1.6500804,3.142,0.33212722393543687,-0.18142412903080482,0.24425797056322374,3.244566908712263,1.2800250497699304,4.153126918806284,4.968217842692606,0.5085651587700978,0.25863852071485477,0.004322815437428,0.5275999393402921,0.5275822298548104,0.27834300925857397,1.8003616,2.9748,0.3573437206143526,0.5951514706352599,-0.1501881843886892,3.412361271783241,1.250968796815077,4.268757474461046,5.038178918898537,0.5275822298548103,0.27834300925857386,0.01114086713298876,0.20922943520680154,0.2089326150616084,0.043652837636482235,0.76819621,1.38159,0.14287432397543576,-0.24543589586596284,0.14321445232290086,3.6715494129242283,1.2492804199903604,4.586794792593341,5.376726822743009,0.20893261506160843,0.04365283763648225
99,459.0,0.001738531729127199,0.5062174393825496,0.5062144540038858,0.2562530734424522,1.6500804,3.122,0.3299547993693567,-0.179273397455368,0.21159649494477195,3.2596277244273892,1.280412215996686,4.173667157958308,5.00092862159848,0.5062144540038858,0.2562530734424522,0.004024403915256002,0.5252797007675504,0.5252642841575792,0.2759025682115741,1.6513616,2.7687999999999997,0.3593392701283541,0.5915692340205309,-0.15999860584782866,3.14377577809878,1.244299758515056,3.911799441513794,4.595550047758883,0.5252642841575792,0.27590256821157416,0.010613466733084399,0.20696089294323178,0.2066885713622443,0.04272016553176555,0.70800281,1.3123966,0.1405245600669903,-0.25583153518430524,0.15667327533840725,3.420949725966834,1.2517732753571236,4.2822534433055575,5.03828519130381,0.2066885713622443,0.04272016553176556
100,462.5,0.0014447104697516006,0.5061061378245524,0.5061040758138028,0.25614133555534346,1.5840804,3.049,0.3301271762358651,-0.18100185477680147,0.25930399545147775,3.129937144823049,1.2813910743621126,4.01067352069069,4.798394418968483,0.5061040758138028,0.25614133555534346,0.003533839769864003,0.5241957967539489,0.524183885016497,0.2747687453109882,1.6201616,2.7176,0.358601310658593,0.6029288499133478,-0.1745518000314905,3.090756564689671,1.2441530802611602,3.8453743002960565,4.51800244964101,0.524183885016497,0.2747687453109882,0.0100808932638348,0.20542588188373087,0.20517838224021484,0.042098168538711705,0.72672621,1.33112,0.1411121150938194,-0.2575447134427707,0.193937021883265,3.537656517942176,1.2451608870352053,4.404951527906755,5.149991618485988,0.20517838224021484,0.04209816853871171
101,466.0,0.0017616016563779997,0.5068052491791426,0.506802187599005,0.25684845735513706,1.6410804,3.132,0.33157676047317786,-0.19981353529520296,0.28768436444699397,3.238088797734454,1.280826969073557,4.147431460393259,4.9493227379931275,0.506802187599005,0.25684845735513706,0.004000514823592,0.5214065407980047,0.5213911935083748,0.2718487766680876,1.5921616,2.9516,0.35128275699586947,0.6010289330481607,-0.15845172903707105,3.053589618502332,1.2537702564546305,3.8284998390968665,4.532421726634084,0.5213911935083748,0.2718487766680876,0.01030342166767,0.20806089483399176,0.2078056194164623,0.04318317546105958,0.73171621,1.3241100000000001,0.14357331604398804,-0.23824634670892875,0.0895363339493267,3.5168367923430486,1.2424696432035807,4.369562954587693,5.096463814876412,0.2078056194164623,0.04318317546105958
102,469.5,0.0016519448339033982,0.5074732265955126,0.5074705378537027,0.2575263467895263,1.7410804,3.1879999999999997,0.33120165219903086,-0.1973882515690418,0.24406217672009323,3.430881293345054,1.2808473776731983,4.394435307689044,5.25685904173486,0.5074705378537028,0.25752634678952635,0.004593844951700001,0.525101516729058,0.5250814217430635,0.27571049945971693,1.5870616,2.9465,0.3577706639566737,0.6105055595780527,-0.14244361657082738,3.0223900511391824,1.24786975281955,3.7715491260393184,4.435974661668165,0.5250814217430635,0.27571049945971693,0.00993449466010036,0.20940743568200038,0.20917165184307254,0.04375277993475955,0.72672621,1.32212,0.1434205551224787,-0.26844344715545587,0.09003715901170795,3.470393530359561,1.246254588294132,4.324993860396875,5.067099408305792,0.20917165184307257,0.04375277993475956
103,473.0,0.0018549993465191996,0.5050407676379399,0.5050373609484194,0.25506273595374407,1.7410804,3.1879999999999997,0.3288006982815174,-0.2080537852972444,0.28122803093749393,3.4474056582461237,1.2832605360580287,4.423919633010402,5.295245445340558,0.5050373609484194,0.25506273595374407,0.004369830827086003,0.5238663521486703,0.5238481263611594,0.2744168594920972,1.5870616,2.8135,0.3597100907277448,0.6147185270138094,-0.1331792661302691,3.029516199104158,1.2433551946260706,3.766764703359984,4.412057489933486,0.5238481263611594,0.27441685949209726,0.009610985654284001,0.20760990806378424,0.20738732574823873,0.043009502881006086,0.77302621,1.3664200000000002,0.1409762843292288,-0.24944139381809302,0.17985613041984783,3.723455287897446,1.252853559511607,4.664944211124631,5.4833776736143385,0.20738732574823873,0.043009502881006086
104,476.5,0.0013338913834912006,0.5064809473104658,0.5064791908087477,0.25652117072228386,1.6670804,3.126,0.33026022824598383,-0.21229693915398326,0.3003215522025573,3.2914967657768632,1.2831384985365024,4.223446217976678,5.047778259143962,0.5064791908087478,0.256521170722284,0.003815505432936,0.5223516497970971,0.5223377144760278,0.2728366879640404,1.6000616,2.7495000000000003,0.3566763412051587,0.610055807620661,-0.1513973820459853,3.0631885639138496,1.245627107016938,3.815590709115378,4.486032335628484,0.5223377144760278,0.2728366879640404,0.0086500356609304,0.2078750772378305,0.20769502791279967,0.043137224619698634,0.77202621,1.35242,0.14156013806148987,-0.2314710439547395,0.19671728911782393,3.713895000104907,1.2518062018768314,4.6490767942506785,5.453697775179146,0.2076950279127997,0.04313722461969864
105,480.0,0.0016488901378056006,0.5111511128646542,0.5111484533323836,0.2612727413440879,1.6020804,3.0919999999999996,0.3338280479230998,-0.19244461857800166,0.2987978846889794,3.1342598297819,1.2824172989931435,4.019429025251614,4.799118618004959,0.5111484533323836,0.26127274134408796,0.004110738274818002,0.5242509826527305,0.5242348659171664,0.27482219464318947,1.5784616,2.8249,0.3567074889240858,0.5943527271460927,-0.17485595700859502,3.0108891584960364,1.248027613026065,3.7576728095638656,4.42508679804008,0.5242348659171664,0.27482219464318947,0.0086331376558924,0.20816890315478628,0.2079898102669484,0.0432597611748812,0.76025621,1.38465,0.14145224838485188,-0.21130544285263567,0.17081727457648732,3.6521122918858975,1.2523948455012155,4.573886609549529,5.374649174409417,0.20798981026694843,0.04325976117488121
106,483.5,0.0021862560422115994,0.5098747461083296,0.5098700589400711,0.25996747700355155,1.6020804,3.0919999999999996,0.3329878128457471,-0.17323028327194584,0.21981760925121918,3.1421058058435727,1.2803085291333378,4.022864862660906,4.811228333879432,0.509870058940071,0.2599674770035515,0.0043304507776660015,0.522249707076479,0.5222317529005014,0.2727260037375303,1.6261616,2.7136,0.35465526279309306,0.5974819333821207,-0.18717912750649823,3.1137625889790352,1.2484468691120005,3.8873671553689535,4.585189536433603,0.5222317529005013,0.27272600373753025,0.00889493385405712,0.2081429879138704,0.20795283977249637,0.04324438356944555,0.70129521,1.382689,0.14110837447386132,-0.20194630773214806,0.1099168280106344,3.369295391734244,1.2527118147029095,4.220756144449555,4.969904958616802,0.2079528397724964,0.043244383569445564
107,487.0,0.0019886885640455995,0.5036229551500541,0.5036190287031146,0.2536321260718686,1.6240804,3.2359999999999998,0.3267214085673375,-0.17339752635236685,0.23685147594429612,3.224794230271149,1.2841972957157635,4.141272029754006,4.970841693911454,0.5036190287031146,0.2536321260718686,0.0035527247780660007,0.5196675999594177,0.5196554556571427,0.2700417925942326,1.6261616,2.9375999999999998,0.3536669322397576,0.5857160729428889,-0.15321876711787352,3.1292341491503253,1.247334329055807,3.90320117788894,4.598002956345361,0.5196554556571427,0.2700417925942326,0.0082035210542178,0.2070610819671477,0.206898511129778,0.04280699390771887,0.76079621,1.35819,0.14102668355694276,-0.2581143120609412,0.15824216300114502,3.674259801852614,1.2501797344077714,4.5934851432252515,5.394696881550158,0.206898511129778,0.042806993907718874
108,490.5,0.0015119434269355995,0.5053269463718776,0.5053246844916643,0.25535303675660015,1.6870804,3.168,0.3296336870021058,-0.17398010639813766,0.261405100094398,3.338591801036576,1.2823891535629655,4.2813739138235505,5.118046081222342,0.5053246844916643,0.25535303675660015,0.0032731049573160023,0.5210021270381054,0.5209918455812611,0.2714325031621686,1.7054616,2.8819,0.3555727859739105,0.5821292330299885,-0.14931422259441485,3.2734254074844973,1.2461386860282748,4.079142036094301,4.796378314861068,0.5209918455812611,0.27143250316216866,0.00813085785802858,0.20759742600094586,0.20743813639904962,0.04303058043271071,1.0026062,1.62899999,0.1404131746071891,-0.27397355376713006,0.3037971921810052,4.829569514968032,1.25620295019668,6.066919472882791,7.1403997723491885,0.20743813639904962,0.04303058043271072
109,494.0,0.002054106518168,0.5085611515518823,0.5085570032102484,0.2586302255141886,1.7210804,3.194,0.33196552133871987,-0.20025739144396046,0.2737764150824966,3.3842152408773187,1.2820418688595876,4.338705632037457,5.184515527574629,0.5085570032102484,0.2586302255141886,0.0032274907789099985,0.5249690849558721,0.5249591636143499,0.27558212346267785,1.6841616,2.8926,0.3569203165562962,0.5904209809672175,-0.15598591729076228,3.2081157696011133,1.2480796606920488,4.003984041184569,4.718592699483839,0.5249591636143499,0.27558212346267785,0.00828666846049984,0.20836381396197023,0.2081989675637329,0.0433468100946043,0.78539621,1.4117899999999999,0.1417801054383641,-0.2341493153115718,0.17340845039530173,3.769350325596111,1.2508197806248857,4.71477794736047,5.539537494147473,0.20819896756373293,0.04334681009460432
110,497.5,0.002092409013978001,0.5079858835576905,0.5079815741918261,0.25804527971840574,1.6270804,3.1100000000000003,0.32936316832766,-0.20062496840745095,0.23744723955004732,3.2030031791527476,1.2849034597866087,4.1155498666008725,4.940079998202268,0.5079815741918261,0.25804527971840574,0.0035339935803940007,0.5216661532864783,0.521654182743784,0.27212308637408517,1.5645616,2.7489999999999997,0.35310516606903025,0.6147316902664325,-0.12871680352541803,2.9991625681354206,1.2512375105630609,3.7526647055276796,4.43086578827945,0.521654182743784,0.27212308637408517,0.00815455565612646,0.20796412330656866,0.20780418620595886,0.04318257980472082,0.78167621,1.4090699999999998,0.14254790565173234,-0.21969008927276798,0.10681659165790869,3.7587070191318444,1.2461644837960957,4.683967192237196,5.483603609791095,0.2078041862059589,0.04318257980472084
111,501.0,0.0021568720033248016,0.5049740166964323,0.504969410401947,0.25499410544168993,1.6570804,3.255,0.32788531400774107,-0.1934408348619152,0.23557861943170355,3.2815161675856332,1.2841128415523402,4.2138370505583325,5.053841478123896,0.504969410401947,0.25499410544169,0.0035189363602820016,0.5201109275689131,0.5200990233248736,0.2705029940634874,1.5645616,2.721,0.3525021450979765,0.6111445353927636,-0.13822183267164778,3.008130606509321,1.2505305497742019,3.7617592211507045,4.438445614466081,0.5200990233248736,0.27050299406348743,0.008528027652662761,0.20612386959203532,0.20594737764766466,0.04241432235994981,0.75384621,1.4232399999999998,0.13939886401408313,-0.23259699106169937,0.1727602306894438,3.6572484860294354,1.2549493816639532,4.589661726134069,5.407836106353353,0.20594737764766466,0.04241432235994981
112,504.5,0.0021034752261022004,0.5067568200949296,0.5067524544634175,0.25679805010469803,1.6760804,3.274,0.3291992575482901,-0.18925997318331905,0.22289007446374942,3.307464909275466,1.2833730630880793,4.2447113716731915,5.091385723292941,0.5067524544634175,0.25679805010469803,0.003747699009782001,0.5210035580429203,0.5209900788359743,0.27143066224551465,1.5665616,2.7350000000000003,0.35556934186824746,0.5956356852830017,-0.1512205960075006,3.006815550136697,1.2466577264339358,3.748469837539619,4.405783670124387,0.5209900788359743,0.2714306622455147,0.009666838252392401,0.2067629944044839,0.2065368928141186,0.04265748809331072,0.75856621,1.4479600000000001,0.14022624698799116,-0.1902033656104926,0.14474394448519234,3.6687716396486354,1.2528795429001558,4.596528934888037,5.409587907354911,0.20653689281411863,0.04265748809331073
113,508.0,0.0019579955398819995,0.5069301860741156,0.5069264047241997,0.25697437980660315,1.6760804,3.16,0.3293778107751703,-0.1819911844250852,0.24478620734933365,3.306333783316958,1.2838765365620926,4.244924366443216,5.088625721494258,0.5069264047241997,0.25697437980660315,0.0036218460108740002,0.5223825701906452,0.522370014329362,0.27287043187045784,1.5541616,2.7046,0.35707757673921653,0.5862069400991444,-0.18245516549632512,2.975140612813333,1.2448910456430509,3.7037259084202976,4.352448042782162,0.5223700143293619,0.2728704318704578,0.010208995657251,0.20703811655613696,0.2067862619101733,0.04276055811478279,0.76695621,1.46835,0.14005948203000287,-0.21672275466381347,0.2511316538577222,3.7044203393921675,1.255332490344485,4.650279209931932,5.475932074600321,0.2067862619101733,0.04276055811478279
114,511.5,0.0009985855562997994,0.5011498052139278,0.5011488103276757,0.2511501300928446,1.6040804,3.122,0.32584120801392213,-0.1799978088949903,0.2630830208275574,3.2008002064677243,1.2843473286392775,4.110939194684869,4.922889924749674,0.5011488103276757,0.25115013009284465,0.004602725658645999,0.5197930564196798,0.5197726776376609,0.27016363641862373,1.5541616,2.7706,0.35272225974298066,0.5861634662934883,-0.189636638212082,2.989962218243203,1.2488080761355183,3.7338889654821807,4.4061908685107545,0.5197726776376609,0.27016363641862373,0.0084576898558382,0.20639518488041997,0.20622182189119848,0.04252743982412519,0.80315621,1.50455,0.1395594276266568,-0.2237469044590366,0.22408636914944546,3.8913514889667993,1.2552738670622443,4.884711831653776,5.754940555851003,0.20622182189119848,0.04252743982412519
115,515.0,0.0012947303536280004,0.5034809297889238,0.5034792650491484,0.25349137033443064,1.5879196,3.157,0.3288876709889639,-0.17334053426978346,0.22208039285715175,3.1538823142034587,1.2808086080307113,4.03951961674761,4.828151797922775,0.5034792650491485,0.2534913703344307,0.003895335658242,0.5162634243883117,0.5162487285420234,0.26651274972125577,1.5745616,2.699,0.34957410550630497,0.5909978166625445,-0.1607632622672326,3.0499189476101267,1.250435318491066,3.8137263706268056,4.5042283601626805,0.5162487285420234,0.26651274972125577,0.00747057525841696,0.20442494944312023,0.20428840020943576,0.04173375046013059,0.80315621,1.44455,0.13931332155292958,-0.25021387444505216,0.1324656190178639,3.9288561018990125,1.2497324095674691,4.910018803070106,5.7651070338944965,0.20428840020943578,0.0417337504601306
116,518.5,0.002181140705808,0.5071185780207877,0.5071138874050357,0.25716449479904724,1.6400804,3.2279999999999998,0.32893750081652434,-0.17085827987588773,0.21762732630485226,3.2341161832425906,1.2839113752214337,4.152318556452889,4.985993983443099,0.5071138874050357,0.2571644947990473,0.003421690415898,0.5195227095835687,0.5195114414599075,0.26989213780775084,1.6519616,2.8884,0.3542908071701644,0.5842239284194879,-0.16779182068713716,3.179767832139917,1.2454734792325635,3.9603165050470883,4.662727811637996,0.5195114414599075,0.26989213780775084,0.00619782966403248,0.20644083158639545,0.2063477740455131,0.04257940385353813,0.73262621,1.37402,0.14024076374069686,-0.21374815093417324,0.08762035053464512,3.5488435324065053,1.2506687445546072,4.438427685295581,5.224060326387093,0.20634777404551313,0.04257940385353814
117,522.0,0.002673993524392,0.5054749317737394,0.5054678589290302,0.255497756410298,1.6150804,3.0890000000000004,0.3268049788530602,-0.16812964540549954,0.2570495822086549,3.1951740798155788,1.287254655733783,4.11300271012251,4.942031194470208,0.5054678589290302,0.25549775641029804,0.003782642814495999,0.5213413571766516,0.5213276343300162,0.271782502316131,1.6519616,2.9044,0.35601476699634005,0.5844310326130826,-0.14382784680428573,3.168675527578082,1.2456370700566617,3.947019700132609,4.640149098132726,0.521327634330016,0.27178250231613094,0.00541679565711592,0.20657297150642828,0.2065019391720201,0.04264305088180469,0.73262621,1.37402,0.14031097287590927,-0.1913599483306636,0.17491418886582544,3.5465734198300076,1.2538509809822262,4.446874561579344,5.221446298771894,0.2065019391720201,0.04264305088180469
118,525.5,0.002702130049029601,0.5046571752610609,0.5046499410835905,0.25467156303567134,1.6050804,3.079,0.32801540280892916,-0.17492876243813954,0.29448392916928023,3.1805361712526654,1.2854239783802346,4.08833745863384,4.893308016193887,0.5046499410835905,0.25467156303567134,0.0038280886524699994,0.5203811977582982,0.5203671172524547,0.2707819367176299,1.6432616,2.7917,0.3549067726074037,0.5985479032561329,-0.15095472050467507,3.1578035622325595,1.2468624623087128,3.9373467250925134,4.630121842779734,0.5203671172524545,0.2707819367176298,0.00541808936093332,0.20753322136185384,0.20746248402182302,0.04304068227650517,0.73474621,1.35214,0.14137160802097332,-0.2013752111173164,0.1919082264707801,3.540378765281633,1.2523915170661326,4.433940332839786,5.1972685342236185,0.20746248402182302,0.04304068227650518
119,529.0,0.0020929489753116,0.5085448022542778,0.5085404954027056,0.2586134354644292,1.6470804,3.0549999999999997,0.3321881213616908,-0.18110037548448601,0.2566861334112218,3.2388108042768713,1.2823613757301493,4.1533258787021605,4.958276031208946,0.5085404954027056,0.2586134354644293,0.0037118861419919995,0.5186219444570702,0.518608660912736,0.2689549431737013,1.4946616,2.7031,0.3517686735838151,0.5961056251028516,-0.17746768929787216,2.8819868036334566,1.2488759411790573,3.599243981853356,4.248990067172285,0.518608660912736,0.2689549431737013,0.0054209745630091,0.20739558601375113,0.2073247262937406,0.04298354213277446,1.0149062,1.67129999,0.14073264731696417,-0.2141638045259527,0.27281284669828576,4.893576664320656,1.253894414783114,6.136028447704652,7.211590340613605,0.2073247262937406,0.04298354213277446
120,532.5,0.002352174109883999,0.5102112797791442,0.5102058577582474,0.260310017290829,1.7020804,3.177,0.3323466012669757,-0.1472312942762624,0.1857347752242111,3.3360305180567194,1.2811779164408321,4.274048628306938,5.121401553412338,0.5102058577582474,0.260310017290829,0.004135082761344,0.5175831553862705,0.517566637091462,0.2678752238301651,1.5205616,2.6639999999999997,0.35247414681726386,0.5906629231773142,-0.18594593991184194,2.937811217726377,1.2464731784884162,3.6619028863583214,4.313966325559524,0.517566637091462,0.26787522383016515,0.00661944105515054,0.20387971381663847,0.2037722275141335,0.041523120706071795,0.78469621,1.38109,0.13772231147241604,-0.22129478566120256,0.20823092184659409,3.8488194598199477,1.255690847208493,4.832927368253845,5.697669474253373,0.2037722275141335,0.041523120706071795
121,536.0,0.0027427112293935997,0.5066224991003873,0.5066150749137199,0.25665883412983403,1.5440804,3.019,0.3323853451618447,-0.13827403115326292,0.15332942107861847,3.047792789980376,1.2763791772708428,3.8901392537671593,4.645452702639937,0.5066150749137199,0.2566588341298341,0.003588536694264,0.5185466225325899,0.5185342053754508,0.26887772214435024,1.5205616,2.682,0.3556630328644032,0.5844568504415453,-0.18251481451300888,2.9323527218701244,1.2436415102407996,3.6467955675852815,4.275287166489735,0.5185342053754508,0.26887772214435024,0.0053685330539220396,0.20348931677756923,0.20341848710343627,0.041379080895450865,0.78469621,1.41109,0.13732628031378485,-0.24578924381857273,0.2214528231991264,3.856203472626223,1.2568402172985316,4.846631610482894,5.7141008130927435,0.20341848710343627,0.041379080895450865
122,539.5,0.0027284572543539993,0.509115228753124,0.509107917508024,0.2591908716693569,1.5740804,3.034,0.3331953357618393,-0.14814702915377786,0.1846866195416057,3.091795945399406,1.2788904793406035,3.954068398635181,4.724196983132795,0.509107917508024,0.25919087166935695,0.0037692938713879995,0.5171441013827487,0.5171303646264468,0.26742381401868176,1.4709616,2.7334,0.3525104888423884,0.5775212677901108,-0.1684461024856443,2.844394040397866,1.2474916653407873,3.548357858341344,4.17281654463815,0.5171303646264468,0.26742381401868176,0.005417663655764,0.20480565568124529,0.2047339872115468,0.04191600551953781,0.74436621,1.38276,0.13907409556149036,-0.2275383361591513,0.1938027956131636,3.6345002657471244,1.2542981505196222,4.558746961389694,5.3522994846361245,0.20473398721154681,0.041916005519537815
123,543.0,0.002141481710697601,0.5097182846813854,0.5097137861531867,0.25980814379461664,1.5929196,3.162,0.332094027455721,-0.14402591837648154,0.2088998947966334,3.1250980156532977,1.2808670153460142,4.002834967973591,4.79659213447429,0.5097137861531869,0.2598081437946167,0.003664717800562002,0.5180390765417915,0.5180261138858874,0.26835105466771436,1.5022616,2.7647,0.35152169003299555,0.5701868820276481,-0.18186758268211722,2.8999001581665604,1.2492109255051334,3.6225869604557315,4.273595748413108,0.5180261138858875,0.2683510546677145,0.00499001525851748,0.20442338307579622,0.2043624703703532,0.04176401929587349,0.77874621,1.36714,0.13872774834200263,-0.22119907032690636,0.24368235805311933,3.809477165883983,1.2549071811114676,4.780540251747972,5.613485544940679,0.20436247037035324,0.041764019295873506
124,546.5,0.002141447813587601,0.5089503970369067,0.5089458918640435,0.2590259208452867,1.6030804,3.132,0.3297935890469065,-0.13098568865639848,0.1844091574047968,3.1497772854350523,1.2829929082129894,4.0411419196635325,4.86085980213519,0.5089458918640435,0.25902592084528664,0.0041963513420040024,0.5133913524902572,0.5133742021636752,0.2635530714471901,1.5022616,2.7337,0.34842140968842117,0.571794665850131,-0.1663543367805116,2.9261529098866323,1.2493433432484402,3.655769659293917,4.311622530152238,0.5133742021636752,0.2635530714471901,0.0047773146436421,0.20463148834870243,0.20457571529534188,0.041851223288600775,0.77874621,1.39314,0.13703315849374684,-0.2251419007313255,0.27275710295614974,3.8056030197707256,1.2632636487781659,4.807479956556773,5.6829034560677965,0.20457571529534188,0.041851223288600775
125,550.0,0.0025099505927436,0.5082455406965046,0.5082393430126246,0.25830722978590437,1.5610804,3.058,0.33309457648673324,-0.11020736156446737,0.13007895087258392,3.0715083065179094,1.2765331396335182,3.920882141929737,4.686598072130952,0.5082393430126246,0.25830722978590437,0.0038380048949520004,0.5139674947041848,0.5139531645305072,0.2641478553309226,1.6198616,2.8513,0.3511534876253078,0.5929841173187609,-0.15532302670268372,3.1516810239766526,1.2458788046712355,3.9266125868570474,4.612973121680754,0.5139531645305071,0.26414785533092255,0.00485963365062276,0.20400635160758082,0.20394846274737558,0.04159497545701764,0.75688621,1.39028,0.1371670202146751,-0.1996212409248778,0.27152027634795983,3.710111004072651,1.2623905073265749,4.6836089126691824,5.517989738462095,0.2039484627473756,0.04159497545701765
126,553.5,0.002574686652046001,0.5091593104267802,0.5091528006236616,0.25923657438291814,1.5120804,3.023,0.3333648738072107,-0.11321698963238805,0.1929898516844668,2.9697589124562325,1.2785847919890672,3.7970885813405304,4.535812015018883,0.5091528006236616,0.2592365743829181,0.0037365912331660013,0.5122922347931942,0.5122786075129054,0.2624293717153614,1.6198616,2.7823,0.3492742755717303,0.594228804980248,-0.15945530464545765,3.161987416525877,1.2471813438931667,3.9435717155160255,4.637792455079703,0.5122786075129054,0.26242937171536146,0.00457007564665476,0.203785351052269,0.203734100513587,0.041507583712080375,0.77644621,1.45984,0.136641615829482,-0.1919004453563553,0.37723537493715975,3.810117881342948,1.2656089725629815,4.822119377150292,5.682355300664359,0.20373410051358704,0.04150758371208038
127,557.0,0.0027035272346535998,0.5115650533914835,0.5115579095194628,0.26169149479192283,1.5480804,3.059,0.3340675927176665,-0.08648572954333439,0.21760802280163904,3.026165274067903,1.281008364832724,3.8765430294472956,4.634033452350892,0.5115579095194628,0.2616914947919229,0.004308621835789998,0.5133093635621702,0.5132912803647423,0.2634679384984764,1.4449616,2.7214,0.34901389496795093,0.5957602307885478,-0.15547553774824463,2.814991703974618,1.2485529408296725,3.51466617040864,4.140126283891039,0.5132912803647423,0.26346793849847644,0.0033395055129255198,0.2052427153745765,0.20521554501854522,0.04211341991725856,0.77644621,1.45984,0.13807508040750718,-0.17781461294479362,0.3669924025055544,3.783063426065833,1.2626444635853873,4.776664090314392,5.6233623598729,0.20521554501854522,0.04211341991725856
128,560.5,0.003033143344518,0.5108385196624083,0.5108295148210726,0.26094679321233244,1.6019196,3.1630000000000003,0.33261893967202577,-0.0824093249485698,0.17460673986044828,3.1358629749742466,1.2803184494671749,4.01490322186055,4.816080532213681,0.5108295148210726,0.2609467932123325,0.0040806673626819995,0.5144154856508524,0.5143993001854468,0.26460664003127743,1.5225616,2.799,0.34876954576017527,0.5849898001827619,-0.15827792183131528,2.9597895912359906,1.249865540595798,3.699339017499987,4.36552336208552,0.5143993001854469,0.2646066400312775,0.00244712811227,0.20382008471405008,0.2038053936892856,0.04153663849684469,0.74195621,1.38835,0.13777102515779469,-0.22274484254974,0.3002293117769592,3.6402507193583467,1.2581666915616856,4.580042204030137,5.385429985370347,0.2038053936892856,0.04153663849684469
129,564.0,0.0027032211214699986,0.5046965430440843,0.5046893035880765,0.25471129315621766,1.5610804,3.052,0.32884410435189126,-0.09930045898513018,0.12423895614050862,3.093106979858276,1.2786212982137264,3.954912462100328,4.747174662220828,0.5046893035880765,0.2547112931562177,0.0038869823537460006,0.5109777305430069,0.5109629462877553,0.26108313247906345,1.4937616,2.6802,0.34971293795325814,0.5845477789645745,-0.18832950430198503,2.9233399240561937,1.243704562381651,3.635771200941117,4.271393585671837,0.5109629462877552,0.2610831324790634,0.0021799638488200004,0.20283520655571186,0.2028234916771628,0.04113736877611612,0.73610621,1.3584999999999998,0.13635266707354796,-0.22527473451534374,0.23973538795460936,3.629085021775137,1.260508525016549,4.574492607957429,5.398546473630383,0.2028234916771628,0.04113736877611612
130,567.5,0.0026001682855576,0.5062696229216248,0.506262945728888,0.25630217021809093,1.5970804,3.16,0.32984144710037666,-0.09624040989004273,0.14749761711172393,3.1546044393962047,1.2796151277773231,4.036679562804885,4.841963961897062,0.506262945728888,0.256302170218091,0.003584745977022,0.5098785744392391,0.509865972848229,0.259963310268471,1.4890616,2.6305,0.3489610728982167,0.5878899708968203,-0.21219328057711317,2.9204239492464645,1.242631521928791,3.629010856729424,4.2671281000856,0.509865972848229,0.259963310268471,0.0023768406770364,0.2025759181662753,0.2025619738482656,0.04103135324930544,0.74011621,1.33651,0.13653480928425948,-0.21830745545623517,0.27368156085084694,3.6535251410906064,1.2597777871868794,4.602629817674756,5.420714423521921,0.2025619738482656,0.04103135324930544
131,571.0,0.0025370439859996,0.5078163796966774,0.507810042137858,0.2578710388960531,1.5369196,3.051,0.3305461786350391,-0.08579371115687293,0.1882166963096843,3.0265262434386497,1.2813173246254634,3.877940509151565,4.6496365692278525,0.507810042137858,0.2578710388960531,0.0032443366434000013,0.5076321311007,0.5076217635263314,0.2576798548055827,1.6164616,2.8039,0.34526891325831044,0.6041761141294253,-0.14512320414093427,3.184316951125655,1.247828151729749,3.973480335644836,4.681746713729353,0.5076217635263314,0.25767985480558264,0.0026235210672963596,0.20341942289953352,0.20340250428642395,0.04137257874998872,0.73776621,1.36516,0.13642361331249117,-0.19349911662726849,0.2900225923826971,3.6268228445637374,1.2636676276404728,4.583098619862129,5.407906975092917,0.20340250428642398,0.041372578749988724
132,574.5,0.0026187264697056017,0.506851919198332,0.5068451541316236,0.2568920102667092,1.6299196,3.206,0.32812668136001305,-0.0880028272135969,0.20428408171109513,3.2157707966815647,1.2843040348377357,4.130027409291493,4.967348565634288,0.5068451541316236,0.25689201026670927,0.0034843763398240022,0.5122930735698384,0.5122812238889439,0.26243205234915434,1.5329616,2.7203999999999997,0.3491961887253607,0.5965163143888462,-0.175848784580261,2.9923527743949063,1.245952756428907,3.728330187465021,4.389972312113804,0.5122812238889439,0.26243205234915434,0.0021571636405983597,0.20344575463250078,0.20343431795794778,0.04138552172301539,0.73286621,1.37026,0.13673355606545445,-0.18198473543859411,0.2446500824440614,3.602268385122269,1.262217516831898,4.546846256031081,5.359812405150762,0.20343431795794778,0.0413855217230154
133,578.0,0.0024138624507620003,0.5091894149559457,0.5091836933477417,0.2592680335712471,1.6299196,3.252,0.3308131386075936,-0.09433097829512907,0.18849648608848302,3.201008410870085,1.281993252952727,4.103671185380379,4.927009872885945,0.5091836933477417,0.2592680335712471,0.00355397272938,0.5112901827709722,0.5112778308080773,0.26140502027581297,1.6541616,2.8586,0.3517390567513287,0.5917212791805443,-0.17194215076396846,3.2352696291471075,1.2410956670651572,4.015279118521973,4.702808995048433,0.5112778308080773,0.26140502027581297,0.0018669656492787598,0.20280458339386073,0.20279598981444832,0.04112621348482182,0.72936621,1.37076,0.13662435792089747,-0.16400168823766303,0.2787452573649709,3.5963990448061995,1.2613989628655407,4.536494025169161,5.338478592684675,0.20279598981444832,0.04112621348482183
134,581.5,0.0025361848065863987,0.5090985020588691,0.5090921847418315,0.2591748525652111,1.5860804,3.138,0.3331319815763168,-0.08507774895395005,0.13354689555270838,3.115468604966736,1.276820162908252,3.977893131729173,4.761117177927412,0.5090921847418316,0.25917485256521117,0.0028409314921179992,0.5104750734283139,0.5104671680920326,0.26057672969989953,1.5300616,2.7685,0.3507004566264894,0.588269890775828,-0.21428986560032515,2.997328723074011,1.2412470242575748,3.7204253582373723,4.362873133152431,0.5104671680920326,0.26057672969989953,0.0008763416498927603,0.2019275150856588,0.20192561346689433,0.04077395337398162,0.72336621,1.39176,0.13493076523548003,-0.16210521893228108,0.3082247491540633,3.582306302799517,1.265631250288697,4.533878804929232,5.361017620685597,0.20192561346689436,0.040773953373981625
135,585.0,0.0025242039350780003,0.510660294571593,0.5106540559384996,0.26076756484644026,1.5599196,3.089,0.3366613369243839,-0.07343837451173552,0.10405302166997776,3.054710962614901,1.2726793566228818,3.887667582569597,4.6334979069793425,0.5106540559384996,0.26076756484644026,0.0033286660221859997,0.5117845566378939,0.5117737316388546,0.2619123523955584,1.5159616,2.6924,0.34908450819252657,0.5772593461231661,-0.22586543906429224,2.9621089193447423,1.24485046669045,3.687382670634247,4.342677960271784,0.5117737316388546,0.2619123523955584,0.0007107176359803603,0.20148712955611794,0.20148587607374804,0.040596558257205755,0.74525621,1.41365,0.13453629362473785,-0.1800545397195997,0.31493687054712405,3.69877823780517,1.2672117250307833,4.6871351512354105,5.539443594891528,0.20148587607374804,0.040596558257205755
136,588.5,0.002844297216332001,0.5089655611803736,0.508957613599598,0.2590378524409977,1.5489196,3.0780000000000003,0.33544167989168466,-0.07838537276957282,0.17410443774145756,3.0432699540766657,1.2753405854624027,3.8812056849522745,4.617552596624701,0.5089576135995981,0.2590378524409978,0.003005463100794,0.5109734257208659,0.5109645868203265,0.26108480898446695,1.5598616,2.6532999999999998,0.34856108200756414,0.5899086611377343,-0.1979205685624974,3.0527254872391736,1.2452778990857973,3.801491581234865,4.475145621581899,0.5109645868203265,0.26108480898446695,0.0013331502441639997,0.20189423100940584,0.20188982942512437,0.04075950322530582,0.74525621,1.34265,0.135614575194129,-0.17266882884894136,0.31233637700724737,3.691319986083604,1.2632862173454824,4.663193662231335,5.4953990670485355,0.20188982942512437,0.04075950322530582
137,592.0,0.0026640807850235996,0.5130213558778149,0.5130144386469863,0.2631838142602825,1.6000804,3.1879999999999997,0.333706053244828,-0.08135144767210158,0.17739917647976355,3.118935267835297,1.282345786658226,3.9995534995683384,4.7948797585223275,0.5130144386469864,0.26318381426028253,0.00333208735276,0.5108797576119646,0.5108688911369856,0.2609870239315333,1.4975616,2.675,0.35103462148639136,0.5673159465079546,-0.21751831556332224,2.931338691123995,1.2412650156092941,3.6385681661941534,4.266136467277363,0.5108688911369855,0.2609870239315332,0.0003226202515122,0.202881578614714,0.20288132210080773,0.0411608308573717,0.73185621,1.3592499999999998,0.1361420293885052,-0.16290509612485762,0.23058596058370284,3.607307351397561,1.2614638797936957,4.550487927102288,5.375681656041132,0.20288132210080775,0.041160830857371704
138,595.5,0.0025835390459956,0.5144980654247224,0.5144915787957853,0.2647015846517798,1.6000804,3.157,0.3347374727663337,-0.08130188503047414,0.16695509478956128,3.1099833168062943,1.2808516724609904,3.98342733265712,4.780105396556392,0.5144915787957853,0.26470158465177984,0.0035883542774640008,0.5098854891645098,0.5098728623628747,0.25997033577411094,1.5144616,2.7789,0.34987717856596673,0.5708787802147818,-0.20678045587401517,2.970199451020998,1.2423165999488728,3.689928083162414,4.328552111364587,0.5098728623628747,0.2599703357741109,0.0006394216483725595,0.20157684174999596,0.20157582759313802,0.0406328142698585,0.72367621,1.35107,0.13680181480699746,-0.1728452537512986,0.21499090622719574,3.5900761402816976,1.255642593204727,4.507852514585728,5.289960597532831,0.20157582759313802,0.0406328142698585
139,599.0,0.0031038532535236003,0.5131589621771612,0.5131495752290182,0.2633224865577217,1.6440804,3.201,0.33709588776647076,-0.06918515198301887,0.10652872194757368,3.2038423201744717,1.2745951058140201,4.083601741094217,4.877189131239021,0.5131495752290182,0.2633224865577217,0.003557493430951999,0.5108570777798637,0.5108446908388794,0.2609622981582703,1.4498616,2.7142999999999997,0.35066431793089936,0.5836692314044583,-0.21928925883494133,2.838096334694942,1.2416881523085879,3.5240305939011383,4.1346140050830735,0.5108446908388794,0.2609622981582703,0.0014186916434815197,0.20242523468402016,0.20242026319245154,0.04097396295090135,0.68139379,1.3498,0.13603073078176117,-0.15627003797679578,0.26894209092801624,3.366150426174067,1.2629891575279037,4.251411490865779,5.00911658773034,0.20242026319245154,0.04097396295090135
140,602.5,0.003652391845453999,0.5129962823095093,0.5129832801341434,0.263151845697185,1.6260804,3.2,0.33532223987669907,-0.052737823821381945,0.15866250950020966,3.169770339619979,1.278086592222867,4.051240971494019,4.849306746244818,0.5129832801341434,0.2631518456971851,0.003872561871054,0.5066075643223623,0.5065927629696179,0.25663622749319137,1.4813616,2.6698,0.3474364360378564,0.5876319390306785,-0.18668325153947984,2.9240810921989837,1.2438175632740311,3.637023418914607,4.263690984438351,0.5065927629696179,0.25663622749319137,0.0007295076373840002,0.20195344573633947,0.20195212814770636,0.04078466206338761,0.68538621,1.3667799999999999,0.13447269944332246,-0.11863707861057385,0.29214229375772627,3.393783193453439,1.2690162001967562,4.306765852447896,5.096842800340128,0.20195212814770636,0.04078466206338761
141,606.0,0.002709413389758,0.5140922296662107,0.5140850899240897,0.2642834796822594,1.6260804,3.2,0.33478851118324543,-0.04606771933803039,0.20275993076176313,3.1630129890424135,1.2814032020267805,4.053094972211246,4.857037639233594,0.5140850899240897,0.26428347968225946,0.003539740450194,0.5079827375037003,0.5079704044915397,0.25803393183929846,1.5503616,2.7388,0.3486821176929546,0.5900855599623693,-0.18426871540926726,3.051996624174078,1.2431520427527722,3.7940958378165703,4.446346747742396,0.5079704044915396,0.2580339318392984,-0.00019779976000029978,0.20174281405400607,0.2017427170870964,0.04070012389768422,0.70158921,1.3629829999999998,0.13442706035953242,-0.11264524633501921,0.32762797531815435,3.4776416364063714,1.2691911779188334,4.413792084890182,5.219106987265524,0.2017427170870964,0.04070012389768422
142,609.5,0.0026289758937255987,0.5149710280015002,0.5149643173722547,0.2651882481666722,1.5630804,3.124,0.3353954137757918,-0.02727509192912306,0.20548874179249665,3.0352783263672194,1.2820498224818941,3.8913780395022344,4.660410774265692,0.5149643173722546,0.26518824816667214,0.0037903232392379996,0.5075438751784843,0.5075297219680193,0.25758641868093496,1.6100616,2.7645,0.34673793077019505,0.5766935453094204,-0.21175998555681463,3.1722609191841813,1.2437277864100018,3.9454290509319,4.643453908903577,0.5075297219680193,0.25758641868093496,-0.0004543729520604205,0.2025593627580814,0.20255885314194602,0.041030088986180456,0.78450621,1.4459,0.13665215212172446,-0.10363355564922892,0.26470694192291955,3.8729693820025655,1.261234464536088,4.884722464674669,5.740899047833452,0.202558853141946,0.04103008898618045
143,613.0,0.0026780077272356008,0.5089609256186756,0.5089538801121688,0.25903405208123187,1.5819196,3.12,0.33122570818058655,-0.03614598723372554,0.20428107652157923,3.1081356551626675,1.2814991517971839,3.983073205761543,4.7759565786407085,0.5089538801121688,0.25903405208123187,0.0037986675962479993,0.5080185748453684,0.508004372532769,0.25806844251241234,1.6100616,2.7395,0.34850997312049276,0.5717351825304537,-0.22604078497325553,3.16929671418033,1.2417506863419834,3.9354763700548174,4.61984368936077,0.5080043725327691,0.2580684425124124,-0.00044464635269242045,0.20195753315740278,0.20195704367177808,0.040786647488644474,0.78450621,1.4009,0.13633759044993862,-0.16261645204508848,0.2920103225370472,3.8845107569647683,1.26052414310045,4.896519593287495,5.7541446009936665,0.20195704367177808,0.04078664748864448
144,616.5,0.0027949316630440017,0.5113548388114882,0.5113472005720986,0.261475959532922,1.5770804,3.1109999999999998,0.3322726180155846,-0.06505038802620311,0.16551640378718435,3.0841213973168116,1.2808572209867195,3.9503191621528893,4.746344761776398,0.5113472005720986,0.261475959532922,0.004168260401084001,0.5073637703113667,0.5073466477959562,0.257400621029794,1.4413616,2.5768,0.3459452542568998,0.5663083654088963,-0.2142627263642778,2.8408839659864626,1.24572324755312,3.538955200030243,4.166444205445412,0.5073466477959562,0.257400621029794,-0.0011317640073237002,0.20210944079730142,0.20210627197004452,0.040846945169629605,0.71239379,1.4190182,0.13438272984930058,-0.14811683337739917,0.278469536698672,3.5247922471591537,1.269624404615786,4.475162258193779,5.301230230989446,0.20210627197004452,0.040846945169629605
145,620.0,0.0021382556929419997,0.5145887295795929,0.5145842870443393,0.26479698847293104,1.6299196,3.124,0.3356839794604986,-0.03648246547649675,0.1633356645747357,3.1674218775285006,1.2792434522817766,4.051903697442386,4.855517986350015,0.5145842870443395,0.2647969884729311,0.0039026467536500005,0.506656183856832,0.5066411530745248,0.25668525798868413,1.5136616,2.6481000000000003,0.34834780756032097,0.5819948509043739,-0.21658958467906508,2.987551811718777,1.2405546572814823,3.706221313897459,4.345259442282811,0.506641153074525,0.2566852579886842,-0.0009918743616531397,0.20103206796822068,0.20102962104334274,0.04041290853682999,0.68020621,1.3126,0.13555434062831662,-0.1428335274038451,0.21978444569808664,3.3835706754383463,1.2607500039308193,4.265836742359101,5.017959637789041,0.20102962104334274,0.040412908536829995
146,623.5,0.0023443628148639988,0.5152699011592821,0.5152645679684259,0.2654975750036886,1.6299196,3.239,0.3348936897652527,-0.03688622133692381,0.20485065969011806,3.163234639424734,1.2827569609954457,4.057661252983996,4.866976147393251,0.515264567968426,0.2654975750036887,0.00421397759097,0.5082186309006101,0.5082011601593934,0.25826841918735344,1.6246616,2.7591,0.34896785698974436,0.5807172631653852,-0.19151420564900246,3.196776940508754,1.2418691194653606,3.9699785642367753,4.655619614982896,0.5082011601593933,0.2582684191873534,-0.0016304537563096005,0.2026458803466954,0.2026393210658675,0.04106269444203573,0.75158621,1.46698,0.13573085986852995,-0.10219528844747239,0.30240239589711093,3.7088649851364046,1.265142836546749,4.692243967664387,5.537327404600492,0.2026393210658675,0.041062694442035724
147,627.0,0.001957930972444001,0.51171005087931,0.511706305098162,0.26184334267721315,1.6259196,3.2350000000000003,0.3334249454355541,-0.022451978257007642,0.21835965461623363,3.1774236155925797,1.2813295493359125,4.071326769416525,4.876418583126874,0.5117063050981618,0.2618433426772131,0.003936387598361999,0.5049671461241648,0.5049518031628951,0.25497632351745914,1.6246616,2.7911,0.34412975138940183,0.5984099135229416,-0.18027385136586904,3.21736099560132,1.2463920015534649,4.010093011027577,4.721072773977062,0.5049518031628951,0.2549763235174592,-0.0028349725541036,0.20148999544668444,0.20147005036908686,0.0405901811957224,0.72241621,1.4148100000000001,0.1346072430259461,-0.10501113274453647,0.3560766819633048,3.585370124201308,1.2670742797642511,4.542930267810636,5.366845005961167,0.20147005036908686,0.0405901811957224
148,630.5,0.0024816172318320004,0.5144261513565956,0.5144201655995551,0.26462810677547366,1.6389196,3.194,0.3361755518260972,-0.03210172629570981,0.18268364089989308,3.1859181258145552,1.278837866466448,4.0742727387534705,4.875189736723654,0.5144201655995551,0.2646281067754736,0.0037906538805739997,0.5063739240855378,0.5063597356987853,0.25640018193694375,1.5633616,2.7298,0.34433146332636316,0.5907562849727465,-0.19263241095556793,3.087365927902546,1.2471489665897095,3.8504052264679403,4.5402809981329515,0.5063597356987853,0.25640018193694375,-0.0030354175565944002,0.20185719519956996,0.20183437143879734,0.04073711349409441,0.72241621,1.4148100000000001,0.13381883213782897,-0.12529037722287056,0.3482396864939523,3.5788479538010494,1.2708534538439413,4.548191282870386,5.398464464672172,0.20183437143879734,0.04073711349409441
149,634.0,0.0027542882596360003,0.5162250993038109,0.5162177515810671,0.26648076704741225,1.6389196,3.1239999999999997,0.3399240298799524,-0.02635395891934013,0.13653174619577868,3.174815796849615,1.2740823059162718,4.044976631309563,4.821429072192398,0.5162177515810671,0.2664807670474123,0.0037086171561179996,0.504560915966474,0.5045472862673196,0.2545679640797166,1.4403616,2.5648,0.3459017084696748,0.5828750472760389,-0.2119829512764042,2.8546832590887914,1.2419195409168906,3.5452869225906847,4.16407772708725,0.5045472862673196,0.2545679640797166,-0.00379660836163564,0.20250209239753036,0.20246649893334523,0.040992683190326284,0.68747621,1.32987,0.13468258086169282,-0.09231600376268737,0.2777358999220412,3.394909167903414,1.2695046161546986,4.309852860079291,5.104418148223472,0.20246649893334523,0.040992683190326284
150,637.5,0.002975907768288001,0.5116628348540734,0.5116541806179847,0.26179000054386137,1.5479196,3.0789999999999997,0.33754374921273494,-0.02458723530570394,0.10974309723372411,3.0252726884911776,1.2725405813984279,3.849782265901348,4.585833995179193,0.5116541806179847,0.26179000054386137,0.0034497884344260013,0.5048370373725135,0.5048252502230988,0.25484853326281426,1.4886616,2.6151,0.3477125676596672,0.5851259775874983,-0.2275717415679046,2.948796323954206,1.2389181999858203,3.653317433798149,4.2812993790235,0.5048252502230988,0.2548485332628143,-0.004148305958462,0.20071319493013642,0.20067032211250851,0.04026857817673792,0.71083421,1.333228,0.13419522651704993,-0.13464488213921924,0.3011421212402521,3.5415420010001077,1.2666125992204402,4.485761719135105,5.297015612620813,0.2006703221125085,0.040268578176737915
151,641.0,0.0030843104307798005,0.5098101313381842,0.5098008013373687,0.2598968570442233,1.5899196,3.122,0.3358270948519693,-0.025136855330610754,0.1556171340918877,3.118650458802518,1.2751648088109033,3.9767933160469484,4.734339856350267,0.5098008013373687,0.2598968570442233,0.0034210357576320008,0.5022652208184036,0.502253569980448,0.25225864855810476,1.4886616,2.6341,0.3448256938755139,0.5739487180090986,-0.2201744942016175,2.963895444670322,1.2418232417265163,3.680634249238954,4.31714233144536,0.502253569980448,0.2522586485581048,-0.0040721699676692,0.19973788620213512,0.19969637106430224,0.039878640616251494,0.71083421,1.387228,0.13310428889500603,-0.13748770805048918,0.4018819678860983,3.5588351489843766,1.2707827126541071,4.52250618451515,5.34043054435844,0.19969637106430227,0.0398786406162515
152,644.5,0.0026600488383269993,0.5130930629124005,0.5130861675674042,0.2632574153490064,1.5959196,3.1029999999999998,0.337417062747686,-0.017182977844340853,0.1606559877637359,3.1103901326229164,1.2755690975826954,3.967517534599934,4.729812970938574,0.5130861675674042,0.2632574153490064,0.0035264073994040004,0.5047483447223865,0.5047360260084894,0.25475845595084257,1.4969616,2.6424,0.34524898147855654,0.5681325253502066,-0.23187116955668063,2.965758314320643,1.2435130471683948,3.687959158605865,4.33588998174344,0.5047360260084894,0.2547584559508425,-0.00399752557067364,0.19952229785677003,0.1994822476596789,0.039793167131357464,0.71585221,1.396246,0.1323929434417896,-0.13284181247032503,0.399194094508331,3.58783062188811,1.2727483598318228,4.566405539362481,5.407026925983749,0.1994822476596789,0.03979316713135747
153,648.0,0.0027350321905195998,0.5105218800752003,0.5105145537929687,0.26062510963443397,1.6319196,3.194,0.33280912915813704,-0.036118330641295285,0.2235285112400196,3.196571319841604,1.2819622267925064,4.097883687285203,4.903470058432742,0.5105145537929688,0.260625109634434,0.0035958315531940017,0.5054377406544613,0.5054249495952169,0.25545437967332757,1.4969616,2.7904,0.34574216322987167,0.5864753109949861,-0.17536638066458554,2.961713144059391,1.244425744005116,3.6856320828258395,4.3297050785348485,0.5054249495952169,0.25545437967332757,-0.00418229836985964,0.2006161190797683,0.20057251959072867,0.04022933561497324,0.72611621,1.42251,0.13247545207729386,-0.10642743409949296,0.39260172108871627,3.619431047369051,1.2754028438452838,4.616232650916401,5.481137815452343,0.2005725195907287,0.040229335614973244
154,651.5,0.002613025445325999,0.5098539524215215,0.5098472564385036,0.2599442248978693,1.7339196,3.272,0.33168336070316734,-0.02305493214462388,0.20442435715598206,3.4008162372084203,1.2827145642279474,4.362276517730127,5.227635164827375,0.5098472564385036,0.2599442248978693,0.0030501760567860016,0.5066478371357848,0.506638655552842,0.2566827273003913,1.5566616,2.7351,0.3472998385451308,0.5840066418119338,-0.18507676613811697,3.072472605035132,1.2429115817579597,3.8188117854322154,4.482183483070394,0.506638655552842,0.2566827273003914,-0.00453717237782592,0.20095552138822098,0.20090429473564178,0.040362535643225624,0.69639379,1.38229,0.1327383050070939,-0.10800071200805374,0.38548879272004966,3.4654125708477257,1.2763296167059395,4.4230086982780215,5.246366449856224,0.20090429473564178,0.040362535643225624
155,655.0,0.002456855907822,0.514281364502095,0.5142754959486063,0.26447928573318497,1.7340804,3.468,0.3367195505661403,-0.02633411807476813,0.1637958302574667,3.371851518825423,1.277577668565976,4.307802202171629,5.14992490660082,0.5142754959486062,0.26447928573318485,0.0028829687450080002,0.5066477571621705,0.506639554642818,0.25668363832867297,1.4399616,2.6494,0.3460563033987414,0.5664595216591585,-0.24249655295629902,2.842135546134648,1.2435365835177297,3.534299526934577,4.1610616129734606,0.5066395546428181,0.2566836383286731,-0.0049693043710113205,0.2015568646355528,0.20149559721190638,0.04060047569578281,0.74439379,1.4272200000000002,0.13359622802600998,-0.11009716167158826,0.36897859762107243,3.6932197340238626,1.2739595303957643,4.7050124780054094,5.571967120621649,0.20149559721190635,0.0406004756957828
156,658.5,0.0023007308834811996,0.5151975664289329,0.5151924291870917,0.2654232390916965,1.6999196,3.319,0.33931011350041307,-0.004858852604598399,0.14431060591416944,3.2995489706655854,1.2730382087600773,4.200451911332274,5.009929065960277,0.5151924291870917,0.2654232390916965,0.0030191463215400007,0.5023235662427072,0.5023144930800629,0.2523198499582806,1.5140616,2.7235,0.3425113733927787,0.5639498719500159,-0.21979808194458483,3.014116202679713,1.244939840102592,3.7523933434147136,4.420471019698763,0.5023144930800629,0.2523198499582806,-0.005922780775659641,0.20025747496880636,0.20016987023217447,0.04006797694876557,0.70658321,1.395977,0.13267825683491896,-0.1081856826125097,0.41530144521690593,3.5283737104448303,1.274664338102246,4.497492140201525,5.325538840016156,0.2001698702321745,0.04006797694876558
157,662.0,0.0026843815914559996,0.5146468577510919,0.5146398568791034,0.264854182288544,1.6030804,3.157,0.3369835841464367,0.0015511856618738366,0.18776316198443244,3.1149134126751576,1.2783484226816626,3.9819446478832425,4.757146862392499,0.5146398568791034,0.26485418228854407,0.0024740550930760006,0.5055330753895729,0.5055270213986944,0.255557569364236,1.5280616,2.7475,0.3477926495454204,0.5721231594980607,-0.20933768005261255,3.0226738355793006,1.240589398811545,3.7498971164847115,4.393599467950921,0.5055270213986944,0.255557569364236,-0.00594063605047764,0.20100917940566687,0.20092137529057313,0.04036939904865533,0.75666621,1.42706,0.13351256878767667,-0.10343888975967415,0.4015253357160078,3.764336595160828,1.2722663239018928,4.789238681854633,5.667378111818945,0.20092137529057313,0.04036939904865534
158,665.5,0.002131262466594,0.5144668679005417,0.514462453331331,0.26467161588769195,1.6030804,3.202,0.3346563248042906,-0.010591833006927301,0.21114034749212873,3.116003187031108,1.2822572153881306,3.9955175697430487,4.790228904048035,0.5144624533313311,0.264671615887692,0.0026224373989760003,0.502494237209844,0.5024873941216749,0.25249358125119137,1.5217616,2.6772,0.3447254304692539,0.5747786102824493,-0.19896157481574273,3.028416024131447,1.2423365421251025,3.762311891535713,4.4144164180998136,0.5024873941216749,0.2524935812511914,-0.00555307295967152,0.20206877127658882,0.20199245457673642,0.04080095170593493,0.70996921,1.380363,0.13394229969611615,-0.10277282223567001,0.37033671324013184,3.5135028807999453,1.2722240834239813,4.469962982133228,5.300560103945912,0.20199245457673645,0.04080095170593494
159,669.0,0.0021852038818759977,0.5172063884333138,0.5172017721549556,0.26749767312022654,1.5699196,3.11,0.33697654912192065,-0.013011002390200008,0.15219442225614044,3.0353832340615376,1.2803851753450284,3.886459694383241,4.658839329000283,0.5172017721549556,0.26749767312022654,0.002812700261952001,0.5052244860419959,0.5052166565085077,0.2552438700136354,1.5754616,2.6839,0.34438211504743826,0.5589593468604427,-0.23042439474623322,3.1183397549521037,1.2449865916133962,3.882291183010372,4.574748603837867,0.5052166565085074,0.25524387001363524,-0.006473622356847019,0.20370916972829084,0.2036062819388698,0.04145551804497053,0.75700621,1.4314,0.13659706453107726,-0.10851676991373692,0.2788683838323336,3.716112588400914,1.2652315326062389,4.701742825559826,5.54189222585946,0.2036062819388698,0.04145551804497053
160,672.5,0.0024991058741059987,0.5182159282477135,0.518209902220586,0.2685415027594693,1.6770804,3.271,0.3375606871303926,-0.02064762954565209,0.13468863975878032,3.2362579160213216,1.2801669864758571,4.142950543811653,4.968233754519462,0.5182099022205862,0.2685415027594694,0.003212578155488,0.5049790423767472,0.5049688233755936,0.25499351258133146,1.5165616,2.617,0.3451384998339673,0.5704989792889096,-0.22886341898390716,3.0032169114625287,1.243941348927477,3.735825695966509,4.39406673184695,0.5049688233755936,0.25499351258133146,-0.0071485323569253,0.20333877968962277,0.20321308474310146,0.04129555781080694,0.75700621,1.4314,0.13551144708208582,-0.10010718425739043,0.32855327670525547,3.7228816419351864,1.2685385511171157,4.722618884040971,5.5862897659224675,0.20321308474310149,0.041295557810806946
161,676.0,0.002762222825095199,0.5159665281162921,0.5159591342940301,0.26621382826144496,1.5939196,3.048,0.33738295154738873,-0.003706385500832192,0.06673768826383863,3.0891918625402606,1.275414990512789,3.9400016100539714,4.7243631982279295,0.5159591342940301,0.26621382826144496,0.0035619412126080005,0.5052913871556945,0.5052788324366299,0.2553066985085239,1.5206616,2.6581,0.34780014104952234,0.5790050537607728,-0.21265534690355414,3.009474609412729,1.2402099160691265,3.732380252751928,4.37222824410378,0.5052788324366299,0.2553066985085239,-0.00791169636566,0.20068604491997066,0.20053003188110774,0.04021229368623809,0.73939379,1.46906,0.1331515375258982,-0.0735303412763961,0.37931206107837756,3.6843308676238777,1.2726378510032614,4.688818917757834,5.553024799703771,0.20053003188110774,0.04021229368623809
162,679.5,0.0019902592881456014,0.5162116387999051,0.5162078020530584,0.26647049490044955,1.6059196,3.142,0.33709912686207294,0.002827730580634105,0.16341859845358142,3.110971313497427,1.2787979187899197,3.978303641115652,4.763938770618875,0.5162078020530584,0.26647049490044955,0.0036565352940479997,0.5058560970849881,0.5058428814441303,0.25587702070770046,1.5217616,2.6622000000000003,0.34818635374339,0.5811374236662776,-0.22284487248364293,3.008289528917808,1.240028322925842,3.730364219419321,4.370537741181907,0.5058428814441303,0.25587702070770046,-0.008228264361302121,0.20022591143577229,0.20005677013259573,0.040022711275886254,0.70739379,1.36939,0.13330856663627577,-0.04949375756728686,0.3942214100277104,3.5329782490560175,1.2711124421871138,4.490812610351548,5.3064390972718245,0.20005677013259573,0.04002271127588625
163,683.0,0.0020517809531639996,0.5162291949082368,0.516225117434755,0.2664883718705266,1.6169196,3.203,0.33748184905657536,0.02311440329142317,0.21334475907207562,3.1321738792541907,1.279728010078236,4.0083306457169945,4.791130558636177,0.516225117434755,0.2664883718705266,0.0027935368145200006,0.5025937377156807,0.502585974081136,0.25259266134308433,1.5405616,2.698,0.34543068143291705,0.5768249188296112,-0.22457509865099512,3.065222433932318,1.2415072555768554,3.805495891683921,4.459828506285069,0.502585974081136,0.25259266134308433,-0.00918684436415448,0.20066143341437756,0.20045102332126288,0.04018061275054148,0.67825621,1.3526500000000001,0.13442004411411532,-0.040279656013653034,0.39661598713200075,3.3801024863575124,1.2677348747709642,4.285073802255466,5.04579666276703,0.20045102332126288,0.04018061275054148
164,686.5,0.0024465603687179992,0.5149033926475417,0.5148975802063074,0.26511951810231077,1.6449196,3.231,0.33445097401758805,0.028086585115503614,0.1857520096505363,3.1946179098609466,1.2812905487274882,4.0932337347003935,4.9182682299902565,0.5148975802063074,0.26511951810231077,0.0031944975753220015,0.504200707779073,0.5041905878833514,0.2542081489101594,1.4991616,2.6256000000000004,0.3438235730800185,0.561357997363374,-0.21653554288596322,2.973342910611089,1.2458178344364383,3.7042436259344433,4.360264151088612,0.5041905878833512,0.25420814891015936,-0.00948968077258924,0.201116561747989,0.20089255179863444,0.04035781736816702,0.71488021,1.3772739999999999,0.13350723793466163,-0.08117093803508683,0.4332412234776646,3.5545566401228923,1.2737788285089602,4.527718992924483,5.354617630168201,0.20089255179863444,0.04035781736816702
165,690.0,0.003351815689915999,0.5118155802706263,0.5118046048438201,0.2619439535393388,1.6449196,3.1719999999999997,0.33470321508037465,0.005246451513885942,0.12478851867564877,3.2138912206037893,1.2767894780826496,4.103462494169122,4.914561694918269,0.5118046048438201,0.26194395353933886,0.003730476110764,0.5014349300391588,0.5014210532191116,0.25142307261136315,1.5368616,2.6783,0.3444546619015025,0.5623673986828727,-0.2125668489964201,3.064927287534558,1.2413786940100253,3.804735433435339,4.461723907338112,0.5014210532191116,0.25142307261136315,-0.008531187966167541,0.20194347680487656,0.20176319450268337,0.040708386655927645,0.75881621,1.4752100000000001,0.1334357041384832,-0.0846375882991112,0.4030985634629851,3.757567325302562,1.275342895636827,4.792186793201696,5.686755392038699,0.2017631945026834,0.04070838665592765
166,693.5,0.003189210916554,0.5162470214243537,0.516237170361886,0.26650081606324694,1.6209196,3.2,0.33966811824426135,0.013550537950177284,0.1045298001345909,3.1398139509411487,1.273395607494748,3.9982252934791886,4.772068713362047,0.5162371703618861,0.266500816063247,0.00306054959302,0.5037229031886657,0.503713605368176,0.2537273962330065,1.5368616,2.7003,0.34663917131531824,0.5675016279098434,-0.24564020947272835,3.0510060000674213,1.2397236636238007,3.782404336141781,4.433606260274615,0.503713605368176,0.2537273962330065,-0.00904610775995164,0.20215738109492842,0.20195488274749748,0.04078577466555546,0.75881621,1.49021,0.1349112458693685,-0.07391048153601931,0.389518784415785,3.7535914142243336,1.2694000613422851,4.764809171470244,5.624558613406806,0.2019548827474975,0.04078577466555547
167,697.0,0.0032010328593356013,0.5183897313879674,0.5183798481780734,0.26871766699712235,1.6560804,3.241,0.3392360200965572,0.023418285202200326,0.16369407023633586,3.1946628178106695,1.277966156877099,4.082670963795665,4.881794095829292,0.5183798481780734,0.2687176669971224,0.0023335846196679993,0.4984624198518487,0.4984569574069396,0.2484593383873836,1.4493616,2.6128,0.34066984484985385,0.5750271101936195,-0.1989095552049145,2.907664735148488,1.245239621566118,3.620739334437449,4.254446414647556,0.4984569574069396,0.24845933838738363,-0.00914068837815724,0.20059822944717406,0.20038986369902678,0.04015609747331453,0.76804621,1.46044,0.13293499351271487,-0.08557747680330352,0.4313124188722788,3.8287786094455973,1.2751221628455727,4.882160461533133,5.7776074583893395,0.20038986369902675,0.04015609747331452
168,700.5,0.002678939016687601,0.5179101940901206,0.5179032655122106,0.2682237924282113,1.5989196,3.178,0.3404394107497131,0.03232045906539861,0.1450650573822272,3.087252612992157,1.2745364770854886,3.934816069235993,4.696634847530935,0.5179032655122106,0.2682237924282113,0.0024494208968680008,0.5028689883000524,0.5028630228314548,0.25287121973118826,1.6039616,2.7484,0.3458964391437981,0.5911181861249102,-0.1854366525514699,3.189621228030364,1.2414309026433117,3.959694360204004,4.637115097138054,0.5028630228314549,0.2528712197311883,-0.0088596505760596,0.200095186581958,0.19989895018468382,0.0399595902849387,0.76739379,1.48785,0.13197812470084347,-0.07928595696885384,0.47859435591690236,3.835143678909434,1.2779654967389615,4.901181296682783,5.814552917307027,0.19989895018468384,0.039959590284938715
169,704.0,0.0028249875916640005,0.517911040437527,0.5179033358187498,0.2682238652521887,1.5989196,3.178,0.33933580216356224,0.026483375794386223,0.16835997183412355,3.087247567939942,1.2767861558659346,3.9417549544764943,4.711909529750444,0.5179033358187498,0.2682238652521888,0.0025874197963420002,0.5021005652697459,0.5020938984921006,0.25209828290299585,1.4801616,2.5595999999999997,0.3464860540823477,0.5831820053491407,-0.21171112174928686,2.947938525432262,1.239077363277716,3.652723895197405,4.271922585513981,0.5020938984921007,0.2520982829029959,-0.0105378401657296,0.20214183792974458,0.20186697740407333,0.040750276566256655,0.71222721,1.402621,0.1341558332873568,-0.05471085691671268,0.4075444467484819,3.5234032563191504,1.2726939553134866,4.484214026449238,5.308954463980972,0.20186697740407333,0.040750276566256655
170,707.5,0.002472979194152001,0.5193666617042847,0.5193607740903794,0.26973561366375814,1.6169196,3.147,0.3417327757676466,0.04292244780359505,0.14745619487871187,3.1132525809302645,1.2740578589842821,3.9664639177373036,4.7315321053646535,0.5193607740903795,0.2697356136637582,0.002411616840511999,0.5059520870040817,0.5059463394946152,0.2559816984480004,1.5349616,2.7034000000000002,0.34661820161874574,0.5869240315184171,-0.2156843388305152,3.0338082190529967,1.2428684054730221,3.7706243837253473,4.428392948874461,0.5059463394946153,0.2559816984480005,-0.011128055958616,0.2019873456322324,0.20168057458797767,0.04067505416613682,0.76922621,1.4356200000000001,0.13402936200522828,-0.10367643303294308,0.44486346158269363,3.808289116292292,1.273104659440631,4.84835061844876,5.73923652617248,0.20168057458797767,0.04067505416613683
171,711.0,0.002235418194304,0.5200005481475,0.5199957432318048,0.27039557297919703,1.6169196,3.121,0.3427380314496274,0.052404604334846214,0.10837644957110015,3.109457491458942,1.2729377463018963,3.9581458113992936,4.717654452180748,0.5199957432318049,0.2703955729791971,0.002301398979452,0.501929692935642,0.5019244168330579,0.25192812021320526,1.4759616,2.6444,0.34245833541296883,0.5660497072929762,-0.2412009851600354,2.940574388750596,1.2446364693507637,3.6599461250778216,4.309901227021223,0.5019244168330579,0.25192812021320526,-0.0112744843654942,0.20097399267129076,0.20065749857040543,0.04026343173253226,0.71098621,1.41038,0.13327273161276793,-0.08922469676702192,0.4378290430751992,3.537702568127188,1.2739521270415535,4.506863711505997,5.334821320131817,0.20065749857040543,0.04026343173253226
172,714.5,0.0018901033283595986,0.5118186233382399,0.5118151333296616,0.2619547307052592,1.5869196,3.053,0.33685069293040387,0.06355787462350931,0.06681926600201482,3.1005507178492606,1.2714293095778983,3.9421310585063427,4.711047456054575,0.5118151333296616,0.2619547307052592,0.0019240840189120015,0.49951542578959574,0.4995117200851741,0.2495119585024493,1.5570616,2.6455,0.3402350345341936,0.5655918940586279,-0.19948317161516593,3.117144175354978,1.245929902869424,3.883743139630018,4.576429356053029,0.4995117200851741,0.2495119585024493,-0.010844652367280001,0.2013308039240717,0.20103851900505498,0.04041648612374585,0.73239379,1.4276200000000001,0.13292016792578712,-0.08582883765352724,0.4381030715769336,3.6377632022778252,1.2762848428033882,4.642822036775104,5.5100275709019195,0.20103851900505498,0.04041648612374585
173,718.0,0.0022358587051827987,0.5148086906900787,0.5148038354032375,0.26502298894588366,1.6159196,3.133,0.3383963112054699,0.05918984530299945,0.08335203487693654,3.138873972453592,1.272808195099529,3.995184515523545,4.775228176228063,0.5148038354032376,0.2650229889458837,0.001709278066528001,0.49978979315062205,0.49978687028175606,0.24978691570603287,1.5570616,2.6585,0.33949686533235707,0.5685442903290036,-0.1858670910280109,3.1154329706984374,1.2471003276891972,3.88525747865175,4.586379902140434,0.49978687028175606,0.24978691570603284,-0.0110395123751486,0.19911759391776965,0.19881133110092283,0.03952594537412076,0.69539379,1.3801999999999999,0.13122277433810267,-0.1060177215841169,0.41285001094575025,3.4923774254081206,1.2776477244779205,4.462028070590744,5.299337660765195,0.19881133110092283,0.03952594537412076
174,721.5,0.002684482691121999,0.5160586106781572,0.5160516284324185,0.26630928320775094,1.7179196,3.199,0.3396991636961827,0.05619018517273231,0.13627060466905938,3.3289234293416143,1.2737302383646507,4.240150433152965,5.057179362197249,0.5160516284324186,0.266309283207751,0.002018174221108,0.49973659642716406,0.4997325212365306,0.24973259278141954,1.5602616,2.7377000000000002,0.3407114951238402,0.584393889155629,-0.18759109875773516,3.1221679804020637,1.2461332503138254,3.8906373334441753,4.579421658294457,0.49973252123653067,0.24973259278141957,-0.012623848372541841,0.19867909331809325,0.19827763508264537,0.039314020573966685,0.74839379,1.47039,0.13102784618656288,-0.07234414961429819,0.4689935151930196,3.766847218301884,1.2776527361649774,4.812722655178836,5.711715576354708,0.19827763508264537,0.039314020573966685
175,725.0,0.0028282523799235994,0.5169982106823233,0.5169904746097354,0.2672791508371994,1.7119196,3.289,0.3369252636727378,0.05904660981576762,0.17905044363234746,3.311267939865101,1.2799966453789007,4.2384118549780325,5.081006931147858,0.5169904746097354,0.2672791508371994,0.0014327054979440014,0.5044980306837485,0.5044959963356861,0.2545162103187366,1.4560616,2.6334999999999997,0.34294900514197696,0.5777138252375073,-0.18992585262341155,2.8861591353024565,1.248256782972731,3.6026677173800037,4.245708773516363,0.5044959963356861,0.25451621031873656,-0.0131193243711458,0.1996478396642685,0.19921632265116762,0.03968714321065412,0.68666621,1.3570600000000002,0.13174685500420535,-0.09375013762865415,0.3588666071707647,3.4393871286296442,1.2759320704023467,4.388424339947605,5.212012157543204,0.19921632265116765,0.03968714321065413
176,728.5,0.002436026739691201,0.5182496998041949,0.5182439745147662,0.2685768171208616,1.6340804,3.261,0.33915918434506903,0.05104445668167728,0.1315413690406939,3.153075439536942,1.2764821810114453,4.0248446139537375,4.818033759443901,0.5182439745147661,0.26857681712086157,0.0020513754987880007,0.5034250560071327,0.5034208764784668,0.2534325788743477,1.5266616,2.6191,0.34338134373039836,0.5816566664046255,-0.1904775843956399,3.0325498935403994,1.2461862026654857,3.7791218362247334,4.445965477957473,0.5034208764784669,0.2534325788743478,-0.013293337968875841,0.20152855566577305,0.20108964646241195,0.04043704591437783,0.79733621,1.50173,0.13337148855881142,-0.07299975747017018,0.44614593406511105,3.9564428344455056,1.2755304477174645,5.04656329998883,5.978310796526853,0.20108964646241198,0.040437045914377835
177,732.0,0.002534675627670001,0.519501233312605,0.519495049863596,0.26987510683278004,1.6579196,3.209,0.33976059679108456,0.04169711227043991,0.13060979698695663,3.191367976988733,1.276778869498523,4.074671197813463,4.879670025478083,0.519495049863596,0.2698751068327801,0.0020500419572199984,0.5051203429609825,0.505116182873796,0.2551423582009942,1.5686616,2.7441,0.34635473596172106,0.5781487150958697,-0.22282724845783575,3.105520539530457,1.24189422324612,3.856728018215049,4.5290606338738435,0.5051161828737959,0.25514235820099407,-0.013923297774531898,0.2004265010738228,0.1999423019567815,0.03997692411177679,0.79733621,1.46273,0.13166278927572664,-0.10433499969085196,0.4538865202267548,3.978197522424035,1.2797891418913316,5.091253993497277,6.055896387932569,0.19994230195678153,0.0399769241117768
178,735.5,0.002506634051855201,0.5191801140757505,0.5191740629475238,0.2695417076374394,1.6899196,3.241,0.34213108846477547,0.0638177697536767,0.09973113467236105,3.254977519715699,1.2717059635060097,4.139374322900455,4.939392113073021,0.5191740629475238,0.2695417076374394,0.0025313121583800005,0.5008005140639122,0.5007941167240643,0.25079474734543566,1.4581616,2.6006,0.3432713012048016,0.5755679980516706,-0.23149987070230926,2.911661547963006,1.242055579760646,3.616445472021972,4.247840104553441,0.5007941167240643,0.25079474734543566,-0.014597888970720776,0.20028812645121793,0.19975543856160105,0.03990223523493758,0.72234621,1.38774,0.13183703391917379,-0.07858702698933229,0.48714654658697354,3.6065353588293423,1.27877100180872,4.61193283386877,5.47908420363017,0.19975543856160108,0.039902235234937584
179,739.0,0.0031940934799512,0.5178649430084069,0.5178550926310775,0.2681738969639419,1.6899196,3.152,0.3429422537780283,0.0673918797097729,0.07495360479787383,3.2632438685322755,1.268939074921724,4.140857655779333,4.927708911290389,0.5178550926310775,0.2681738969639419,0.002660399363108,0.502380601931803,0.5023735576964511,0.25237919147258947,1.4853616,2.6158,0.34331833556834485,0.5711105720066971,-0.24360268709605704,2.956646005614752,1.2436769806472427,3.677112577105685,4.3264849153514175,0.5023735576964511,0.25237919147258947,-0.014569086565459199,0.20091896998341896,0.2003900551820029,0.04015617421584616,0.69829721,1.393691,0.13249492236384613,-0.0905616027290336,0.44893976782944023,3.47551657296286,1.2766546007958668,4.437034223015319,5.270369592597643,0.2003900551820029,0.04015617421584616
180,742.5,0.0031098794782716006,0.5163853251474477,0.5163759605919567,0.26664413267726594,1.6269196,3.1529999999999996,0.3417179032042625,0.07647650346164352,0.12117372361999035,3.150592243370689,1.2707808425573914,4.003712265585386,4.761001939741816,0.5163759605919567,0.266644132677266,0.0021602781027439994,0.49899109916759293,0.49898642290848094,0.2489874502470014,1.5531616,2.6196,0.3408509867584497,0.5805837567827309,-0.18788044565322037,3.1126038171641803,1.2439670415141335,3.871976561843325,4.556717334958682,0.4989864229084809,0.24898745024700136,-0.0148919085719996,0.19990261460260966,0.19934715042869985,0.03973928638404269,0.73487621,1.42127,0.1320694242539666,-0.11548579603632692,0.47633426947280055,3.6761710769059968,1.2768929607376487,4.6940769705686085,5.564317510666582,0.19934715042869988,0.0397392863840427
181,746.0,0.003125000545503599,0.5230382534446809,0.5230289178793586,0.27355924893805283,1.7449196,3.285,0.3458199628048347,0.05868196302071803,0.15768622963379553,3.336122336192665,1.2725924659319283,4.245524150466009,5.045745728058951,0.5230289178793587,0.27355924893805295,0.0010631289001799998,0.504112804511397,0.5041116834881806,0.2541285894292875,1.4914616,2.6349,0.3454511690321325,0.5726770906029301,-0.22674100081520088,2.9585870199142725,1.2410769596184634,3.6718341834418555,4.3174310400474285,0.5041116834881806,0.25412858942928757,-0.015035311762644579,0.20161304539754543,0.2010516338522838,0.040421759474672796,0.73666621,1.39306,0.13346384807434736,-0.1077337906840466,0.42044342915641986,3.6538618249995873,1.274321791114975,4.656195745320105,5.5195936624698,0.20105163385228383,0.0404217594746728
182,749.5,0.0036349890249696,0.5239545465378825,0.5239419373294206,0.27451515369250656,1.6819196,3.286,0.3461212760445364,0.05415151096266462,0.1470573499865866,3.210048679057307,1.2716493784182636,4.0820564074155925,4.8593360663086855,0.5239419373294206,0.2745151536925065,0.0013287632263960009,0.5001712593968733,0.5001694943865954,0.2501695231149425,1.4765616,2.6390000000000002,0.34157807752603914,0.5824477856080652,-0.23497650783420587,2.95211204614295,1.2437938688718833,3.671818863215431,4.322764536571991,0.5001694943865955,0.25016952311494256,-0.01457795036607366,0.20159180891522374,0.2010640216071398,0.04042674078483637,0.73666621,1.4380600000000001,0.1329758506068166,-0.1265487160129064,0.46484669609337637,3.65424673732549,1.2772365026941876,4.667337322763255,5.539849578989924,0.2010640216071398,0.04042674078483638
183,753.0,0.004063424352936,0.520064090820326,0.5200482161716357,0.27045014714330035,1.6439196,3.199,0.3406173218564216,0.051027849629747914,0.12268214251827736,3.1609942486260767,1.275458282260287,4.0317162945872616,4.826294772797702,0.5200482161716357,0.27045014714330035,0.0015931433654440014,0.5038365725654896,0.5038340537803664,0.2538487537487571,1.4221616,2.5846,0.342536617088391,0.5979231644796829,-0.19022458206135884,2.8226644857448187,1.2474169568013667,3.5210395428790964,4.151852762745693,0.5038340537803663,0.25384875374875704,-0.01522119950760122,0.2018123901656525,0.20123756088246386,0.04049655590992335,0.72560621,1.411,0.1328071707564966,-0.10654143859502117,0.4496571736423056,3.595449265550073,1.2784036637461305,4.596435513892547,5.46360716719436,0.20123756088246386,0.04049655590992335
184,756.5,0.0040743476761176,0.5146459601472193,0.5146298320024475,0.2648438639868674,1.6439196,3.184,0.3385650473051358,0.04106931802072064,0.1490377500046267,3.194272815295667,1.2739220693060442,4.0692546347895,4.8555502497527385,0.5146298320024475,0.2648438639868674,0.0016214683182199999,0.49737585479713475,0.49737321175921156,0.2473801117756735,1.4411616,2.5426,0.34168736429127494,0.5808970793844768,-0.22206701257157668,2.8975302803707836,1.2413338779756067,3.596802499484412,4.217778444892878,0.49737321175921156,0.2473801117756735,-0.0161059513792256,0.19898434009216207,0.19833145472184496,0.03933536593208324,0.72010621,1.3984999999999999,0.1311888244947027,-0.09864926167431351,0.4523545559807336,3.618908953671801,1.278422205492652,4.626493566030209,5.489081960857704,0.19833145472184496,0.03933536593208324
185,760.0,0.003811405892161999,0.5145175209886168,0.5145034038657051,0.26471375258939694,1.6109196,3.13,0.3381779550434017,0.03447969971825719,0.14005505693913367,3.130932445030652,1.2750255858017172,3.99201897483081,4.763526350477974,0.5145034038657051,0.26471375258939694,0.0011224865548280006,0.49687647282780273,0.49687520492949977,0.2468849692737324,1.5803616,2.6757999999999997,0.3424857051680108,0.5816080711126559,-0.22006800637718982,3.180592534409834,1.2391379007073782,3.9411927560941606,4.614387042007295,0.4968752049294998,0.24688496927373244,-0.0168071662385944,0.19981229156384472,0.19910417128484062,0.03964247102302315,0.74542621,1.42382,0.13105037989026277,-0.09682946251640083,0.5170445866574398,3.730632405873884,1.2818492779169655,4.78210845564307,5.688088890884521,0.19910417128484065,0.03964247102302316
186,763.5,0.0031699285119879974,0.5148028947718059,0.5147931351704875,0.2650119720186599,1.6259196,3.158,0.3398269151944704,0.04959445104706045,0.08655101032268187,3.158334221723274,1.2708467953947453,4.0137589244625795,4.784552156704675,0.5147931351704876,0.26501197201865995,0.0011612859997899988,0.4961475052949259,0.49614614623637376,0.2461609984252052,1.4585616,2.558,0.34017602702822436,0.5716615939285572,-0.228840917831318,2.9397741285285397,1.2409179019542909,3.6480183437931397,4.287667219650911,0.4961461462363738,0.24616099842520525,-0.01708959456869392,0.2008920940963969,0.20016388092738724,0.04006557922791326,0.76239379,1.50782,0.1325246666054013,-0.08019466311730193,0.5132878393359439,3.7950412803909033,1.2782385469169064,4.850968051736544,5.752844429105903,0.20016388092738727,0.04006557922791327
187,767.0,0.0034183566009234004,0.5090879943365538,0.509076517643236,0.259158900815764,1.6759196,3.1550000000000002,0.33776783241015396,0.05849625704226639,0.12698748187355635,3.292003776643893,1.2691472291703976,4.178037471546081,4.9617501703504985,0.509076517643236,0.259158900815764,0.0016076438670540004,0.48967395817093395,0.48967131914375617,0.23977800079198633,1.5054616,2.6119000000000003,0.33455045642696746,0.573979191824904,-0.23344398893832752,3.074416302682933,1.2434822775176657,3.8229821860976148,4.499953806903991,0.4896713191437562,0.23977800079198636,-0.01843932657311444,0.19821289601574058,0.1973533465195785,0.038948343382476824,0.71139379,1.4214609999999999,0.13059271865913302,-0.0978227699489765,0.5527894480688698,3.5890388783962193,1.279942940935854,4.593764977147576,5.447423082268826,0.1973533465195785,0.038948343382476824
188,770.5,0.003693397314117601,0.5089751043247425,0.5089617035088816,0.25904201563866264,1.6949196,3.266,0.3346008187610762,0.04549534218751648,0.17146588464804724,3.3300638589163425,1.275795079989241,4.248479087255456,5.065497467327681,0.5089617035088815,0.2590420156386626,0.0009901800604040002,0.4935704604418303,0.49356946721227435,0.2436108189642084,1.4943616,2.6428000000000003,0.3365105314211228,0.5687402162102112,-0.1983328692934041,3.027656068927403,1.245763451073513,3.771743273090667,4.440757303164149,0.49356946721227435,0.2436108189642084,-0.019328016371671138,0.1971686085093212,0.19621897962388443,0.038501887964638375,0.68839379,1.34392,0.13015005587614376,-0.11378589341960882,0.47680559507138387,3.4913965017278907,1.278249149261757,4.46287460806915,5.289231613201183,0.19621897962388446,0.03850188796463838
189,774.0,0.0028809564359252005,0.515806449869264,0.5157984042402107,0.2660479938167479,1.6119196,3.15,0.33969898778754143,0.043732286929674256,0.1263381051001211,3.1250473901762104,1.2736063330538163,3.9800801472217224,4.745141015869455,0.5157984042402108,0.26604799381674793,0.0010679245944099991,0.4914815223450445,0.49148036211395385,0.2415529463436632,1.4737616,2.5792,0.33717859341229645,0.5833141913153265,-0.1904982859132387,2.998610391227172,1.242718485174347,3.7264285630138874,4.370863479455555,0.49148036211395385,0.2415529463436632,-0.018612364370335636,0.19839831997338914,0.1975233486472148,0.03901547326080917,0.68075621,1.32815,0.13167982576228435,-0.10310053054265145,0.41207816043706114,3.4312599526614376,1.2733934504027071,4.369343950348178,5.169783648020149,0.1975233486472148,0.03901547326080917
190,777.5,0.0027868446139015994,0.5155192243316989,0.5155116915770723,0.26575230415265455,1.6229196,3.151,0.3392806381622565,0.05230921467014675,0.10403862369765582,3.148126245153895,1.2730339786383826,4.007671679124175,4.7834135445827,0.5155116915770723,0.26575230415265455,0.0011819085432479997,0.4972398271360916,0.497238422472083,0.2472460487825257,1.4496616,2.5671,0.33830130657185387,0.5852700940813821,-0.21181791599781574,2.915417311500344,1.2467783982638914,3.6348793259032193,4.285119719725639,0.497238422472083,0.2472460487825257,-0.018659099979039282,0.19921151324655825,0.19833573807550636,0.03933706499795587,0.71274421,1.363138,0.13067176349870252,-0.11643064874422761,0.4810396844959852,3.577826393587289,1.2823010308362308,4.587850472650055,5.454462317768269,0.1983357380755064,0.039337064997955876
191,781.0,0.0029389543441600014,0.5090046437285154,0.5089961590076647,0.25907708988455586,1.6229196,3.206,0.3371109233871242,0.05935269834142835,0.11408317702542092,3.188418062577846,1.2701392232761985,4.049734841482428,4.814200571413423,0.5089961590076646,0.2590770898845558,0.001684282184620001,0.4947399452803717,0.4947370783047777,0.24476477664954774,1.4545616,2.586,0.3361268103885812,0.5793918731508482,-0.19455525173816257,2.94005287803412,1.2478507564165813,3.6687472077596235,4.327419161590966,0.4947370783047777,0.24476477664954777,-0.018257647970583598,0.19834474785977296,0.19750265135977074,0.039007297294139154,0.71274421,1.368138,0.1291922031385556,-0.12530299425430474,0.47533367795359815,3.5934614739781283,1.2846340900654643,4.616283110809195,5.516928983985192,0.19750265135977074,0.039007297294139154
192,784.5,0.002911915178765,0.5107805517596444,0.5107722514055344,0.26088829280587844,1.7029196,3.3449999999999998,0.33780202584551455,0.06845212484220049,0.15974689473940318,3.333955441595072,1.2719510380803438,4.240628084850463,5.041176398328613,0.5107722514055344,0.26088829280587844,0.0011904569437820004,0.4966757664346205,0.49667433975964853,0.24668539977568277,1.4761616,2.7325999999999997,0.3383307042965822,0.5677798288993112,-0.2142207997099539,2.972082996109522,1.2450159239229797,3.7002906573770735,4.363073115309068,0.4966743397596485,0.2466853997756827,-0.018883756373952877,0.1983916435132763,0.1974908807036621,0.0390026479611081,0.74539379,1.42054,0.12947423005731892,-0.10863732932775846,0.5247310595077401,3.7571834014778878,1.2846810868801992,4.826782455818857,5.757082236905446,0.19749088070366208,0.03900264796110809
193,788.0,0.0023339197623166007,0.5108329443409438,0.5108276126469486,0.260944849842581,1.7029196,3.262,0.3352706616947878,0.08204679970039455,0.19831434685719795,3.3336135009793435,1.2762571725169984,4.254548141024389,5.079238342513385,0.5108276126469486,0.26094484984258104,0.0011551040860220002,0.49118748640826715,0.49118612820256036,0.24126381253862206,1.4761616,2.5806,0.3352722399667796,0.5686211648983662,-0.20908443279546596,3.005291545178002,1.2441572928493416,3.7390553930716774,4.402874512206156,0.49118612820256036,0.24126381253862209,-0.02015202438424328,0.197112155063845,0.19607931453146743,0.038447097587130136,0.72948621,1.36788,0.1286528013470016,-0.12387404960527953,0.6072144525326113,3.7008687250348316,1.2874569318867874,4.764709094049111,5.6701929717988335,0.19607931453146743,0.038447097587130136
194,791.5,0.0025678941738308007,0.5093153287402407,0.5093088552237153,0.2593955100092914,1.6559196,3.215,0.3351658554489373,0.06739584348962609,0.15236719704458723,3.251265977200829,1.2734784102208727,4.140417027850924,4.940597537246094,0.5093088552237153,0.2593955100092914,0.0014937572804219995,0.4978332307968665,0.49783098976945317,0.24783569437483338,1.6152616,2.7827,0.34079878741714953,0.5658640610736176,-0.2453809421629436,3.244583728198497,1.2422959832593121,4.0307333328895165,4.739634234739409,0.49783098976945317,0.2478356943748334,-0.01968246077154164,0.19713117640121341,0.19614612269250456,0.03847330144730305,0.72948621,1.37188,0.1296294848538421,-0.1506152976820009,0.5359091396681386,3.700511625392551,1.2800939350586211,4.737002488278925,5.627471333566583,0.19614612269250453,0.03847330144730304
195,795.0,0.002442598480140001,0.5070717045360691,0.50706582142142,0.25711574725377934,1.5929196,3.079,0.3365371877267649,0.05883409694956455,0.09967317663952224,3.14140896790405,1.2687839847161964,3.9857693879204943,4.733264727027119,0.50706582142142,0.25711574725377934,0.0015451261982699987,0.4917842150622815,0.49178178775698456,0.24184932676945578,1.5287616,2.6612,0.3370694713723365,0.574795050624644,-0.23987253438664524,3.108602417843752,1.2418808373796395,3.8605137737521713,4.535449602646709,0.4917817877569845,0.24184932676945575,-0.0203011873675236,0.19729681272349262,0.1962495709608498,0.038513894102317626,0.72572621,1.36812,0.13113779007830006,-0.12079888667846238,0.41880898429467184,3.6783473588957074,1.2721754258547804,4.679503117744953,5.534073813251555,0.1962495709608498,0.038513894102317626
196,798.5,0.0027507884208076002,0.5117805003860225,0.5117731076741251,0.2619117137384316,1.5819196,3.06,0.3384155142081858,0.05363618996299373,0.10694083962126033,3.0910118670148625,1.2709843627193231,3.9286277479557503,4.6744890041502,0.5117731076741251,0.2619117137384316,0.0011703162197119995,0.4971901599936739,0.4971887826112742,0.24719668555448088,1.5287616,2.6601999999999997,0.34159700136756077,0.5573006971387812,-0.2482415538899585,3.0748026067520153,1.240115685554045,3.81311094261564,4.47533670927937,0.4971887826112742,0.24719668555448088,-0.02070293637011764,0.19705289727229858,0.19596232482051726,0.03840123274906191,0.72572621,1.36212,0.1305856707900663,-0.1252952545106051,0.3781854674324556,3.682900480256078,1.2734144827725633,4.6898588101681185,5.557472007527538,0.19596232482051726,0.03840123274906192
197,802.0,0.0028922468831028003,0.5140121935117427,0.5140040563913094,0.26420016998672036,1.6389196,3.1559999999999997,0.34068723078406044,0.06052317209290335,0.1260256979667269,3.1884838933544843,1.2698902713470084,4.049024676517492,4.810628200617255,0.5140040563913094,0.2642001699867204,0.0011467365809099996,0.4952765318059359,0.4952752042581278,0.24529752795293025,1.4389616,2.5854,0.3398282548848582,0.5648312153212387,-0.22414202497809077,2.9053700460086165,1.241677240709453,3.6075318619678756,4.234378923222715,0.4952752042581278,0.24529752795293022,-0.02065463437148328,0.19751644483097588,0.19643353088932725,0.038586132057648284,0.67826621,1.34266,0.13009592666847922,-0.12882082881122323,0.44173202969664915,3.4339733614607346,1.2780927503316861,4.388936458115095,5.213585293322917,0.19643353088932725,0.038586132057648284
198,805.5,0.002321670994058401,0.5121465738941866,0.5121413115492137,0.2622887229953488,1.6319196,3.207,0.337302297698148,0.07084541631767534,0.16252508421246326,3.1864307664726605,1.2737259210565697,4.05863946290838,4.838151447934711,0.5121413115492137,0.2622887229953488,0.0008105523052460015,0.500857298430683,0.5008566425597676,0.2508573763962428,1.5335616,2.68,0.340357685682281,0.5869750668485403,-0.21034790862069963,3.061873321612862,1.2470771463842414,3.8183922445070064,4.505735185400097,0.5008566425597676,0.2508573763962428,-0.02155474837748728,0.1981883975990258,0.1970127756396847,0.03881403376525274,0.76930621,1.4557,0.1306606878151459,-0.12818770850607508,0.5058095831696452,3.881691457824177,1.2792937256812542,4.96582352702499,5.887816931504196,0.1970127756396847,0.03881403376525274
199,809.0,0.0015838889481595998,0.512361526845627,0.5123590786620082,0.262511825487382,1.6129196,3.117,0.338522591926777,0.0573394821550569,0.1402055922130132,3.148010760936716,1.2717456364093898,4.003468948591071,4.76458481196102,0.5123590786620084,0.26251182548738206,3.5843302328000215e-05,0.4980230266666574,0.4980230253768151,0.2480269338054758,1.5335616,2.657,0.3395267993868491,0.594230306613394,-0.1651039228758968,3.079298582365473,1.245624952034473,3.8356511489588128,4.51676157160335,0.4980230253768151,0.24802693380547583,-0.0217280403847036,0.19861980849026198,0.19742776042327237,0.03897772058574903,0.76930621,1.4757,0.13020133760987956,-0.11020713335017951,0.42893876160384226,3.8732602545919677,1.28184227552366,4.964908738441519,5.908589144491444,0.19742776042327237,0.03897772058574903
200,812.5,0.0021321896797239985,0.5149961080387055,0.5149916941681523,0.2652164450621837,1.6869196,3.268,0.34252962232599937,0.07832935350137522,0.1080561241047735,3.275596793195991,1.2670678466197234,4.150403375149315,4.92488675444978,0.5149916941681524,0.2652164450621838,-0.00020565006510399827,0.4953617654383492,0.4953617227504047,0.2453832363662488,1.5055616,2.629,0.34012321086585234,0.5966386305496774,-0.19007854241612732,3.039317333399193,1.241239220235739,3.77251987695738,4.42651824956988,0.49536172275040474,0.24538323636624887,-0.02268344637979324,0.19873770439181707,0.19743894349206875,0.03898213640726431,0.73389621,1.44029,0.13052101510089137,-0.11563439887501842,0.49037837978316157,3.6927880003741147,1.2815685490249982,4.732560959496379,5.622820274824756,0.19743894349206875,0.03898213640726432
201,816.0,0.0019040611822715996,0.5179381209502155,0.5179346210521693,0.26825627168445415,1.7109196,3.3739999999999997,0.34256658781703764,0.09559705096783422,0.11381573061560735,3.303328198474996,1.2699391731976861,4.195025881171938,4.994414694388672,0.5179346210521693,0.2682562716844542,-3.2044844645998746e-05,0.4956385396556916,0.4956385386197834,0.2456575609651545,1.4502616,2.6397,0.3387938510819649,0.5790019748135445,-0.1988529118374016,2.9260468748202317,1.2444889794044005,3.641433088934466,4.280660925127404,0.4956385386197833,0.24565756096515443,-0.022475491376146482,0.1990680129831097,0.19779516192375457,0.03912292608044429,0.73114621,1.4305400000000001,0.1306228961290451,-0.09817121585916846,0.49282231259213205,3.672846275217684,1.2812835975175823,4.705957688639966,5.597381712297095,0.1977951619237546,0.0391229260804443
202,819.5,0.001985122032573799,0.5156770328471332,0.5156732119245087,0.2659188614965392,1.7159196,3.2990000000000004,0.3400485657975801,0.07234638182444404,0.13539239232663114,3.327508286584223,1.2729183996687838,4.235646523043406,5.046101564861272,0.5156732119245087,0.2659188614965392,0.000340280357732001,0.4996263286107545,0.4996262127334191,0.2496263524503398,1.5981616,2.7296,0.34163980393135607,0.593376378416138,-0.18364877162179427,3.198713735610769,1.2438759614174124,3.978803123181928,4.677913936284516,0.4996262127334192,0.24962635245033984,-0.022490765371356882,0.20009631667536154,0.1988283214737205,0.03953270142005715,0.76988621,1.40028,0.13172815730127374,-0.12628867016890846,0.5088828841520914,3.847578120336277,1.2804666763462291,4.926695567729465,5.844507550797992,0.1988283214737205,0.039532701420057145
203,823.0,0.002178672109761001,0.5167342891900992,0.5167296962751756,0.2670095790126352,1.6269196,3.21,0.33957044514010704,0.05232460769101552,0.1552080324058851,3.148464566866549,1.2748360840016744,4.01377623904218,4.7911107202770005,0.5167296962751756,0.2670095790126353,-0.0001680171009440004,0.5020807943750467,0.5020807662622934,0.2520850958505317,1.5981616,2.8776,0.34482846301958925,0.590615099834614,-0.18925730757916748,3.183076544461881,1.2411783407841106,3.9507656640440176,4.634656855194725,0.5020807662622935,0.25208509585053174,-0.022856434370757638,0.20012003263934453,0.19881048984253213,0.03952561087142757,0.76988621,1.4792800000000002,0.13255742126344922,-0.16141976783916137,0.5184917611176783,3.84712214887295,1.2769062500703605,4.912414316679986,5.807944984610869,0.19881048984253213,0.03952561087142757
204,826.5,0.0018435481299032023,0.5217957274646603,0.5217924707493073,0.2722673825306668,1.6349196,3.191,0.34656566709419545,0.057189162902135715,0.0963292044065609,3.1332560117804498,1.2679512423096357,3.9728158526111557,4.717488647124512,0.5217924707493073,0.2722673825306668,-0.0003954230631160013,0.5003745509986838,0.500374394756302,0.25037453492773554,1.5001616,2.7796000000000003,0.3427215005319962,0.575862930642649,-0.2310828144409962,2.998077334280628,1.2426325417872957,3.7255084583720164,4.377203057501045,0.500374394756302,0.25037453492773554,-0.023594110570328,0.19973410520414406,0.1983356516819284,0.03933703072809523,0.73342621,1.4558200000000001,0.1322800897621638,-0.15346565217523317,0.5451899441094428,3.6720128955962745,1.2776606989124966,4.691586562603237,5.544494347703282,0.1983356516819284,0.03933703072809523
205,830.0,0.0012428407877196007,0.5228534997226485,0.52285202258287,0.273374237518998,1.6349196,3.19,0.34705402732729196,0.05690712553151538,0.0736254875431368,3.1269171973932566,1.2680508920140456,3.9650901414085786,4.710850390040789,0.52285202258287,0.27337423751899803,-0.00014020957615799962,0.5024045095342471,0.5024044899696082,0.2524102715416221,1.4775616,2.6879999999999997,0.340359744374742,0.5927132102802859,-0.17939498735567216,2.9409799712382556,1.2495747199062313,3.6749742238098797,4.341176136191885,0.5024044899696082,0.2524102715416221,-0.023965622376925278,0.1990508971499552,0.19760290635587488,0.03904690860028866,0.72171621,1.3671099999999998,0.13119615412301908,-0.1036857062725053,0.4068600795563264,3.62578727518266,1.2777963537262076,4.633017759615284,5.501046999619106,0.1976029063558749,0.039046908600288664
206,833.5,0.0014470079563036005,0.5187763857605141,0.5187743677078853,0.2691268445907162,1.6749196,3.214,0.34254356639667166,0.07076229286184545,0.12950927566153547,3.2285964549920805,1.2717659198947275,4.10601894055186,4.88965423469788,0.5187743677078853,0.26912684459071623,0.00026292256356400055,0.5009226674022763,0.500922598401327,0.2509234495891372,1.4965616,2.607,0.3418044410570853,0.6004307616811929,-0.1751620633121087,2.9876100591753723,1.24523846932309,3.7202869770218068,4.378414731451827,0.500922598401327,0.2509234495891372,-0.024009072375034878,0.19889188106663608,0.1974374452780304,0.03898154479791525,0.66956621,1.31996,0.13091217639574856,-0.058739902906815376,0.4978694539657811,3.3664833698046768,1.2799714733901788,4.309002678992427,5.114621331906483,0.19743744527803042,0.038981544797915255
207,837.0,0.0020632516960412007,0.5221325113072325,0.522128434732716,0.2726181023564361,1.6879196,3.222,0.34238004321810817,0.08002991742254942,0.1729095418359865,3.2327418106450696,1.2757652049056478,4.124219518464662,4.929959071606097,0.522128434732716,0.2726181023564361,0.0011210868635360006,0.5042915697628024,0.5042903236213004,0.2543087304980759,1.5341616,2.7656,0.3436137272813942,0.5918109114520707,-0.2025911324066616,3.0422114744484134,1.2455994431617468,3.78937691855322,4.464785537347392,0.5042903236213004,0.2543087304980759,-0.025089559575001242,0.19878262836476668,0.19719291909178027,0.0388850473399374,0.70886121,1.3412549999999999,0.13087641198687358,-0.09138454933109276,0.4618593793161154,3.566011858436833,1.2787808150641335,4.560147550860219,5.41626408638935,0.19719291909178027,0.038885047339937404
208,840.5,0.0018054380356851997,0.5239667486342289,0.5239636381160666,0.2745378940678244,1.7559196,3.433,0.3454623524929192,0.07981803873950652,0.10714032139621654,3.3512042597683496,1.2710850211863494,4.259665537527437,5.082810289830324,0.5239636381160666,0.2745378940678244,0.001282489289244,0.49836630007114535,0.4983646498978694,0.24836732426782593,1.5341616,2.6566,0.3380640342951582,0.5819718001870208,-0.21652573807551567,3.078381503285811,1.2482966768696682,3.842733400688731,4.538079903112522,0.4983646498978694,0.2483673242678259,-0.026372656766813645,0.19957841319497152,0.1978282739865124,0.03913602598848262,0.71719121,1.352585,0.1320704081411363,-0.09981724372913348,0.48463406199917625,3.593530976215167,1.2762851909624275,4.586370368208173,5.430370210059301,0.1978282739865124,0.03913602598848262
209,844.0,0.0013936214745019992,0.5190812414703299,0.5190793706800192,0.26944339306556475,1.6770804,3.2720000000000002,0.34381829058065433,0.09847442306002288,0.07151733901975854,3.2308630441923993,1.2689594316168442,4.099834132190254,4.877810302551613,0.5190793706800192,0.26944339306556475,0.0008296002816560003,0.5027592746547169,0.5027585901948466,0.25276620001470973,1.5650616,2.6535,0.3430123878900662,0.5722049384315795,-0.23663739783116267,3.112944263583893,1.2441371590192072,3.8729296322804028,4.562697019856888,0.5027585901948467,0.2527662000147098,-0.026185457372129645,0.19755994206287072,0.19581688520170376,0.03834425253009723,0.73558621,1.38098,0.13053778768087815,-0.12440697628637049,0.42923451803816937,3.7233570850405995,1.2764446186927625,4.752659114671644,5.635044250928059,0.19581688520170376,0.038344252530097225
210,847.5,0.0012929722599800016,0.5159532847258725,0.5159516646374466,0.2662061202421522,1.5719196,3.1109999999999998,0.3406794798537286,0.10445608791140945,0.11371517957747068,3.0466316361086165,1.272040712789268,3.875439478001938,4.614071856264741,0.5159516646374466,0.2662061202421522,0.0009401096650579996,0.4985854772802518,0.4985845909658603,0.2485865943485942,1.5650616,2.7264999999999997,0.3386220463366482,0.5790976369706075,-0.17309476985655037,3.139003583773236,1.2485377039579253,3.9191643271999355,4.621853824733139,0.4985845909658603,0.24858659434859418,-0.025611775982029236,0.19592304248636455,0.1942417965015773,0.03772987550816016,0.75369621,1.42509,0.1284475335423028,-0.14785669691288703,0.47754573475308026,3.8468992745070003,1.282123173005552,4.932198704063671,5.867735948014746,0.1942417965015773,0.03772987550816016
211,851.0,0.0012701765981195999,0.5252114212613929,0.5252098853551996,0.2758454236748219,1.6839196,3.3120000000000003,0.344834462433393,0.0968755619617303,0.16646277160043743,3.2061747552171544,1.2762258659159256,4.091803153254793,4.883269462446086,0.5252098853551996,0.27584542367482195,0.0004110344232500007,0.505693775097285,0.5056936080502168,0.2557260252228463,1.5358616,2.7033,0.34266730213315466,0.5760660327702302,-0.17519001973858606,3.037137642646545,1.249825546936499,3.795892215342147,4.482078069424874,0.5056936080502168,0.2557260252228463,-0.026379598369466982,0.2006726972449472,0.19893126503751957,0.03957364820942786,0.70839379,1.40184,0.13322829697116184,-0.11874430974392912,0.38395715091793603,3.5300955223386117,1.2732210986089545,4.494592099146518,5.317142124494293,0.1989312650375196,0.03957364820942787
212,854.5,0.0016530952404396008,0.5275268229862805,0.5275242328520318,0.27828181624612464,1.6839196,3.3120000000000003,0.34792174391962427,0.10020885575310925,0.1344449999568953,3.192102328498648,1.2717095240329512,4.059426932839491,4.839937800464157,0.5275242328520318,0.27828181624612464,-3.1667534281999685e-05,0.504093147435026,0.5040931464403361,0.2541099002881181,1.5171616,2.6856,0.3418631754345652,0.5794017954403636,-0.1767238812346621,3.009685030871306,1.248707426488421,3.758216049440033,4.4379205162165665,0.5040931464403361,0.2541099002881181,-0.02744248637131726,0.20137759650162038,0.19949898825440068,0.039799846314529506,0.69028621,1.30368,0.13393109440939271,-0.10750955644801863,0.3804371409116625,3.427820283843966,1.2723223404431558,4.361292326158877,5.154039941538696,0.19949898825440068,0.0397998463145295
213,858.0,0.002185268487494,0.5233909479385918,0.5233863859384338,0.2739333089856952,1.6379196,3.194,0.34708917560119623,0.0811424210702365,0.11119150368302178,3.1294381502986433,1.2689309076649975,3.971040792539928,4.7190166537546006,0.5233863859384339,0.27393330898569523,-0.0004786595748279999,0.5083157236652724,0.5083154982984102,0.2583846458103611,1.5064616,2.7899000000000003,0.3460184062620474,0.5845639560348943,-0.18663665442606847,2.963633682502432,1.246705478345897,3.6947783477862064,4.353703654883386,0.5083154982984102,0.258384645810361,-0.02821678576563752,0.20192000685355263,0.1999387460418687,0.03997550216879487,0.72330621,1.3617,0.13478642245968298,-0.10200606742715948,0.36174170110424475,3.5821423605863645,1.2692297102577197,4.546561510428936,5.366313585601352,0.1999387460418687,0.03997550216879486
214,861.5,0.0013569277071000007,0.5194052202664817,0.5194034478007151,0.26977994158727014,1.6559196,3.274,0.3456502564114203,0.06748491408133674,0.1181239177041764,3.1881073493070162,1.2675891640105557,4.041210329683989,4.790737369015557,0.5194034478007151,0.2697799415872702,-0.0004287955385940004,0.4999804616251396,0.4999802777523067,0.24998027814127377,1.4719616,2.6734,0.3417413179869639,0.5797853519042727,-0.2127917718614194,2.9440382434456076,1.2434929001610602,3.660890653527252,4.307239196801335,0.49998027775230663,0.24998027814127372,-0.02860591496775424,0.19970944535649393,0.1976501054729191,0.039065564193456054,0.73224621,1.38364,0.1325682739590059,-0.12215439377007799,0.3675291265649552,3.6665577268661202,1.2720693849030362,4.66411583232606,5.523540347417004,0.1976501054729191,0.039065564193456054
215,865.0,0.0015782234117000006,0.5216169714126518,0.5216145838419111,0.27208177407657,1.6129196,3.1879999999999997,0.346054153119945,0.09111038786871838,0.0771258895781024,3.0921532242938032,1.2675271555361025,3.919388180870912,4.6608878565920575,0.5216145838419111,0.27208177407657,-5.124418369000048e-05,0.5009762651452404,0.5009762625243913,0.25097721561290787,1.5418616,2.6863,0.34444357393023567,0.5866344321054998,-0.23400549625630784,3.077713870442528,1.2393218840752638,3.814278152561406,4.476383700258237,0.5009762625243913,0.25097721561290787,-0.0293438903616846,0.20079445323262504,0.1986387387883599,0.03945734854743027,0.71748221,1.394876,0.13276891498238955,-0.112592486762077,0.416478994401948,3.573217279905537,1.274503674945534,4.554078554618492,5.403992418670942,0.19863873878835991,0.039457348547430285
216,868.5,0.0022603955447156013,0.5217320382367554,0.5217271416503656,0.27219921033466066,1.7199196,3.295,0.34400554507569575,0.10101971341137989,0.08536091144443336,3.296557378022322,1.2714595002544669,4.191439196420436,4.999685687105844,0.5217271416503657,0.2721992103346607,0.0004713319875059996,0.5012386715444328,0.5012384499395326,0.2512399836977853,1.5175616,2.7510000000000003,0.3403824191131971,0.5744660215407739,-0.22256188214894257,3.0276227397300377,1.2468319468784281,3.7749367549910033,4.458401829194715,0.5012384499395326,0.2512399836977853,-0.02897242516615408,0.19985663925955732,0.19774547993852204,0.039103274836116426,0.73277621,1.41317,0.13163431651843832,-0.11781593423172088,0.4935914785539226,3.6665092173812184,1.2794855789858732,4.691245668858049,5.566756673951039,0.19774547993852207,0.03910327483611643
217,872.0,0.002253385644391601,0.5161598511478879,0.5161549323508857,0.26641591419014743,1.8019196,3.3049999999999997,0.3429184285706559,0.10796897632469962,0.0770477432980532,3.4910107711646132,1.2668156359772027,4.422467030276164,5.254659562948298,0.5161549323508857,0.26641591419014743,0.0009952562620060004,0.5018851312549223,0.5018841444394747,0.2518876944397435,1.5331616,2.7116,0.3418882578633777,0.585569913296137,-0.1959297007828984,3.0548057802917095,1.2458746419653148,3.805905057794508,4.48439384722206,0.5018841444394748,0.25188769443974357,-0.029657855577362443,0.19888087325828868,0.19665709585604021,0.03867401335053179,0.69898221,1.3793760000000002,0.13096975217421872,-0.1385463283908813,0.4536500002541817,3.5145773374206,1.279679610166013,4.497532957048697,5.33697436542599,0.19665709585604021,0.03867401335053179
218,875.5,0.002216842084980001,0.5176497582519879,0.5176450114021305,0.26795635782951177,1.6309196,3.105,0.3443039647830385,0.09402677128354235,0.09206052162370515,3.1506237064754523,1.2675099785646535,3.9934469866599893,4.736859771648915,0.5176450114021305,0.2679563578295118,0.00046701264564399974,0.5043691565661318,0.5043689403545979,0.25438802799441995,1.5312616,2.7096999999999998,0.3442869440577062,0.5689305878742109,-0.19857362306546822,3.0359937360666587,1.244062797044148,3.7769668590996,4.4476319141028595,0.5043689403545979,0.25438802799441995,-0.03009324607635324,0.19927578218489253,0.19699044115385084,0.03880523390598877,0.79031621,1.38771,0.13193870499802604,-0.14331637297269978,0.45577498785020776,3.96594207953843,1.2762541679008357,5.061550108664229,5.990025519894439,0.19699044115385086,0.03880523390598878
219,879.0,0.0016867035614920012,0.518721082660398,0.5187183403615792,0.26906871662747106,1.8039196,3.4379999999999997,0.3419149473799949,0.10030830559007771,0.17223666590942832,3.4776292313937236,1.2741481993808679,4.431015023294584,5.275930794552755,0.5187183403615792,0.2690687166274711,-0.0002842970538240004,0.49872770597474025,0.49872762494372835,0.24872924388201217,1.6189616,2.7834000000000003,0.33951871421756047,0.5916871910389948,-0.1965249375353637,3.246183399488132,1.2457769490848338,4.04402045158416,4.768401658597777,0.49872762494372835,0.24872924388201217,-0.030191801370096,0.19930521805209148,0.19700513971168468,0.0388110250728204,0.79031621,1.50271,0.13143126832241006,-0.149471432170785,0.500318167046875,3.965356340010319,1.278432478049347,5.069440332108081,6.013152121923523,0.1970051397116847,0.03881102507282041
220,882.5,0.0016007454997359987,0.5188627385108305,0.5188602692717988,0.2692159790288036,1.8049196,3.293,0.3424685575277198,0.10132088400787433,0.1373368125497474,3.4786070882257523,1.2732941612661224,4.429290094776798,5.270322078703262,0.5188602692717988,0.2692159790288036,-5.3103716623999375e-05,0.5041080022850265,0.5041079994880021,0.2541248751477955,1.4385616,2.563,0.34245874327280995,0.6027614219504659,-0.19978962981963289,2.853677373656581,1.247983294317436,3.5613416896950687,4.200685858541539,0.5041079994880021,0.2541248751477955,-0.030427805768666,0.20189661210047702,0.19959055742633422,0.03983639061375482,0.76877621,1.48117,0.1326732767344394,-0.17968382399015495,0.5228681972786231,3.8077717203962114,1.2814836277093722,4.879597117742494,5.794506843595886,0.1995905574263342,0.03983639061375481
221,886.0,0.0025808981145275995,0.5173740002074265,0.5173675628173423,0.2676691950555566,1.6290804,3.201,0.3443102777234486,0.07546830491685318,0.08663376412901291,3.1487480997245054,1.2671559674491395,3.9899549445600453,4.731431227587357,0.5173675628173424,0.2676691950555567,0.00043628773486799837,0.5024107161323789,0.502410526698697,0.2524163373376621,1.5038616,2.6843000000000004,0.3421377806585447,0.6064914448515024,-0.15899086199392443,2.9932912489942822,1.248217575027621,3.7362787441710417,4.3954853424996685,0.502410526698697,0.2524163373376621,-0.031390806376022005,0.20004362363421163,0.1975653528120991,0.0390320686317692,0.76877621,1.41217,0.13253089112968205,-0.1407829000551354,0.48867752335013925,3.8430428125304323,1.277233953031536,4.908464763117676,5.80073221757597,0.1975653528120991,0.0390320686317692
222,889.5,0.0021935665748579985,0.5168956356552146,0.5168909811798712,0.26717628642508995,1.6290804,3.2030000000000003,0.3416190731054845,0.09116999499782577,0.12489530885642042,3.1516621298900795,1.2711413246095344,4.006207974510183,4.768704467203374,0.5168909811798712,0.26717628642508995,0.0008415066361280003,0.5058251843900895,0.5058244844111931,0.25585840902984935,1.5675616,2.721,0.3451537769980432,0.5946238050343601,-0.20834212299569144,3.099018491714927,1.244801116106047,3.8576616773200203,4.5416324678054645,0.5058244844111931,0.25585840902984935,-0.03212832037201759,0.20105451587597573,0.1984708779246869,0.039390689384195966,0.69617621,1.33657,0.13281809571696757,-0.14019401234794984,0.4427117296804006,3.4626240896247733,1.277838160388136,4.4246731968017645,5.241576505384749,0.1984708779246869,0.03939068938419597
223,893.0,0.002189262189379601,0.5200482151732466,0.5200436070522794,0.27044535323594554,1.6209196,3.237,0.3440638596867326,0.11197940463605024,0.1064070569801907,3.116864076651073,1.2697954896528025,3.95777994639238,4.711101019083592,0.5200436070522794,0.2704453532359456,0.0006238150592460001,0.5022146775180183,0.502214290088702,0.2522191931692989,1.5623616,2.7498,0.3437219986905632,0.5807741019869489,-0.22182145992102953,3.1109437257415604,1.2431976827461095,3.867518030995456,4.545422189885847,0.502214290088702,0.2522191931692989,-0.03222794437340884,0.2001065124394544,0.19749424275696237,0.03900397592214599,0.69070621,1.3380999999999998,0.13095269825359915,-0.12550326371936943,0.5170106577555318,3.451692808893388,1.2832099600548605,4.429246591421733,5.274471005266334,0.19749424275696237,0.03900397592214599
224,896.5,0.0017158209450096001,0.5162391287430363,0.516236277303188,0.266499894003854,1.6629196,3.25,0.3435462302266633,0.11653708335035122,0.09570034482594592,3.221219600399055,1.2663667600421926,4.079245428741758,4.840453638227515,0.516236277303188,0.266499894003854,0.00047218236099200135,0.503195484226532,0.5031952626861586,0.25320547238979213,1.4274616,2.5979,0.34235699193872887,0.5838506761107627,-0.1974055063919926,2.8367933432355197,1.246934902630877,3.537296631231303,4.169512040389321,0.5031952626861586,0.25320547238979213,-0.03268106757398564,0.200376118101254,0.1976930361129402,0.039082536527552274,0.74291621,1.41431,0.1318692957549653,-0.1502068144246179,0.47448352095517654,3.707608556547591,1.279183678167736,4.742712350570718,5.633731535053161,0.1976930361129402,0.03908253652755228
225,900.0,0.001192073526839999,0.5132281481560007,0.5132267637412768,0.2634017110203444,1.6629196,3.25,0.3394080004717559,0.11333382545712775,0.1324083922807593,3.2401176864027716,1.2707323464393205,4.117322350382136,4.899470836540817,0.5132267637412768,0.2634017110203444,0.0008203736160000001,0.49484541769441126,0.4948447376706016,0.24487131440028653,1.5200616,2.7715,0.3387016098463965,0.5803875827904342,-0.17689872798436657,3.071790796977137,1.2438257903618173,3.8207726158762445,4.487907809736595,0.4948447376706016,0.2448713144002865,-0.033834430176916,0.19887007791213746,0.195970761144062,0.03840453922338301,0.74291621,1.4813100000000001,0.13116562377709565,-0.18431116359241922,0.45066204904463625,3.7356862218771134,1.278255464618705,4.7751613272152245,5.663955147749079,0.19597076114406206,0.03840453922338302
226,903.5,0.0019715121259500003,0.5026791582299103,0.5026752920710033,0.2526824492586684,1.7030804,3.338,0.3357802421176957,0.0864760001456867,0.1611563755224017,3.388006787464744,1.2645886086605085,4.2844347894923995,5.072008970090165,0.5026752920710033,0.25268244925866845,0.0010620291771400005,0.49090485287080987,0.4909037040664273,0.24098644666613844,1.5200616,2.7715,0.33766040714948986,0.49366977062108036,-0.2273171070030986,3.096448509544538,1.2403613515652072,3.8407150583507343,4.501746630089901,0.49090370406642725,0.2409864466661384,-0.03481083637435564,0.19753179173555924,0.19444025924992536,0.03780701441717818,0.73839379,1.47624,0.13077828334422822,-0.17228555612482496,0.37294540436900014,3.738101009018874,1.2737233291951526,4.76130646207528,5.6461498890946284,0.19444025924992536,0.03780701441717819
227,907.0,0.0011841991432720003,0.3897586167191174,0.38975681774561544,0.15191037697918888,1.6189196,3.159,0.2736734392601148,0.06225308848422147,-0.13302307801224345,4.153646720187041,1.227060904843764,5.096777502874042,5.915515968143649,0.3897568177456155,0.1519103769791889,0.0008488342130599998,0.38408324148177087,0.38408230350749434,0.147519215867623,1.4218616,2.5323,0.25918254068439006,0.17501466018340814,0.01683225910997299,3.7019620916407088,1.2554970687682274,4.647802554746006,5.485946685472998,0.3840823035074944,0.14751921586762304,-0.03977735046759012,0.15347976260020044,0.14823562297097276,0.021973799917592386,0.63180621,1.1602000000000001,0.10041836150189191,-0.16974313819472012,0.6164836123548749,4.116544092173198,1.2813685252051852,5.274810032330088,6.291739882532306,0.14823562297097279,0.021973799917592393
